START,STOP,PATIENT,ENCOUNTER,SYSTEM,CODE,DESCRIPTION
2016-12-08,2017-12-14,aee7bbe1-0c45-c028-1e62-1f4cdb30c273,aee7bbe1-0c45-c028-e6a0-bcfc37b5a989,SNOMED-CT,314529007,Medication review due (situation)
2018-12-20,2018-12-20,aee7bbe1-0c45-c028-1e62-1f4cdb30c273,aee7bbe1-0c45-c028-8aa7-006b1a3c0b3b,SNOMED-CT,314529007,Medication review due (situation)
2019-11-13,2020-01-07,aee7bbe1-0c45-c028-1e62-1f4cdb30c273,aee7bbe1-0c45-c028-00c6-a8d629cc445b,SNOMED-CT,125605004,Fracture of bone (disorder)
2019-11-13,2020-01-07,aee7bbe1-0c45-c028-1e62-1f4cdb30c273,aee7bbe1-0c45-c028-00c6-a8d629cc445b,SNOMED-CT,65966004,Fracture of forearm (disorder)
2019-12-26,2019-12-26,aee7bbe1-0c45-c028-1e62-1f4cdb30c273,aee7bbe1-0c45-c028-703b-91d77951d072,SNOMED-CT,314529007,Medication review due (situation)
2020-11-12,2020-11-12,aee7bbe1-0c45-c028-1e62-1f4cdb30c273,aee7bbe1-0c45-c028-42c0-37027cdefeb9,SNOMED-CT,840544004,Suspected disease caused by Severe acute respiratory coronavirus 2 (situation)
2020-11-12,2020-12-17,aee7bbe1-0c45-c028-1e62-1f4cdb30c273,aee7bbe1-0c45-c028-6dfc-2ae9c9a78d99,SNOMED-CT,49727002,Cough (finding)
2020-11-12,2020-12-17,aee7bbe1-0c45-c028-1e62-1f4cdb30c273,aee7bbe1-0c45-c028-6dfc-2ae9c9a78d99,SNOMED-CT,248595008,Sputum finding (finding)
2020-11-12,2020-12-17,aee7bbe1-0c45-c028-1e62-1f4cdb30c273,aee7bbe1-0c45-c028-6dfc-2ae9c9a78d99,SNOMED-CT,84229001,Fatigue (finding)
2020-11-12,2020-12-17,aee7bbe1-0c45-c028-1e62-1f4cdb30c273,aee7bbe1-0c45-c028-6dfc-2ae9c9a78d99,SNOMED-CT,386661006,Fever (finding)
2020-11-12,2020-12-17,aee7bbe1-0c45-c028-1e62-1f4cdb30c273,aee7bbe1-0c45-c028-6dfc-2ae9c9a78d99,SNOMED-CT,36955009,Loss of taste (finding)
2020-11-12,2020-12-17,aee7bbe1-0c45-c028-1e62-1f4cdb30c273,aee7bbe1-0c45-c028-6dfc-2ae9c9a78d99,SNOMED-CT,840539006,Disease caused by severe acute respiratory syndrome coronavirus 2 (disorder)
2020-12-31,2024-01-18,aee7bbe1-0c45-c028-1e62-1f4cdb30c273,aee7bbe1-0c45-c028-b1a7-09abd44a26b8,SNOMED-CT,314529007,Medication review due (situation)
2021-07-31,2021-08-08,aee7bbe1-0c45-c028-1e62-1f4cdb30c273,aee7bbe1-0c45-c028-dd01-57fc9e070dc2,SNOMED-CT,43878008,Streptococcal sore throat (disorder)
2024-02-01,2024-02-01,aee7bbe1-0c45-c028-1e62-1f4cdb30c273,aee7bbe1-0c45-c028-ab64-60265579f441,SNOMED-CT,109570002,Primary dental caries (disorder)
2025-01-23,,aee7bbe1-0c45-c028-1e62-1f4cdb30c273,aee7bbe1-0c45-c028-6260-6f4399d0beb5,SNOMED-CT,314529007,Medication review due (situation)
2025-01-23,2025-02-06,aee7bbe1-0c45-c028-1e62-1f4cdb30c273,aee7bbe1-0c45-c028-6260-6f4399d0beb5,SNOMED-CT,66383009,Gingivitis (disorder)
2018-03-19,2018-03-19,76b20010-c318-5754-8c85-983aa538522f,76b20010-c318-5754-57e2-651f596ddb8c,SNOMED-CT,314529007,Medication review due (situation)
2018-04-23,2018-06-25,76b20010-c318-5754-8c85-983aa538522f,76b20010-c318-5754-d83c-7cf85a83d079,SNOMED-CT,314529007,Medication review due (situation)
2017-01-19,2018-01-25,5e688e99-61b3-5c88-3f60-21df8aaced27,5e688e99-61b3-5c88-d78b-40542cecab5b,SNOMED-CT,314529007,Medication review due (situation)
2018-07-02,2018-07-18,76b20010-c318-5754-8c85-983aa538522f,76b20010-c318-5754-8283-493693157ccd,SNOMED-CT,10509002,Acute bronchitis (disorder)
2018-08-27,2018-11-26,76b20010-c318-5754-8c85-983aa538522f,76b20010-c318-5754-86a2-535ab39ce5ad,SNOMED-CT,314529007,Medication review due (situation)
2019-02-25,2019-05-27,76b20010-c318-5754-8c85-983aa538522f,76b20010-c318-5754-e480-f6e1ced02a7a,SNOMED-CT,314529007,Medication review due (situation)
2019-01-31,2019-01-31,5e688e99-61b3-5c88-3f60-21df8aaced27,5e688e99-61b3-5c88-7045-e1f08dfd3230,SNOMED-CT,314529007,Medication review due (situation)
2019-08-26,2019-08-26,76b20010-c318-5754-8c85-983aa538522f,76b20010-c318-5754-7573-6a5a0ce9e3c6,SNOMED-CT,314529007,Medication review due (situation)
2020-02-06,2022-02-17,5e688e99-61b3-5c88-3f60-21df8aaced27,5e688e99-61b3-5c88-04f3-11e2c6cb6573,SNOMED-CT,314529007,Medication review due (situation)
2020-02-24,2020-08-24,76b20010-c318-5754-8c85-983aa538522f,76b20010-c318-5754-fc28-2f1bafea1c5c,SNOMED-CT,314529007,Medication review due (situation)
2020-02-20,2020-02-29,5e688e99-61b3-5c88-3f60-21df8aaced27,5e688e99-61b3-5c88-aaf8-102a81e34532,SNOMED-CT,10509002,Acute bronchitis (disorder)
2020-10-30,2020-12-24,5e688e99-61b3-5c88-3f60-21df8aaced27,5e688e99-61b3-5c88-4c04-3b1b0387512e,SNOMED-CT,36971009,Sinusitis (disorder)
2021-02-22,2022-02-21,76b20010-c318-5754-8c85-983aa538522f,76b20010-c318-5754-34eb-8914116da84d,SNOMED-CT,314529007,Medication review due (situation)
2022-02-17,2024-02-29,5e688e99-61b3-5c88-3f60-21df8aaced27,5e688e99-61b3-5c88-add6-5af8cfd6adc4,SNOMED-CT,160968000,Risk activity involvement (finding)
2022-07-23,2022-08-15,5e688e99-61b3-5c88-3f60-21df8aaced27,5e688e99-61b3-5c88-ca0c-96cda2e36481,SNOMED-CT,444814009,Viral sinusitis (disorder)
2022-10-13,2022-10-13,5e688e99-61b3-5c88-3f60-21df8aaced27,5e688e99-61b3-5c88-3936-921f1b587f27,SNOMED-CT,314529007,Medication review due (situation)
2022-10-13,2022-10-27,5e688e99-61b3-5c88-3f60-21df8aaced27,5e688e99-61b3-5c88-3936-921f1b587f27,SNOMED-CT,66383009,Gingivitis (disorder)
2021-03-01,2021-03-01,76b20010-c318-5754-8c85-983aa538522f,76b20010-c318-5754-8efe-c1d7a5b6ec87,SNOMED-CT,18718003,Gingival disease (disorder)
2021-03-01,2021-03-01,76b20010-c318-5754-8c85-983aa538522f,76b20010-c318-5754-8efe-c1d7a5b6ec87,SNOMED-CT,109570002,Primary dental caries (disorder)
2022-10-20,2022-10-29,5e688e99-61b3-5c88-3f60-21df8aaced27,5e688e99-61b3-5c88-1ad2-bb5dc4254422,SNOMED-CT,10509002,Acute bronchitis (disorder)
2022-07-26,2023-02-27,76b20010-c318-5754-8c85-983aa538522f,76b20010-c318-5754-622a-e41e1985aeef,SNOMED-CT,65363002,Otitis media (disorder)
2022-10-27,2022-10-27,5e688e99-61b3-5c88-3f60-21df8aaced27,5e688e99-61b3-5c88-7b03-c5e129230da9,SNOMED-CT,18718003,Gingival disease (disorder)
2023-02-23,2024-02-29,5e688e99-61b3-5c88-3f60-21df8aaced27,5e688e99-61b3-5c88-d9ac-7349f9a93dd5,SNOMED-CT,314529007,Medication review due (situation)
2023-02-27,2024-03-04,76b20010-c318-5754-8c85-983aa538522f,76b20010-c318-5754-0398-eeda4141fb9c,SNOMED-CT,314529007,Medication review due (situation)
2025-01-17,2025-03-10,76b20010-c318-5754-8c85-983aa538522f,76b20010-c318-5754-0497-211daff5cf73,SNOMED-CT,65363002,Otitis media (disorder)
2025-03-10,2026-03-16,76b20010-c318-5754-8c85-983aa538522f,76b20010-c318-5754-f516-fc49641bf75a,SNOMED-CT,314529007,Medication review due (situation)
2026-03-23,2026-03-23,76b20010-c318-5754-8c85-983aa538522f,76b20010-c318-5754-92f6-be8b3353608c,SNOMED-CT,427898007,Infection of tooth (disorder)
2024-03-14,2024-03-14,5e688e99-61b3-5c88-3f60-21df8aaced27,5e688e99-61b3-5c88-698b-bb7e1467a143,SNOMED-CT,109570002,Primary dental caries (disorder)
2025-03-06,,5e688e99-61b3-5c88-3f60-21df8aaced27,5e688e99-61b3-5c88-3a58-d94b1507d7f1,SNOMED-CT,314529007,Medication review due (situation)
2025-03-06,2025-03-20,5e688e99-61b3-5c88-3f60-21df8aaced27,5e688e99-61b3-5c88-3a58-d94b1507d7f1,SNOMED-CT,66383009,Gingivitis (disorder)
2025-03-20,2025-03-20,5e688e99-61b3-5c88-3f60-21df8aaced27,5e688e99-61b3-5c88-78b5-08198d544fe2,SNOMED-CT,278598003,Leaking dental filling (finding)
2017-09-22,2018-10-05,46976cf7-b0bf-be20-39a5-9f425a52886d,46976cf7-b0bf-be20-75f8-255d2772e309,SNOMED-CT,314529007,Medication review due (situation)
2018-09-17,2018-10-07,46976cf7-b0bf-be20-39a5-9f425a52886d,46976cf7-b0bf-be20-1475-2a206b56b616,SNOMED-CT,10509002,Acute bronchitis (disorder)
2019-10-04,2022-10-21,46976cf7-b0bf-be20-39a5-9f425a52886d,46976cf7-b0bf-be20-883d-2054a4fc3ac0,SNOMED-CT,314529007,Medication review due (situation)
2020-01-22,2020-02-05,46976cf7-b0bf-be20-39a5-9f425a52886d,46976cf7-b0bf-be20-dbe8-ab15ac0bb83a,SNOMED-CT,384709000,Sprain (morphologic abnormality)
2020-01-22,2020-02-05,46976cf7-b0bf-be20-39a5-9f425a52886d,46976cf7-b0bf-be20-dbe8-ab15ac0bb83a,SNOMED-CT,70704007,Sprain of wrist (disorder)
2020-10-09,2021-10-15,46976cf7-b0bf-be20-39a5-9f425a52886d,46976cf7-b0bf-be20-e790-e7fbc811887d,SNOMED-CT,160968000,Risk activity involvement (finding)
2020-12-06,2020-12-06,46976cf7-b0bf-be20-39a5-9f425a52886d,46976cf7-b0bf-be20-e790-e7fbc811887d,SNOMED-CT,840544004,Suspected disease caused by Severe acute respiratory coronavirus 2 (situation)
2020-12-06,2020-12-26,46976cf7-b0bf-be20-39a5-9f425a52886d,46976cf7-b0bf-be20-89a0-4d66350b66b7,SNOMED-CT,25064002,Headache (finding)
2020-12-06,2020-12-26,46976cf7-b0bf-be20-39a5-9f425a52886d,46976cf7-b0bf-be20-89a0-4d66350b66b7,SNOMED-CT,248595008,Sputum finding (finding)
2020-12-06,2020-12-26,46976cf7-b0bf-be20-39a5-9f425a52886d,46976cf7-b0bf-be20-89a0-4d66350b66b7,SNOMED-CT,386661006,Fever (finding)
2020-12-06,2020-12-26,46976cf7-b0bf-be20-39a5-9f425a52886d,46976cf7-b0bf-be20-89a0-4d66350b66b7,SNOMED-CT,840539006,Disease caused by severe acute respiratory syndrome coronavirus 2 (disorder)
2022-03-07,2022-04-12,46976cf7-b0bf-be20-39a5-9f425a52886d,46976cf7-b0bf-be20-311e-72a75a684a58,SNOMED-CT,48333001,Burn injury (morphologic abnormality)
2022-03-07,2022-04-12,46976cf7-b0bf-be20-39a5-9f425a52886d,46976cf7-b0bf-be20-311e-72a75a684a58,SNOMED-CT,403190006,Epidermal burn of skin (disorder)
2022-09-16,2022-09-18,46976cf7-b0bf-be20-39a5-9f425a52886d,46976cf7-b0bf-be20-c5ec-b4ada0021e8c,SNOMED-CT,307426000,Acute infective cystitis (disorder)
2023-10-27,2023-10-27,46976cf7-b0bf-be20-39a5-9f425a52886d,46976cf7-b0bf-be20-c002-44fa6ccf93d9,SNOMED-CT,314529007,Medication review due (situation)
2023-10-27,2023-11-03,46976cf7-b0bf-be20-39a5-9f425a52886d,46976cf7-b0bf-be20-c002-44fa6ccf93d9,SNOMED-CT,66383009,Gingivitis (disorder)
2023-11-03,2023-11-03,46976cf7-b0bf-be20-39a5-9f425a52886d,46976cf7-b0bf-be20-9544-bf21a87e34a6,SNOMED-CT,18718003,Gingival disease (disorder)
2024-11-01,2024-11-01,46976cf7-b0bf-be20-39a5-9f425a52886d,46976cf7-b0bf-be20-3102-45602ef4ff10,SNOMED-CT,314529007,Medication review due (situation)
2024-11-15,2024-11-22,46976cf7-b0bf-be20-39a5-9f425a52886d,46976cf7-b0bf-be20-c53c-40894988f7c0,SNOMED-CT,195662009,Acute viral pharyngitis (disorder)
2025-11-07,2025-11-07,46976cf7-b0bf-be20-39a5-9f425a52886d,46976cf7-b0bf-be20-8e33-c9b830609db0,SNOMED-CT,314529007,Medication review due (situation)
2025-11-07,,46976cf7-b0bf-be20-39a5-9f425a52886d,46976cf7-b0bf-be20-8e33-c9b830609db0,SNOMED-CT,105531004,Housing unsatisfactory (finding)
2025-11-07,,46976cf7-b0bf-be20-39a5-9f425a52886d,46976cf7-b0bf-be20-8e33-c9b830609db0,SNOMED-CT,473461003,Educated to high school level (finding)
2025-11-07,,46976cf7-b0bf-be20-39a5-9f425a52886d,46976cf7-b0bf-be20-8e33-c9b830609db0,SNOMED-CT,160903007,Full-time employment (finding)
2025-11-07,,46976cf7-b0bf-be20-39a5-9f425a52886d,46976cf7-b0bf-be20-8e33-c9b830609db0,SNOMED-CT,73595000,Stress (finding)
2026-08-19,,46976cf7-b0bf-be20-39a5-9f425a52886d,46976cf7-b0bf-be20-68c7-037c735971c9,SNOMED-CT,65363002,Otitis media (disorder)
2017-03-07,,4f083ce3-f12b-bb4b-7353-e17f0cd55b0a,4f083ce3-f12b-bb4b-0a60-7bad22240b14,SNOMED-CT,314529007,Medication review due (situation)
2017-03-07,,4f083ce3-f12b-bb4b-7353-e17f0cd55b0a,4f083ce3-f12b-bb4b-0a60-7bad22240b14,SNOMED-CT,473461003,Educated to high school level (finding)
2017-03-07,2018-03-13,4f083ce3-f12b-bb4b-7353-e17f0cd55b0a,4f083ce3-f12b-bb4b-0a60-7bad22240b14,SNOMED-CT,160904001,Part-time employment (finding)
2017-03-21,2017-03-21,4f083ce3-f12b-bb4b-7353-e17f0cd55b0a,4f083ce3-f12b-bb4b-c029-f35cbc5a15f5,SNOMED-CT,427898007,Infection of tooth (disorder)
2018-03-13,2021-03-16,4f083ce3-f12b-bb4b-7353-e17f0cd55b0a,4f083ce3-f12b-bb4b-b272-fb515d1229a1,SNOMED-CT,160903007,Full-time employment (finding)
2018-03-13,2021-07-27,4f083ce3-f12b-bb4b-7353-e17f0cd55b0a,4f083ce3-f12b-bb4b-b272-fb515d1229a1,SNOMED-CT,73595000,Stress (finding)
2018-03-13,2018-03-27,4f083ce3-f12b-bb4b-7353-e17f0cd55b0a,4f083ce3-f12b-bb4b-b272-fb515d1229a1,SNOMED-CT,66383009,Gingivitis (disorder)
2020-03-03,2020-03-30,4f083ce3-f12b-bb4b-7353-e17f0cd55b0a,4f083ce3-f12b-bb4b-b69c-d8d9d6723cd7,SNOMED-CT,444814009,Viral sinusitis (disorder)
2021-03-16,,4f083ce3-f12b-bb4b-7353-e17f0cd55b0a,4f083ce3-f12b-bb4b-8821-cde66422f786,SNOMED-CT,714628002,Prediabetes (finding)
2021-03-16,,4f083ce3-f12b-bb4b-7353-e17f0cd55b0a,4f083ce3-f12b-bb4b-8821-cde66422f786,SNOMED-CT,271737000,Anemia (disorder)
2021-03-16,2021-07-27,4f083ce3-f12b-bb4b-7353-e17f0cd55b0a,4f083ce3-f12b-bb4b-8821-cde66422f786,SNOMED-CT,741062008,Not in labor force (finding)
1977-01-08,,aa616abe-1761-0c9a-7959-07544679dafd,aa616abe-1761-0c9a-3862-9c08bad71fb7,SNOMED-CT,473461003,Educated to high school level (finding)
1987-01-24,2002-11-30,aa616abe-1761-0c9a-7959-07544679dafd,aa616abe-1761-0c9a-7704-8632152ff1d9,SNOMED-CT,706893006,Victim of intimate partner abuse (finding)
1996-02-03,2000-11-25,aa616abe-1761-0c9a-7959-07544679dafd,aa616abe-1761-0c9a-6979-3ec7fc153d3b,SNOMED-CT,73595000,Stress (finding)
1998-11-21,2000-11-25,aa616abe-1761-0c9a-7959-07544679dafd,aa616abe-1761-0c9a-ed26-ad7845154750,SNOMED-CT,73438004,Unemployed (finding)
1998-11-21,2000-11-25,aa616abe-1761-0c9a-7959-07544679dafd,aa616abe-1761-0c9a-ed26-ad7845154750,SNOMED-CT,423315002,Limited social contact (finding)
2000-11-25,2002-11-30,aa616abe-1761-0c9a-7959-07544679dafd,aa616abe-1761-0c9a-786d-037597383b95,SNOMED-CT,314529007,Medication review due (situation)
2000-11-25,2006-12-09,aa616abe-1761-0c9a-7959-07544679dafd,aa616abe-1761-0c9a-786d-037597383b95,SNOMED-CT,160903007,Full-time employment (finding)
2002-01-12,2002-01-23,aa616abe-1761-0c9a-7959-07544679dafd,aa616abe-1761-0c9a-7373-0a1434dc9173,SNOMED-CT,72892002,Normal pregnancy (finding)
2002-01-12,2002-01-23,aa616abe-1761-0c9a-7959-07544679dafd,aa616abe-1761-0c9a-7373-0a1434dc9173,SNOMED-CT,19169002,Miscarriage in first trimester (disorder)
2002-01-12,2002-01-23,aa616abe-1761-0c9a-7959-07544679dafd,aa616abe-1761-0c9a-7373-0a1434dc9173,SNOMED-CT,35999006,Blighted ovum (disorder)
2002-01-23,,aa616abe-1761-0c9a-7959-07544679dafd,aa616abe-1761-0c9a-933f-580e476bb9a2,SNOMED-CT,161744009,Past pregnancy history of miscarriage (situation)
2002-07-13,2003-02-01,aa616abe-1761-0c9a-7959-07544679dafd,aa616abe-1761-0c9a-f506-00eb90ff49b0,SNOMED-CT,72892002,Normal pregnancy (finding)
2021-07-27,2024-03-19,4f083ce3-f12b-bb4b-7353-e17f0cd55b0a,4f083ce3-f12b-bb4b-bb84-cecd037b8aef,SNOMED-CT,160904001,Part-time employment (finding)
2002-11-30,2008-11-15,aa616abe-1761-0c9a-7959-07544679dafd,aa616abe-1761-0c9a-3b86-c068a35b9fec,SNOMED-CT,422650009,Social isolation (finding)
2002-11-30,,aa616abe-1761-0c9a-7959-07544679dafd,aa616abe-1761-0c9a-3b86-c068a35b9fec,SNOMED-CT,266948004,Has a criminal record (finding)
2021-08-03,2021-08-12,4f083ce3-f12b-bb4b-7353-e17f0cd55b0a,4f083ce3-f12b-bb4b-8782-9b9bdd52136e,SNOMED-CT,43878008,Streptococcal sore throat (disorder)
2022-03-14,2022-04-03,4f083ce3-f12b-bb4b-7353-e17f0cd55b0a,4f083ce3-f12b-bb4b-b961-5fe00d23e0c9,SNOMED-CT,312608009,Laceration - injury (disorder)
2022-03-14,2022-04-03,4f083ce3-f12b-bb4b-7353-e17f0cd55b0a,4f083ce3-f12b-bb4b-b961-5fe00d23e0c9,SNOMED-CT,284549007,Laceration of hand (disorder)
2022-04-13,2022-04-27,4f083ce3-f12b-bb4b-7353-e17f0cd55b0a,4f083ce3-f12b-bb4b-bcd3-5c2155f4804f,SNOMED-CT,43878008,Streptococcal sore throat (disorder)
2023-05-21,2023-07-30,4f083ce3-f12b-bb4b-7353-e17f0cd55b0a,4f083ce3-f12b-bb4b-49b4-fd0f6056a789,SNOMED-CT,75498004,Acute bacterial sinusitis (disorder)
2004-02-23,2004-03-15,aa616abe-1761-0c9a-7959-07544679dafd,aa616abe-1761-0c9a-3282-9590b76fd055,SNOMED-CT,444814009,Viral sinusitis (disorder)
2023-07-16,,4f083ce3-f12b-bb4b-7353-e17f0cd55b0a,4f083ce3-f12b-bb4b-3848-d994958f223c,SNOMED-CT,40055000,Chronic sinusitis (disorder)
2004-07-14,2004-09-03,aa616abe-1761-0c9a-7959-07544679dafd,aa616abe-1761-0c9a-9881-d9f029e5bb2c,SNOMED-CT,125601008,Injury of knee (disorder)
2004-07-14,2004-09-03,aa616abe-1761-0c9a-7959-07544679dafd,aa616abe-1761-0c9a-9881-d9f029e5bb2c,SNOMED-CT,30832001,Rupture of patellar tendon (disorder)
2024-03-19,,4f083ce3-f12b-bb4b-7353-e17f0cd55b0a,4f083ce3-f12b-bb4b-d667-28d3e2824603,SNOMED-CT,160903007,Full-time employment (finding)
2004-12-04,2004-12-04,aa616abe-1761-0c9a-7959-07544679dafd,aa616abe-1761-0c9a-1d06-8f93d83cb4bd,SNOMED-CT,314529007,Medication review due (situation)
2004-12-04,,aa616abe-1761-0c9a-7959-07544679dafd,aa616abe-1761-0c9a-1d06-8f93d83cb4bd,SNOMED-CT,423315002,Limited social contact (finding)
2004-12-04,,aa616abe-1761-0c9a-7959-07544679dafd,aa616abe-1761-0c9a-1d06-8f93d83cb4bd,SNOMED-CT,73595000,Stress (finding)
2006-12-09,2006-12-09,aa616abe-1761-0c9a-7959-07544679dafd,aa616abe-1761-0c9a-981d-38b79edac9cc,SNOMED-CT,314529007,Medication review due (situation)
2006-12-09,2008-11-15,aa616abe-1761-0c9a-7959-07544679dafd,aa616abe-1761-0c9a-981d-38b79edac9cc,SNOMED-CT,160904001,Part-time employment (finding)
2007-10-17,2007-12-18,aa616abe-1761-0c9a-7959-07544679dafd,aa616abe-1761-0c9a-c11f-7b768adc707c,SNOMED-CT,90460009,Injury of neck (disorder)
2007-10-17,2007-12-18,aa616abe-1761-0c9a-7959-07544679dafd,aa616abe-1761-0c9a-c11f-7b768adc707c,SNOMED-CT,39848009,Whiplash injury to neck (disorder)
2008-11-15,2008-11-15,aa616abe-1761-0c9a-7959-07544679dafd,aa616abe-1761-0c9a-64be-552d696ea77d,SNOMED-CT,314529007,Medication review due (situation)
2008-11-15,,aa616abe-1761-0c9a-7959-07544679dafd,aa616abe-1761-0c9a-64be-552d696ea77d,SNOMED-CT,160903007,Full-time employment (finding)
2008-11-22,,aa616abe-1761-0c9a-7959-07544679dafd,aa616abe-1761-0c9a-2da5-0f2b74491851,SNOMED-CT,68496003,Polyp of colon (disorder)
2008-12-12,,aa616abe-1761-0c9a-7959-07544679dafd,aa616abe-1761-0c9a-8916-6b477592f2b5,SNOMED-CT,91302008,Sepsis (disorder)
2012-07-31,,46ee9d82-b52c-856d-069b-5064ff052225,46ee9d82-b52c-856d-1f21-f8f9449aabed,SNOMED-CT,160968000,Risk activity involvement (finding)
2014-07-24,,46ee9d82-b52c-856d-069b-5064ff052225,46ee9d82-b52c-856d-1777-228fc00faa23,SNOMED-CT,82423001,Chronic pain (finding)
2014-07-24,,46ee9d82-b52c-856d-069b-5064ff052225,46ee9d82-b52c-856d-1777-228fc00faa23,SNOMED-CT,278860009,Chronic low back pain (finding)
2014-07-24,,46ee9d82-b52c-856d-069b-5064ff052225,46ee9d82-b52c-856d-1777-228fc00faa23,SNOMED-CT,203082005,Fibromyalgia (disorder)
2014-08-12,,46ee9d82-b52c-856d-069b-5064ff052225,46ee9d82-b52c-856d-79b3-124fe64f3db9,SNOMED-CT,224299000,Received higher education (finding)
2014-08-12,2018-09-04,46ee9d82-b52c-856d-069b-5064ff052225,46ee9d82-b52c-856d-79b3-124fe64f3db9,SNOMED-CT,160903007,Full-time employment (finding)
2016-08-23,2017-08-29,46ee9d82-b52c-856d-069b-5064ff052225,46ee9d82-b52c-856d-aedd-20bf3251457c,SNOMED-CT,314529007,Medication review due (situation)
2017-03-16,2017-03-27,46ee9d82-b52c-856d-069b-5064ff052225,46ee9d82-b52c-856d-2057-4ccf31cd7960,SNOMED-CT,195662009,Acute viral pharyngitis (disorder)
2017-08-29,2023-10-03,46ee9d82-b52c-856d-069b-5064ff052225,46ee9d82-b52c-856d-6470-e0f1615ed001,SNOMED-CT,73595000,Stress (finding)
2017-12-26,2018-01-05,46ee9d82-b52c-856d-069b-5064ff052225,46ee9d82-b52c-856d-810b-64db5f853f9b,SNOMED-CT,195662009,Acute viral pharyngitis (disorder)
2018-02-06,2018-10-02,46ee9d82-b52c-856d-069b-5064ff052225,46ee9d82-b52c-856d-241a-f717c6cf734d,SNOMED-CT,72892002,Normal pregnancy (finding)
2018-08-21,2018-10-02,46ee9d82-b52c-856d-069b-5064ff052225,46ee9d82-b52c-856d-650d-ac003a9edbc1,SNOMED-CT,198992004,Eclampsia in pregnancy (disorder)
2018-09-04,2019-09-10,46ee9d82-b52c-856d-069b-5064ff052225,46ee9d82-b52c-856d-b4b5-ba3c58b5e017,SNOMED-CT,314529007,Medication review due (situation)
2018-09-04,2019-09-10,46ee9d82-b52c-856d-069b-5064ff052225,46ee9d82-b52c-856d-b4b5-ba3c58b5e017,SNOMED-CT,160904001,Part-time employment (finding)
2018-09-04,2018-09-18,46ee9d82-b52c-856d-069b-5064ff052225,46ee9d82-b52c-856d-b4b5-ba3c58b5e017,SNOMED-CT,66383009,Gingivitis (disorder)
2019-03-12,2019-04-06,46ee9d82-b52c-856d-069b-5064ff052225,46ee9d82-b52c-856d-e51b-a2e536c5deef,SNOMED-CT,72892002,Normal pregnancy (finding)
2019-03-12,2019-04-06,46ee9d82-b52c-856d-069b-5064ff052225,46ee9d82-b52c-856d-e51b-a2e536c5deef,SNOMED-CT,19169002,Miscarriage in first trimester (disorder)
2019-03-12,2019-04-06,46ee9d82-b52c-856d-069b-5064ff052225,46ee9d82-b52c-856d-e51b-a2e536c5deef,SNOMED-CT,79586000,Tubal pregnancy (disorder)
2019-04-06,,46ee9d82-b52c-856d-069b-5064ff052225,46ee9d82-b52c-856d-7a26-c8349e55be5e,SNOMED-CT,161744009,Past pregnancy history of miscarriage (situation)
2019-09-10,2022-09-27,46ee9d82-b52c-856d-069b-5064ff052225,46ee9d82-b52c-856d-0564-b1f4bbc5806c,SNOMED-CT,160903007,Full-time employment (finding)
2020-09-15,2020-09-15,46ee9d82-b52c-856d-069b-5064ff052225,46ee9d82-b52c-856d-02ee-19fd7bbbc223,SNOMED-CT,314529007,Medication review due (situation)
2021-09-21,2025-10-14,46ee9d82-b52c-856d-069b-5064ff052225,46ee9d82-b52c-856d-e798-ead21797e52b,SNOMED-CT,314529007,Medication review due (situation)
2021-09-21,2022-09-27,46ee9d82-b52c-856d-069b-5064ff052225,46ee9d82-b52c-856d-e798-ead21797e52b,SNOMED-CT,80583007,Severe anxiety (panic) (finding)
2021-09-21,,46ee9d82-b52c-856d-069b-5064ff052225,46ee9d82-b52c-856d-e798-ead21797e52b,SNOMED-CT,706893006,Victim of intimate partner abuse (finding)
2021-09-21,2021-10-05,46ee9d82-b52c-856d-069b-5064ff052225,46ee9d82-b52c-856d-e798-ead21797e52b,SNOMED-CT,66383009,Gingivitis (disorder)
2021-10-05,2021-10-05,46ee9d82-b52c-856d-069b-5064ff052225,46ee9d82-b52c-856d-2648-587cd6b9186e,SNOMED-CT,278598003,Leaking dental filling (finding)
2022-09-27,2023-10-03,46ee9d82-b52c-856d-069b-5064ff052225,46ee9d82-b52c-856d-ca13-b3800ca1de06,SNOMED-CT,160904001,Part-time employment (finding)
2023-10-03,2024-10-08,46ee9d82-b52c-856d-069b-5064ff052225,46ee9d82-b52c-856d-3f04-41558d73340b,SNOMED-CT,160903007,Full-time employment (finding)
2023-10-03,,46ee9d82-b52c-856d-069b-5064ff052225,46ee9d82-b52c-856d-3f04-41558d73340b,SNOMED-CT,10939881000119105,Unhealthy alcohol drinking behavior (finding)
2024-09-10,2025-04-15,46ee9d82-b52c-856d-069b-5064ff052225,46ee9d82-b52c-856d-df71-1114f9efc2cf,SNOMED-CT,72892002,Normal pregnancy (finding)
2024-09-10,2025-04-15,46ee9d82-b52c-856d-069b-5064ff052225,46ee9d82-b52c-856d-df71-1114f9efc2cf,SNOMED-CT,271737000,Anemia (disorder)
2024-10-08,2025-10-14,46ee9d82-b52c-856d-069b-5064ff052225,46ee9d82-b52c-856d-3ef1-6d98b7e50e5f,SNOMED-CT,741062008,Not in labor force (finding)
2025-10-14,,46ee9d82-b52c-856d-069b-5064ff052225,46ee9d82-b52c-856d-45b8-afe9a54d216d,SNOMED-CT,162864005,Body mass index 30+ - obesity (finding)
2025-10-14,,46ee9d82-b52c-856d-069b-5064ff052225,46ee9d82-b52c-856d-45b8-afe9a54d216d,SNOMED-CT,160903007,Full-time employment (finding)
2025-10-14,,46ee9d82-b52c-856d-069b-5064ff052225,46ee9d82-b52c-856d-45b8-afe9a54d216d,SNOMED-CT,73595000,Stress (finding)
2025-10-14,2025-10-28,46ee9d82-b52c-856d-069b-5064ff052225,46ee9d82-b52c-856d-45b8-afe9a54d216d,SNOMED-CT,66383009,Gingivitis (disorder)
2026-01-06,2026-02-01,46ee9d82-b52c-856d-069b-5064ff052225,46ee9d82-b52c-856d-4deb-88972efce817,SNOMED-CT,72892002,Normal pregnancy (finding)
2026-06-16,,46ee9d82-b52c-856d-069b-5064ff052225,46ee9d82-b52c-856d-2f3c-a68627b8570b,SNOMED-CT,72892002,Normal pregnancy (finding)
1965-04-26,,c86c400e-ff88-a1e3-2e23-caa4d8311f47,c86c400e-ff88-a1e3-3372-ea053d88b01a,SNOMED-CT,473461003,Educated to high school level (finding)
1966-05-02,,c86c400e-ff88-a1e3-2e23-caa4d8311f47,c86c400e-ff88-a1e3-8639-26ce5d06921f,SNOMED-CT,446654005,Refugee (person)
1972-09-18,,c86c400e-ff88-a1e3-2e23-caa4d8311f47,c86c400e-ff88-a1e3-3f4c-8f29b8873ba0,SNOMED-CT,160903007,Full-time employment (finding)
1975-06-02,,c86c400e-ff88-a1e3-2e23-caa4d8311f47,c86c400e-ff88-a1e3-a5af-fd0a2f352cd6,SNOMED-CT,37320007,Loss of teeth (disorder)
1976-04-12,1984-05-21,c86c400e-ff88-a1e3-2e23-caa4d8311f47,c86c400e-ff88-a1e3-d8dd-1f3ac50e6e34,SNOMED-CT,314529007,Medication review due (situation)
1976-05-25,,c86c400e-ff88-a1e3-2e23-caa4d8311f47,c86c400e-ff88-a1e3-b201-9fdc0b766c4d,SNOMED-CT,128613002,Seizure disorder (disorder)
1976-05-25,,c86c400e-ff88-a1e3-2e23-caa4d8311f47,c86c400e-ff88-a1e3-b201-9fdc0b766c4d,SNOMED-CT,1290882004,History of seizure (situation)
1978-05-15,1987-03-09,c86c400e-ff88-a1e3-2e23-caa4d8311f47,c86c400e-ff88-a1e3-b490-9787d167c247,SNOMED-CT,73595000,Stress (finding)
1978-05-15,1981-05-18,c86c400e-ff88-a1e3-2e23-caa4d8311f47,c86c400e-ff88-a1e3-b490-9787d167c247,SNOMED-CT,706893006,Victim of intimate partner abuse (finding)
1978-05-15,1987-03-09,c86c400e-ff88-a1e3-2e23-caa4d8311f47,c86c400e-ff88-a1e3-b490-9787d167c247,SNOMED-CT,361055000,Misuses drugs (finding)
1981-02-12,1981-02-19,c86c400e-ff88-a1e3-2e23-caa4d8311f47,c86c400e-ff88-a1e3-a48e-e8b06ec71a3b,SNOMED-CT,183996000,Sterilization requested (situation)
1981-05-18,1981-06-01,c86c400e-ff88-a1e3-2e23-caa4d8311f47,c86c400e-ff88-a1e3-a94f-25b749d02737,SNOMED-CT,66383009,Gingivitis (disorder)
1981-06-01,1981-06-01,c86c400e-ff88-a1e3-2e23-caa4d8311f47,c86c400e-ff88-a1e3-073a-a2ade5f109e4,SNOMED-CT,18718003,Gingival disease (disorder)
1984-03-11,1984-05-28,c86c400e-ff88-a1e3-2e23-caa4d8311f47,c86c400e-ff88-a1e3-f493-6f70524b4d17,SNOMED-CT,48333001,Burn injury (morphologic abnormality)
1984-03-11,1984-05-28,c86c400e-ff88-a1e3-2e23-caa4d8311f47,c86c400e-ff88-a1e3-f493-6f70524b4d17,SNOMED-CT,403191005,Partial thickness burn (disorder)
1984-05-21,1987-03-09,c86c400e-ff88-a1e3-2e23-caa4d8311f47,c86c400e-ff88-a1e3-7fcc-d6d28897606c,SNOMED-CT,422650009,Social isolation (finding)
1986-09-20,1986-10-03,c86c400e-ff88-a1e3-2e23-caa4d8311f47,c86c400e-ff88-a1e3-857d-3dadbb0556e5,SNOMED-CT,195662009,Acute viral pharyngitis (disorder)
1987-03-09,1987-03-09,c86c400e-ff88-a1e3-2e23-caa4d8311f47,c86c400e-ff88-a1e3-6965-43c6146881f0,SNOMED-CT,314529007,Medication review due (situation)
1987-03-09,,c86c400e-ff88-a1e3-2e23-caa4d8311f47,c86c400e-ff88-a1e3-6965-43c6146881f0,SNOMED-CT,424393004,Reports of violence in the environment (finding)
1987-05-01,,c86c400e-ff88-a1e3-2e23-caa4d8311f47,c86c400e-ff88-a1e3-cd0b-493be6ab2d0e,SNOMED-CT,84757009,Epilepsy (disorder)
1996-04-24,,eb5910f1-26e6-bc6f-b300-716eae678d6f,eb5910f1-26e6-bc6f-8dbb-95e453e8b5b1,SNOMED-CT,60573004,Aortic valve stenosis (disorder)
2013-06-18,,eb5910f1-26e6-bc6f-b300-716eae678d6f,eb5910f1-26e6-bc6f-fe28-93b0400ea0aa,SNOMED-CT,224299000,Received higher education (finding)
2013-06-18,,eb5910f1-26e6-bc6f-b300-716eae678d6f,eb5910f1-26e6-bc6f-fe28-93b0400ea0aa,SNOMED-CT,266934004,Transport problem (finding)
2014-06-24,2017-06-27,eb5910f1-26e6-bc6f-b300-716eae678d6f,eb5910f1-26e6-bc6f-cff4-7c85d88425f5,SNOMED-CT,160904001,Part-time employment (finding)
2016-05-03,2016-12-13,eb5910f1-26e6-bc6f-b300-716eae678d6f,eb5910f1-26e6-bc6f-43f5-2701af09ccaa,SNOMED-CT,72892002,Normal pregnancy (finding)
2016-08-09,2017-06-27,eb5910f1-26e6-bc6f-b300-716eae678d6f,eb5910f1-26e6-bc6f-9bdc-57a459b8b1d4,SNOMED-CT,422650009,Social isolation (finding)
2016-08-09,2020-06-30,eb5910f1-26e6-bc6f-b300-716eae678d6f,eb5910f1-26e6-bc6f-9bdc-57a459b8b1d4,SNOMED-CT,73595000,Stress (finding)
1973-10-20,,e74367bd-7385-97dc-2c7f-251b4cd9fe29,e74367bd-7385-97dc-baee-995acd8eea13,SNOMED-CT,160968000,Risk activity involvement (finding)
1978-11-18,,e74367bd-7385-97dc-2c7f-251b4cd9fe29,e74367bd-7385-97dc-dce1-0c58e82849d3,SNOMED-CT,224299000,Received higher education (finding)
1985-08-03,,e74367bd-7385-97dc-2c7f-251b4cd9fe29,e74367bd-7385-97dc-50c8-1c38d0b03504,SNOMED-CT,714628002,Prediabetes (finding)
1985-08-03,,e74367bd-7385-97dc-2c7f-251b4cd9fe29,e74367bd-7385-97dc-50c8-1c38d0b03504,SNOMED-CT,271737000,Anemia (disorder)
1991-06-29,,e74367bd-7385-97dc-2c7f-251b4cd9fe29,e74367bd-7385-97dc-46b7-a4cdb60639e8,SNOMED-CT,266948004,Has a criminal record (finding)
2000-09-30,,e74367bd-7385-97dc-2c7f-251b4cd9fe29,e74367bd-7385-97dc-6cf3-429a8d947938,SNOMED-CT,162864005,Body mass index 30+ - obesity (finding)
2017-06-27,2026-07-07,eb5910f1-26e6-bc6f-b300-716eae678d6f,eb5910f1-26e6-bc6f-3683-d7ce259feb6d,SNOMED-CT,314529007,Medication review due (situation)
2017-06-27,2023-07-04,eb5910f1-26e6-bc6f-b300-716eae678d6f,eb5910f1-26e6-bc6f-3683-d7ce259feb6d,SNOMED-CT,160903007,Full-time employment (finding)
2017-06-27,,eb5910f1-26e6-bc6f-b300-716eae678d6f,eb5910f1-26e6-bc6f-3683-d7ce259feb6d,SNOMED-CT,361055000,Misuses drugs (finding)
2007-07-26,,e74367bd-7385-97dc-2c7f-251b4cd9fe29,e74367bd-7385-97dc-2630-e6cd8448fd6f,SNOMED-CT,161744009,Past pregnancy history of miscarriage (situation)
2014-02-03,,e74367bd-7385-97dc-2c7f-251b4cd9fe29,e74367bd-7385-97dc-6fbb-b15f2045b28f,SNOMED-CT,82423001,Chronic pain (finding)
2014-02-03,,e74367bd-7385-97dc-2c7f-251b4cd9fe29,e74367bd-7385-97dc-6fbb-b15f2045b28f,SNOMED-CT,278860009,Chronic low back pain (finding)
2014-02-03,,e74367bd-7385-97dc-2c7f-251b4cd9fe29,e74367bd-7385-97dc-6fbb-b15f2045b28f,SNOMED-CT,1121000119107,Chronic neck pain (finding)
2014-08-16,,e74367bd-7385-97dc-2c7f-251b4cd9fe29,e74367bd-7385-97dc-0250-543eef885ad4,SNOMED-CT,5602001,Opioid abuse
2018-04-22,2018-05-01,eb5910f1-26e6-bc6f-b300-716eae678d6f,eb5910f1-26e6-bc6f-3333-d10ecbed6686,SNOMED-CT,195662009,Acute viral pharyngitis (disorder)
2015-01-31,,e74367bd-7385-97dc-2c7f-251b4cd9fe29,e74367bd-7385-97dc-94ba-5cf8f79d1ccf,SNOMED-CT,706893006,Victim of intimate partner abuse (finding)
2015-10-24,2016-10-29,e74367bd-7385-97dc-2c7f-251b4cd9fe29,e74367bd-7385-97dc-08a7-e88585c79bde,SNOMED-CT,160904001,Part-time employment (finding)
2016-10-29,2016-10-29,e74367bd-7385-97dc-2c7f-251b4cd9fe29,e74367bd-7385-97dc-0b93-081f6a5b9f01,SNOMED-CT,314529007,Medication review due (situation)
2016-10-29,2018-04-21,e74367bd-7385-97dc-2c7f-251b4cd9fe29,e74367bd-7385-97dc-0b93-081f6a5b9f01,SNOMED-CT,160903007,Full-time employment (finding)
2016-10-29,2017-11-04,e74367bd-7385-97dc-2c7f-251b4cd9fe29,e74367bd-7385-97dc-0b93-081f6a5b9f01,SNOMED-CT,422650009,Social isolation (finding)
2016-10-29,2018-04-21,e74367bd-7385-97dc-2c7f-251b4cd9fe29,e74367bd-7385-97dc-0b93-081f6a5b9f01,SNOMED-CT,73595000,Stress (finding)
2016-10-29,2016-11-12,e74367bd-7385-97dc-2c7f-251b4cd9fe29,e74367bd-7385-97dc-0b93-081f6a5b9f01,SNOMED-CT,66383009,Gingivitis (disorder)
2017-07-09,,e74367bd-7385-97dc-2c7f-251b4cd9fe29,e74367bd-7385-97dc-19a6-f380c0880a79,SNOMED-CT,254837009,Malignant neoplasm of breast (disorder)
2017-11-04,2018-04-21,e74367bd-7385-97dc-2c7f-251b4cd9fe29,e74367bd-7385-97dc-3742-640001f3abd9,SNOMED-CT,314529007,Medication review due (situation)
2018-04-21,2018-11-10,e74367bd-7385-97dc-2c7f-251b4cd9fe29,e74367bd-7385-97dc-c474-9f0d8fec22a5,SNOMED-CT,73438004,Unemployed (finding)
2020-09-20,2020-10-04,eb5910f1-26e6-bc6f-b300-716eae678d6f,eb5910f1-26e6-bc6f-3790-8fcee20121ed,SNOMED-CT,195662009,Acute viral pharyngitis (disorder)
2021-05-05,2021-05-14,eb5910f1-26e6-bc6f-b300-716eae678d6f,eb5910f1-26e6-bc6f-ea15-62662d8bc47b,SNOMED-CT,195662009,Acute viral pharyngitis (disorder)
2018-04-28,2019-11-16,e74367bd-7385-97dc-2c7f-251b4cd9fe29,e74367bd-7385-97dc-ceca-19c1a0516570,SNOMED-CT,314529007,Medication review due (situation)
2018-05-05,2020-11-21,e74367bd-7385-97dc-2c7f-251b4cd9fe29,e74367bd-7385-97dc-1fb6-445865d66461,SNOMED-CT,73595000,Stress (finding)
2018-05-05,2018-11-10,e74367bd-7385-97dc-2c7f-251b4cd9fe29,e74367bd-7385-97dc-1fb6-445865d66461,SNOMED-CT,424393004,Reports of violence in the environment (finding)
2021-07-13,2022-01-25,eb5910f1-26e6-bc6f-b300-716eae678d6f,eb5910f1-26e6-bc6f-f014-f7a8acc3c21a,SNOMED-CT,72892002,Normal pregnancy (finding)
2018-05-12,2018-05-23,e74367bd-7385-97dc-2c7f-251b4cd9fe29,e74367bd-7385-97dc-f511-21d3d6321079,SNOMED-CT,444814009,Viral sinusitis (disorder)
2018-11-10,2022-12-03,e74367bd-7385-97dc-2c7f-251b4cd9fe29,e74367bd-7385-97dc-555c-e2627ea3e38d,SNOMED-CT,160903007,Full-time employment (finding)
2022-05-07,2022-06-24,eb5910f1-26e6-bc6f-b300-716eae678d6f,eb5910f1-26e6-bc6f-4783-cc6cc2ab85b0,SNOMED-CT,36971009,Sinusitis (disorder)
2023-07-04,2026-07-07,eb5910f1-26e6-bc6f-b300-716eae678d6f,eb5910f1-26e6-bc6f-4abb-0481e69625cb,SNOMED-CT,73438004,Unemployed (finding)
2023-07-04,2026-07-07,eb5910f1-26e6-bc6f-b300-716eae678d6f,eb5910f1-26e6-bc6f-4abb-0481e69625cb,SNOMED-CT,423315002,Limited social contact (finding)
2023-07-04,2026-07-07,eb5910f1-26e6-bc6f-b300-716eae678d6f,eb5910f1-26e6-bc6f-4abb-0481e69625cb,SNOMED-CT,73595000,Stress (finding)
2023-07-04,2023-07-18,eb5910f1-26e6-bc6f-b300-716eae678d6f,eb5910f1-26e6-bc6f-4abb-0481e69625cb,SNOMED-CT,66383009,Gingivitis (disorder)
2020-10-01,2021-10-10,e74367bd-7385-97dc-2c7f-251b4cd9fe29,e74367bd-7385-97dc-d2a6-afd65d05b1e3,SNOMED-CT,68496003,Polyp of colon (disorder)
2020-11-21,2020-12-12,e74367bd-7385-97dc-2c7f-251b4cd9fe29,e74367bd-7385-97dc-e42d-ed634729eb51,SNOMED-CT,314529007,Medication review due (situation)
2020-12-12,2023-12-09,e74367bd-7385-97dc-2c7f-251b4cd9fe29,e74367bd-7385-97dc-576b-ed8421294502,SNOMED-CT,73595000,Stress (finding)
2024-10-01,2025-05-13,eb5910f1-26e6-bc6f-b300-716eae678d6f,eb5910f1-26e6-bc6f-5832-62fbe8468a74,SNOMED-CT,72892002,Normal pregnancy (finding)
2020-12-19,2020-12-19,e74367bd-7385-97dc-2c7f-251b4cd9fe29,e74367bd-7385-97dc-93ab-972d51af815a,SNOMED-CT,314529007,Medication review due (situation)
2021-01-02,2021-01-14,e74367bd-7385-97dc-2c7f-251b4cd9fe29,e74367bd-7385-97dc-de6b-d5bf61e9083f,SNOMED-CT,195662009,Acute viral pharyngitis (disorder)
2021-07-05,,e74367bd-7385-97dc-2c7f-251b4cd9fe29,e74367bd-7385-97dc-43b6-e29823d0357c,SNOMED-CT,239872002,Osteoarthritis of hip (disorder)
2021-11-27,2021-11-27,e74367bd-7385-97dc-2c7f-251b4cd9fe29,e74367bd-7385-97dc-c7a9-427c91265ff8,SNOMED-CT,314529007,Medication review due (situation)
2021-11-27,2021-12-11,e74367bd-7385-97dc-2c7f-251b4cd9fe29,e74367bd-7385-97dc-c7a9-427c91265ff8,SNOMED-CT,66383009,Gingivitis (disorder)
2025-10-21,2026-06-02,eb5910f1-26e6-bc6f-b300-716eae678d6f,eb5910f1-26e6-bc6f-41c3-ec78bdffd044,SNOMED-CT,72892002,Normal pregnancy (finding)
2022-12-03,,e74367bd-7385-97dc-2c7f-251b4cd9fe29,e74367bd-7385-97dc-c8cb-70575f06ecdf,SNOMED-CT,314529007,Medication review due (situation)
2022-12-03,2023-12-09,e74367bd-7385-97dc-2c7f-251b4cd9fe29,e74367bd-7385-97dc-c8cb-70575f06ecdf,SNOMED-CT,741062008,Not in labor force (finding)
2022-12-03,2023-12-09,e74367bd-7385-97dc-2c7f-251b4cd9fe29,e74367bd-7385-97dc-c8cb-70575f06ecdf,SNOMED-CT,424393004,Reports of violence in the environment (finding)
2025-11-12,2025-11-22,eb5910f1-26e6-bc6f-b300-716eae678d6f,eb5910f1-26e6-bc6f-fb4b-33d914b5a586,SNOMED-CT,444814009,Viral sinusitis (disorder)
2023-12-09,2025-12-20,e74367bd-7385-97dc-2c7f-251b4cd9fe29,e74367bd-7385-97dc-e62d-e0bf441b5467,SNOMED-CT,160903007,Full-time employment (finding)
2023-12-09,2023-12-23,e74367bd-7385-97dc-2c7f-251b4cd9fe29,e74367bd-7385-97dc-e62d-e0bf441b5467,SNOMED-CT,66383009,Gingivitis (disorder)
2023-12-23,2023-12-23,e74367bd-7385-97dc-2c7f-251b4cd9fe29,e74367bd-7385-97dc-984e-8f1434830f7c,SNOMED-CT,278558000,Dental filling lost (finding)
2026-05-03,2026-05-04,eb5910f1-26e6-bc6f-b300-716eae678d6f,eb5910f1-26e6-bc6f-56d6-6070f26694da,SNOMED-CT,307426000,Acute infective cystitis (disorder)
2026-07-07,,eb5910f1-26e6-bc6f-b300-716eae678d6f,eb5910f1-26e6-bc6f-d911-35366d6e350a,SNOMED-CT,160904001,Part-time employment (finding)
2026-07-07,,eb5910f1-26e6-bc6f-b300-716eae678d6f,eb5910f1-26e6-bc6f-d911-35366d6e350a,SNOMED-CT,10939881000119105,Unhealthy alcohol drinking behavior (finding)
2026-07-07,2026-07-21,eb5910f1-26e6-bc6f-b300-716eae678d6f,eb5910f1-26e6-bc6f-d911-35366d6e350a,SNOMED-CT,66383009,Gingivitis (disorder)
2025-12-20,,e74367bd-7385-97dc-2c7f-251b4cd9fe29,e74367bd-7385-97dc-7874-814440428c0e,SNOMED-CT,73438004,Unemployed (finding)
2026-07-21,2026-07-21,eb5910f1-26e6-bc6f-b300-716eae678d6f,eb5910f1-26e6-bc6f-a303-c4d46276450d,SNOMED-CT,18718003,Gingival disease (disorder)
2020-02-21,2020-02-21,2d68ad16-268a-478c-1f84-d0f1976e1a46,2d68ad16-268a-478c-73b1-09735410738b,SNOMED-CT,314529007,Medication review due (situation)
2020-03-27,2020-03-27,2d68ad16-268a-478c-1f84-d0f1976e1a46,2d68ad16-268a-478c-a67e-99103873e50d,SNOMED-CT,314529007,Medication review due (situation)
2020-05-29,2021-01-29,2d68ad16-268a-478c-1f84-d0f1976e1a46,2d68ad16-268a-478c-26a0-c6716d513154,SNOMED-CT,314529007,Medication review due (situation)
2020-09-23,2020-10-07,2d68ad16-268a-478c-1f84-d0f1976e1a46,2d68ad16-268a-478c-dab1-96d2c6d71ae5,SNOMED-CT,195662009,Acute viral pharyngitis (disorder)
2021-04-30,2022-01-28,2d68ad16-268a-478c-1f84-d0f1976e1a46,2d68ad16-268a-478c-853e-bb37055c80b4,SNOMED-CT,314529007,Medication review due (situation)
2022-07-29,2023-01-27,2d68ad16-268a-478c-1f84-d0f1976e1a46,2d68ad16-268a-478c-dfb4-11b429a2c24e,SNOMED-CT,314529007,Medication review due (situation)
2023-07-28,2024-01-26,2d68ad16-268a-478c-1f84-d0f1976e1a46,2d68ad16-268a-478c-c223-c601cac08ba2,SNOMED-CT,314529007,Medication review due (situation)
2025-01-31,2026-02-06,2d68ad16-268a-478c-1f84-d0f1976e1a46,2d68ad16-268a-478c-6f8a-5503a2c28e3f,SNOMED-CT,314529007,Medication review due (situation)
1956-03-05,1962-04-09,150a8a76-1563-717e-bf0f-f52045675f46,150a8a76-1563-717e-f46e-bc9817e6d24e,SNOMED-CT,314529007,Medication review due (situation)
1957-12-11,1957-12-25,150a8a76-1563-717e-bf0f-f52045675f46,150a8a76-1563-717e-ab12-b73490df86fb,SNOMED-CT,195662009,Acute viral pharyngitis (disorder)
1958-03-24,1958-03-24,150a8a76-1563-717e-bf0f-f52045675f46,150a8a76-1563-717e-8552-23196b530379,SNOMED-CT,278598003,Leaking dental filling (finding)
1958-12-17,,150a8a76-1563-717e-bf0f-f52045675f46,150a8a76-1563-717e-2423-3781349cce3e,SNOMED-CT,128613002,Seizure disorder (disorder)
1958-12-17,,150a8a76-1563-717e-bf0f-f52045675f46,150a8a76-1563-717e-2423-3781349cce3e,SNOMED-CT,1290882004,History of seizure (situation)
1958-12-17,,150a8a76-1563-717e-bf0f-f52045675f46,150a8a76-1563-717e-2423-3781349cce3e,SNOMED-CT,84757009,Epilepsy (disorder)
1959-03-23,1960-03-28,150a8a76-1563-717e-bf0f-f52045675f46,150a8a76-1563-717e-bcce-8334da28d9db,SNOMED-CT,160968000,Risk activity involvement (finding)
1961-04-03,1964-04-20,150a8a76-1563-717e-bf0f-f52045675f46,150a8a76-1563-717e-d544-bdfcfe26bee1,SNOMED-CT,160968000,Risk activity involvement (finding)
1961-05-11,1961-05-23,150a8a76-1563-717e-bf0f-f52045675f46,150a8a76-1563-717e-478b-b9313cb2683a,SNOMED-CT,43878008,Streptococcal sore throat (disorder)
1961-12-23,1962-01-03,150a8a76-1563-717e-bf0f-f52045675f46,150a8a76-1563-717e-6896-c315a29ed414,SNOMED-CT,444814009,Viral sinusitis (disorder)
1962-04-23,1962-04-23,150a8a76-1563-717e-bf0f-f52045675f46,150a8a76-1563-717e-89b3-bf55afe29671,SNOMED-CT,427898007,Infection of tooth (disorder)
1962-04-23,1962-04-23,150a8a76-1563-717e-bf0f-f52045675f46,150a8a76-1563-717e-89b3-bf55afe29671,SNOMED-CT,109570002,Primary dental caries (disorder)
1963-04-15,,150a8a76-1563-717e-bf0f-f52045675f46,150a8a76-1563-717e-c073-2d27fd0a3d25,SNOMED-CT,314529007,Medication review due (situation)
1964-09-14,1964-09-22,150a8a76-1563-717e-bf0f-f52045675f46,150a8a76-1563-717e-5573-67e8d9c0cb8f,SNOMED-CT,10509002,Acute bronchitis (disorder)
1965-04-26,,150a8a76-1563-717e-bf0f-f52045675f46,150a8a76-1563-717e-ab08-3a56b44ffcb7,SNOMED-CT,105531004,Housing unsatisfactory (finding)
1965-04-26,,150a8a76-1563-717e-bf0f-f52045675f46,150a8a76-1563-717e-ab08-3a56b44ffcb7,SNOMED-CT,473461003,Educated to high school level (finding)
1965-04-26,,150a8a76-1563-717e-bf0f-f52045675f46,150a8a76-1563-717e-ab08-3a56b44ffcb7,SNOMED-CT,160903007,Full-time employment (finding)
1965-04-26,1965-05-10,150a8a76-1563-717e-bf0f-f52045675f46,150a8a76-1563-717e-ab08-3a56b44ffcb7,SNOMED-CT,66383009,Gingivitis (disorder)
1965-05-10,1965-05-10,150a8a76-1563-717e-bf0f-f52045675f46,150a8a76-1563-717e-37a5-5d7a688264f6,SNOMED-CT,18718003,Gingival disease (disorder)
1965-05-10,1965-05-10,150a8a76-1563-717e-bf0f-f52045675f46,150a8a76-1563-717e-37a5-5d7a688264f6,SNOMED-CT,278602001,Loose dental filling (finding)
1999-04-20,,6fbddf55-7096-b883-7cd3-260f27953080,6fbddf55-7096-b883-7ba4-8f67ad9525ee,SNOMED-CT,197927001,Recurrent urinary tract infection (disorder)
1999-08-25,,6fbddf55-7096-b883-7cd3-260f27953080,6fbddf55-7096-b883-d2e4-f86a36a61723,SNOMED-CT,224299000,Received higher education (finding)
2000-08-30,2018-09-19,6fbddf55-7096-b883-7cd3-260f27953080,6fbddf55-7096-b883-7966-7e011aa55355,SNOMED-CT,422650009,Social isolation (finding)
2012-09-12,,6fbddf55-7096-b883-7cd3-260f27953080,6fbddf55-7096-b883-4302-b414913f4590,SNOMED-CT,162864005,Body mass index 30+ - obesity (finding)
2012-09-12,2017-10-04,6fbddf55-7096-b883-7cd3-260f27953080,6fbddf55-7096-b883-4302-b414913f4590,SNOMED-CT,706893006,Victim of intimate partner abuse (finding)
2015-04-15,2017-10-04,6fbddf55-7096-b883-7cd3-260f27953080,6fbddf55-7096-b883-315c-73242176b97d,SNOMED-CT,314529007,Medication review due (situation)
2015-04-15,2021-07-07,6fbddf55-7096-b883-7cd3-260f27953080,6fbddf55-7096-b883-315c-73242176b97d,SNOMED-CT,73595000,Stress (finding)
2015-09-16,2017-10-04,6fbddf55-7096-b883-7cd3-260f27953080,6fbddf55-7096-b883-614e-303f2a0deaab,SNOMED-CT,741062008,Not in labor force (finding)
2017-10-04,2018-11-28,6fbddf55-7096-b883-7cd3-260f27953080,6fbddf55-7096-b883-208f-26c1e3820d17,SNOMED-CT,160903007,Full-time employment (finding)
2017-10-11,2017-10-25,6fbddf55-7096-b883-7cd3-260f27953080,6fbddf55-7096-b883-0169-e6b767a67e41,SNOMED-CT,10509002,Acute bronchitis (disorder)
2018-09-19,2021-07-07,6fbddf55-7096-b883-7cd3-260f27953080,6fbddf55-7096-b883-3e1d-53bd43953ca2,SNOMED-CT,314529007,Medication review due (situation)
2018-11-19,2018-12-02,6fbddf55-7096-b883-7cd3-260f27953080,6fbddf55-7096-b883-6d2c-4248634cfeb5,SNOMED-CT,10509002,Acute bronchitis (disorder)
2018-11-28,2022-09-07,6fbddf55-7096-b883-7cd3-260f27953080,6fbddf55-7096-b883-3bfc-b577734dc737,SNOMED-CT,160904001,Part-time employment (finding)
2019-09-25,2020-04-29,6fbddf55-7096-b883-7cd3-260f27953080,6fbddf55-7096-b883-e83e-43ab3f3650d8,SNOMED-CT,72892002,Normal pregnancy (finding)
2022-09-07,,6fbddf55-7096-b883-7cd3-260f27953080,6fbddf55-7096-b883-6f9a-d5ffe442a92e,SNOMED-CT,314529007,Medication review due (situation)
2022-09-07,,6fbddf55-7096-b883-7cd3-260f27953080,6fbddf55-7096-b883-6f9a-d5ffe442a92e,SNOMED-CT,160903007,Full-time employment (finding)
2022-09-07,2023-07-12,6fbddf55-7096-b883-7cd3-260f27953080,6fbddf55-7096-b883-6f9a-d5ffe442a92e,SNOMED-CT,73595000,Stress (finding)
2022-09-14,2022-09-27,6fbddf55-7096-b883-7cd3-260f27953080,6fbddf55-7096-b883-ee15-6bc42b3d0a8a,SNOMED-CT,10509002,Acute bronchitis (disorder)
2023-07-19,2023-08-21,6fbddf55-7096-b883-7cd3-260f27953080,6fbddf55-7096-b883-2477-9d664984ddc1,SNOMED-CT,72892002,Normal pregnancy (finding)
2023-07-19,2023-08-21,6fbddf55-7096-b883-7cd3-260f27953080,6fbddf55-7096-b883-2477-9d664984ddc1,SNOMED-CT,19169002,Miscarriage in first trimester (disorder)
2023-07-19,2023-08-21,6fbddf55-7096-b883-7cd3-260f27953080,6fbddf55-7096-b883-2477-9d664984ddc1,SNOMED-CT,79586000,Tubal pregnancy (disorder)
2023-07-26,2023-07-26,6fbddf55-7096-b883-7cd3-260f27953080,6fbddf55-7096-b883-a7e6-12bec9351b6d,SNOMED-CT,18718003,Gingival disease (disorder)
2023-08-21,,6fbddf55-7096-b883-7cd3-260f27953080,6fbddf55-7096-b883-7480-7e77d5382be8,SNOMED-CT,161744009,Past pregnancy history of miscarriage (situation)
2025-07-16,,6fbddf55-7096-b883-7cd3-260f27953080,6fbddf55-7096-b883-9b5b-698b776b9453,SNOMED-CT,423315002,Limited social contact (finding)
2025-07-16,,6fbddf55-7096-b883-7cd3-260f27953080,6fbddf55-7096-b883-9b5b-698b776b9453,SNOMED-CT,73595000,Stress (finding)
1971-06-18,,14a5a697-29a3-48b2-969a-3ceefe74a700,14a5a697-29a3-48b2-eee2-4f70c7492cad,SNOMED-CT,40055000,Chronic sinusitis (disorder)
1977-01-08,,14a5a697-29a3-48b2-969a-3ceefe74a700,14a5a697-29a3-48b2-6147-8ca306916ebb,SNOMED-CT,473461003,Educated to high school level (finding)
1980-09-12,,14a5a697-29a3-48b2-969a-3ceefe74a700,14a5a697-29a3-48b2-5a25-f37e771ab09e,SNOMED-CT,197927001,Recurrent urinary tract infection (disorder)
1990-01-27,2020-01-18,14a5a697-29a3-48b2-969a-3ceefe74a700,14a5a697-29a3-48b2-ef0d-d981cdd5cbcd,SNOMED-CT,423315002,Limited social contact (finding)
1996-02-03,,14a5a697-29a3-48b2-969a-3ceefe74a700,14a5a697-29a3-48b2-acd9-6ee761e3488a,SNOMED-CT,162864005,Body mass index 30+ - obesity (finding)
2000-11-25,,14a5a697-29a3-48b2-969a-3ceefe74a700,14a5a697-29a3-48b2-3c06-08676923ae16,SNOMED-CT,714628002,Prediabetes (finding)
2002-11-15,,14a5a697-29a3-48b2-969a-3ceefe74a700,14a5a697-29a3-48b2-8407-0ff4adfd28fd,SNOMED-CT,254837009,Malignant neoplasm of breast (disorder)
2002-11-30,,14a5a697-29a3-48b2-969a-3ceefe74a700,14a5a697-29a3-48b2-ab98-ff38cbc13cf7,SNOMED-CT,271737000,Anemia (disorder)
2002-12-28,,14a5a697-29a3-48b2-969a-3ceefe74a700,14a5a697-29a3-48b2-75b6-b35395844cc0,SNOMED-CT,37320007,Loss of teeth (disorder)
2004-12-11,,14a5a697-29a3-48b2-969a-3ceefe74a700,14a5a697-29a3-48b2-5d04-797d6e1d0077,SNOMED-CT,446654005,Refugee (person)
2013-12-14,2018-01-06,14a5a697-29a3-48b2-969a-3ceefe74a700,14a5a697-29a3-48b2-87c0-f9b38c5c3598,SNOMED-CT,422650009,Social isolation (finding)
2014-12-20,2016-12-31,14a5a697-29a3-48b2-969a-3ceefe74a700,14a5a697-29a3-48b2-268f-9db90ee34e72,SNOMED-CT,314529007,Medication review due (situation)
2015-12-26,2018-01-06,14a5a697-29a3-48b2-969a-3ceefe74a700,14a5a697-29a3-48b2-e93d-7f1a765b9f1f,SNOMED-CT,160903007,Full-time employment (finding)
2010-08-26,2014-05-29,d3727ff2-5d7b-347f-d78c-edc4323cf890,d3727ff2-5d7b-347f-d202-dd8e978b031a,SNOMED-CT,314529007,Medication review due (situation)
1943-11-26,,ba419d35-0dfe-8af7-347c-eebf02485a56,ba419d35-0dfe-8af7-ad55-c8fd12b7b549,SNOMED-CT,473461003,Educated to high school level (finding)
1951-03-10,,ba419d35-0dfe-8af7-347c-eebf02485a56,ba419d35-0dfe-8af7-8cd7-a9ef76a8c0ca,SNOMED-CT,161744009,Past pregnancy history of miscarriage (situation)
1965-09-24,,ba419d35-0dfe-8af7-347c-eebf02485a56,ba419d35-0dfe-8af7-37d2-6148b7b8a998,SNOMED-CT,59621000,Essential hypertension (disorder)
1965-09-24,,ba419d35-0dfe-8af7-347c-eebf02485a56,ba419d35-0dfe-8af7-37d2-6148b7b8a998,SNOMED-CT,162864005,Body mass index 30+ - obesity (finding)
1990-02-16,,ba419d35-0dfe-8af7-347c-eebf02485a56,ba419d35-0dfe-8af7-a367-c7f968bb0acd,SNOMED-CT,124171000119105,Chronic intractable migraine without aura (disorder)
2014-08-28,2014-08-28,d3727ff2-5d7b-347f-d78c-edc4323cf890,d3727ff2-5d7b-347f-55e1-4de55fcbf905,SNOMED-CT,314529007,Medication review due (situation)
1990-04-24,,ba419d35-0dfe-8af7-347c-eebf02485a56,ba419d35-0dfe-8af7-9ffe-653d3a3d3734,SNOMED-CT,196416002,Impacted molars (disorder)
1990-10-10,,ba419d35-0dfe-8af7-347c-eebf02485a56,ba419d35-0dfe-8af7-417a-fcda1ee750c2,SNOMED-CT,82423001,Chronic pain (finding)
1993-03-14,,ba419d35-0dfe-8af7-347c-eebf02485a56,ba419d35-0dfe-8af7-32b6-c0046b04a65a,SNOMED-CT,6525002,Dependent drug abuse (disorder)
2014-09-04,2014-09-15,d3727ff2-5d7b-347f-d78c-edc4323cf890,d3727ff2-5d7b-347f-0d6d-c991651bf028,SNOMED-CT,10509002,Acute bronchitis (disorder)
1999-11-05,2016-10-14,ba419d35-0dfe-8af7-347c-eebf02485a56,ba419d35-0dfe-8af7-ec1f-82b140493044,SNOMED-CT,431855005,Chronic kidney disease stage 1 (disorder)
1999-11-05,,ba419d35-0dfe-8af7-347c-eebf02485a56,ba419d35-0dfe-8af7-ec1f-82b140493044,SNOMED-CT,127013003,Disorder of kidney due to diabetes mellitus (disorder)
1999-11-05,,ba419d35-0dfe-8af7-347c-eebf02485a56,ba419d35-0dfe-8af7-ec1f-82b140493044,SNOMED-CT,414545008,Ischemic heart disease (disorder)
2015-06-04,2016-06-09,d3727ff2-5d7b-347f-d78c-edc4323cf890,d3727ff2-5d7b-347f-8fa7-42071f56acdc,SNOMED-CT,314529007,Medication review due (situation)
2000-01-14,,ba419d35-0dfe-8af7-347c-eebf02485a56,ba419d35-0dfe-8af7-ec97-7e79d76b4fd1,SNOMED-CT,274531002,Abnormal findings diagnostic imaging heart+coronary circulat (finding)
2006-08-18,2016-04-01,ba419d35-0dfe-8af7-347c-eebf02485a56,ba419d35-0dfe-8af7-baec-2011bd2581b9,SNOMED-CT,706893006,Victim of intimate partner abuse (finding)
2009-05-29,2016-10-14,ba419d35-0dfe-8af7-347c-eebf02485a56,ba419d35-0dfe-8af7-113a-47e0209d989b,SNOMED-CT,431856006,Chronic kidney disease stage 2 (disorder)
2017-06-15,2018-06-21,d3727ff2-5d7b-347f-d78c-edc4323cf890,d3727ff2-5d7b-347f-19fd-a5c6959030a7,SNOMED-CT,314529007,Medication review due (situation)
2009-05-29,,ba419d35-0dfe-8af7-347c-eebf02485a56,ba419d35-0dfe-8af7-113a-47e0209d989b,SNOMED-CT,90781000119102,Microalbuminuria due to type 2 diabetes mellitus (disorder)
2010-06-04,2011-07-01,ba419d35-0dfe-8af7-347c-eebf02485a56,ba419d35-0dfe-8af7-b854-54767bbd0ee8,SNOMED-CT,160903007,Full-time employment (finding)
2019-06-27,2019-06-27,d3727ff2-5d7b-347f-d78c-edc4323cf890,d3727ff2-5d7b-347f-ddef-e8432343b7dc,SNOMED-CT,314529007,Medication review due (situation)
2011-04-01,2011-04-01,ba419d35-0dfe-8af7-347c-eebf02485a56,ba419d35-0dfe-8af7-9a5a-a913ace6d42e,SNOMED-CT,314529007,Medication review due (situation)
2011-04-01,2011-06-10,ba419d35-0dfe-8af7-347c-eebf02485a56,ba419d35-0dfe-8af7-9a5a-a913ace6d42e,SNOMED-CT,73595000,Stress (finding)
2011-04-01,2011-05-27,ba419d35-0dfe-8af7-347c-eebf02485a56,ba419d35-0dfe-8af7-9a5a-a913ace6d42e,SNOMED-CT,424393004,Reports of violence in the environment (finding)
2020-03-01,2020-03-17,d3727ff2-5d7b-347f-d78c-edc4323cf890,d3727ff2-5d7b-347f-aafb-3f2d1ce18de5,SNOMED-CT,444814009,Viral sinusitis (disorder)
2020-07-02,2020-07-02,d3727ff2-5d7b-347f-d78c-edc4323cf890,d3727ff2-5d7b-347f-5198-eb61f9c7b561,SNOMED-CT,314529007,Medication review due (situation)
2021-07-08,,d3727ff2-5d7b-347f-d78c-edc4323cf890,d3727ff2-5d7b-347f-3314-9dcf32611d5a,SNOMED-CT,314529007,Medication review due (situation)
2021-08-07,2021-09-03,d3727ff2-5d7b-347f-d78c-edc4323cf890,d3727ff2-5d7b-347f-abdd-bed9e0e72341,SNOMED-CT,384709000,Sprain (morphologic abnormality)
2021-08-07,2021-09-03,d3727ff2-5d7b-347f-d78c-edc4323cf890,d3727ff2-5d7b-347f-abdd-bed9e0e72341,SNOMED-CT,44465007,Sprain of ankle (disorder)
2011-05-27,2011-05-27,ba419d35-0dfe-8af7-347c-eebf02485a56,ba419d35-0dfe-8af7-a588-cf5d770354e8,SNOMED-CT,314529007,Medication review due (situation)
2011-05-27,2011-06-17,ba419d35-0dfe-8af7-347c-eebf02485a56,ba419d35-0dfe-8af7-a588-cf5d770354e8,SNOMED-CT,66383009,Gingivitis (disorder)
2022-12-10,,d3727ff2-5d7b-347f-d78c-edc4323cf890,d3727ff2-5d7b-347f-e5ee-114831403b1b,SNOMED-CT,128613002,Seizure disorder (disorder)
2022-12-10,,d3727ff2-5d7b-347f-d78c-edc4323cf890,d3727ff2-5d7b-347f-e5ee-114831403b1b,SNOMED-CT,1290882004,History of seizure (situation)
2011-06-10,2011-12-09,ba419d35-0dfe-8af7-347c-eebf02485a56,ba419d35-0dfe-8af7-181c-63e158f00f1b,SNOMED-CT,314529007,Medication review due (situation)
2011-06-10,2011-07-29,ba419d35-0dfe-8af7-347c-eebf02485a56,ba419d35-0dfe-8af7-181c-63e158f00f1b,SNOMED-CT,422650009,Social isolation (finding)
2018-01-06,2018-01-06,14a5a697-29a3-48b2-969a-3ceefe74a700,14a5a697-29a3-48b2-4fb8-5d11224fd572,SNOMED-CT,314529007,Medication review due (situation)
2018-01-06,2019-01-12,14a5a697-29a3-48b2-969a-3ceefe74a700,14a5a697-29a3-48b2-4fb8-5d11224fd572,SNOMED-CT,160904001,Part-time employment (finding)
2018-01-06,2018-01-20,14a5a697-29a3-48b2-969a-3ceefe74a700,14a5a697-29a3-48b2-4fb8-5d11224fd572,SNOMED-CT,66383009,Gingivitis (disorder)
2011-06-17,2011-06-17,ba419d35-0dfe-8af7-347c-eebf02485a56,ba419d35-0dfe-8af7-10ab-782deffd2951,SNOMED-CT,18718003,Gingival disease (disorder)
2011-07-01,2016-10-14,ba419d35-0dfe-8af7-347c-eebf02485a56,ba419d35-0dfe-8af7-d626-f49d9afe203b,SNOMED-CT,433144002,Chronic kidney disease stage 3 (disorder)
2011-07-01,,ba419d35-0dfe-8af7-347c-eebf02485a56,ba419d35-0dfe-8af7-d626-f49d9afe203b,SNOMED-CT,157141000119108,Proteinuria due to type 2 diabetes mellitus (disorder)
2011-07-01,2011-07-29,ba419d35-0dfe-8af7-347c-eebf02485a56,ba419d35-0dfe-8af7-d626-f49d9afe203b,SNOMED-CT,160904001,Part-time employment (finding)
2011-07-01,2011-07-29,ba419d35-0dfe-8af7-347c-eebf02485a56,ba419d35-0dfe-8af7-d626-f49d9afe203b,SNOMED-CT,73595000,Stress (finding)
2011-07-01,2011-07-15,ba419d35-0dfe-8af7-347c-eebf02485a56,ba419d35-0dfe-8af7-d626-f49d9afe203b,SNOMED-CT,66383009,Gingivitis (disorder)
2018-11-29,2020-01-25,14a5a697-29a3-48b2-969a-3ceefe74a700,14a5a697-29a3-48b2-de96-6beb376050af,SNOMED-CT,68496003,Polyp of colon (disorder)
2019-01-12,2024-02-10,14a5a697-29a3-48b2-969a-3ceefe74a700,14a5a697-29a3-48b2-188f-b36b869a40fc,SNOMED-CT,314529007,Medication review due (situation)
2019-01-12,2023-02-04,14a5a697-29a3-48b2-969a-3ceefe74a700,14a5a697-29a3-48b2-188f-b36b869a40fc,SNOMED-CT,160903007,Full-time employment (finding)
2019-01-12,2023-02-04,14a5a697-29a3-48b2-969a-3ceefe74a700,14a5a697-29a3-48b2-188f-b36b869a40fc,SNOMED-CT,73595000,Stress (finding)
2011-07-15,2011-07-15,ba419d35-0dfe-8af7-347c-eebf02485a56,ba419d35-0dfe-8af7-b0bb-68158c0b8c64,SNOMED-CT,18718003,Gingival disease (disorder)
2011-07-29,2013-05-17,ba419d35-0dfe-8af7-347c-eebf02485a56,ba419d35-0dfe-8af7-dfcf-7660fa821b5c,SNOMED-CT,160903007,Full-time employment (finding)
2011-09-18,2016-10-14,ba419d35-0dfe-8af7-347c-eebf02485a56,ba419d35-0dfe-8af7-61dc-031bf3fa8341,SNOMED-CT,698306007,Awaiting transplantation of kidney (situation)
2011-10-21,2016-10-14,ba419d35-0dfe-8af7-347c-eebf02485a56,ba419d35-0dfe-8af7-c3a6-1194349a2881,SNOMED-CT,431857002,Chronic kidney disease stage 4 (disorder)
2011-10-21,2012-06-15,ba419d35-0dfe-8af7-347c-eebf02485a56,ba419d35-0dfe-8af7-c3a6-1194349a2881,SNOMED-CT,73595000,Stress (finding)
2011-10-21,2012-02-17,ba419d35-0dfe-8af7-347c-eebf02485a56,ba419d35-0dfe-8af7-c3a6-1194349a2881,SNOMED-CT,80583007,Severe anxiety (panic) (finding)
2011-10-21,2011-11-11,ba419d35-0dfe-8af7-347c-eebf02485a56,ba419d35-0dfe-8af7-c3a6-1194349a2881,SNOMED-CT,66383009,Gingivitis (disorder)
2020-12-07,2020-12-07,14a5a697-29a3-48b2-969a-3ceefe74a700,14a5a697-29a3-48b2-7d6c-c39e63fade6b,SNOMED-CT,840544004,Suspected disease caused by Severe acute respiratory coronavirus 2 (situation)
2020-12-07,2020-12-18,14a5a697-29a3-48b2-969a-3ceefe74a700,14a5a697-29a3-48b2-08bf-e07fca5a9d68,SNOMED-CT,68235000,Nasal congestion (finding)
2020-12-07,2020-12-18,14a5a697-29a3-48b2-969a-3ceefe74a700,14a5a697-29a3-48b2-08bf-e07fca5a9d68,SNOMED-CT,49727002,Cough (finding)
2020-12-07,2020-12-18,14a5a697-29a3-48b2-969a-3ceefe74a700,14a5a697-29a3-48b2-08bf-e07fca5a9d68,SNOMED-CT,84229001,Fatigue (finding)
2020-12-07,2020-12-18,14a5a697-29a3-48b2-969a-3ceefe74a700,14a5a697-29a3-48b2-08bf-e07fca5a9d68,SNOMED-CT,386661006,Fever (finding)
2020-12-07,2020-12-18,14a5a697-29a3-48b2-969a-3ceefe74a700,14a5a697-29a3-48b2-08bf-e07fca5a9d68,SNOMED-CT,840539006,Disease caused by severe acute respiratory syndrome coronavirus 2 (disorder)
2020-12-07,2020-12-18,14a5a697-29a3-48b2-969a-3ceefe74a700,14a5a697-29a3-48b2-bafb-9be69572b007,SNOMED-CT,233604007,Pneumonia (disorder)
2020-12-07,2020-12-18,14a5a697-29a3-48b2-969a-3ceefe74a700,14a5a697-29a3-48b2-bafb-9be69572b007,SNOMED-CT,389087006,Hypoxemia (disorder)
2020-12-07,2020-12-18,14a5a697-29a3-48b2-969a-3ceefe74a700,14a5a697-29a3-48b2-bafb-9be69572b007,SNOMED-CT,271825005,Respiratory distress (finding)
2012-02-17,2013-06-28,ba419d35-0dfe-8af7-347c-eebf02485a56,ba419d35-0dfe-8af7-39a6-33b55ae8f990,SNOMED-CT,314529007,Medication review due (situation)
2012-02-17,2012-03-09,ba419d35-0dfe-8af7-347c-eebf02485a56,ba419d35-0dfe-8af7-39a6-33b55ae8f990,SNOMED-CT,66383009,Gingivitis (disorder)
2023-02-04,2024-02-10,14a5a697-29a3-48b2-969a-3ceefe74a700,14a5a697-29a3-48b2-a02e-8a96d0a67116,SNOMED-CT,160904001,Part-time employment (finding)
2023-02-04,2023-02-18,14a5a697-29a3-48b2-969a-3ceefe74a700,14a5a697-29a3-48b2-a02e-8a96d0a67116,SNOMED-CT,66383009,Gingivitis (disorder)
2012-10-19,2012-11-16,ba419d35-0dfe-8af7-347c-eebf02485a56,ba419d35-0dfe-8af7-2594-642a0e5abc6d,SNOMED-CT,73595000,Stress (finding)
2024-02-10,2025-02-15,14a5a697-29a3-48b2-969a-3ceefe74a700,14a5a697-29a3-48b2-ffed-f7adca90e8cf,SNOMED-CT,73438004,Unemployed (finding)
2024-02-10,2025-02-15,14a5a697-29a3-48b2-969a-3ceefe74a700,14a5a697-29a3-48b2-ffed-f7adca90e8cf,SNOMED-CT,73595000,Stress (finding)
2025-02-15,2026-02-21,14a5a697-29a3-48b2-969a-3ceefe74a700,14a5a697-29a3-48b2-6f37-9fa49bc53f9e,SNOMED-CT,314529007,Medication review due (situation)
2025-02-15,2026-02-21,14a5a697-29a3-48b2-969a-3ceefe74a700,14a5a697-29a3-48b2-6f37-9fa49bc53f9e,SNOMED-CT,160903007,Full-time employment (finding)
2025-02-15,2025-03-01,14a5a697-29a3-48b2-969a-3ceefe74a700,14a5a697-29a3-48b2-6f37-9fa49bc53f9e,SNOMED-CT,66383009,Gingivitis (disorder)
2025-03-01,2025-03-01,14a5a697-29a3-48b2-969a-3ceefe74a700,14a5a697-29a3-48b2-0258-7ac663d4bae7,SNOMED-CT,18718003,Gingival disease (disorder)
2025-09-13,2025-10-16,14a5a697-29a3-48b2-969a-3ceefe74a700,14a5a697-29a3-48b2-3f23-981757fa2146,SNOMED-CT,384709000,Sprain (morphologic abnormality)
2025-09-13,2025-10-16,14a5a697-29a3-48b2-969a-3ceefe74a700,14a5a697-29a3-48b2-3f23-981757fa2146,SNOMED-CT,70704007,Sprain of wrist (disorder)
2013-03-21,2013-03-23,ba419d35-0dfe-8af7-347c-eebf02485a56,ba419d35-0dfe-8af7-90ad-a1b76dbfe535,SNOMED-CT,1149222004,Overdose (disorder)
2026-02-21,,14a5a697-29a3-48b2-969a-3ceefe74a700,14a5a697-29a3-48b2-22d4-673cbc747ae5,SNOMED-CT,160904001,Part-time employment (finding)
2026-02-21,,14a5a697-29a3-48b2-969a-3ceefe74a700,14a5a697-29a3-48b2-22d4-673cbc747ae5,SNOMED-CT,422650009,Social isolation (finding)
2013-05-17,2014-07-04,ba419d35-0dfe-8af7-347c-eebf02485a56,ba419d35-0dfe-8af7-8123-d2bab7186b01,SNOMED-CT,73438004,Unemployed (finding)
2013-05-17,2013-06-28,ba419d35-0dfe-8af7-347c-eebf02485a56,ba419d35-0dfe-8af7-8123-d2bab7186b01,SNOMED-CT,422650009,Social isolation (finding)
2013-09-13,2013-09-13,ba419d35-0dfe-8af7-347c-eebf02485a56,ba419d35-0dfe-8af7-da8a-2be647cd8ad0,SNOMED-CT,314529007,Medication review due (situation)
2013-09-13,2014-12-05,ba419d35-0dfe-8af7-347c-eebf02485a56,ba419d35-0dfe-8af7-da8a-2be647cd8ad0,SNOMED-CT,73595000,Stress (finding)
2014-07-04,2015-03-06,ba419d35-0dfe-8af7-347c-eebf02485a56,ba419d35-0dfe-8af7-6cc2-424cd123afe3,SNOMED-CT,314529007,Medication review due (situation)
2014-07-04,2014-12-05,ba419d35-0dfe-8af7-347c-eebf02485a56,ba419d35-0dfe-8af7-6cc2-424cd123afe3,SNOMED-CT,160903007,Full-time employment (finding)
2014-07-04,2014-12-05,ba419d35-0dfe-8af7-347c-eebf02485a56,ba419d35-0dfe-8af7-6cc2-424cd123afe3,SNOMED-CT,422650009,Social isolation (finding)
1992-12-09,,62f60bdb-cc5c-8305-b98b-f2b229a55eca,62f60bdb-cc5c-8305-598c-764c11e1c84e,SNOMED-CT,160968000,Risk activity involvement (finding)
1993-12-15,,62f60bdb-cc5c-8305-b98b-f2b229a55eca,62f60bdb-cc5c-8305-9b40-9ff6f582e0f0,SNOMED-CT,224299000,Received higher education (finding)
2014-01-31,,62f60bdb-cc5c-8305-b98b-f2b229a55eca,62f60bdb-cc5c-8305-168a-eb7b59bab832,SNOMED-CT,82423001,Chronic pain (finding)
2014-01-31,,62f60bdb-cc5c-8305-b98b-f2b229a55eca,62f60bdb-cc5c-8305-168a-eb7b59bab832,SNOMED-CT,278860009,Chronic low back pain (finding)
2014-02-12,2018-03-07,62f60bdb-cc5c-8305-b98b-f2b229a55eca,62f60bdb-cc5c-8305-7e65-ca97a3c5b3df,SNOMED-CT,314529007,Medication review due (situation)
2016-02-24,2017-03-01,62f60bdb-cc5c-8305-b98b-f2b229a55eca,62f60bdb-cc5c-8305-5255-7425022940b9,SNOMED-CT,741062008,Not in labor force (finding)
2016-12-14,2016-12-22,62f60bdb-cc5c-8305-b98b-f2b229a55eca,62f60bdb-cc5c-8305-ca61-d30e050107bd,SNOMED-CT,72892002,Normal pregnancy (finding)
2016-12-14,2016-12-22,62f60bdb-cc5c-8305-b98b-f2b229a55eca,62f60bdb-cc5c-8305-ca61-d30e050107bd,SNOMED-CT,19169002,Miscarriage in first trimester (disorder)
2016-12-14,2016-12-22,62f60bdb-cc5c-8305-b98b-f2b229a55eca,62f60bdb-cc5c-8305-ca61-d30e050107bd,SNOMED-CT,156073000,Complete miscarriage (disorder)
2016-12-22,,62f60bdb-cc5c-8305-b98b-f2b229a55eca,62f60bdb-cc5c-8305-9129-3ae5ef7f8690,SNOMED-CT,161744009,Past pregnancy history of miscarriage (situation)
2017-03-01,2018-03-07,62f60bdb-cc5c-8305-b98b-f2b229a55eca,62f60bdb-cc5c-8305-c6f7-e880755ad7f2,SNOMED-CT,160904001,Part-time employment (finding)
2017-03-01,2018-03-07,62f60bdb-cc5c-8305-b98b-f2b229a55eca,62f60bdb-cc5c-8305-c6f7-e880755ad7f2,SNOMED-CT,423315002,Limited social contact (finding)
2017-03-01,2018-03-07,62f60bdb-cc5c-8305-b98b-f2b229a55eca,62f60bdb-cc5c-8305-c6f7-e880755ad7f2,SNOMED-CT,73595000,Stress (finding)
2017-03-01,2018-03-07,62f60bdb-cc5c-8305-b98b-f2b229a55eca,62f60bdb-cc5c-8305-c6f7-e880755ad7f2,SNOMED-CT,424393004,Reports of violence in the environment (finding)
2017-03-01,2018-03-07,62f60bdb-cc5c-8305-b98b-f2b229a55eca,62f60bdb-cc5c-8305-c6f7-e880755ad7f2,SNOMED-CT,706893006,Victim of intimate partner abuse (finding)
2018-03-07,2020-03-18,62f60bdb-cc5c-8305-b98b-f2b229a55eca,62f60bdb-cc5c-8305-9ee6-277e49380106,SNOMED-CT,160903007,Full-time employment (finding)
2018-03-07,2025-04-16,62f60bdb-cc5c-8305-b98b-f2b229a55eca,62f60bdb-cc5c-8305-9ee6-277e49380106,SNOMED-CT,361055000,Misuses drugs (finding)
2014-12-05,2015-02-06,ba419d35-0dfe-8af7-347c-eebf02485a56,ba419d35-0dfe-8af7-5879-b70d70b59072,SNOMED-CT,160904001,Part-time employment (finding)
2018-03-21,2018-04-02,62f60bdb-cc5c-8305-b98b-f2b229a55eca,62f60bdb-cc5c-8305-429a-1b31b62c47c9,SNOMED-CT,444814009,Viral sinusitis (disorder)
2019-03-13,2021-03-24,62f60bdb-cc5c-8305-b98b-f2b229a55eca,62f60bdb-cc5c-8305-7f47-8241cd1ae208,SNOMED-CT,314529007,Medication review due (situation)
2019-03-13,2025-04-16,62f60bdb-cc5c-8305-b98b-f2b229a55eca,62f60bdb-cc5c-8305-7f47-8241cd1ae208,SNOMED-CT,423315002,Limited social contact (finding)
2019-03-13,2021-03-24,62f60bdb-cc5c-8305-b98b-f2b229a55eca,62f60bdb-cc5c-8305-7f47-8241cd1ae208,SNOMED-CT,73595000,Stress (finding)
2019-03-13,2020-03-18,62f60bdb-cc5c-8305-b98b-f2b229a55eca,62f60bdb-cc5c-8305-7f47-8241cd1ae208,SNOMED-CT,706893006,Victim of intimate partner abuse (finding)
2019-11-13,2020-06-19,62f60bdb-cc5c-8305-b98b-f2b229a55eca,62f60bdb-cc5c-8305-076e-3848d36d2488,SNOMED-CT,72892002,Normal pregnancy (finding)
2019-11-13,2020-06-19,62f60bdb-cc5c-8305-b98b-f2b229a55eca,62f60bdb-cc5c-8305-076e-3848d36d2488,SNOMED-CT,271737000,Anemia (disorder)
2020-03-18,,62f60bdb-cc5c-8305-b98b-f2b229a55eca,62f60bdb-cc5c-8305-6b74-352a4b35b527,SNOMED-CT,714628002,Prediabetes (finding)
2020-03-18,2021-03-24,62f60bdb-cc5c-8305-b98b-f2b229a55eca,62f60bdb-cc5c-8305-6b74-352a4b35b527,SNOMED-CT,160904001,Part-time employment (finding)
2020-03-18,2023-04-05,62f60bdb-cc5c-8305-b98b-f2b229a55eca,62f60bdb-cc5c-8305-6b74-352a4b35b527,SNOMED-CT,422650009,Social isolation (finding)
2015-02-06,2016-01-01,ba419d35-0dfe-8af7-347c-eebf02485a56,ba419d35-0dfe-8af7-1976-aae5489c8464,SNOMED-CT,160903007,Full-time employment (finding)
2015-02-06,2016-04-01,ba419d35-0dfe-8af7-347c-eebf02485a56,ba419d35-0dfe-8af7-1976-aae5489c8464,SNOMED-CT,422650009,Social isolation (finding)
2015-02-06,2015-02-27,ba419d35-0dfe-8af7-347c-eebf02485a56,ba419d35-0dfe-8af7-1976-aae5489c8464,SNOMED-CT,73595000,Stress (finding)
2020-07-25,2020-07-25,62f60bdb-cc5c-8305-b98b-f2b229a55eca,62f60bdb-cc5c-8305-fa68-28cdca27fd87,SNOMED-CT,840544004,Suspected disease caused by Severe acute respiratory coronavirus 2 (situation)
2020-07-25,2020-08-16,62f60bdb-cc5c-8305-b98b-f2b229a55eca,62f60bdb-cc5c-8305-e4c0-018f96ccb800,SNOMED-CT,25064002,Headache (finding)
2020-07-25,2020-08-16,62f60bdb-cc5c-8305-b98b-f2b229a55eca,62f60bdb-cc5c-8305-e4c0-018f96ccb800,SNOMED-CT,49727002,Cough (finding)
2020-07-25,2020-08-16,62f60bdb-cc5c-8305-b98b-f2b229a55eca,62f60bdb-cc5c-8305-e4c0-018f96ccb800,SNOMED-CT,267102003,Sore throat (finding)
2020-07-25,2020-08-16,62f60bdb-cc5c-8305-b98b-f2b229a55eca,62f60bdb-cc5c-8305-e4c0-018f96ccb800,SNOMED-CT,248595008,Sputum finding (finding)
2020-07-25,2020-08-16,62f60bdb-cc5c-8305-b98b-f2b229a55eca,62f60bdb-cc5c-8305-e4c0-018f96ccb800,SNOMED-CT,386661006,Fever (finding)
2020-07-25,2020-08-16,62f60bdb-cc5c-8305-b98b-f2b229a55eca,62f60bdb-cc5c-8305-e4c0-018f96ccb800,SNOMED-CT,36955009,Loss of taste (finding)
2015-02-27,2015-03-13,ba419d35-0dfe-8af7-347c-eebf02485a56,ba419d35-0dfe-8af7-6ee0-fc9795d627bd,SNOMED-CT,423315002,Limited social contact (finding)
2020-07-25,2020-08-16,62f60bdb-cc5c-8305-b98b-f2b229a55eca,62f60bdb-cc5c-8305-e4c0-018f96ccb800,SNOMED-CT,840539006,Disease caused by severe acute respiratory syndrome coronavirus 2 (disorder)
2021-03-24,2025-04-16,62f60bdb-cc5c-8305-b98b-f2b229a55eca,62f60bdb-cc5c-8305-048d-7aec8b7f32c5,SNOMED-CT,160903007,Full-time employment (finding)
2021-03-24,2021-04-08,62f60bdb-cc5c-8305-b98b-f2b229a55eca,62f60bdb-cc5c-8305-048d-7aec8b7f32c5,SNOMED-CT,66383009,Gingivitis (disorder)
2015-03-13,2015-03-13,ba419d35-0dfe-8af7-347c-eebf02485a56,ba419d35-0dfe-8af7-e2f8-0a8d22b70ab1,SNOMED-CT,314529007,Medication review due (situation)
2015-03-13,2015-05-29,ba419d35-0dfe-8af7-347c-eebf02485a56,ba419d35-0dfe-8af7-e2f8-0a8d22b70ab1,SNOMED-CT,66383009,Gingivitis (disorder)
2015-03-20,2015-03-27,ba419d35-0dfe-8af7-347c-eebf02485a56,ba419d35-0dfe-8af7-16a6-794b84fbacae,SNOMED-CT,314529007,Medication review due (situation)
2015-03-27,2015-04-24,ba419d35-0dfe-8af7-347c-eebf02485a56,ba419d35-0dfe-8af7-9a6d-67ccb6149e88,SNOMED-CT,423315002,Limited social contact (finding)
2015-04-03,2015-04-17,ba419d35-0dfe-8af7-347c-eebf02485a56,ba419d35-0dfe-8af7-1a2d-b16636b60f1a,SNOMED-CT,314529007,Medication review due (situation)
2015-04-10,2015-10-30,ba419d35-0dfe-8af7-347c-eebf02485a56,ba419d35-0dfe-8af7-2e91-f645494202be,SNOMED-CT,73595000,Stress (finding)
2015-04-24,2015-04-24,ba419d35-0dfe-8af7-347c-eebf02485a56,ba419d35-0dfe-8af7-819d-94043554c851,SNOMED-CT,314529007,Medication review due (situation)
2015-05-01,2015-05-01,ba419d35-0dfe-8af7-347c-eebf02485a56,ba419d35-0dfe-8af7-c389-ae6becb70c68,SNOMED-CT,314529007,Medication review due (situation)
2015-05-08,2015-05-08,ba419d35-0dfe-8af7-347c-eebf02485a56,ba419d35-0dfe-8af7-3dea-66d094bd4121,SNOMED-CT,314529007,Medication review due (situation)
2015-05-08,2016-02-12,ba419d35-0dfe-8af7-347c-eebf02485a56,ba419d35-0dfe-8af7-3dea-66d094bd4121,SNOMED-CT,423315002,Limited social contact (finding)
2015-05-15,2015-05-15,ba419d35-0dfe-8af7-347c-eebf02485a56,ba419d35-0dfe-8af7-08d5-dcf2afac98c3,SNOMED-CT,314529007,Medication review due (situation)
2015-05-22,2015-06-07,ba419d35-0dfe-8af7-347c-eebf02485a56,ba419d35-0dfe-8af7-21fb-a2cf7cc093d9,SNOMED-CT,10509002,Acute bronchitis (disorder)
2022-03-30,2022-03-30,62f60bdb-cc5c-8305-b98b-f2b229a55eca,62f60bdb-cc5c-8305-e397-a55fd4c02a78,SNOMED-CT,314529007,Medication review due (situation)
2022-03-30,2025-04-16,62f60bdb-cc5c-8305-b98b-f2b229a55eca,62f60bdb-cc5c-8305-e397-a55fd4c02a78,SNOMED-CT,73595000,Stress (finding)
2015-07-10,2015-09-04,ba419d35-0dfe-8af7-347c-eebf02485a56,ba419d35-0dfe-8af7-29fd-3762be44e3c8,SNOMED-CT,314529007,Medication review due (situation)
2023-04-05,2026-04-22,62f60bdb-cc5c-8305-b98b-f2b229a55eca,62f60bdb-cc5c-8305-54e5-d4d561f3b64a,SNOMED-CT,314529007,Medication review due (situation)
2023-04-06,2023-04-20,62f60bdb-cc5c-8305-b98b-f2b229a55eca,62f60bdb-cc5c-8305-54e5-d4d561f3b64a,SNOMED-CT,66383009,Gingivitis (disorder)
2023-04-20,2023-04-20,62f60bdb-cc5c-8305-b98b-f2b229a55eca,62f60bdb-cc5c-8305-60d4-4b2026fe0e04,SNOMED-CT,109570002,Primary dental caries (disorder)
2025-04-16,2026-04-22,62f60bdb-cc5c-8305-b98b-f2b229a55eca,62f60bdb-cc5c-8305-72bf-784c7e902da8,SNOMED-CT,160904001,Part-time employment (finding)
2025-04-16,2025-05-01,62f60bdb-cc5c-8305-b98b-f2b229a55eca,62f60bdb-cc5c-8305-72bf-784c7e902da8,SNOMED-CT,66383009,Gingivitis (disorder)
2015-10-30,2016-01-01,ba419d35-0dfe-8af7-347c-eebf02485a56,ba419d35-0dfe-8af7-a02b-9b70990d3637,SNOMED-CT,314529007,Medication review due (situation)
2016-01-01,2016-10-14,ba419d35-0dfe-8af7-347c-eebf02485a56,ba419d35-0dfe-8af7-3f3d-7d9b689f28a0,SNOMED-CT,46177005,End-stage renal disease (disorder)
2016-01-01,2016-02-12,ba419d35-0dfe-8af7-347c-eebf02485a56,ba419d35-0dfe-8af7-3f3d-7d9b689f28a0,SNOMED-CT,160904001,Part-time employment (finding)
2016-01-01,2016-02-12,ba419d35-0dfe-8af7-347c-eebf02485a56,ba419d35-0dfe-8af7-3f3d-7d9b689f28a0,SNOMED-CT,73595000,Stress (finding)
2016-01-22,2016-01-22,ba419d35-0dfe-8af7-347c-eebf02485a56,ba419d35-0dfe-8af7-88cc-7f05bd94e86a,SNOMED-CT,278558000,Dental filling lost (finding)
2016-02-12,2016-05-06,ba419d35-0dfe-8af7-347c-eebf02485a56,ba419d35-0dfe-8af7-b869-49ff6751524a,SNOMED-CT,314529007,Medication review due (situation)
2016-02-12,2016-05-06,ba419d35-0dfe-8af7-347c-eebf02485a56,ba419d35-0dfe-8af7-b869-49ff6751524a,SNOMED-CT,160903007,Full-time employment (finding)
2016-02-12,2016-11-04,ba419d35-0dfe-8af7-347c-eebf02485a56,ba419d35-0dfe-8af7-b869-49ff6751524a,SNOMED-CT,80583007,Severe anxiety (panic) (finding)
2025-12-31,,62f60bdb-cc5c-8305-b98b-f2b229a55eca,62f60bdb-cc5c-8305-92b9-4998c85ee124,SNOMED-CT,73595000,Stress (finding)
2025-12-31,2026-04-22,62f60bdb-cc5c-8305-b98b-f2b229a55eca,62f60bdb-cc5c-8305-92b9-4998c85ee124,SNOMED-CT,424393004,Reports of violence in the environment (finding)
2026-01-07,2026-01-18,62f60bdb-cc5c-8305-b98b-f2b229a55eca,62f60bdb-cc5c-8305-2349-99867ac24ed5,SNOMED-CT,444814009,Viral sinusitis (disorder)
2016-03-11,2016-06-24,ba419d35-0dfe-8af7-347c-eebf02485a56,ba419d35-0dfe-8af7-cc9b-46f1d4a2c7df,SNOMED-CT,73595000,Stress (finding)
2016-03-11,2016-04-09,ba419d35-0dfe-8af7-347c-eebf02485a56,ba419d35-0dfe-8af7-cc9b-46f1d4a2c7df,SNOMED-CT,66383009,Gingivitis (disorder)
2026-04-22,,62f60bdb-cc5c-8305-b98b-f2b229a55eca,62f60bdb-cc5c-8305-6aac-d3a307437284,SNOMED-CT,160903007,Full-time employment (finding)
2016-04-08,2016-04-17,ba419d35-0dfe-8af7-347c-eebf02485a56,ba419d35-0dfe-8af7-8d2a-b5e824b729ca,SNOMED-CT,10509002,Acute bronchitis (disorder)
2000-12-13,,982750f4-569b-5949-196b-60699bdda3fb,982750f4-569b-5949-8474-e0fd56472eae,SNOMED-CT,160968000,Risk activity involvement (finding)
2004-01-29,,982750f4-569b-5949-196b-60699bdda3fb,982750f4-569b-5949-ca2a-8bb9ce861ef9,SNOMED-CT,161744009,Past pregnancy history of miscarriage (situation)
2005-01-05,,982750f4-569b-5949-196b-60699bdda3fb,982750f4-569b-5949-cc6b-a3b110f6a3ee,SNOMED-CT,224299000,Received higher education (finding)
2014-01-31,,982750f4-569b-5949-196b-60699bdda3fb,982750f4-569b-5949-97bc-56608286d2fb,SNOMED-CT,82423001,Chronic pain (finding)
2014-01-31,,982750f4-569b-5949-196b-60699bdda3fb,982750f4-569b-5949-97bc-56608286d2fb,SNOMED-CT,278860009,Chronic low back pain (finding)
2016-04-08,2016-04-08,ba419d35-0dfe-8af7-347c-eebf02485a56,ba419d35-0dfe-8af7-d740-115d981309ca,SNOMED-CT,18718003,Gingival disease (disorder)
2016-05-06,2016-05-27,ba419d35-0dfe-8af7-347c-eebf02485a56,ba419d35-0dfe-8af7-302b-64e120fd2747,SNOMED-CT,741062008,Not in labor force (finding)
2016-05-06,,ba419d35-0dfe-8af7-347c-eebf02485a56,ba419d35-0dfe-8af7-302b-64e120fd2747,SNOMED-CT,266948004,Has a criminal record (finding)
2016-05-27,2016-05-27,ba419d35-0dfe-8af7-347c-eebf02485a56,ba419d35-0dfe-8af7-4f75-3b227ab884c4,SNOMED-CT,314529007,Medication review due (situation)
2016-05-27,2016-08-19,ba419d35-0dfe-8af7-347c-eebf02485a56,ba419d35-0dfe-8af7-4f75-3b227ab884c4,SNOMED-CT,160903007,Full-time employment (finding)
2015-06-17,2017-06-28,982750f4-569b-5949-196b-60699bdda3fb,982750f4-569b-5949-b774-eaf012377ff3,SNOMED-CT,314529007,Medication review due (situation)
2016-06-22,2018-07-04,982750f4-569b-5949-196b-60699bdda3fb,982750f4-569b-5949-74c8-9bc54bd01c48,SNOMED-CT,160904001,Part-time employment (finding)
2016-06-22,2019-07-10,982750f4-569b-5949-196b-60699bdda3fb,982750f4-569b-5949-74c8-9bc54bd01c48,SNOMED-CT,73595000,Stress (finding)
2016-06-24,2016-06-24,ba419d35-0dfe-8af7-347c-eebf02485a56,ba419d35-0dfe-8af7-8de5-66f19a384486,SNOMED-CT,314529007,Medication review due (situation)
2016-06-24,2016-07-15,ba419d35-0dfe-8af7-347c-eebf02485a56,ba419d35-0dfe-8af7-8de5-66f19a384486,SNOMED-CT,423315002,Limited social contact (finding)
2016-06-24,2016-07-15,ba419d35-0dfe-8af7-347c-eebf02485a56,ba419d35-0dfe-8af7-8de5-66f19a384486,SNOMED-CT,424393004,Reports of violence in the environment (finding)
2017-06-28,2019-07-10,982750f4-569b-5949-196b-60699bdda3fb,982750f4-569b-5949-491c-caa820b70a88,SNOMED-CT,361055000,Misuses drugs (finding)
2016-07-15,2016-11-04,ba419d35-0dfe-8af7-347c-eebf02485a56,ba419d35-0dfe-8af7-04b8-c53474e28fc5,SNOMED-CT,314529007,Medication review due (situation)
2017-07-12,2017-07-12,982750f4-569b-5949-196b-60699bdda3fb,982750f4-569b-5949-2d9b-f243fbb2f4c1,SNOMED-CT,109570002,Primary dental caries (disorder)
2016-08-19,2016-09-23,ba419d35-0dfe-8af7-347c-eebf02485a56,ba419d35-0dfe-8af7-a097-76939bd7478b,SNOMED-CT,741062008,Not in labor force (finding)
2016-08-19,2018-07-27,ba419d35-0dfe-8af7-347c-eebf02485a56,ba419d35-0dfe-8af7-a097-76939bd7478b,SNOMED-CT,73595000,Stress (finding)
2018-07-04,2019-07-10,982750f4-569b-5949-196b-60699bdda3fb,982750f4-569b-5949-83db-42935be8223a,SNOMED-CT,314529007,Medication review due (situation)
2018-07-04,2019-07-10,982750f4-569b-5949-196b-60699bdda3fb,982750f4-569b-5949-83db-42935be8223a,SNOMED-CT,741062008,Not in labor force (finding)
2018-07-04,2018-07-18,982750f4-569b-5949-196b-60699bdda3fb,982750f4-569b-5949-83db-42935be8223a,SNOMED-CT,66383009,Gingivitis (disorder)
2016-09-23,2018-07-27,ba419d35-0dfe-8af7-347c-eebf02485a56,ba419d35-0dfe-8af7-f5ee-bc9bbfe0969f,SNOMED-CT,160903007,Full-time employment (finding)
2016-09-23,,ba419d35-0dfe-8af7-347c-eebf02485a56,ba419d35-0dfe-8af7-f5ee-bc9bbfe0969f,SNOMED-CT,423315002,Limited social contact (finding)
2016-10-14,,ba419d35-0dfe-8af7-347c-eebf02485a56,ba419d35-0dfe-8af7-61db-735e0a9f4143,SNOMED-CT,161665007,History of renal transplant (situation)
2018-08-08,2019-03-06,982750f4-569b-5949-196b-60699bdda3fb,982750f4-569b-5949-5a71-cbe6ac68919d,SNOMED-CT,72892002,Normal pregnancy (finding)
2019-07-10,2021-07-21,982750f4-569b-5949-196b-60699bdda3fb,982750f4-569b-5949-d533-2a21da404479,SNOMED-CT,160903007,Full-time employment (finding)
2016-11-18,2016-12-17,ba419d35-0dfe-8af7-347c-eebf02485a56,ba419d35-0dfe-8af7-7761-b954ad4a8184,SNOMED-CT,213150003,Kidney transplant failure and rejection (disorder)
2020-07-15,2020-07-15,982750f4-569b-5949-196b-60699bdda3fb,982750f4-569b-5949-646b-419ea1413b53,SNOMED-CT,314529007,Medication review due (situation)
2020-07-15,2020-07-29,982750f4-569b-5949-196b-60699bdda3fb,982750f4-569b-5949-646b-419ea1413b53,SNOMED-CT,66383009,Gingivitis (disorder)
2017-07-21,2018-07-27,ba419d35-0dfe-8af7-347c-eebf02485a56,ba419d35-0dfe-8af7-62aa-55ac2414463f,SNOMED-CT,314529007,Medication review due (situation)
2017-07-21,2020-08-07,ba419d35-0dfe-8af7-347c-eebf02485a56,ba419d35-0dfe-8af7-62aa-55ac2414463f,SNOMED-CT,422650009,Social isolation (finding)
2020-07-29,2020-07-29,982750f4-569b-5949-196b-60699bdda3fb,982750f4-569b-5949-8921-92dbf365a748,SNOMED-CT,278588009,Fractured dental filling (finding)
2018-07-27,2020-08-07,ba419d35-0dfe-8af7-347c-eebf02485a56,ba419d35-0dfe-8af7-7efd-4faaffb2f6ed,SNOMED-CT,741062008,Not in labor force (finding)
2018-07-27,2018-08-10,ba419d35-0dfe-8af7-347c-eebf02485a56,ba419d35-0dfe-8af7-7efd-4faaffb2f6ed,SNOMED-CT,66383009,Gingivitis (disorder)
2021-07-21,2021-07-21,982750f4-569b-5949-196b-60699bdda3fb,982750f4-569b-5949-588b-7f19533f9ce3,SNOMED-CT,314529007,Medication review due (situation)
2021-07-21,2022-07-27,982750f4-569b-5949-196b-60699bdda3fb,982750f4-569b-5949-588b-7f19533f9ce3,SNOMED-CT,741062008,Not in labor force (finding)
2018-11-20,2018-11-20,ba419d35-0dfe-8af7-347c-eebf02485a56,ba419d35-0dfe-8af7-47aa-b500bdb8311f,SNOMED-CT,1149222004,Overdose (disorder)
2019-08-02,2019-08-02,ba419d35-0dfe-8af7-347c-eebf02485a56,ba419d35-0dfe-8af7-e865-1035479e58ea,SNOMED-CT,314529007,Medication review due (situation)
2019-08-02,,ba419d35-0dfe-8af7-347c-eebf02485a56,ba419d35-0dfe-8af7-e865-1035479e58ea,SNOMED-CT,73595000,Stress (finding)
2019-08-02,2019-08-16,ba419d35-0dfe-8af7-347c-eebf02485a56,ba419d35-0dfe-8af7-e865-1035479e58ea,SNOMED-CT,66383009,Gingivitis (disorder)
2020-06-20,2020-06-20,ba419d35-0dfe-8af7-347c-eebf02485a56,ba419d35-0dfe-8af7-ef1f-19bb67059c77,SNOMED-CT,1149222004,Overdose (disorder)
2020-08-07,2020-08-07,ba419d35-0dfe-8af7-347c-eebf02485a56,ba419d35-0dfe-8af7-bd4a-a866b6d5232a,SNOMED-CT,314529007,Medication review due (situation)
2020-08-07,,ba419d35-0dfe-8af7-347c-eebf02485a56,ba419d35-0dfe-8af7-bd4a-a866b6d5232a,SNOMED-CT,160904001,Part-time employment (finding)
2020-08-07,2020-08-21,ba419d35-0dfe-8af7-347c-eebf02485a56,ba419d35-0dfe-8af7-bd4a-a866b6d5232a,SNOMED-CT,66383009,Gingivitis (disorder)
2020-08-21,2020-08-21,ba419d35-0dfe-8af7-347c-eebf02485a56,ba419d35-0dfe-8af7-f604-d59e82fcdad7,SNOMED-CT,278558000,Dental filling lost (finding)
2022-05-04,2022-07-16,982750f4-569b-5949-196b-60699bdda3fb,982750f4-569b-5949-3a48-38a0377059e3,SNOMED-CT,72892002,Normal pregnancy (finding)
2022-06-29,2022-07-16,982750f4-569b-5949-196b-60699bdda3fb,982750f4-569b-5949-965e-a5e72487d26a,SNOMED-CT,85116003,Miscarriage in second trimester (disorder)
2022-06-29,2022-07-16,982750f4-569b-5949-196b-60699bdda3fb,982750f4-569b-5949-965e-a5e72487d26a,SNOMED-CT,267253006,Fetus with chromosomal abnormality (disorder)
2022-07-27,2024-08-07,982750f4-569b-5949-196b-60699bdda3fb,982750f4-569b-5949-4720-0774e84d338e,SNOMED-CT,314529007,Medication review due (situation)
2022-07-27,,982750f4-569b-5949-196b-60699bdda3fb,982750f4-569b-5949-4720-0774e84d338e,SNOMED-CT,44054006,Diabetes mellitus type 2 (disorder)
2022-07-27,,982750f4-569b-5949-196b-60699bdda3fb,982750f4-569b-5949-4720-0774e84d338e,SNOMED-CT,271737000,Anemia (disorder)
2022-07-27,,982750f4-569b-5949-196b-60699bdda3fb,982750f4-569b-5949-4720-0774e84d338e,SNOMED-CT,162864005,Body mass index 30+ - obesity (finding)
2022-07-27,2023-08-02,982750f4-569b-5949-196b-60699bdda3fb,982750f4-569b-5949-4720-0774e84d338e,SNOMED-CT,73438004,Unemployed (finding)
2022-07-27,2023-08-02,982750f4-569b-5949-196b-60699bdda3fb,982750f4-569b-5949-4720-0774e84d338e,SNOMED-CT,73595000,Stress (finding)
2022-07-27,2022-08-24,982750f4-569b-5949-196b-60699bdda3fb,982750f4-569b-5949-4720-0774e84d338e,SNOMED-CT,66383009,Gingivitis (disorder)
2022-08-24,2022-08-24,982750f4-569b-5949-196b-60699bdda3fb,982750f4-569b-5949-a71f-86ff02bff2a7,SNOMED-CT,278588009,Fractured dental filling (finding)
2023-08-02,,982750f4-569b-5949-196b-60699bdda3fb,982750f4-569b-5949-7f77-69ead626c618,SNOMED-CT,80394007,Hyperglycemia (disorder)
2023-08-02,,982750f4-569b-5949-196b-60699bdda3fb,982750f4-569b-5949-7f77-69ead626c618,SNOMED-CT,302870006,Hypertriglyceridemia (disorder)
2023-08-02,,982750f4-569b-5949-196b-60699bdda3fb,982750f4-569b-5949-7f77-69ead626c618,SNOMED-CT,237602007,Metabolic syndrome X (disorder)
2023-08-02,2024-08-07,982750f4-569b-5949-196b-60699bdda3fb,982750f4-569b-5949-7f77-69ead626c618,SNOMED-CT,741062008,Not in labor force (finding)
2023-08-02,,982750f4-569b-5949-196b-60699bdda3fb,982750f4-569b-5949-7f77-69ead626c618,SNOMED-CT,423315002,Limited social contact (finding)
2024-08-07,2025-08-13,982750f4-569b-5949-196b-60699bdda3fb,982750f4-569b-5949-3661-c255f6ae22a1,SNOMED-CT,73438004,Unemployed (finding)
2024-08-07,2026-08-19,982750f4-569b-5949-196b-60699bdda3fb,982750f4-569b-5949-3661-c255f6ae22a1,SNOMED-CT,422650009,Social isolation (finding)
2024-08-07,2025-08-13,982750f4-569b-5949-196b-60699bdda3fb,982750f4-569b-5949-3661-c255f6ae22a1,SNOMED-CT,73595000,Stress (finding)
2024-08-07,2024-08-21,982750f4-569b-5949-196b-60699bdda3fb,982750f4-569b-5949-3661-c255f6ae22a1,SNOMED-CT,66383009,Gingivitis (disorder)
2025-08-13,,982750f4-569b-5949-196b-60699bdda3fb,982750f4-569b-5949-047f-cd58d46fbb77,SNOMED-CT,314529007,Medication review due (situation)
2025-08-13,,982750f4-569b-5949-196b-60699bdda3fb,982750f4-569b-5949-047f-cd58d46fbb77,SNOMED-CT,160903007,Full-time employment (finding)
2025-08-13,2025-08-27,982750f4-569b-5949-196b-60699bdda3fb,982750f4-569b-5949-047f-cd58d46fbb77,SNOMED-CT,66383009,Gingivitis (disorder)
2025-08-27,2025-08-27,982750f4-569b-5949-196b-60699bdda3fb,982750f4-569b-5949-2b5b-329234239c29,SNOMED-CT,18718003,Gingival disease (disorder)
2026-08-19,,982750f4-569b-5949-196b-60699bdda3fb,982750f4-569b-5949-e4ed-84146926558f,SNOMED-CT,73595000,Stress (finding)
2015-01-28,,0f1067c3-9151-8829-56cd-2eff898db59c,0f1067c3-9151-8829-f312-1f546ea9ed47,SNOMED-CT,232353008,Perennial allergic rhinitis with seasonal variation (disorder)
2016-11-17,2016-11-17,0f1067c3-9151-8829-56cd-2eff898db59c,0f1067c3-9151-8829-43ab-6141b9a30102,SNOMED-CT,314529007,Medication review due (situation)
2016-11-24,2016-12-02,0f1067c3-9151-8829-56cd-2eff898db59c,0f1067c3-9151-8829-d948-179c7df8d8c2,SNOMED-CT,444814009,Viral sinusitis (disorder)
2017-06-15,2018-06-21,0f1067c3-9151-8829-56cd-2eff898db59c,0f1067c3-9151-8829-bb65-2f41a2558565,SNOMED-CT,314529007,Medication review due (situation)
2018-09-06,2018-09-22,0f1067c3-9151-8829-56cd-2eff898db59c,0f1067c3-9151-8829-47e7-2e4a2b992f3e,SNOMED-CT,384709000,Sprain (morphologic abnormality)
2018-09-06,2018-09-22,0f1067c3-9151-8829-56cd-2eff898db59c,0f1067c3-9151-8829-47e7-2e4a2b992f3e,SNOMED-CT,70704007,Sprain of wrist (disorder)
2019-03-28,2019-04-19,0f1067c3-9151-8829-56cd-2eff898db59c,0f1067c3-9151-8829-5199-f3432095d706,SNOMED-CT,444814009,Viral sinusitis (disorder)
2019-06-27,2019-06-27,0f1067c3-9151-8829-56cd-2eff898db59c,0f1067c3-9151-8829-e93f-cbb95b05e952,SNOMED-CT,314529007,Medication review due (situation)
2020-07-02,2024-07-25,0f1067c3-9151-8829-56cd-2eff898db59c,0f1067c3-9151-8829-e795-43f1d01570c4,SNOMED-CT,314529007,Medication review due (situation)
2020-07-09,2020-07-09,0f1067c3-9151-8829-56cd-2eff898db59c,0f1067c3-9151-8829-6105-be996d48a929,SNOMED-CT,109570002,Primary dental caries (disorder)
2022-07-14,2024-07-25,0f1067c3-9151-8829-56cd-2eff898db59c,0f1067c3-9151-8829-d65a-c6f1ec37123e,SNOMED-CT,160968000,Risk activity involvement (finding)
2024-07-25,2024-08-08,0f1067c3-9151-8829-56cd-2eff898db59c,0f1067c3-9151-8829-62e3-58a5d43e958b,SNOMED-CT,66383009,Gingivitis (disorder)
2025-07-31,2025-07-31,0f1067c3-9151-8829-56cd-2eff898db59c,0f1067c3-9151-8829-c11e-95f0e59c4809,SNOMED-CT,314529007,Medication review due (situation)
2025-10-13,2025-10-15,0f1067c3-9151-8829-56cd-2eff898db59c,0f1067c3-9151-8829-5369-48b9a6f26003,SNOMED-CT,307426000,Acute infective cystitis (disorder)
2026-08-06,2026-08-06,0f1067c3-9151-8829-56cd-2eff898db59c,0f1067c3-9151-8829-17fb-cc1781f975a5,SNOMED-CT,314529007,Medication review due (situation)
2023-09-15,2023-12-22,c053e996-a4c4-6c02-e2b6-284227156c67,c053e996-a4c4-6c02-f1ad-026464118efd,SNOMED-CT,314529007,Medication review due (situation)
2024-02-23,2024-02-23,c053e996-a4c4-6c02-e2b6-284227156c67,c053e996-a4c4-6c02-94f7-00623607551e,SNOMED-CT,314529007,Medication review due (situation)
2024-03-13,2024-05-24,c053e996-a4c4-6c02-e2b6-284227156c67,c053e996-a4c4-6c02-42a8-fb57793861c5,SNOMED-CT,65363002,Otitis media (disorder)
2024-05-24,2024-08-23,c053e996-a4c4-6c02-e2b6-284227156c67,c053e996-a4c4-6c02-22d0-d4c412702177,SNOMED-CT,314529007,Medication review due (situation)
2024-11-22,2025-02-21,c053e996-a4c4-6c02-e2b6-284227156c67,c053e996-a4c4-6c02-5970-0aafbba3032c,SNOMED-CT,314529007,Medication review due (situation)
2025-04-19,2025-08-22,c053e996-a4c4-6c02-e2b6-284227156c67,c053e996-a4c4-6c02-21b5-a4c83d3610ab,SNOMED-CT,65363002,Otitis media (disorder)
2025-08-22,2025-08-22,c053e996-a4c4-6c02-e2b6-284227156c67,c053e996-a4c4-6c02-2042-5d8a07b975f6,SNOMED-CT,314529007,Medication review due (situation)
2026-02-20,2026-08-21,c053e996-a4c4-6c02-e2b6-284227156c67,c053e996-a4c4-6c02-4430-6d73db5bcb78,SNOMED-CT,314529007,Medication review due (situation)
1965-04-26,,80fcbdbc-e907-9bd5-2644-ad9ef5d6545b,80fcbdbc-e907-9bd5-8c3e-d47bcd352ab6,SNOMED-CT,105531004,Housing unsatisfactory (finding)
1965-04-26,,80fcbdbc-e907-9bd5-2644-ad9ef5d6545b,80fcbdbc-e907-9bd5-8c3e-d47bcd352ab6,SNOMED-CT,473461003,Educated to high school level (finding)
1965-04-26,,80fcbdbc-e907-9bd5-2644-ad9ef5d6545b,80fcbdbc-e907-9bd5-8c3e-d47bcd352ab6,SNOMED-CT,713458007,Lack of access to transportation (finding)
1966-05-02,,80fcbdbc-e907-9bd5-2644-ad9ef5d6545b,80fcbdbc-e907-9bd5-a3c5-0b4f949823e4,SNOMED-CT,266934004,Transport problem (finding)
1968-10-19,,80fcbdbc-e907-9bd5-2644-ad9ef5d6545b,80fcbdbc-e907-9bd5-a949-e9b239d2c5e4,SNOMED-CT,428251008,History of appendectomy (situation)
1969-05-05,,80fcbdbc-e907-9bd5-2644-ad9ef5d6545b,80fcbdbc-e907-9bd5-aed7-8fbc0911cbc3,SNOMED-CT,714628002,Prediabetes (finding)
1972-05-08,,80fcbdbc-e907-9bd5-2644-ad9ef5d6545b,80fcbdbc-e907-9bd5-f257-8c3b073b3a89,SNOMED-CT,271737000,Anemia (disorder)
1981-05-18,,80fcbdbc-e907-9bd5-2644-ad9ef5d6545b,80fcbdbc-e907-9bd5-505e-3d1764ef15e0,SNOMED-CT,446654005,Refugee (person)
2006-04-24,,80fcbdbc-e907-9bd5-2644-ad9ef5d6545b,80fcbdbc-e907-9bd5-fb8e-e7da471f5997,SNOMED-CT,59621000,Essential hypertension (disorder)
2009-05-11,,80fcbdbc-e907-9bd5-2644-ad9ef5d6545b,80fcbdbc-e907-9bd5-2b2a-c72af32e6747,SNOMED-CT,44054006,Diabetes mellitus type 2 (disorder)
2010-05-17,,80fcbdbc-e907-9bd5-2644-ad9ef5d6545b,80fcbdbc-e907-9bd5-ca95-8d6ae0d8df3a,SNOMED-CT,302870006,Hypertriglyceridemia (disorder)
2011-05-23,,80fcbdbc-e907-9bd5-2644-ad9ef5d6545b,80fcbdbc-e907-9bd5-bc57-880002ffbcfa,SNOMED-CT,414545008,Ischemic heart disease (disorder)
2011-06-09,,80fcbdbc-e907-9bd5-2644-ad9ef5d6545b,80fcbdbc-e907-9bd5-79ad-8e1380b489ab,SNOMED-CT,274531002,Abnormal findings diagnostic imaging heart+coronary circulat (finding)
2012-05-28,,80fcbdbc-e907-9bd5-2644-ad9ef5d6545b,80fcbdbc-e907-9bd5-400b-c4a6f95a21ce,SNOMED-CT,237602007,Metabolic syndrome X (disorder)
2014-02-05,,80fcbdbc-e907-9bd5-2644-ad9ef5d6545b,80fcbdbc-e907-9bd5-0e5d-cd6316973310,SNOMED-CT,82423001,Chronic pain (finding)
2014-02-05,,80fcbdbc-e907-9bd5-2644-ad9ef5d6545b,80fcbdbc-e907-9bd5-0e5d-cd6316973310,SNOMED-CT,278860009,Chronic low back pain (finding)
2014-02-05,,80fcbdbc-e907-9bd5-2644-ad9ef5d6545b,80fcbdbc-e907-9bd5-0e5d-cd6316973310,SNOMED-CT,1121000119107,Chronic neck pain (finding)
2016-05-23,2017-06-26,80fcbdbc-e907-9bd5-2644-ad9ef5d6545b,80fcbdbc-e907-9bd5-2571-47e7ace74d66,SNOMED-CT,314529007,Medication review due (situation)
2016-05-23,2017-06-26,80fcbdbc-e907-9bd5-2644-ad9ef5d6545b,80fcbdbc-e907-9bd5-2571-47e7ace74d66,SNOMED-CT,73595000,Stress (finding)
2016-06-20,2019-07-08,80fcbdbc-e907-9bd5-2644-ad9ef5d6545b,80fcbdbc-e907-9bd5-f921-0039fd47ec69,SNOMED-CT,160903007,Full-time employment (finding)
2017-02-21,2017-03-05,80fcbdbc-e907-9bd5-2644-ad9ef5d6545b,80fcbdbc-e907-9bd5-8a01-2a18c9bf6079,SNOMED-CT,195662009,Acute viral pharyngitis (disorder)
2017-06-26,2017-07-10,80fcbdbc-e907-9bd5-2644-ad9ef5d6545b,80fcbdbc-e907-9bd5-5fa0-da41bea0f148,SNOMED-CT,66383009,Gingivitis (disorder)
1961-11-11,,35b353dd-402b-571a-d67a-af0a104d0854,35b353dd-402b-571a-5091-a710bce2ea3b,SNOMED-CT,105531004,Housing unsatisfactory (finding)
1961-11-11,,35b353dd-402b-571a-d67a-af0a104d0854,35b353dd-402b-571a-5091-a710bce2ea3b,SNOMED-CT,224299000,Received higher education (finding)
1977-02-02,,35b353dd-402b-571a-d67a-af0a104d0854,35b353dd-402b-571a-8b5a-50c9f2fb8420,SNOMED-CT,91302008,Sepsis (disorder)
1980-12-06,,35b353dd-402b-571a-d67a-af0a104d0854,35b353dd-402b-571a-b0ab-f704c10fed31,SNOMED-CT,162864005,Body mass index 30+ - obesity (finding)
1987-10-03,,35b353dd-402b-571a-d67a-af0a104d0854,35b353dd-402b-571a-3105-2598735757a0,SNOMED-CT,414545008,Ischemic heart disease (disorder)
1987-10-12,,35b353dd-402b-571a-d67a-af0a104d0854,35b353dd-402b-571a-cd35-107bbe17c4fd,SNOMED-CT,274531002,Abnormal findings diagnostic imaging heart+coronary circulat (finding)
1987-11-10,,35b353dd-402b-571a-d67a-af0a104d0854,35b353dd-402b-571a-3dd3-379dd9e41d13,SNOMED-CT,399261000,History of coronary artery bypass grafting (situation)
2018-07-02,2020-07-13,80fcbdbc-e907-9bd5-2644-ad9ef5d6545b,80fcbdbc-e907-9bd5-5527-ddd72c1050ae,SNOMED-CT,314529007,Medication review due (situation)
1992-09-05,,35b353dd-402b-571a-d67a-af0a104d0854,35b353dd-402b-571a-0d58-6c62f75d0d80,SNOMED-CT,39898005,Sleep disorder (disorder)
1992-10-01,,35b353dd-402b-571a-d67a-af0a104d0854,35b353dd-402b-571a-af98-b7c6a19e8bdb,SNOMED-CT,78275009,Obstructive sleep apnea syndrome (disorder)
1993-09-18,,35b353dd-402b-571a-d67a-af0a104d0854,35b353dd-402b-571a-1d74-2bf161254810,SNOMED-CT,59621000,Essential hypertension (disorder)
2008-06-14,,35b353dd-402b-571a-d67a-af0a104d0854,35b353dd-402b-571a-d20c-f9184b57058a,SNOMED-CT,431855005,Chronic kidney disease stage 1 (disorder)
2008-06-14,,35b353dd-402b-571a-d67a-af0a104d0854,35b353dd-402b-571a-d20c-f9184b57058a,SNOMED-CT,127013003,Disorder of kidney due to diabetes mellitus (disorder)
2015-10-24,2018-05-12,35b353dd-402b-571a-d67a-af0a104d0854,35b353dd-402b-571a-eccd-e8743178529a,SNOMED-CT,160903007,Full-time employment (finding)
2016-01-30,2017-02-04,35b353dd-402b-571a-d67a-af0a104d0854,35b353dd-402b-571a-a5e6-3699802ec07e,SNOMED-CT,314529007,Medication review due (situation)
2016-01-30,2017-02-04,35b353dd-402b-571a-d67a-af0a104d0854,35b353dd-402b-571a-a5e6-3699802ec07e,SNOMED-CT,422650009,Social isolation (finding)
2018-08-21,2018-10-21,80fcbdbc-e907-9bd5-2644-ad9ef5d6545b,80fcbdbc-e907-9bd5-1986-d261d296416b,SNOMED-CT,48333001,Burn injury (morphologic abnormality)
2018-08-21,2018-10-21,80fcbdbc-e907-9bd5-2644-ad9ef5d6545b,80fcbdbc-e907-9bd5-1986-d261d296416b,SNOMED-CT,403190006,Epidermal burn of skin (disorder)
2017-02-04,2018-02-10,35b353dd-402b-571a-d67a-af0a104d0854,35b353dd-402b-571a-2bd7-97e26d8874a7,SNOMED-CT,73595000,Stress (finding)
2017-02-04,2017-02-18,35b353dd-402b-571a-d67a-af0a104d0854,35b353dd-402b-571a-2bd7-97e26d8874a7,SNOMED-CT,66383009,Gingivitis (disorder)
2017-02-18,2017-02-18,35b353dd-402b-571a-d67a-af0a104d0854,35b353dd-402b-571a-389d-e683d3a7dd8b,SNOMED-CT,18718003,Gingival disease (disorder)
2018-02-10,2018-02-10,35b353dd-402b-571a-d67a-af0a104d0854,35b353dd-402b-571a-8e83-9996ecf9ae79,SNOMED-CT,314529007,Medication review due (situation)
2018-02-10,2018-02-24,35b353dd-402b-571a-d67a-af0a104d0854,35b353dd-402b-571a-8e83-9996ecf9ae79,SNOMED-CT,66383009,Gingivitis (disorder)
2019-03-13,2019-03-22,80fcbdbc-e907-9bd5-2644-ad9ef5d6545b,80fcbdbc-e907-9bd5-fa92-06a4c3b27ce5,SNOMED-CT,10509002,Acute bronchitis (disorder)
2018-05-12,2018-05-12,35b353dd-402b-571a-d67a-af0a104d0854,35b353dd-402b-571a-3ca5-5d1134014fc4,SNOMED-CT,314529007,Medication review due (situation)
2018-05-12,2018-05-26,35b353dd-402b-571a-d67a-af0a104d0854,35b353dd-402b-571a-3ca5-5d1134014fc4,SNOMED-CT,160904001,Part-time employment (finding)
2018-05-12,2018-05-26,35b353dd-402b-571a-d67a-af0a104d0854,35b353dd-402b-571a-3ca5-5d1134014fc4,SNOMED-CT,423315002,Limited social contact (finding)
2018-05-12,2018-05-26,35b353dd-402b-571a-d67a-af0a104d0854,35b353dd-402b-571a-3ca5-5d1134014fc4,SNOMED-CT,73595000,Stress (finding)
2019-03-25,2022-07-25,80fcbdbc-e907-9bd5-2644-ad9ef5d6545b,80fcbdbc-e907-9bd5-b879-e415f5713fb0,SNOMED-CT,423315002,Limited social contact (finding)
2019-03-25,2019-07-08,80fcbdbc-e907-9bd5-2644-ad9ef5d6545b,80fcbdbc-e907-9bd5-b879-e415f5713fb0,SNOMED-CT,73595000,Stress (finding)
2018-05-19,2018-05-19,35b353dd-402b-571a-d67a-af0a104d0854,35b353dd-402b-571a-c331-e47d27d6e154,SNOMED-CT,314529007,Medication review due (situation)
2019-03-27,2019-04-09,80fcbdbc-e907-9bd5-2644-ad9ef5d6545b,80fcbdbc-e907-9bd5-2ae2-bb9986a9d7f8,SNOMED-CT,195662009,Acute viral pharyngitis (disorder)
2019-07-08,2020-07-13,80fcbdbc-e907-9bd5-2644-ad9ef5d6545b,80fcbdbc-e907-9bd5-6b0f-381536eaeb73,SNOMED-CT,160904001,Part-time employment (finding)
2019-07-08,2020-07-13,80fcbdbc-e907-9bd5-2644-ad9ef5d6545b,80fcbdbc-e907-9bd5-6b0f-381536eaeb73,SNOMED-CT,422650009,Social isolation (finding)
2019-07-08,2020-07-13,80fcbdbc-e907-9bd5-2644-ad9ef5d6545b,80fcbdbc-e907-9bd5-6b0f-381536eaeb73,SNOMED-CT,424393004,Reports of violence in the environment (finding)
2019-07-08,2019-07-22,80fcbdbc-e907-9bd5-2644-ad9ef5d6545b,80fcbdbc-e907-9bd5-6b0f-381536eaeb73,SNOMED-CT,66383009,Gingivitis (disorder)
2018-05-26,2018-05-26,35b353dd-402b-571a-d67a-af0a104d0854,35b353dd-402b-571a-393b-e3377632d933,SNOMED-CT,314529007,Medication review due (situation)
2018-05-26,2020-02-22,35b353dd-402b-571a-d67a-af0a104d0854,35b353dd-402b-571a-393b-e3377632d933,SNOMED-CT,160903007,Full-time employment (finding)
2018-06-02,2018-06-25,35b353dd-402b-571a-d67a-af0a104d0854,35b353dd-402b-571a-3588-4d78689526e6,SNOMED-CT,444814009,Viral sinusitis (disorder)
2018-06-09,2018-06-09,35b353dd-402b-571a-d67a-af0a104d0854,35b353dd-402b-571a-10a5-311a7a625dd0,SNOMED-CT,314529007,Medication review due (situation)
2018-06-09,2019-02-16,35b353dd-402b-571a-d67a-af0a104d0854,35b353dd-402b-571a-10a5-311a7a625dd0,SNOMED-CT,422650009,Social isolation (finding)
2018-06-09,2020-12-26,35b353dd-402b-571a-d67a-af0a104d0854,35b353dd-402b-571a-10a5-311a7a625dd0,SNOMED-CT,73595000,Stress (finding)
2018-06-09,2018-06-23,35b353dd-402b-571a-d67a-af0a104d0854,35b353dd-402b-571a-10a5-311a7a625dd0,SNOMED-CT,66383009,Gingivitis (disorder)
2020-07-13,2025-08-11,80fcbdbc-e907-9bd5-2644-ad9ef5d6545b,80fcbdbc-e907-9bd5-297e-c939bd3e4710,SNOMED-CT,160903007,Full-time employment (finding)
2021-01-13,2021-01-13,80fcbdbc-e907-9bd5-2644-ad9ef5d6545b,80fcbdbc-e907-9bd5-297e-c939bd3e4710,SNOMED-CT,840544004,Suspected disease caused by Severe acute respiratory coronavirus 2 (situation)
2021-01-13,2021-02-16,80fcbdbc-e907-9bd5-2644-ad9ef5d6545b,80fcbdbc-e907-9bd5-e1cd-472e55d70967,SNOMED-CT,386661006,Fever (finding)
2021-01-13,2021-02-16,80fcbdbc-e907-9bd5-2644-ad9ef5d6545b,80fcbdbc-e907-9bd5-e1cd-472e55d70967,SNOMED-CT,840539006,Disease caused by severe acute respiratory syndrome coronavirus 2 (disorder)
2019-02-16,2019-02-16,35b353dd-402b-571a-d67a-af0a104d0854,35b353dd-402b-571a-81ce-70d836dd2464,SNOMED-CT,314529007,Medication review due (situation)
2019-08-31,2019-09-02,35b353dd-402b-571a-d67a-af0a104d0854,35b353dd-402b-571a-81ce-70d836dd2464,SNOMED-CT,307426000,Acute infective cystitis (disorder)
2021-07-19,2021-07-19,80fcbdbc-e907-9bd5-2644-ad9ef5d6545b,80fcbdbc-e907-9bd5-716d-8efbb4649808,SNOMED-CT,314529007,Medication review due (situation)
2021-07-19,2022-07-25,80fcbdbc-e907-9bd5-2644-ad9ef5d6545b,80fcbdbc-e907-9bd5-716d-8efbb4649808,SNOMED-CT,73595000,Stress (finding)
2021-07-19,2023-07-31,80fcbdbc-e907-9bd5-2644-ad9ef5d6545b,80fcbdbc-e907-9bd5-716d-8efbb4649808,SNOMED-CT,706893006,Victim of intimate partner abuse (finding)
2021-07-19,2021-08-02,80fcbdbc-e907-9bd5-2644-ad9ef5d6545b,80fcbdbc-e907-9bd5-716d-8efbb4649808,SNOMED-CT,66383009,Gingivitis (disorder)
2021-08-22,2021-08-23,80fcbdbc-e907-9bd5-2644-ad9ef5d6545b,80fcbdbc-e907-9bd5-247b-836b646976a0,SNOMED-CT,307426000,Acute infective cystitis (disorder)
1962-03-18,,bff9d9d5-ee3d-d852-9c67-36d8361a4a4a,bff9d9d5-ee3d-d852-3294-b2a333e2bdbf,SNOMED-CT,160968000,Risk activity involvement (finding)
1963-03-24,,bff9d9d5-ee3d-d852-9c67-36d8361a4a4a,bff9d9d5-ee3d-d852-9402-5f2c846eefbe,SNOMED-CT,224299000,Received higher education (finding)
1985-02-03,,bff9d9d5-ee3d-d852-9c67-36d8361a4a4a,bff9d9d5-ee3d-d852-fa7d-d89a162dadeb,SNOMED-CT,162864005,Body mass index 30+ - obesity (finding)
1995-01-29,,bff9d9d5-ee3d-d852-9c67-36d8361a4a4a,bff9d9d5-ee3d-d852-6477-ad2ae8f1d045,SNOMED-CT,714628002,Prediabetes (finding)
1997-02-09,,bff9d9d5-ee3d-d852-9c67-36d8361a4a4a,bff9d9d5-ee3d-d852-e6d1-08e4b8db693a,SNOMED-CT,271737000,Anemia (disorder)
2013-05-12,,bff9d9d5-ee3d-d852-9c67-36d8361a4a4a,bff9d9d5-ee3d-d852-2046-9d8a76dd47b7,SNOMED-CT,706893006,Victim of intimate partner abuse (finding)
2015-05-24,2025-07-20,bff9d9d5-ee3d-d852-9c67-36d8361a4a4a,bff9d9d5-ee3d-d852-9e75-a62f2a326456,SNOMED-CT,73595000,Stress (finding)
2016-05-29,2017-06-04,bff9d9d5-ee3d-d852-9c67-36d8361a4a4a,bff9d9d5-ee3d-d852-81e2-ab0618a8c96e,SNOMED-CT,160904001,Part-time employment (finding)
2020-02-22,2020-02-22,35b353dd-402b-571a-d67a-af0a104d0854,35b353dd-402b-571a-2d67-bec407187c87,SNOMED-CT,314529007,Medication review due (situation)
2020-02-22,2020-12-26,35b353dd-402b-571a-d67a-af0a104d0854,35b353dd-402b-571a-2d67-bec407187c87,SNOMED-CT,160904001,Part-time employment (finding)
2016-11-07,2016-11-16,bff9d9d5-ee3d-d852-9c67-36d8361a4a4a,bff9d9d5-ee3d-d852-612a-bbff4989f399,SNOMED-CT,444814009,Viral sinusitis (disorder)
2022-07-25,2026-08-17,80fcbdbc-e907-9bd5-2644-ad9ef5d6545b,80fcbdbc-e907-9bd5-d7bc-e005a0237d6e,SNOMED-CT,314529007,Medication review due (situation)
2022-07-25,2022-08-08,80fcbdbc-e907-9bd5-2644-ad9ef5d6545b,80fcbdbc-e907-9bd5-d7bc-e005a0237d6e,SNOMED-CT,66383009,Gingivitis (disorder)
2017-06-04,2019-06-16,bff9d9d5-ee3d-d852-9c67-36d8361a4a4a,bff9d9d5-ee3d-d852-088a-be9fbf3025e6,SNOMED-CT,314529007,Medication review due (situation)
2017-06-04,2018-06-10,bff9d9d5-ee3d-d852-9c67-36d8361a4a4a,bff9d9d5-ee3d-d852-088a-be9fbf3025e6,SNOMED-CT,160903007,Full-time employment (finding)
2020-12-26,2020-12-26,35b353dd-402b-571a-d67a-af0a104d0854,35b353dd-402b-571a-2312-ebd3a961dd10,SNOMED-CT,314529007,Medication review due (situation)
2020-12-26,,35b353dd-402b-571a-d67a-af0a104d0854,35b353dd-402b-571a-2312-ebd3a961dd10,SNOMED-CT,431856006,Chronic kidney disease stage 2 (disorder)
2020-12-26,,35b353dd-402b-571a-d67a-af0a104d0854,35b353dd-402b-571a-2312-ebd3a961dd10,SNOMED-CT,90781000119102,Microalbuminuria due to type 2 diabetes mellitus (disorder)
2020-12-26,2022-03-05,35b353dd-402b-571a-d67a-af0a104d0854,35b353dd-402b-571a-2312-ebd3a961dd10,SNOMED-CT,741062008,Not in labor force (finding)
2020-12-26,2021-02-20,35b353dd-402b-571a-d67a-af0a104d0854,35b353dd-402b-571a-2312-ebd3a961dd10,SNOMED-CT,706893006,Victim of intimate partner abuse (finding)
2020-12-26,2021-01-09,35b353dd-402b-571a-d67a-af0a104d0854,35b353dd-402b-571a-2312-ebd3a961dd10,SNOMED-CT,66383009,Gingivitis (disorder)
2023-07-31,,80fcbdbc-e907-9bd5-2644-ad9ef5d6545b,80fcbdbc-e907-9bd5-b68f-7ffe79d48f29,SNOMED-CT,55822004,Hyperlipidemia (disorder)
2023-07-31,2024-08-05,80fcbdbc-e907-9bd5-2644-ad9ef5d6545b,80fcbdbc-e907-9bd5-b68f-7ffe79d48f29,SNOMED-CT,73595000,Stress (finding)
2021-02-20,2021-02-20,35b353dd-402b-571a-d67a-af0a104d0854,35b353dd-402b-571a-d49d-fc52f5c6fb64,SNOMED-CT,314529007,Medication review due (situation)
2021-02-24,2021-03-06,35b353dd-402b-571a-d67a-af0a104d0854,35b353dd-402b-571a-d49d-fc52f5c6fb64,SNOMED-CT,840544004,Suspected disease caused by Severe acute respiratory coronavirus 2 (situation)
2021-02-20,2021-03-13,35b353dd-402b-571a-d67a-af0a104d0854,35b353dd-402b-571a-d49d-fc52f5c6fb64,SNOMED-CT,66383009,Gingivitis (disorder)
2024-01-18,2024-01-18,80fcbdbc-e907-9bd5-2644-ad9ef5d6545b,80fcbdbc-e907-9bd5-6e23-f4b80a6ba6e6,SNOMED-CT,22298006,Myocardial infarction (disorder)
2024-01-18,,80fcbdbc-e907-9bd5-2644-ad9ef5d6545b,80fcbdbc-e907-9bd5-6e23-f4b80a6ba6e6,SNOMED-CT,401303003,Acute ST segment elevation myocardial infarction (disorder)
2021-02-27,2023-03-11,35b353dd-402b-571a-d67a-af0a104d0854,35b353dd-402b-571a-68fe-db0671b9a4f8,SNOMED-CT,314529007,Medication review due (situation)
2021-03-06,2021-04-07,35b353dd-402b-571a-d67a-af0a104d0854,35b353dd-402b-571a-1a2c-c2fb32658224,SNOMED-CT,25064002,Headache (finding)
2021-03-06,2021-04-07,35b353dd-402b-571a-d67a-af0a104d0854,35b353dd-402b-571a-1a2c-c2fb32658224,SNOMED-CT,267102003,Sore throat (finding)
2021-03-06,2021-04-07,35b353dd-402b-571a-d67a-af0a104d0854,35b353dd-402b-571a-1a2c-c2fb32658224,SNOMED-CT,267036007,Dyspnea (finding)
2021-03-06,2021-04-07,35b353dd-402b-571a-d67a-af0a104d0854,35b353dd-402b-571a-1a2c-c2fb32658224,SNOMED-CT,56018004,Wheezing (finding)
2021-03-06,2021-04-07,35b353dd-402b-571a-d67a-af0a104d0854,35b353dd-402b-571a-1a2c-c2fb32658224,SNOMED-CT,386661006,Fever (finding)
2021-03-06,2021-04-07,35b353dd-402b-571a-d67a-af0a104d0854,35b353dd-402b-571a-1a2c-c2fb32658224,SNOMED-CT,840539006,Disease caused by severe acute respiratory syndrome coronavirus 2 (disorder)
2021-08-15,2021-09-01,35b353dd-402b-571a-d67a-af0a104d0854,35b353dd-402b-571a-09c3-0aa2fca0b58c,SNOMED-CT,312608009,Laceration - injury (disorder)
2021-08-15,2021-09-01,35b353dd-402b-571a-d67a-af0a104d0854,35b353dd-402b-571a-09c3-0aa2fca0b58c,SNOMED-CT,370247008,Facial laceration (disorder)
2018-05-29,2018-06-22,bff9d9d5-ee3d-d852-9c67-36d8361a4a4a,bff9d9d5-ee3d-d852-ded9-76fb2f183bdd,SNOMED-CT,312608009,Laceration - injury (disorder)
2018-05-29,2018-06-22,bff9d9d5-ee3d-d852-9c67-36d8361a4a4a,bff9d9d5-ee3d-d852-ded9-76fb2f183bdd,SNOMED-CT,284551006,Laceration of foot (disorder)
2018-06-10,,bff9d9d5-ee3d-d852-9c67-36d8361a4a4a,bff9d9d5-ee3d-d852-69b8-f42ca6f76d64,SNOMED-CT,55822004,Hyperlipidemia (disorder)
2022-03-05,2024-03-16,35b353dd-402b-571a-d67a-af0a104d0854,35b353dd-402b-571a-af1d-62772eb19026,SNOMED-CT,160904001,Part-time employment (finding)
2018-06-10,2019-06-16,bff9d9d5-ee3d-d852-9c67-36d8361a4a4a,bff9d9d5-ee3d-d852-69b8-f42ca6f76d64,SNOMED-CT,73438004,Unemployed (finding)
2024-01-18,,80fcbdbc-e907-9bd5-2644-ad9ef5d6545b,80fcbdbc-e907-9bd5-5d26-d887291beb4e,SNOMED-CT,399211009,History of myocardial infarction (situation)
2023-03-11,2023-05-13,35b353dd-402b-571a-d67a-af0a104d0854,35b353dd-402b-571a-fd15-f312fd619439,SNOMED-CT,73595000,Stress (finding)
2019-06-16,2023-07-09,bff9d9d5-ee3d-d852-9c67-36d8361a4a4a,bff9d9d5-ee3d-d852-1b1d-e6ea087d934a,SNOMED-CT,160903007,Full-time employment (finding)
2019-06-16,,bff9d9d5-ee3d-d852-9c67-36d8361a4a4a,bff9d9d5-ee3d-d852-1b1d-e6ea087d934a,SNOMED-CT,423315002,Limited social contact (finding)
2020-06-21,2021-06-27,bff9d9d5-ee3d-d852-9c67-36d8361a4a4a,bff9d9d5-ee3d-d852-4a72-0524c2d99c02,SNOMED-CT,314529007,Medication review due (situation)
2020-06-21,2026-07-26,bff9d9d5-ee3d-d852-9c67-36d8361a4a4a,bff9d9d5-ee3d-d852-4a72-0524c2d99c02,SNOMED-CT,422650009,Social isolation (finding)
2020-12-08,2020-12-19,bff9d9d5-ee3d-d852-9c67-36d8361a4a4a,bff9d9d5-ee3d-d852-5d30-19b83713c87c,SNOMED-CT,195662009,Acute viral pharyngitis (disorder)
2025-08-11,2026-08-17,80fcbdbc-e907-9bd5-2644-ad9ef5d6545b,80fcbdbc-e907-9bd5-79d9-c8af2f0a8b55,SNOMED-CT,73438004,Unemployed (finding)
2025-08-11,,80fcbdbc-e907-9bd5-2644-ad9ef5d6545b,80fcbdbc-e907-9bd5-79d9-c8af2f0a8b55,SNOMED-CT,73595000,Stress (finding)
2023-05-13,2023-05-13,35b353dd-402b-571a-d67a-af0a104d0854,35b353dd-402b-571a-8e8d-7008b7ce9bb7,SNOMED-CT,314529007,Medication review due (situation)
2023-05-13,2024-03-16,35b353dd-402b-571a-d67a-af0a104d0854,35b353dd-402b-571a-8e8d-7008b7ce9bb7,SNOMED-CT,423315002,Limited social contact (finding)
2024-03-16,2024-03-16,35b353dd-402b-571a-d67a-af0a104d0854,35b353dd-402b-571a-ee7e-8105356795d5,SNOMED-CT,314529007,Medication review due (situation)
2024-03-16,2024-07-06,35b353dd-402b-571a-d67a-af0a104d0854,35b353dd-402b-571a-ee7e-8105356795d5,SNOMED-CT,160903007,Full-time employment (finding)
2026-08-17,,80fcbdbc-e907-9bd5-2644-ad9ef5d6545b,80fcbdbc-e907-9bd5-18a8-03bb3c1b12b0,SNOMED-CT,160903007,Full-time employment (finding)
2024-04-06,2024-04-06,35b353dd-402b-571a-d67a-af0a104d0854,35b353dd-402b-571a-5022-380de270e581,SNOMED-CT,314529007,Medication review due (situation)
2024-04-06,2024-07-06,35b353dd-402b-571a-d67a-af0a104d0854,35b353dd-402b-571a-5022-380de270e581,SNOMED-CT,73595000,Stress (finding)
2024-04-06,2024-04-20,35b353dd-402b-571a-d67a-af0a104d0854,35b353dd-402b-571a-5022-380de270e581,SNOMED-CT,66383009,Gingivitis (disorder)
2022-07-03,2022-07-03,bff9d9d5-ee3d-d852-9c67-36d8361a4a4a,bff9d9d5-ee3d-d852-bf77-5751e595f2bd,SNOMED-CT,314529007,Medication review due (situation)
2022-07-03,2022-07-17,bff9d9d5-ee3d-d852-9c67-36d8361a4a4a,bff9d9d5-ee3d-d852-bf77-5751e595f2bd,SNOMED-CT,66383009,Gingivitis (disorder)
2024-07-06,2024-07-06,35b353dd-402b-571a-d67a-af0a104d0854,35b353dd-402b-571a-8488-e8bb04157d0f,SNOMED-CT,314529007,Medication review due (situation)
2024-07-06,,35b353dd-402b-571a-d67a-af0a104d0854,35b353dd-402b-571a-8488-e8bb04157d0f,SNOMED-CT,433144002,Chronic kidney disease stage 3 (disorder)
2024-07-06,,35b353dd-402b-571a-d67a-af0a104d0854,35b353dd-402b-571a-8488-e8bb04157d0f,SNOMED-CT,157141000119108,Proteinuria due to type 2 diabetes mellitus (disorder)
2024-07-06,2024-08-03,35b353dd-402b-571a-d67a-af0a104d0854,35b353dd-402b-571a-8488-e8bb04157d0f,SNOMED-CT,741062008,Not in labor force (finding)
2024-08-03,2024-08-03,35b353dd-402b-571a-d67a-af0a104d0854,35b353dd-402b-571a-cb6f-7ba98616d6ac,SNOMED-CT,314529007,Medication review due (situation)
2024-08-03,2025-05-03,35b353dd-402b-571a-d67a-af0a104d0854,35b353dd-402b-571a-cb6f-7ba98616d6ac,SNOMED-CT,160903007,Full-time employment (finding)
2024-08-03,2024-08-17,35b353dd-402b-571a-d67a-af0a104d0854,35b353dd-402b-571a-cb6f-7ba98616d6ac,SNOMED-CT,66383009,Gingivitis (disorder)
2022-07-17,2022-07-17,bff9d9d5-ee3d-d852-9c67-36d8361a4a4a,bff9d9d5-ee3d-d852-491b-b5e4864426c2,SNOMED-CT,18718003,Gingival disease (disorder)
2022-07-17,2022-07-17,bff9d9d5-ee3d-d852-9c67-36d8361a4a4a,bff9d9d5-ee3d-d852-491b-b5e4864426c2,SNOMED-CT,278598003,Leaking dental filling (finding)
2023-07-09,2024-07-14,bff9d9d5-ee3d-d852-9c67-36d8361a4a4a,bff9d9d5-ee3d-d852-a522-55178479bbb7,SNOMED-CT,314529007,Medication review due (situation)
2023-07-09,2024-07-14,bff9d9d5-ee3d-d852-9c67-36d8361a4a4a,bff9d9d5-ee3d-d852-a522-55178479bbb7,SNOMED-CT,160904001,Part-time employment (finding)
2023-07-09,2023-07-23,bff9d9d5-ee3d-d852-9c67-36d8361a4a4a,bff9d9d5-ee3d-d852-a522-55178479bbb7,SNOMED-CT,66383009,Gingivitis (disorder)
2024-09-07,2024-09-07,35b353dd-402b-571a-d67a-af0a104d0854,35b353dd-402b-571a-5b22-c15816b3a3d8,SNOMED-CT,314529007,Medication review due (situation)
2024-09-07,2024-11-02,35b353dd-402b-571a-d67a-af0a104d0854,35b353dd-402b-571a-5b22-c15816b3a3d8,SNOMED-CT,422650009,Social isolation (finding)
2024-09-07,2024-09-21,35b353dd-402b-571a-d67a-af0a104d0854,35b353dd-402b-571a-5b22-c15816b3a3d8,SNOMED-CT,66383009,Gingivitis (disorder)
2024-11-02,2025-03-29,35b353dd-402b-571a-d67a-af0a104d0854,35b353dd-402b-571a-2f70-f4f4cc7dd7db,SNOMED-CT,314529007,Medication review due (situation)
2024-11-02,2025-01-04,35b353dd-402b-571a-d67a-af0a104d0854,35b353dd-402b-571a-2f70-f4f4cc7dd7db,SNOMED-CT,706893006,Victim of intimate partner abuse (finding)
2024-11-02,2024-11-16,35b353dd-402b-571a-d67a-af0a104d0854,35b353dd-402b-571a-2f70-f4f4cc7dd7db,SNOMED-CT,66383009,Gingivitis (disorder)
2025-01-04,2025-05-03,35b353dd-402b-571a-d67a-af0a104d0854,35b353dd-402b-571a-a5ed-fca5fb939aa1,SNOMED-CT,73595000,Stress (finding)
2025-03-01,2025-03-29,35b353dd-402b-571a-d67a-af0a104d0854,35b353dd-402b-571a-fc88-5acb7d0da393,SNOMED-CT,424393004,Reports of violence in the environment (finding)
2025-03-01,2025-03-15,35b353dd-402b-571a-d67a-af0a104d0854,35b353dd-402b-571a-fc88-5acb7d0da393,SNOMED-CT,66383009,Gingivitis (disorder)
2025-03-15,2025-03-15,35b353dd-402b-571a-d67a-af0a104d0854,35b353dd-402b-571a-ab02-9990d7d3e955,SNOMED-CT,109570002,Primary dental caries (disorder)
2025-05-03,2025-05-03,35b353dd-402b-571a-d67a-af0a104d0854,35b353dd-402b-571a-5cd2-d7004e5b37e3,SNOMED-CT,314529007,Medication review due (situation)
2025-05-03,2025-08-30,35b353dd-402b-571a-d67a-af0a104d0854,35b353dd-402b-571a-5cd2-d7004e5b37e3,SNOMED-CT,160904001,Part-time employment (finding)
2025-08-22,2025-08-31,35b353dd-402b-571a-d67a-af0a104d0854,35b353dd-402b-571a-6a9e-a76510dd5f79,SNOMED-CT,444814009,Viral sinusitis (disorder)
2025-08-30,2025-09-27,35b353dd-402b-571a-d67a-af0a104d0854,35b353dd-402b-571a-4262-5d888363f2b2,SNOMED-CT,314529007,Medication review due (situation)
2025-08-30,2026-05-30,35b353dd-402b-571a-d67a-af0a104d0854,35b353dd-402b-571a-4262-5d888363f2b2,SNOMED-CT,160903007,Full-time employment (finding)
2025-08-30,2025-09-27,35b353dd-402b-571a-d67a-af0a104d0854,35b353dd-402b-571a-4262-5d888363f2b2,SNOMED-CT,422650009,Social isolation (finding)
2025-08-30,2025-09-27,35b353dd-402b-571a-d67a-af0a104d0854,35b353dd-402b-571a-4262-5d888363f2b2,SNOMED-CT,73595000,Stress (finding)
2026-02-28,,35b353dd-402b-571a-d67a-af0a104d0854,35b353dd-402b-571a-d059-62bdf7124519,SNOMED-CT,314529007,Medication review due (situation)
2026-02-28,2026-03-28,35b353dd-402b-571a-d67a-af0a104d0854,35b353dd-402b-571a-d059-62bdf7124519,SNOMED-CT,73595000,Stress (finding)
2026-02-28,2026-03-28,35b353dd-402b-571a-d67a-af0a104d0854,35b353dd-402b-571a-d059-62bdf7124519,SNOMED-CT,424393004,Reports of violence in the environment (finding)
2024-01-09,,bff9d9d5-ee3d-d852-9c67-36d8361a4a4a,bff9d9d5-ee3d-d852-b610-45d8370c9f65,SNOMED-CT,79619009,Mitral valve stenosis (disorder)
2024-07-14,,bff9d9d5-ee3d-d852-9c67-36d8361a4a4a,bff9d9d5-ee3d-d852-85b5-df3cc576ed3b,SNOMED-CT,160903007,Full-time employment (finding)
2024-07-14,2024-07-28,bff9d9d5-ee3d-d852-9c67-36d8361a4a4a,bff9d9d5-ee3d-d852-85b5-df3cc576ed3b,SNOMED-CT,66383009,Gingivitis (disorder)
2026-05-30,,35b353dd-402b-571a-d67a-af0a104d0854,35b353dd-402b-571a-bbf4-7585555e13e3,SNOMED-CT,741062008,Not in labor force (finding)
2025-07-20,2025-07-20,bff9d9d5-ee3d-d852-9c67-36d8361a4a4a,bff9d9d5-ee3d-d852-52e8-1f403c343b5c,SNOMED-CT,314529007,Medication review due (situation)
2025-07-20,2025-08-03,bff9d9d5-ee3d-d852-9c67-36d8361a4a4a,bff9d9d5-ee3d-d852-52e8-1f403c343b5c,SNOMED-CT,66383009,Gingivitis (disorder)
2026-07-26,2026-07-26,bff9d9d5-ee3d-d852-9c67-36d8361a4a4a,bff9d9d5-ee3d-d852-1164-3aad8fc231c8,SNOMED-CT,314529007,Medication review due (situation)
2016-08-23,2016-10-25,947c82ee-1735-c9ed-8210-38cb93d8070c,947c82ee-1735-c9ed-1eba-34cdb3a90bc5,SNOMED-CT,314529007,Medication review due (situation)
2017-01-24,2017-04-25,947c82ee-1735-c9ed-8210-38cb93d8070c,947c82ee-1735-c9ed-ba51-2284d941909a,SNOMED-CT,314529007,Medication review due (situation)
2017-07-25,2017-10-24,947c82ee-1735-c9ed-8210-38cb93d8070c,947c82ee-1735-c9ed-da8e-4ba869c07291,SNOMED-CT,314529007,Medication review due (situation)
2018-04-24,2018-04-24,947c82ee-1735-c9ed-8210-38cb93d8070c,947c82ee-1735-c9ed-69a7-9d62ac5d6232,SNOMED-CT,314529007,Medication review due (situation)
2018-10-23,2020-04-21,947c82ee-1735-c9ed-8210-38cb93d8070c,947c82ee-1735-c9ed-a074-4229c847a0a3,SNOMED-CT,314529007,Medication review due (situation)
2018-10-30,2018-10-30,947c82ee-1735-c9ed-8210-38cb93d8070c,947c82ee-1735-c9ed-a221-f39fc70eff67,SNOMED-CT,109570002,Primary dental caries (disorder)
2019-02-01,2019-04-23,947c82ee-1735-c9ed-8210-38cb93d8070c,947c82ee-1735-c9ed-8669-700482e90899,SNOMED-CT,65363002,Otitis media (disorder)
2020-07-30,2020-08-06,947c82ee-1735-c9ed-8210-38cb93d8070c,947c82ee-1735-c9ed-6eb4-a576dae5f84f,SNOMED-CT,195662009,Acute viral pharyngitis (disorder)
2021-04-27,2022-05-03,947c82ee-1735-c9ed-8210-38cb93d8070c,947c82ee-1735-c9ed-f1e0-0759369f2e60,SNOMED-CT,314529007,Medication review due (situation)
2021-05-04,2021-05-04,947c82ee-1735-c9ed-8210-38cb93d8070c,947c82ee-1735-c9ed-650c-e34b188d1ebb,SNOMED-CT,109570002,Primary dental caries (disorder)
1990-02-24,,2c167999-289d-95fa-5c27-7d8b8d35348c,2c167999-289d-95fa-db40-bd33eacffdf6,SNOMED-CT,160968000,Risk activity involvement (finding)
1992-03-07,,2c167999-289d-95fa-5c27-7d8b8d35348c,2c167999-289d-95fa-bdf3-c9ef2b6cb6e2,SNOMED-CT,473461003,Educated to high school level (finding)
1992-03-07,,2c167999-289d-95fa-5c27-7d8b8d35348c,2c167999-289d-95fa-bdf3-c9ef2b6cb6e2,SNOMED-CT,266934004,Transport problem (finding)
2023-05-09,2024-05-14,947c82ee-1735-c9ed-8210-38cb93d8070c,947c82ee-1735-c9ed-797a-f61b93809a67,SNOMED-CT,314529007,Medication review due (situation)
1993-03-13,,2c167999-289d-95fa-5c27-7d8b8d35348c,2c167999-289d-95fa-faec-1a57f1e82825,SNOMED-CT,713458007,Lack of access to transportation (finding)
2002-12-20,,2c167999-289d-95fa-5c27-7d8b8d35348c,2c167999-289d-95fa-2563-20c329e6cef4,SNOMED-CT,91302008,Sepsis (disorder)
2011-04-02,,2c167999-289d-95fa-5c27-7d8b8d35348c,2c167999-289d-95fa-8358-a378e48f99da,SNOMED-CT,59621000,Essential hypertension (disorder)
2011-04-02,,2c167999-289d-95fa-5c27-7d8b8d35348c,2c167999-289d-95fa-8358-a378e48f99da,SNOMED-CT,44054006,Diabetes mellitus type 2 (disorder)
2012-04-07,,2c167999-289d-95fa-5c27-7d8b8d35348c,2c167999-289d-95fa-fb6d-527767d92622,SNOMED-CT,302870006,Hypertriglyceridemia (disorder)
2012-04-07,,2c167999-289d-95fa-5c27-7d8b8d35348c,2c167999-289d-95fa-fb6d-527767d92622,SNOMED-CT,271737000,Anemia (disorder)
2013-04-13,,2c167999-289d-95fa-5c27-7d8b8d35348c,2c167999-289d-95fa-3059-8ff73e38c9ba,SNOMED-CT,237602007,Metabolic syndrome X (disorder)
2016-04-30,2017-05-06,2c167999-289d-95fa-5c27-7d8b8d35348c,2c167999-289d-95fa-668e-8757e5daf6ef,SNOMED-CT,160904001,Part-time employment (finding)
2016-04-30,2017-05-06,2c167999-289d-95fa-5c27-7d8b8d35348c,2c167999-289d-95fa-668e-8757e5daf6ef,SNOMED-CT,73595000,Stress (finding)
2016-06-11,2017-05-06,2c167999-289d-95fa-5c27-7d8b8d35348c,2c167999-289d-95fa-b594-4075dbaf4b75,SNOMED-CT,314529007,Medication review due (situation)
2016-06-11,2017-05-06,2c167999-289d-95fa-5c27-7d8b8d35348c,2c167999-289d-95fa-b594-4075dbaf4b75,SNOMED-CT,424393004,Reports of violence in the environment (finding)
2017-05-06,2018-05-12,2c167999-289d-95fa-5c27-7d8b8d35348c,2c167999-289d-95fa-b19c-f0475ebb7001,SNOMED-CT,73438004,Unemployed (finding)
2017-05-06,2018-05-12,2c167999-289d-95fa-5c27-7d8b8d35348c,2c167999-289d-95fa-b19c-f0475ebb7001,SNOMED-CT,423315002,Limited social contact (finding)
2018-05-12,2018-05-12,2c167999-289d-95fa-5c27-7d8b8d35348c,2c167999-289d-95fa-019c-f9724d05ce59,SNOMED-CT,314529007,Medication review due (situation)
2018-05-12,2020-05-23,2c167999-289d-95fa-5c27-7d8b8d35348c,2c167999-289d-95fa-019c-f9724d05ce59,SNOMED-CT,160903007,Full-time employment (finding)
2024-05-21,2024-05-21,947c82ee-1735-c9ed-8210-38cb93d8070c,947c82ee-1735-c9ed-2566-6663426398bd,SNOMED-CT,109570002,Primary dental caries (disorder)
2018-05-17,2018-05-30,2c167999-289d-95fa-5c27-7d8b8d35348c,2c167999-289d-95fa-3066-3b7b2c0934c7,SNOMED-CT,195662009,Acute viral pharyngitis (disorder)
2019-05-18,2022-06-04,2c167999-289d-95fa-5c27-7d8b8d35348c,2c167999-289d-95fa-81b8-75b395eb6846,SNOMED-CT,314529007,Medication review due (situation)
2019-05-19,2019-05-30,2c167999-289d-95fa-5c27-7d8b8d35348c,2c167999-289d-95fa-0f78-aca1d9a6f849,SNOMED-CT,444814009,Viral sinusitis (disorder)
2020-05-23,2021-05-29,2c167999-289d-95fa-5c27-7d8b8d35348c,2c167999-289d-95fa-31a6-87017717981c,SNOMED-CT,160904001,Part-time employment (finding)
2020-05-23,2020-06-06,2c167999-289d-95fa-5c27-7d8b8d35348c,2c167999-289d-95fa-31a6-87017717981c,SNOMED-CT,66383009,Gingivitis (disorder)
2020-06-06,2020-06-06,2c167999-289d-95fa-5c27-7d8b8d35348c,2c167999-289d-95fa-5e3d-85e6d9b61230,SNOMED-CT,278598003,Leaking dental filling (finding)
2021-04-28,2021-05-14,2c167999-289d-95fa-5c27-7d8b8d35348c,2c167999-289d-95fa-d9f4-c9f846c18345,SNOMED-CT,444814009,Viral sinusitis (disorder)
2021-05-29,2022-06-04,2c167999-289d-95fa-5c27-7d8b8d35348c,2c167999-289d-95fa-e12a-9f85d4183074,SNOMED-CT,160903007,Full-time employment (finding)
2021-05-29,2026-06-27,2c167999-289d-95fa-5c27-7d8b8d35348c,2c167999-289d-95fa-e12a-9f85d4183074,SNOMED-CT,10939881000119105,Unhealthy alcohol drinking behavior (finding)
2021-05-29,2021-06-12,2c167999-289d-95fa-5c27-7d8b8d35348c,2c167999-289d-95fa-e12a-9f85d4183074,SNOMED-CT,66383009,Gingivitis (disorder)
2025-05-20,2025-05-20,947c82ee-1735-c9ed-8210-38cb93d8070c,947c82ee-1735-c9ed-ede7-535be8d91097,SNOMED-CT,314529007,Medication review due (situation)
2025-05-20,2025-05-27,947c82ee-1735-c9ed-8210-38cb93d8070c,947c82ee-1735-c9ed-ede7-535be8d91097,SNOMED-CT,66383009,Gingivitis (disorder)
2021-06-12,2021-06-12,2c167999-289d-95fa-5c27-7d8b8d35348c,2c167999-289d-95fa-8432-6747d00687c9,SNOMED-CT,278602001,Loose dental filling (finding)
2022-06-04,2023-06-10,2c167999-289d-95fa-5c27-7d8b8d35348c,2c167999-289d-95fa-17fa-2d913a361b0c,SNOMED-CT,73438004,Unemployed (finding)
2022-06-04,2023-06-10,2c167999-289d-95fa-5c27-7d8b8d35348c,2c167999-289d-95fa-17fa-2d913a361b0c,SNOMED-CT,422650009,Social isolation (finding)
2026-05-26,2026-05-26,947c82ee-1735-c9ed-8210-38cb93d8070c,947c82ee-1735-c9ed-3548-a74bb4e22ea1,SNOMED-CT,314529007,Medication review due (situation)
2026-05-26,2026-06-02,947c82ee-1735-c9ed-8210-38cb93d8070c,947c82ee-1735-c9ed-3548-a74bb4e22ea1,SNOMED-CT,66383009,Gingivitis (disorder)
2023-06-10,2023-06-10,2c167999-289d-95fa-5c27-7d8b8d35348c,2c167999-289d-95fa-376f-07c4f3d9304d,SNOMED-CT,314529007,Medication review due (situation)
2023-06-10,,2c167999-289d-95fa-5c27-7d8b8d35348c,2c167999-289d-95fa-376f-07c4f3d9304d,SNOMED-CT,160903007,Full-time employment (finding)
2023-06-10,,2c167999-289d-95fa-5c27-7d8b8d35348c,2c167999-289d-95fa-376f-07c4f3d9304d,SNOMED-CT,73595000,Stress (finding)
2026-09-05,2026-09-15,947c82ee-1735-c9ed-8210-38cb93d8070c,947c82ee-1735-c9ed-eaae-1607b733c6d9,SNOMED-CT,195662009,Acute viral pharyngitis (disorder)
2024-06-15,2024-06-15,2c167999-289d-95fa-5c27-7d8b8d35348c,2c167999-289d-95fa-5462-796b75ac0a66,SNOMED-CT,314529007,Medication review due (situation)
2024-06-15,2024-06-29,2c167999-289d-95fa-5c27-7d8b8d35348c,2c167999-289d-95fa-5462-796b75ac0a66,SNOMED-CT,66383009,Gingivitis (disorder)
2025-06-21,,2c167999-289d-95fa-5c27-7d8b8d35348c,2c167999-289d-95fa-1427-45fb46cb5b4a,SNOMED-CT,314529007,Medication review due (situation)
2025-06-21,2025-07-05,2c167999-289d-95fa-5c27-7d8b8d35348c,2c167999-289d-95fa-1427-45fb46cb5b4a,SNOMED-CT,66383009,Gingivitis (disorder)
2026-06-27,,2c167999-289d-95fa-5c27-7d8b8d35348c,2c167999-289d-95fa-5056-bd6b381dbbcc,SNOMED-CT,423315002,Limited social contact (finding)
2026-05-13,2026-08-19,d15b23ed-02d5-3e28-efbd-2604425317c5,d15b23ed-02d5-3e28-2117-053e9f36e7c6,SNOMED-CT,314529007,Medication review due (situation)
2005-04-18,,c0a47dee-cc72-29ce-df5a-ea6d306c36a4,c0a47dee-cc72-29ce-97e0-4f8a6686a2a3,SNOMED-CT,224295006,Only received primary school education (finding)
2005-04-18,2018-05-07,c0a47dee-cc72-29ce-df5a-ea6d306c36a4,c0a47dee-cc72-29ce-97e0-4f8a6686a2a3,SNOMED-CT,73595000,Stress (finding)
2012-04-30,2017-04-24,c0a47dee-cc72-29ce-df5a-ea6d306c36a4,c0a47dee-cc72-29ce-934c-5a0db363cb0d,SNOMED-CT,314529007,Medication review due (situation)
2015-05-04,2017-04-24,c0a47dee-cc72-29ce-df5a-ea6d306c36a4,c0a47dee-cc72-29ce-0172-318388895a4d,SNOMED-CT,160904001,Part-time employment (finding)
2017-04-24,2018-05-07,c0a47dee-cc72-29ce-df5a-ea6d306c36a4,c0a47dee-cc72-29ce-a8b6-f32f3cc1754f,SNOMED-CT,160903007,Full-time employment (finding)
2017-05-01,2017-05-08,c0a47dee-cc72-29ce-df5a-ea6d306c36a4,c0a47dee-cc72-29ce-ba0a-1c9831c7d13e,SNOMED-CT,10509002,Acute bronchitis (disorder)
2018-05-07,2018-05-07,c0a47dee-cc72-29ce-df5a-ea6d306c36a4,c0a47dee-cc72-29ce-eee1-a7f77c053de4,SNOMED-CT,314529007,Medication review due (situation)
2018-05-07,2021-05-10,c0a47dee-cc72-29ce-df5a-ea6d306c36a4,c0a47dee-cc72-29ce-eee1-a7f77c053de4,SNOMED-CT,741062008,Not in labor force (finding)
2018-05-07,2018-05-21,c0a47dee-cc72-29ce-df5a-ea6d306c36a4,c0a47dee-cc72-29ce-eee1-a7f77c053de4,SNOMED-CT,66383009,Gingivitis (disorder)
2018-05-21,2018-05-21,c0a47dee-cc72-29ce-df5a-ea6d306c36a4,c0a47dee-cc72-29ce-4ae8-e3d1eca273f2,SNOMED-CT,18718003,Gingival disease (disorder)
2021-02-28,2021-02-28,c0a47dee-cc72-29ce-df5a-ea6d306c36a4,c0a47dee-cc72-29ce-4ae8-e3d1eca273f2,SNOMED-CT,840544004,Suspected disease caused by Severe acute respiratory coronavirus 2 (situation)
2021-02-28,2021-04-03,c0a47dee-cc72-29ce-df5a-ea6d306c36a4,c0a47dee-cc72-29ce-be28-333721ac1d80,SNOMED-CT,49727002,Cough (finding)
2021-02-28,2021-04-03,c0a47dee-cc72-29ce-df5a-ea6d306c36a4,c0a47dee-cc72-29ce-be28-333721ac1d80,SNOMED-CT,248595008,Sputum finding (finding)
2021-02-28,2021-04-03,c0a47dee-cc72-29ce-df5a-ea6d306c36a4,c0a47dee-cc72-29ce-be28-333721ac1d80,SNOMED-CT,84229001,Fatigue (finding)
2021-02-28,2021-04-03,c0a47dee-cc72-29ce-df5a-ea6d306c36a4,c0a47dee-cc72-29ce-be28-333721ac1d80,SNOMED-CT,386661006,Fever (finding)
2021-02-28,2021-04-03,c0a47dee-cc72-29ce-df5a-ea6d306c36a4,c0a47dee-cc72-29ce-be28-333721ac1d80,SNOMED-CT,36955009,Loss of taste (finding)
2021-02-28,2021-04-03,c0a47dee-cc72-29ce-df5a-ea6d306c36a4,c0a47dee-cc72-29ce-be28-333721ac1d80,SNOMED-CT,840539006,Disease caused by severe acute respiratory syndrome coronavirus 2 (disorder)
2021-05-10,2021-05-10,c0a47dee-cc72-29ce-df5a-ea6d306c36a4,c0a47dee-cc72-29ce-dc50-0865ca286def,SNOMED-CT,314529007,Medication review due (situation)
2021-05-10,2024-05-13,c0a47dee-cc72-29ce-df5a-ea6d306c36a4,c0a47dee-cc72-29ce-dc50-0865ca286def,SNOMED-CT,73438004,Unemployed (finding)
2021-05-10,2024-05-13,c0a47dee-cc72-29ce-df5a-ea6d306c36a4,c0a47dee-cc72-29ce-dc50-0865ca286def,SNOMED-CT,424393004,Reports of violence in the environment (finding)
2024-05-13,2024-05-13,c0a47dee-cc72-29ce-df5a-ea6d306c36a4,c0a47dee-cc72-29ce-8dc7-e554cfdfc5af,SNOMED-CT,314529007,Medication review due (situation)
2024-05-13,,c0a47dee-cc72-29ce-df5a-ea6d306c36a4,c0a47dee-cc72-29ce-8dc7-e554cfdfc5af,SNOMED-CT,162864005,Body mass index 30+ - obesity (finding)
2024-05-13,,c0a47dee-cc72-29ce-df5a-ea6d306c36a4,c0a47dee-cc72-29ce-8dc7-e554cfdfc5af,SNOMED-CT,160903007,Full-time employment (finding)
2025-01-21,2025-02-27,c0a47dee-cc72-29ce-df5a-ea6d306c36a4,c0a47dee-cc72-29ce-d54b-9a3276136d0b,SNOMED-CT,110030002,Concussion injury of brain (disorder)
2025-01-21,2025-02-27,c0a47dee-cc72-29ce-df5a-ea6d306c36a4,c0a47dee-cc72-29ce-d54b-9a3276136d0b,SNOMED-CT,62106007,Concussion with no loss of consciousness (disorder)
2025-09-22,2025-09-30,c0a47dee-cc72-29ce-df5a-ea6d306c36a4,c0a47dee-cc72-29ce-3094-770a06144805,SNOMED-CT,444814009,Viral sinusitis (disorder)
2001-01-08,,5ba0a3f3-32f7-02b1-ec6a-8f568923954c,5ba0a3f3-32f7-02b1-c3cd-af282b7cdb20,SNOMED-CT,40055000,Chronic sinusitis (disorder)
2001-07-25,2017-06-21,5ba0a3f3-32f7-02b1-ec6a-8f568923954c,5ba0a3f3-32f7-02b1-ad24-7a55518105a7,SNOMED-CT,367498001,Seasonal allergic rhinitis (disorder)
2012-09-18,,5ba0a3f3-32f7-02b1-ec6a-8f568923954c,5ba0a3f3-32f7-02b1-b4bb-e0302ce98aac,SNOMED-CT,82423001,Chronic pain (finding)
2013-03-04,,5ba0a3f3-32f7-02b1-ec6a-8f568923954c,5ba0a3f3-32f7-02b1-ac82-c3178b927e4d,SNOMED-CT,196416002,Impacted molars (disorder)
2013-10-01,,5ba0a3f3-32f7-02b1-ec6a-8f568923954c,5ba0a3f3-32f7-02b1-9547-23ab6669cd9f,SNOMED-CT,124171000119105,Chronic intractable migraine without aura (disorder)
2013-10-23,,5ba0a3f3-32f7-02b1-ec6a-8f568923954c,5ba0a3f3-32f7-02b1-21ed-72aac4d523c6,SNOMED-CT,160968000,Risk activity involvement (finding)
2016-08-10,2017-08-16,5ba0a3f3-32f7-02b1-ec6a-8f568923954c,5ba0a3f3-32f7-02b1-89e9-16ed1b161b8f,SNOMED-CT,314529007,Medication review due (situation)
2016-08-10,,5ba0a3f3-32f7-02b1-ec6a-8f568923954c,5ba0a3f3-32f7-02b1-89e9-16ed1b161b8f,SNOMED-CT,224299000,Received higher education (finding)
2016-08-10,2020-08-19,5ba0a3f3-32f7-02b1-ec6a-8f568923954c,5ba0a3f3-32f7-02b1-89e9-16ed1b161b8f,SNOMED-CT,160903007,Full-time employment (finding)
2016-08-10,2020-08-19,5ba0a3f3-32f7-02b1-ec6a-8f568923954c,5ba0a3f3-32f7-02b1-89e9-16ed1b161b8f,SNOMED-CT,73595000,Stress (finding)
2017-08-16,2020-12-02,5ba0a3f3-32f7-02b1-ec6a-8f568923954c,5ba0a3f3-32f7-02b1-7009-7262a79bd761,SNOMED-CT,422650009,Social isolation (finding)
2017-08-16,2017-08-30,5ba0a3f3-32f7-02b1-ec6a-8f568923954c,5ba0a3f3-32f7-02b1-7009-7262a79bd761,SNOMED-CT,66383009,Gingivitis (disorder)
2017-08-30,2017-08-30,5ba0a3f3-32f7-02b1-ec6a-8f568923954c,5ba0a3f3-32f7-02b1-25f6-614d427bcd64,SNOMED-CT,18718003,Gingival disease (disorder)
2020-02-24,2020-06-21,5ba0a3f3-32f7-02b1-ec6a-8f568923954c,5ba0a3f3-32f7-02b1-9dc7-f7bc6e830918,SNOMED-CT,125605004,Fracture of bone (disorder)
2020-02-24,2020-06-21,5ba0a3f3-32f7-02b1-ec6a-8f568923954c,5ba0a3f3-32f7-02b1-9dc7-f7bc6e830918,SNOMED-CT,58150001,Fracture of clavicle (disorder)
2020-08-19,2020-08-19,5ba0a3f3-32f7-02b1-ec6a-8f568923954c,5ba0a3f3-32f7-02b1-ceb6-73ee077c8763,SNOMED-CT,314529007,Medication review due (situation)
2020-08-19,2023-08-23,5ba0a3f3-32f7-02b1-ec6a-8f568923954c,5ba0a3f3-32f7-02b1-ceb6-73ee077c8763,SNOMED-CT,73438004,Unemployed (finding)
2020-10-03,2020-10-16,5ba0a3f3-32f7-02b1-ec6a-8f568923954c,5ba0a3f3-32f7-02b1-8482-6d7c4e4fb009,SNOMED-CT,195662009,Acute viral pharyngitis (disorder)
2020-12-02,2020-12-02,5ba0a3f3-32f7-02b1-ec6a-8f568923954c,5ba0a3f3-32f7-02b1-094a-fd50edae50dc,SNOMED-CT,314529007,Medication review due (situation)
2020-12-09,2023-08-23,5ba0a3f3-32f7-02b1-ec6a-8f568923954c,5ba0a3f3-32f7-02b1-3e80-c7af7a3c41af,SNOMED-CT,314529007,Medication review due (situation)
2020-12-16,2020-12-31,5ba0a3f3-32f7-02b1-ec6a-8f568923954c,5ba0a3f3-32f7-02b1-1176-43de3ddc69d1,SNOMED-CT,10509002,Acute bronchitis (disorder)
2021-10-29,2021-11-08,5ba0a3f3-32f7-02b1-ec6a-8f568923954c,5ba0a3f3-32f7-02b1-1d8e-6bd661871c0f,SNOMED-CT,444814009,Viral sinusitis (disorder)
2023-08-23,,5ba0a3f3-32f7-02b1-ec6a-8f568923954c,5ba0a3f3-32f7-02b1-8a3f-8aad1288116f,SNOMED-CT,714628002,Prediabetes (finding)
2023-08-23,,5ba0a3f3-32f7-02b1-ec6a-8f568923954c,5ba0a3f3-32f7-02b1-8a3f-8aad1288116f,SNOMED-CT,271737000,Anemia (disorder)
2023-08-23,,5ba0a3f3-32f7-02b1-ec6a-8f568923954c,5ba0a3f3-32f7-02b1-8a3f-8aad1288116f,SNOMED-CT,160903007,Full-time employment (finding)
2023-08-23,,5ba0a3f3-32f7-02b1-ec6a-8f568923954c,5ba0a3f3-32f7-02b1-8a3f-8aad1288116f,SNOMED-CT,73595000,Stress (finding)
2023-08-23,,5ba0a3f3-32f7-02b1-ec6a-8f568923954c,5ba0a3f3-32f7-02b1-8a3f-8aad1288116f,SNOMED-CT,361055000,Misuses drugs (finding)
2023-08-23,2023-09-13,5ba0a3f3-32f7-02b1-ec6a-8f568923954c,5ba0a3f3-32f7-02b1-8a3f-8aad1288116f,SNOMED-CT,66383009,Gingivitis (disorder)
2023-09-13,2023-09-13,5ba0a3f3-32f7-02b1-ec6a-8f568923954c,5ba0a3f3-32f7-02b1-9f8f-24d435e209b4,SNOMED-CT,109570002,Primary dental caries (disorder)
2024-05-29,2024-05-29,5ba0a3f3-32f7-02b1-ec6a-8f568923954c,5ba0a3f3-32f7-02b1-3c00-30c429dd0662,SNOMED-CT,1149222004,Overdose (disorder)
2026-08-26,,5ba0a3f3-32f7-02b1-ec6a-8f568923954c,5ba0a3f3-32f7-02b1-904a-6393ae53909e,SNOMED-CT,314529007,Medication review due (situation)
2026-08-26,2026-09-09,5ba0a3f3-32f7-02b1-ec6a-8f568923954c,5ba0a3f3-32f7-02b1-904a-6393ae53909e,SNOMED-CT,66383009,Gingivitis (disorder)
2026-09-09,2026-09-09,5ba0a3f3-32f7-02b1-ec6a-8f568923954c,5ba0a3f3-32f7-02b1-92be-70f0670bb954,SNOMED-CT,278588009,Fractured dental filling (finding)
1996-04-09,,9661a432-4630-2cd9-142c-386845fae837,9661a432-4630-2cd9-d2de-a8d4c008220a,SNOMED-CT,224299000,Received higher education (finding)
2009-04-28,,9661a432-4630-2cd9-142c-386845fae837,9661a432-4630-2cd9-95a0-a90675d6a6bd,SNOMED-CT,59621000,Essential hypertension (disorder)
2011-05-10,,9661a432-4630-2cd9-142c-386845fae837,9661a432-4630-2cd9-0554-88260b38644b,SNOMED-CT,714628002,Prediabetes (finding)
2011-05-10,,9661a432-4630-2cd9-142c-386845fae837,9661a432-4630-2cd9-0554-88260b38644b,SNOMED-CT,271737000,Anemia (disorder)
2012-05-08,2017-06-13,9661a432-4630-2cd9-142c-386845fae837,9661a432-4630-2cd9-aea1-ba93178515f7,SNOMED-CT,706893006,Victim of intimate partner abuse (finding)
2012-05-15,2018-06-19,9661a432-4630-2cd9-142c-386845fae837,9661a432-4630-2cd9-d3a0-c30a95bdfe24,SNOMED-CT,314529007,Medication review due (situation)
2014-02-06,,9661a432-4630-2cd9-142c-386845fae837,9661a432-4630-2cd9-a469-968671c17bf9,SNOMED-CT,82423001,Chronic pain (finding)
2014-02-06,,9661a432-4630-2cd9-142c-386845fae837,9661a432-4630-2cd9-a469-968671c17bf9,SNOMED-CT,278860009,Chronic low back pain (finding)
2015-06-02,,9661a432-4630-2cd9-142c-386845fae837,9661a432-4630-2cd9-b8e5-f78d01983578,SNOMED-CT,162864005,Body mass index 30+ - obesity (finding)
2015-10-06,,9661a432-4630-2cd9-142c-386845fae837,9661a432-4630-2cd9-5e6c-0408a228c16d,SNOMED-CT,237602007,Metabolic syndrome X (disorder)
2015-10-06,2017-06-13,9661a432-4630-2cd9-142c-386845fae837,9661a432-4630-2cd9-5e6c-0408a228c16d,SNOMED-CT,361055000,Misuses drugs (finding)
2016-06-07,2017-06-13,9661a432-4630-2cd9-142c-386845fae837,9661a432-4630-2cd9-db10-13c32c5002be,SNOMED-CT,73438004,Unemployed (finding)
2017-06-13,2021-07-06,9661a432-4630-2cd9-142c-386845fae837,9661a432-4630-2cd9-90ee-4f956bdf0308,SNOMED-CT,160903007,Full-time employment (finding)
2005-02-11,,922fb35e-148d-9e82-7e65-bfa05e3b3515,922fb35e-148d-9e82-ecfe-0aa750e0b86c,SNOMED-CT,224299000,Received higher education (finding)
2007-02-23,,922fb35e-148d-9e82-7e65-bfa05e3b3515,922fb35e-148d-9e82-98f6-11cf6f394a25,SNOMED-CT,195967001,Asthma (disorder)
2014-04-04,,922fb35e-148d-9e82-7e65-bfa05e3b3515,922fb35e-148d-9e82-35ff-297d9d695e81,SNOMED-CT,706893006,Victim of intimate partner abuse (finding)
2015-04-10,2019-05-03,922fb35e-148d-9e82-7e65-bfa05e3b3515,922fb35e-148d-9e82-3bf3-6f04ffbbbbd2,SNOMED-CT,314529007,Medication review due (situation)
2016-04-15,2018-04-27,922fb35e-148d-9e82-7e65-bfa05e3b3515,922fb35e-148d-9e82-a97d-dc44f10608d0,SNOMED-CT,160904001,Part-time employment (finding)
2016-04-15,2018-04-27,922fb35e-148d-9e82-7e65-bfa05e3b3515,922fb35e-148d-9e82-a97d-dc44f10608d0,SNOMED-CT,73595000,Stress (finding)
2016-04-15,2017-04-21,922fb35e-148d-9e82-7e65-bfa05e3b3515,922fb35e-148d-9e82-a97d-dc44f10608d0,SNOMED-CT,361055000,Misuses drugs (finding)
2018-06-19,2018-07-03,9661a432-4630-2cd9-142c-386845fae837,9661a432-4630-2cd9-09a6-17bb08da6e1c,SNOMED-CT,66383009,Gingivitis (disorder)
2019-06-25,2019-06-25,9661a432-4630-2cd9-142c-386845fae837,9661a432-4630-2cd9-9770-d95d5a8abd5b,SNOMED-CT,314529007,Medication review due (situation)
2019-06-25,2019-07-09,9661a432-4630-2cd9-142c-386845fae837,9661a432-4630-2cd9-9770-d95d5a8abd5b,SNOMED-CT,66383009,Gingivitis (disorder)
2017-05-05,2017-05-05,922fb35e-148d-9e82-7e65-bfa05e3b3515,922fb35e-148d-9e82-0bc4-bc3b50a085e7,SNOMED-CT,278558000,Dental filling lost (finding)
2018-04-27,2019-05-03,922fb35e-148d-9e82-7e65-bfa05e3b3515,922fb35e-148d-9e82-4ecc-146e6bd40444,SNOMED-CT,160903007,Full-time employment (finding)
2018-04-27,2019-05-03,922fb35e-148d-9e82-7e65-bfa05e3b3515,922fb35e-148d-9e82-4ecc-146e6bd40444,SNOMED-CT,423315002,Limited social contact (finding)
2019-07-09,2019-07-09,9661a432-4630-2cd9-142c-386845fae837,9661a432-4630-2cd9-711f-828349ca289c,SNOMED-CT,278588009,Fractured dental filling (finding)
2020-06-30,2021-07-06,9661a432-4630-2cd9-142c-386845fae837,9661a432-4630-2cd9-81e8-607cb51f35e7,SNOMED-CT,314529007,Medication review due (situation)
2020-06-30,2021-07-06,9661a432-4630-2cd9-142c-386845fae837,9661a432-4630-2cd9-81e8-607cb51f35e7,SNOMED-CT,73595000,Stress (finding)
2020-06-30,2020-07-15,9661a432-4630-2cd9-142c-386845fae837,9661a432-4630-2cd9-81e8-607cb51f35e7,SNOMED-CT,66383009,Gingivitis (disorder)
2020-07-14,2020-07-14,9661a432-4630-2cd9-142c-386845fae837,9661a432-4630-2cd9-d71f-bb08fdc4d166,SNOMED-CT,18718003,Gingival disease (disorder)
2021-07-06,2022-02-01,9661a432-4630-2cd9-142c-386845fae837,9661a432-4630-2cd9-1113-12a398b3137d,SNOMED-CT,160904001,Part-time employment (finding)
2021-08-13,2021-09-20,9661a432-4630-2cd9-142c-386845fae837,9661a432-4630-2cd9-c623-753e377261c7,SNOMED-CT,48333001,Burn injury (morphologic abnormality)
2021-08-13,2021-09-20,9661a432-4630-2cd9-142c-386845fae837,9661a432-4630-2cd9-c623-753e377261c7,SNOMED-CT,403191005,Partial thickness burn (disorder)
2018-12-28,2019-08-02,922fb35e-148d-9e82-7e65-bfa05e3b3515,922fb35e-148d-9e82-56e5-cfc72d0ea27c,SNOMED-CT,72892002,Normal pregnancy (finding)
2019-05-03,2020-05-08,922fb35e-148d-9e82-7e65-bfa05e3b3515,922fb35e-148d-9e82-57c5-9b25e938d207,SNOMED-CT,160904001,Part-time employment (finding)
2019-05-03,2019-05-17,922fb35e-148d-9e82-7e65-bfa05e3b3515,922fb35e-148d-9e82-57c5-9b25e938d207,SNOMED-CT,66383009,Gingivitis (disorder)
2019-05-17,2019-05-17,922fb35e-148d-9e82-7e65-bfa05e3b3515,922fb35e-148d-9e82-cbda-a302f5e8971a,SNOMED-CT,278602001,Loose dental filling (finding)
2020-05-08,2020-05-08,922fb35e-148d-9e82-7e65-bfa05e3b3515,922fb35e-148d-9e82-a359-3cbf34bac77e,SNOMED-CT,314529007,Medication review due (situation)
2020-05-08,2026-06-12,922fb35e-148d-9e82-7e65-bfa05e3b3515,922fb35e-148d-9e82-a359-3cbf34bac77e,SNOMED-CT,160903007,Full-time employment (finding)
2020-06-26,2020-06-26,922fb35e-148d-9e82-7e65-bfa05e3b3515,922fb35e-148d-9e82-023f-c244909ce9c1,SNOMED-CT,314529007,Medication review due (situation)
2020-06-26,2022-05-20,922fb35e-148d-9e82-7e65-bfa05e3b3515,922fb35e-148d-9e82-023f-c244909ce9c1,SNOMED-CT,73595000,Stress (finding)
2020-07-03,2020-07-28,922fb35e-148d-9e82-7e65-bfa05e3b3515,922fb35e-148d-9e82-39c8-1f70efe2e097,SNOMED-CT,444814009,Viral sinusitis (disorder)
2020-11-12,2020-12-01,922fb35e-148d-9e82-7e65-bfa05e3b3515,922fb35e-148d-9e82-bfaa-c486b5727fb0,SNOMED-CT,384709000,Sprain (morphologic abnormality)
2020-11-12,2020-12-01,922fb35e-148d-9e82-7e65-bfa05e3b3515,922fb35e-148d-9e82-bfaa-c486b5727fb0,SNOMED-CT,44465007,Sprain of ankle (disorder)
2021-05-14,2022-05-20,922fb35e-148d-9e82-7e65-bfa05e3b3515,922fb35e-148d-9e82-79af-63ef4ae37a4a,SNOMED-CT,314529007,Medication review due (situation)
2022-05-20,2024-05-31,922fb35e-148d-9e82-7e65-bfa05e3b3515,922fb35e-148d-9e82-dde9-aa9219a801c8,SNOMED-CT,424393004,Reports of violence in the environment (finding)
2022-02-01,2022-02-01,9661a432-4630-2cd9-142c-386845fae837,9661a432-4630-2cd9-1f09-aa2473cd5cf7,SNOMED-CT,314529007,Medication review due (situation)
2022-02-01,2022-07-12,9661a432-4630-2cd9-142c-386845fae837,9661a432-4630-2cd9-1f09-aa2473cd5cf7,SNOMED-CT,160903007,Full-time employment (finding)
2022-02-01,2023-07-18,9661a432-4630-2cd9-142c-386845fae837,9661a432-4630-2cd9-1f09-aa2473cd5cf7,SNOMED-CT,73595000,Stress (finding)
2022-02-01,2022-02-15,9661a432-4630-2cd9-142c-386845fae837,9661a432-4630-2cd9-1f09-aa2473cd5cf7,SNOMED-CT,66383009,Gingivitis (disorder)
2022-02-08,2022-03-05,9661a432-4630-2cd9-142c-386845fae837,9661a432-4630-2cd9-f810-425fc6472750,SNOMED-CT,444814009,Viral sinusitis (disorder)
2022-07-12,2022-07-12,9661a432-4630-2cd9-142c-386845fae837,9661a432-4630-2cd9-f36f-05b60b0b7f19,SNOMED-CT,314529007,Medication review due (situation)
2022-07-12,2024-07-23,9661a432-4630-2cd9-142c-386845fae837,9661a432-4630-2cd9-f36f-05b60b0b7f19,SNOMED-CT,160904001,Part-time employment (finding)
2022-06-03,2022-06-03,922fb35e-148d-9e82-7e65-bfa05e3b3515,922fb35e-148d-9e82-91cf-8b7ce6106924,SNOMED-CT,427898007,Infection of tooth (disorder)
2023-07-18,2024-07-23,9661a432-4630-2cd9-142c-386845fae837,9661a432-4630-2cd9-e227-f9442b1833be,SNOMED-CT,314529007,Medication review due (situation)
2024-07-23,2025-07-29,9661a432-4630-2cd9-142c-386845fae837,9661a432-4630-2cd9-e76d-d516d5ced61d,SNOMED-CT,160903007,Full-time employment (finding)
2024-07-23,2025-07-29,9661a432-4630-2cd9-142c-386845fae837,9661a432-4630-2cd9-e76d-d516d5ced61d,SNOMED-CT,73595000,Stress (finding)
2025-07-29,2026-08-04,9661a432-4630-2cd9-142c-386845fae837,9661a432-4630-2cd9-fcbc-723842f5a8dd,SNOMED-CT,314529007,Medication review due (situation)
2025-07-29,,9661a432-4630-2cd9-142c-386845fae837,9661a432-4630-2cd9-fcbc-723842f5a8dd,SNOMED-CT,160904001,Part-time employment (finding)
2025-07-29,2025-08-12,9661a432-4630-2cd9-142c-386845fae837,9661a432-4630-2cd9-fcbc-723842f5a8dd,SNOMED-CT,66383009,Gingivitis (disorder)
2026-08-04,,9661a432-4630-2cd9-142c-386845fae837,9661a432-4630-2cd9-716e-2eca6e91897d,SNOMED-CT,423315002,Limited social contact (finding)
2026-08-04,,9661a432-4630-2cd9-142c-386845fae837,9661a432-4630-2cd9-716e-2eca6e91897d,SNOMED-CT,706893006,Victim of intimate partner abuse (finding)
2023-05-26,2023-05-26,922fb35e-148d-9e82-7e65-bfa05e3b3515,922fb35e-148d-9e82-b1bd-41e6918238ff,SNOMED-CT,314529007,Medication review due (situation)
2024-03-15,2024-10-18,922fb35e-148d-9e82-7e65-bfa05e3b3515,922fb35e-148d-9e82-fb3a-8121c3fafbd6,SNOMED-CT,72892002,Normal pregnancy (finding)
2024-05-31,,922fb35e-148d-9e82-7e65-bfa05e3b3515,922fb35e-148d-9e82-db14-9a78b3b243c1,SNOMED-CT,59621000,Essential hypertension (disorder)
2024-05-31,2024-05-31,922fb35e-148d-9e82-7e65-bfa05e3b3515,922fb35e-148d-9e82-db14-9a78b3b243c1,SNOMED-CT,314529007,Medication review due (situation)
2025-06-06,,922fb35e-148d-9e82-7e65-bfa05e3b3515,922fb35e-148d-9e82-289a-63e7b05c47fe,SNOMED-CT,314529007,Medication review due (situation)
2025-06-06,2026-06-12,922fb35e-148d-9e82-7e65-bfa05e3b3515,922fb35e-148d-9e82-289a-63e7b05c47fe,SNOMED-CT,73595000,Stress (finding)
2026-06-12,,922fb35e-148d-9e82-7e65-bfa05e3b3515,922fb35e-148d-9e82-fcb9-3224ffc37ae1,SNOMED-CT,160904001,Part-time employment (finding)
2026-08-07,,922fb35e-148d-9e82-7e65-bfa05e3b3515,922fb35e-148d-9e82-a4f8-28188c55b73c,SNOMED-CT,72892002,Normal pregnancy (finding)
2004-09-04,,f95a6723-14a5-c4b6-78df-fa97f7ab361c,f95a6723-14a5-c4b6-214b-8d53b70ac578,SNOMED-CT,473461003,Educated to high school level (finding)
2005-10-22,,f95a6723-14a5-c4b6-78df-fa97f7ab361c,f95a6723-14a5-c4b6-c2ec-671ccd81800f,SNOMED-CT,195967001,Asthma (disorder)
2006-10-28,,f95a6723-14a5-c4b6-78df-fa97f7ab361c,f95a6723-14a5-c4b6-231e-181044512cde,SNOMED-CT,714628002,Prediabetes (finding)
2007-11-03,,f95a6723-14a5-c4b6-78df-fa97f7ab361c,f95a6723-14a5-c4b6-90a3-36a628078556,SNOMED-CT,271737000,Anemia (disorder)
2009-03-14,2019-01-05,f95a6723-14a5-c4b6-78df-fa97f7ab361c,f95a6723-14a5-c4b6-f9b3-7099ecc861eb,SNOMED-CT,422650009,Social isolation (finding)
2014-02-07,,f95a6723-14a5-c4b6-78df-fa97f7ab361c,f95a6723-14a5-c4b6-1901-7c0e2ef53445,SNOMED-CT,161744009,Past pregnancy history of miscarriage (situation)
2014-12-13,2016-12-24,f95a6723-14a5-c4b6-78df-fa97f7ab361c,f95a6723-14a5-c4b6-16bf-5e039b5b8da5,SNOMED-CT,423315002,Limited social contact (finding)
2015-06-09,,f95a6723-14a5-c4b6-78df-fa97f7ab361c,f95a6723-14a5-c4b6-388a-84669bc7917a,SNOMED-CT,196416002,Impacted molars (disorder)
2015-12-19,2020-01-11,f95a6723-14a5-c4b6-78df-fa97f7ab361c,f95a6723-14a5-c4b6-610f-6b2e14a993cd,SNOMED-CT,314529007,Medication review due (situation)
2015-12-19,2016-12-24,f95a6723-14a5-c4b6-78df-fa97f7ab361c,f95a6723-14a5-c4b6-610f-6b2e14a993cd,SNOMED-CT,741062008,Not in labor force (finding)
2016-12-24,2022-01-22,f95a6723-14a5-c4b6-78df-fa97f7ab361c,f95a6723-14a5-c4b6-cade-790b7ebd56ee,SNOMED-CT,160903007,Full-time employment (finding)
2017-12-30,2020-01-11,f95a6723-14a5-c4b6-78df-fa97f7ab361c,f95a6723-14a5-c4b6-a71a-a8af4345111b,SNOMED-CT,73595000,Stress (finding)
2020-01-11,2020-01-25,f95a6723-14a5-c4b6-78df-fa97f7ab361c,f95a6723-14a5-c4b6-1fe6-5f2cb12e0074,SNOMED-CT,66383009,Gingivitis (disorder)
2021-01-16,2023-01-28,f95a6723-14a5-c4b6-78df-fa97f7ab361c,f95a6723-14a5-c4b6-0e5f-112ee7e36ebf,SNOMED-CT,314529007,Medication review due (situation)
2021-01-16,2023-01-28,f95a6723-14a5-c4b6-78df-fa97f7ab361c,f95a6723-14a5-c4b6-0e5f-112ee7e36ebf,SNOMED-CT,73595000,Stress (finding)
2022-01-22,2023-01-28,f95a6723-14a5-c4b6-78df-fa97f7ab361c,f95a6723-14a5-c4b6-9273-f3997afef4da,SNOMED-CT,160904001,Part-time employment (finding)
2022-01-22,2023-01-28,f95a6723-14a5-c4b6-78df-fa97f7ab361c,f95a6723-14a5-c4b6-9273-f3997afef4da,SNOMED-CT,422650009,Social isolation (finding)
2022-07-18,2022-07-27,f95a6723-14a5-c4b6-78df-fa97f7ab361c,f95a6723-14a5-c4b6-206a-d0bce5cf11a9,SNOMED-CT,195662009,Acute viral pharyngitis (disorder)
2023-01-28,2026-02-14,f95a6723-14a5-c4b6-78df-fa97f7ab361c,f95a6723-14a5-c4b6-d99d-10fdc4ee9e0d,SNOMED-CT,741062008,Not in labor force (finding)
2024-02-03,2024-02-03,f95a6723-14a5-c4b6-78df-fa97f7ab361c,f95a6723-14a5-c4b6-6aee-0225b2fd56c7,SNOMED-CT,314529007,Medication review due (situation)
2024-02-03,,f95a6723-14a5-c4b6-78df-fa97f7ab361c,f95a6723-14a5-c4b6-6aee-0225b2fd56c7,SNOMED-CT,73595000,Stress (finding)
2025-02-08,2025-02-08,f95a6723-14a5-c4b6-78df-fa97f7ab361c,f95a6723-14a5-c4b6-f224-5fb2e524e8ac,SNOMED-CT,314529007,Medication review due (situation)
2025-02-08,,f95a6723-14a5-c4b6-78df-fa97f7ab361c,f95a6723-14a5-c4b6-f224-5fb2e524e8ac,SNOMED-CT,162864005,Body mass index 30+ - obesity (finding)
2025-02-08,2025-02-22,f95a6723-14a5-c4b6-78df-fa97f7ab361c,f95a6723-14a5-c4b6-f224-5fb2e524e8ac,SNOMED-CT,66383009,Gingivitis (disorder)
2025-02-22,2025-02-22,f95a6723-14a5-c4b6-78df-fa97f7ab361c,f95a6723-14a5-c4b6-fdf6-dfd92d803476,SNOMED-CT,18718003,Gingival disease (disorder)
2025-02-22,2025-02-22,f95a6723-14a5-c4b6-78df-fa97f7ab361c,f95a6723-14a5-c4b6-fdf6-dfd92d803476,SNOMED-CT,109570002,Primary dental caries (disorder)
2025-08-13,,f95a6723-14a5-c4b6-78df-fa97f7ab361c,f95a6723-14a5-c4b6-2e96-c292e63f0b80,SNOMED-CT,39898005,Sleep disorder (disorder)
2025-09-06,,f95a6723-14a5-c4b6-78df-fa97f7ab361c,f95a6723-14a5-c4b6-0edc-04c2b8b47569,SNOMED-CT,78275009,Obstructive sleep apnea syndrome (disorder)
2026-02-14,,f95a6723-14a5-c4b6-78df-fa97f7ab361c,f95a6723-14a5-c4b6-a697-e34ff43a2a11,SNOMED-CT,314529007,Medication review due (situation)
2026-02-14,,f95a6723-14a5-c4b6-78df-fa97f7ab361c,f95a6723-14a5-c4b6-a697-e34ff43a2a11,SNOMED-CT,160903007,Full-time employment (finding)
2017-08-24,2017-08-24,7b06ee52-df9a-8487-0be6-dff27cc7d519,7b06ee52-df9a-8487-170e-c4cb7b108e73,SNOMED-CT,271737000,Anemia (disorder)
2017-09-18,2018-09-24,7b06ee52-df9a-8487-0be6-dff27cc7d519,7b06ee52-df9a-8487-f4db-0fff6a0a7686,SNOMED-CT,314529007,Medication review due (situation)
2018-10-08,2018-10-08,7b06ee52-df9a-8487-0be6-dff27cc7d519,7b06ee52-df9a-8487-77bd-dc1a9c4d267f,SNOMED-CT,278602001,Loose dental filling (finding)
2019-09-30,2019-09-30,7b06ee52-df9a-8487-0be6-dff27cc7d519,7b06ee52-df9a-8487-4ceb-76cd7a818c4c,SNOMED-CT,314529007,Medication review due (situation)
2019-09-30,,7b06ee52-df9a-8487-0be6-dff27cc7d519,7b06ee52-df9a-8487-4ceb-76cd7a818c4c,SNOMED-CT,224299000,Received higher education (finding)
2019-09-30,,7b06ee52-df9a-8487-0be6-dff27cc7d519,7b06ee52-df9a-8487-4ceb-76cd7a818c4c,SNOMED-CT,73438004,Unemployed (finding)
2019-09-30,,7b06ee52-df9a-8487-0be6-dff27cc7d519,7b06ee52-df9a-8487-4ceb-76cd7a818c4c,SNOMED-CT,423315002,Limited social contact (finding)
2019-09-30,2020-10-05,7b06ee52-df9a-8487-0be6-dff27cc7d519,7b06ee52-df9a-8487-4ceb-76cd7a818c4c,SNOMED-CT,73595000,Stress (finding)
2019-09-30,2019-10-14,7b06ee52-df9a-8487-0be6-dff27cc7d519,7b06ee52-df9a-8487-4ceb-76cd7a818c4c,SNOMED-CT,66383009,Gingivitis (disorder)
2020-04-19,2020-05-09,7b06ee52-df9a-8487-0be6-dff27cc7d519,7b06ee52-df9a-8487-bfe5-ebe1cdf5d334,SNOMED-CT,384709000,Sprain (morphologic abnormality)
2020-04-19,2020-05-09,7b06ee52-df9a-8487-0be6-dff27cc7d519,7b06ee52-df9a-8487-bfe5-ebe1cdf5d334,SNOMED-CT,44465007,Sprain of ankle (disorder)
2020-10-05,2020-10-05,7b06ee52-df9a-8487-0be6-dff27cc7d519,7b06ee52-df9a-8487-1a42-fc88825cb8bc,SNOMED-CT,314529007,Medication review due (situation)
2020-10-05,,7b06ee52-df9a-8487-0be6-dff27cc7d519,7b06ee52-df9a-8487-1a42-fc88825cb8bc,SNOMED-CT,422650009,Social isolation (finding)
2020-11-15,2020-11-15,7b06ee52-df9a-8487-0be6-dff27cc7d519,7b06ee52-df9a-8487-1a42-fc88825cb8bc,SNOMED-CT,307426000,Acute infective cystitis (disorder)
2020-11-16,2021-06-14,7b06ee52-df9a-8487-0be6-dff27cc7d519,7b06ee52-df9a-8487-8120-05c0bfb3ca84,SNOMED-CT,72892002,Normal pregnancy (finding)
2023-09-28,2023-10-24,7b06ee52-df9a-8487-0be6-dff27cc7d519,7b06ee52-df9a-8487-d99b-79f59f28c559,SNOMED-CT,444814009,Viral sinusitis (disorder)
2023-10-09,,7b06ee52-df9a-8487-0be6-dff27cc7d519,7b06ee52-df9a-8487-3979-5fd68a6edced,SNOMED-CT,314529007,Medication review due (situation)
2023-10-30,2024-06-03,7b06ee52-df9a-8487-0be6-dff27cc7d519,7b06ee52-df9a-8487-0564-487e64ac8d03,SNOMED-CT,72892002,Normal pregnancy (finding)
2007-05-18,,b6a1cac9-8873-36a7-e726-4aad8a07d44d,b6a1cac9-8873-36a7-7ef0-88b54e4a6634,SNOMED-CT,124171000119105,Chronic intractable migraine without aura (disorder)
2007-09-20,,b6a1cac9-8873-36a7-e726-4aad8a07d44d,b6a1cac9-8873-36a7-0d23-ee4cfba4ba02,SNOMED-CT,196416002,Impacted molars (disorder)
2011-03-10,,b6a1cac9-8873-36a7-e726-4aad8a07d44d,b6a1cac9-8873-36a7-5282-a6ee9aa99d97,SNOMED-CT,6525002,Dependent drug abuse (disorder)
2011-06-08,,b6a1cac9-8873-36a7-e726-4aad8a07d44d,b6a1cac9-8873-36a7-2d11-e6b805ea8a2c,SNOMED-CT,224295006,Only received primary school education (finding)
2011-06-08,,b6a1cac9-8873-36a7-e726-4aad8a07d44d,b6a1cac9-8873-36a7-2d11-e6b805ea8a2c,SNOMED-CT,160903007,Full-time employment (finding)
2011-06-08,2021-06-23,b6a1cac9-8873-36a7-e726-4aad8a07d44d,b6a1cac9-8873-36a7-2d11-e6b805ea8a2c,SNOMED-CT,422650009,Social isolation (finding)
2011-06-08,2021-06-23,b6a1cac9-8873-36a7-e726-4aad8a07d44d,b6a1cac9-8873-36a7-2d11-e6b805ea8a2c,SNOMED-CT,73595000,Stress (finding)
2012-06-13,2018-06-20,b6a1cac9-8873-36a7-e726-4aad8a07d44d,b6a1cac9-8873-36a7-8bcc-a4bf8f63c76c,SNOMED-CT,423315002,Limited social contact (finding)
2015-06-17,,b6a1cac9-8873-36a7-e726-4aad8a07d44d,b6a1cac9-8873-36a7-2e23-aefa20f66a0b,SNOMED-CT,361055000,Misuses drugs (finding)
2017-10-21,2018-09-23,b6a1cac9-8873-36a7-e726-4aad8a07d44d,b6a1cac9-8873-36a7-fcd7-813afb3c6542,SNOMED-CT,40275004,Contact dermatitis (disorder)
2014-02-02,2017-02-19,4aaa0001-3832-cc52-e2f3-47aad08f4284,4aaa0001-3832-cc52-ccfd-a4346308d781,SNOMED-CT,314529007,Medication review due (situation)
2016-12-10,2017-02-19,4aaa0001-3832-cc52-e2f3-47aad08f4284,4aaa0001-3832-cc52-a566-3da726975282,SNOMED-CT,65363002,Otitis media (disorder)
2018-02-25,2018-02-25,4aaa0001-3832-cc52-e2f3-47aad08f4284,4aaa0001-3832-cc52-dad8-70a801ef5860,SNOMED-CT,314529007,Medication review due (situation)
2018-02-25,2018-03-12,4aaa0001-3832-cc52-e2f3-47aad08f4284,4aaa0001-3832-cc52-dad8-70a801ef5860,SNOMED-CT,66383009,Gingivitis (disorder)
2019-03-03,2020-03-08,4aaa0001-3832-cc52-e2f3-47aad08f4284,4aaa0001-3832-cc52-d156-eb321de8e88d,SNOMED-CT,314529007,Medication review due (situation)
2019-03-03,2019-03-17,4aaa0001-3832-cc52-e2f3-47aad08f4284,4aaa0001-3832-cc52-d156-eb321de8e88d,SNOMED-CT,66383009,Gingivitis (disorder)
2018-06-20,2024-11-20,b6a1cac9-8873-36a7-e726-4aad8a07d44d,b6a1cac9-8873-36a7-4cf6-3c63d81b6c85,SNOMED-CT,314529007,Medication review due (situation)
2018-06-20,2019-01-02,b6a1cac9-8873-36a7-e726-4aad8a07d44d,b6a1cac9-8873-36a7-4cf6-3c63d81b6c85,SNOMED-CT,706893006,Victim of intimate partner abuse (finding)
2018-06-20,2018-07-04,b6a1cac9-8873-36a7-e726-4aad8a07d44d,b6a1cac9-8873-36a7-4cf6-3c63d81b6c85,SNOMED-CT,66383009,Gingivitis (disorder)
2020-03-23,2020-03-23,4aaa0001-3832-cc52-e2f3-47aad08f4284,4aaa0001-3832-cc52-05e2-f8d4d40fd813,SNOMED-CT,109570002,Primary dental caries (disorder)
2018-07-04,2018-07-04,b6a1cac9-8873-36a7-e726-4aad8a07d44d,b6a1cac9-8873-36a7-5dd9-c0e4163829dd,SNOMED-CT,109570002,Primary dental caries (disorder)
2020-07-08,2020-07-17,4aaa0001-3832-cc52-e2f3-47aad08f4284,4aaa0001-3832-cc52-e2cd-d0f4a73ed476,SNOMED-CT,195662009,Acute viral pharyngitis (disorder)
2019-01-02,,b6a1cac9-8873-36a7-e726-4aad8a07d44d,b6a1cac9-8873-36a7-8923-c606579758d3,SNOMED-CT,10939881000119105,Unhealthy alcohol drinking behavior (finding)
2019-01-02,2019-01-16,b6a1cac9-8873-36a7-e726-4aad8a07d44d,b6a1cac9-8873-36a7-8923-c606579758d3,SNOMED-CT,66383009,Gingivitis (disorder)
2021-03-14,2024-03-31,4aaa0001-3832-cc52-e2f3-47aad08f4284,4aaa0001-3832-cc52-2182-8b2c4cc79297,SNOMED-CT,314529007,Medication review due (situation)
2021-03-14,2022-03-20,4aaa0001-3832-cc52-e2f3-47aad08f4284,4aaa0001-3832-cc52-2182-8b2c4cc79297,SNOMED-CT,160968000,Risk activity involvement (finding)
2019-01-30,2019-02-07,b6a1cac9-8873-36a7-e726-4aad8a07d44d,b6a1cac9-8873-36a7-a9f1-859f92912430,SNOMED-CT,444814009,Viral sinusitis (disorder)
2019-12-05,2019-12-05,b6a1cac9-8873-36a7-e726-4aad8a07d44d,b6a1cac9-8873-36a7-d1a1-9796e1016df6,SNOMED-CT,1149222004,Overdose (disorder)
2022-11-13,2022-11-23,4aaa0001-3832-cc52-e2f3-47aad08f4284,4aaa0001-3832-cc52-3a3e-0a59fcf416d7,SNOMED-CT,10509002,Acute bronchitis (disorder)
2023-03-26,2023-04-10,4aaa0001-3832-cc52-e2f3-47aad08f4284,4aaa0001-3832-cc52-a721-8461be69f24b,SNOMED-CT,66383009,Gingivitis (disorder)
2024-06-26,2024-11-20,b6a1cac9-8873-36a7-e726-4aad8a07d44d,b6a1cac9-8873-36a7-f6a2-9ff1e861518f,SNOMED-CT,73595000,Stress (finding)
2024-11-27,2024-12-15,b6a1cac9-8873-36a7-e726-4aad8a07d44d,b6a1cac9-8873-36a7-e2f1-61c2944ba53a,SNOMED-CT,444814009,Viral sinusitis (disorder)
2025-02-26,2025-02-26,b6a1cac9-8873-36a7-e726-4aad8a07d44d,b6a1cac9-8873-36a7-e43d-2efe0b5bcfc3,SNOMED-CT,314529007,Medication review due (situation)
2025-03-05,2025-03-21,b6a1cac9-8873-36a7-e726-4aad8a07d44d,b6a1cac9-8873-36a7-499f-a245ba369ca7,SNOMED-CT,444814009,Viral sinusitis (disorder)
2023-04-09,2023-04-10,4aaa0001-3832-cc52-e2f3-47aad08f4284,4aaa0001-3832-cc52-739d-2d880c8ca25f,SNOMED-CT,18718003,Gingival disease (disorder)
2024-03-31,,4aaa0001-3832-cc52-e2f3-47aad08f4284,4aaa0001-3832-cc52-bb4f-e1ccb2819204,SNOMED-CT,224295006,Only received primary school education (finding)
2024-03-31,2025-04-06,4aaa0001-3832-cc52-e2f3-47aad08f4284,4aaa0001-3832-cc52-bb4f-e1ccb2819204,SNOMED-CT,160903007,Full-time employment (finding)
2024-03-31,,4aaa0001-3832-cc52-e2f3-47aad08f4284,4aaa0001-3832-cc52-bb4f-e1ccb2819204,SNOMED-CT,713458007,Lack of access to transportation (finding)
2024-03-31,2025-04-06,4aaa0001-3832-cc52-e2f3-47aad08f4284,4aaa0001-3832-cc52-bb4f-e1ccb2819204,SNOMED-CT,73595000,Stress (finding)
2025-04-06,2025-04-06,4aaa0001-3832-cc52-e2f3-47aad08f4284,4aaa0001-3832-cc52-a8af-64695e4bb31e,SNOMED-CT,314529007,Medication review due (situation)
2025-04-06,,4aaa0001-3832-cc52-e2f3-47aad08f4284,4aaa0001-3832-cc52-a8af-64695e4bb31e,SNOMED-CT,160904001,Part-time employment (finding)
2025-04-06,2025-04-20,4aaa0001-3832-cc52-e2f3-47aad08f4284,4aaa0001-3832-cc52-a8af-64695e4bb31e,SNOMED-CT,66383009,Gingivitis (disorder)
2025-04-20,2025-04-21,4aaa0001-3832-cc52-e2f3-47aad08f4284,4aaa0001-3832-cc52-315a-e98a6e203f4c,SNOMED-CT,109570002,Primary dental caries (disorder)
2009-12-08,2025-09-15,f32a088b-988b-d7d5-008b-89ea4ed1fc48,f32a088b-988b-d7d5-70b9-9ab56931d9a9,SNOMED-CT,233678006,Childhood asthma (disorder)
2012-07-18,2025-08-20,f32a088b-988b-d7d5-008b-89ea4ed1fc48,f32a088b-988b-d7d5-9874-a5cd24ab1457,SNOMED-CT,232353008,Perennial allergic rhinitis with seasonal variation (disorder)
2016-08-24,2018-02-07,f32a088b-988b-d7d5-008b-89ea4ed1fc48,f32a088b-988b-d7d5-7157-f09a7c5c192a,SNOMED-CT,314529007,Medication review due (situation)
2016-12-31,2017-03-25,f32a088b-988b-d7d5-008b-89ea4ed1fc48,f32a088b-988b-d7d5-8ec1-c79e6a0bdd47,SNOMED-CT,125605004,Fracture of bone (disorder)
2016-12-31,2017-03-25,f32a088b-988b-d7d5-008b-89ea4ed1fc48,f32a088b-988b-d7d5-8ec1-c79e6a0bdd47,SNOMED-CT,263102004,Fracture subluxation of wrist (disorder)
2018-01-31,2018-02-21,f32a088b-988b-d7d5-008b-89ea4ed1fc48,f32a088b-988b-d7d5-268b-5899f922401b,SNOMED-CT,66383009,Gingivitis (disorder)
2018-02-14,2018-02-14,f32a088b-988b-d7d5-008b-89ea4ed1fc48,f32a088b-988b-d7d5-865b-dd3f0a84a16d,SNOMED-CT,314529007,Medication review due (situation)
2018-02-21,2018-02-21,f32a088b-988b-d7d5-008b-89ea4ed1fc48,f32a088b-988b-d7d5-6792-aeaf7054c3a8,SNOMED-CT,18718003,Gingival disease (disorder)
2018-02-21,2018-02-21,f32a088b-988b-d7d5-008b-89ea4ed1fc48,f32a088b-988b-d7d5-6792-aeaf7054c3a8,SNOMED-CT,278558000,Dental filling lost (finding)
2018-02-28,2018-03-11,f32a088b-988b-d7d5-008b-89ea4ed1fc48,f32a088b-988b-d7d5-4c55-b506674d8f0a,SNOMED-CT,444814009,Viral sinusitis (disorder)
2018-07-25,2018-08-01,f32a088b-988b-d7d5-008b-89ea4ed1fc48,f32a088b-988b-d7d5-0c77-387f13c46594,SNOMED-CT,314529007,Medication review due (situation)
2018-08-08,2018-08-08,f32a088b-988b-d7d5-008b-89ea4ed1fc48,f32a088b-988b-d7d5-3a59-8d843b7c2ce8,SNOMED-CT,314529007,Medication review due (situation)
2018-08-22,2018-09-03,f32a088b-988b-d7d5-008b-89ea4ed1fc48,f32a088b-988b-d7d5-cc4c-7114ec9c4d56,SNOMED-CT,43878008,Streptococcal sore throat (disorder)
2018-09-05,2018-09-05,f32a088b-988b-d7d5-008b-89ea4ed1fc48,f32a088b-988b-d7d5-b0ff-aaf8b3e7f2d6,SNOMED-CT,314529007,Medication review due (situation)
2019-09-11,2022-09-28,f32a088b-988b-d7d5-008b-89ea4ed1fc48,f32a088b-988b-d7d5-0814-92fa891e3649,SNOMED-CT,314529007,Medication review due (situation)
2019-09-11,2019-09-25,f32a088b-988b-d7d5-008b-89ea4ed1fc48,f32a088b-988b-d7d5-0814-92fa891e3649,SNOMED-CT,66383009,Gingivitis (disorder)
2019-09-25,2019-09-25,f32a088b-988b-d7d5-008b-89ea4ed1fc48,f32a088b-988b-d7d5-dac8-3aec475c8c96,SNOMED-CT,18718003,Gingival disease (disorder)
2019-09-25,2019-09-25,f32a088b-988b-d7d5-008b-89ea4ed1fc48,f32a088b-988b-d7d5-dac8-3aec475c8c96,SNOMED-CT,278602001,Loose dental filling (finding)
2020-09-16,2020-09-30,f32a088b-988b-d7d5-008b-89ea4ed1fc48,f32a088b-988b-d7d5-cc1e-8ca77332d58c,SNOMED-CT,66383009,Gingivitis (disorder)
2020-09-30,2020-09-30,f32a088b-988b-d7d5-008b-89ea4ed1fc48,f32a088b-988b-d7d5-2749-5a096c462f9c,SNOMED-CT,18718003,Gingival disease (disorder)
2023-10-04,,f32a088b-988b-d7d5-008b-89ea4ed1fc48,f32a088b-988b-d7d5-190a-034f5309d42c,SNOMED-CT,314529007,Medication review due (situation)
2023-10-04,,f32a088b-988b-d7d5-008b-89ea4ed1fc48,f32a088b-988b-d7d5-190a-034f5309d42c,SNOMED-CT,160968000,Risk activity involvement (finding)
2024-07-14,2024-09-02,f32a088b-988b-d7d5-008b-89ea4ed1fc48,f32a088b-988b-d7d5-b730-219c2c242bd0,SNOMED-CT,125605004,Fracture of bone (disorder)
2024-07-14,2024-09-02,f32a088b-988b-d7d5-008b-89ea4ed1fc48,f32a088b-988b-d7d5-b730-219c2c242bd0,SNOMED-CT,16114001,Fracture of ankle (disorder)
2024-10-09,,f32a088b-988b-d7d5-008b-89ea4ed1fc48,f32a088b-988b-d7d5-167a-a56bc87c149c,SNOMED-CT,224299000,Received higher education (finding)
2024-10-09,2025-10-15,f32a088b-988b-d7d5-008b-89ea4ed1fc48,f32a088b-988b-d7d5-167a-a56bc87c149c,SNOMED-CT,160903007,Full-time employment (finding)
2025-10-15,,f32a088b-988b-d7d5-008b-89ea4ed1fc48,f32a088b-988b-d7d5-39aa-6f86b7a383ed,SNOMED-CT,195967001,Asthma (disorder)
2025-10-15,,f32a088b-988b-d7d5-008b-89ea4ed1fc48,f32a088b-988b-d7d5-39aa-6f86b7a383ed,SNOMED-CT,160904001,Part-time employment (finding)
2025-10-15,,f32a088b-988b-d7d5-008b-89ea4ed1fc48,f32a088b-988b-d7d5-39aa-6f86b7a383ed,SNOMED-CT,73595000,Stress (finding)
2025-10-15,2025-10-29,f32a088b-988b-d7d5-008b-89ea4ed1fc48,f32a088b-988b-d7d5-39aa-6f86b7a383ed,SNOMED-CT,66383009,Gingivitis (disorder)
2025-10-29,2025-10-29,f32a088b-988b-d7d5-008b-89ea4ed1fc48,f32a088b-988b-d7d5-9764-dcbfb5aa2e5a,SNOMED-CT,109570002,Primary dental caries (disorder)
2016-03-09,2017-02-22,d20bc0bc-3051-ae6f-f391-ceec7ec0370f,d20bc0bc-3051-ae6f-75a3-a3a2a037fdd4,SNOMED-CT,314529007,Medication review due (situation)
2017-03-01,2017-03-16,d20bc0bc-3051-ae6f-f391-ceec7ec0370f,d20bc0bc-3051-ae6f-cc20-02779b5186f6,SNOMED-CT,444814009,Viral sinusitis (disorder)
2017-03-15,2021-04-07,d20bc0bc-3051-ae6f-f391-ceec7ec0370f,d20bc0bc-3051-ae6f-52d9-fb14dfe31a93,SNOMED-CT,314529007,Medication review due (situation)
2020-04-01,2020-04-08,d20bc0bc-3051-ae6f-f391-ceec7ec0370f,d20bc0bc-3051-ae6f-9086-d4368a580342,SNOMED-CT,66383009,Gingivitis (disorder)
2020-04-08,2020-04-08,d20bc0bc-3051-ae6f-f391-ceec7ec0370f,d20bc0bc-3051-ae6f-507d-e85d5d81a016,SNOMED-CT,109570002,Primary dental caries (disorder)
2021-01-10,2021-01-23,d20bc0bc-3051-ae6f-f391-ceec7ec0370f,d20bc0bc-3051-ae6f-81e2-31ed5bea7718,SNOMED-CT,43878008,Streptococcal sore throat (disorder)
2022-04-13,2023-04-19,d20bc0bc-3051-ae6f-f391-ceec7ec0370f,d20bc0bc-3051-ae6f-98c8-07216cc83315,SNOMED-CT,314529007,Medication review due (situation)
2022-04-13,2023-04-19,d20bc0bc-3051-ae6f-f391-ceec7ec0370f,d20bc0bc-3051-ae6f-98c8-07216cc83315,SNOMED-CT,160968000,Risk activity involvement (finding)
2022-04-13,2022-04-27,d20bc0bc-3051-ae6f-f391-ceec7ec0370f,d20bc0bc-3051-ae6f-98c8-07216cc83315,SNOMED-CT,66383009,Gingivitis (disorder)
2023-01-16,2023-01-24,d20bc0bc-3051-ae6f-f391-ceec7ec0370f,d20bc0bc-3051-ae6f-11e4-cac53358cd90,SNOMED-CT,195662009,Acute viral pharyngitis (disorder)
2023-04-19,2023-05-03,d20bc0bc-3051-ae6f-f391-ceec7ec0370f,d20bc0bc-3051-ae6f-60d4-e219f7075ac2,SNOMED-CT,66383009,Gingivitis (disorder)
2023-04-26,2023-05-10,d20bc0bc-3051-ae6f-f391-ceec7ec0370f,d20bc0bc-3051-ae6f-ea56-a459756a0947,SNOMED-CT,384709000,Sprain (morphologic abnormality)
2023-04-26,2023-05-10,d20bc0bc-3051-ae6f-f391-ceec7ec0370f,d20bc0bc-3051-ae6f-ea56-a459756a0947,SNOMED-CT,70704007,Sprain of wrist (disorder)
2023-08-13,2024-04-24,d20bc0bc-3051-ae6f-f391-ceec7ec0370f,d20bc0bc-3051-ae6f-158b-5e9cba01953f,SNOMED-CT,65363002,Otitis media (disorder)
2024-04-24,2024-04-24,d20bc0bc-3051-ae6f-f391-ceec7ec0370f,d20bc0bc-3051-ae6f-36f4-cb96225503e9,SNOMED-CT,314529007,Medication review due (situation)
2024-04-24,2024-06-19,d20bc0bc-3051-ae6f-f391-ceec7ec0370f,d20bc0bc-3051-ae6f-36f4-cb96225503e9,SNOMED-CT,160968000,Risk activity involvement (finding)
2024-05-27,2024-08-12,d20bc0bc-3051-ae6f-f391-ceec7ec0370f,d20bc0bc-3051-ae6f-c7bc-e7b9d64e2508,SNOMED-CT,125605004,Fracture of bone (disorder)
2024-05-27,2024-08-12,d20bc0bc-3051-ae6f-f391-ceec7ec0370f,d20bc0bc-3051-ae6f-c7bc-e7b9d64e2508,SNOMED-CT,16114001,Fracture of ankle (disorder)
2024-06-11,2024-06-20,d20bc0bc-3051-ae6f-f391-ceec7ec0370f,d20bc0bc-3051-ae6f-ffa6-3de733ac9b2b,SNOMED-CT,10509002,Acute bronchitis (disorder)
2024-06-19,,d20bc0bc-3051-ae6f-f391-ceec7ec0370f,d20bc0bc-3051-ae6f-500b-9c14d37a1099,SNOMED-CT,314529007,Medication review due (situation)
2024-06-19,2024-07-03,d20bc0bc-3051-ae6f-f391-ceec7ec0370f,d20bc0bc-3051-ae6f-500b-9c14d37a1099,SNOMED-CT,66383009,Gingivitis (disorder)
2024-07-03,2024-07-03,d20bc0bc-3051-ae6f-f391-ceec7ec0370f,d20bc0bc-3051-ae6f-2e6b-21c620dec354,SNOMED-CT,18718003,Gingival disease (disorder)
2024-07-03,2024-07-03,d20bc0bc-3051-ae6f-f391-ceec7ec0370f,d20bc0bc-3051-ae6f-2e6b-21c620dec354,SNOMED-CT,109570002,Primary dental caries (disorder)
2025-05-14,2025-05-14,d20bc0bc-3051-ae6f-f391-ceec7ec0370f,d20bc0bc-3051-ae6f-5bf5-7a7ed17c7f80,SNOMED-CT,278558000,Dental filling lost (finding)
2025-02-23,2026-05-03,7512bbb4-b22b-0979-6edc-389e16607ac7,7512bbb4-b22b-0979-f6c8-54e7105cf950,SNOMED-CT,314529007,Medication review due (situation)
2026-08-02,,7512bbb4-b22b-0979-6edc-389e16607ac7,7512bbb4-b22b-0979-04bb-509a75b207a9,SNOMED-CT,314529007,Medication review due (situation)
1985-04-03,,080b069b-5108-46b6-ecef-6aacd3b9ef3f,080b069b-5108-46b6-1a0b-06facef78275,SNOMED-CT,224299000,Received higher education (finding)
1995-04-18,,080b069b-5108-46b6-ecef-6aacd3b9ef3f,080b069b-5108-46b6-9e65-3ee8ecc5ec5b,SNOMED-CT,714628002,Prediabetes (finding)
1995-04-18,,080b069b-5108-46b6-ecef-6aacd3b9ef3f,080b069b-5108-46b6-9e65-3ee8ecc5ec5b,SNOMED-CT,271737000,Anemia (disorder)
2006-11-29,,080b069b-5108-46b6-ecef-6aacd3b9ef3f,080b069b-5108-46b6-ed9e-f2b84ddb1731,SNOMED-CT,266948004,Has a criminal record (finding)
2008-12-02,2023-02-15,080b069b-5108-46b6-ecef-6aacd3b9ef3f,080b069b-5108-46b6-d3b4-5de0eb2652fe,SNOMED-CT,422650009,Social isolation (finding)
2010-12-07,,080b069b-5108-46b6-ecef-6aacd3b9ef3f,080b069b-5108-46b6-f477-394af695f8dd,SNOMED-CT,59621000,Essential hypertension (disorder)
2010-12-08,2019-12-11,080b069b-5108-46b6-ecef-6aacd3b9ef3f,080b069b-5108-46b6-f477-394af695f8dd,SNOMED-CT,423315002,Limited social contact (finding)
2016-01-06,2017-01-11,080b069b-5108-46b6-ecef-6aacd3b9ef3f,080b069b-5108-46b6-d3b3-1da0a1f39b8f,SNOMED-CT,160904001,Part-time employment (finding)
2017-01-10,2017-01-10,080b069b-5108-46b6-ecef-6aacd3b9ef3f,080b069b-5108-46b6-f071-7a4b07253626,SNOMED-CT,314529007,Medication review due (situation)
2017-01-11,2019-01-23,080b069b-5108-46b6-ecef-6aacd3b9ef3f,080b069b-5108-46b6-f071-7a4b07253626,SNOMED-CT,160903007,Full-time employment (finding)
2017-01-11,2018-01-17,080b069b-5108-46b6-ecef-6aacd3b9ef3f,080b069b-5108-46b6-f071-7a4b07253626,SNOMED-CT,73595000,Stress (finding)
2017-07-24,2017-08-14,080b069b-5108-46b6-ecef-6aacd3b9ef3f,080b069b-5108-46b6-9336-f563c7f77d7d,SNOMED-CT,444814009,Viral sinusitis (disorder)
2018-01-16,2018-01-16,080b069b-5108-46b6-ecef-6aacd3b9ef3f,080b069b-5108-46b6-4d25-70bf998824a1,SNOMED-CT,314529007,Medication review due (situation)
2018-10-22,2018-11-07,080b069b-5108-46b6-ecef-6aacd3b9ef3f,080b069b-5108-46b6-9add-b7de8ebb047e,SNOMED-CT,10509002,Acute bronchitis (disorder)
2016-03-10,2017-03-16,5c39a9da-6fb0-3cbb-0181-add875529d46,5c39a9da-6fb0-3cbb-b481-bb33128c04e5,SNOMED-CT,314529007,Medication review due (situation)
2016-10-23,2016-11-30,5c39a9da-6fb0-3cbb-0181-add875529d46,5c39a9da-6fb0-3cbb-37d5-b6d844f642e3,SNOMED-CT,125605004,Fracture of bone (disorder)
2016-10-23,2016-11-30,5c39a9da-6fb0-3cbb-0181-add875529d46,5c39a9da-6fb0-3cbb-37d5-b6d844f642e3,SNOMED-CT,65966004,Fracture of forearm (disorder)
2017-12-26,2018-01-07,5c39a9da-6fb0-3cbb-0181-add875529d46,5c39a9da-6fb0-3cbb-1e95-795048368c77,SNOMED-CT,43878008,Streptococcal sore throat (disorder)
2018-01-04,2022-04-07,5c39a9da-6fb0-3cbb-0181-add875529d46,5c39a9da-6fb0-3cbb-1fec-3cad5ad19812,SNOMED-CT,314529007,Medication review due (situation)
2019-01-22,2019-01-22,080b069b-5108-46b6-ecef-6aacd3b9ef3f,080b069b-5108-46b6-8737-eb303fc94271,SNOMED-CT,314529007,Medication review due (situation)
2019-01-22,,080b069b-5108-46b6-ecef-6aacd3b9ef3f,080b069b-5108-46b6-8737-eb303fc94271,SNOMED-CT,414545008,Ischemic heart disease (disorder)
2019-01-23,2019-12-11,080b069b-5108-46b6-ecef-6aacd3b9ef3f,080b069b-5108-46b6-8737-eb303fc94271,SNOMED-CT,73438004,Unemployed (finding)
2018-01-11,2018-01-11,5c39a9da-6fb0-3cbb-0181-add875529d46,5c39a9da-6fb0-3cbb-25c7-d75f3aa15704,SNOMED-CT,109570002,Primary dental caries (disorder)
2019-01-31,,080b069b-5108-46b6-ecef-6aacd3b9ef3f,080b069b-5108-46b6-1d03-7ab5d3f7316c,SNOMED-CT,274531002,Abnormal findings diagnostic imaging heart+coronary circulat (finding)
2019-02-07,,080b069b-5108-46b6-ecef-6aacd3b9ef3f,080b069b-5108-46b6-11b8-d6e69a46c749,SNOMED-CT,399261000,History of coronary artery bypass grafting (situation)
2020-03-12,2020-03-21,5c39a9da-6fb0-3cbb-0181-add875529d46,5c39a9da-6fb0-3cbb-6e22-259df9e9e019,SNOMED-CT,444814009,Viral sinusitis (disorder)
2020-04-09,2020-04-09,5c39a9da-6fb0-3cbb-0181-add875529d46,5c39a9da-6fb0-3cbb-f41b-ca0f497f625e,SNOMED-CT,109570002,Primary dental caries (disorder)
2019-12-02,2019-12-16,080b069b-5108-46b6-ecef-6aacd3b9ef3f,080b069b-5108-46b6-966b-63c53473bedd,SNOMED-CT,195662009,Acute viral pharyngitis (disorder)
2019-12-10,2020-01-28,080b069b-5108-46b6-ecef-6aacd3b9ef3f,080b069b-5108-46b6-53e8-542c6d0d941c,SNOMED-CT,314529007,Medication review due (situation)
2019-12-11,2020-01-29,080b069b-5108-46b6-ecef-6aacd3b9ef3f,080b069b-5108-46b6-53e8-542c6d0d941c,SNOMED-CT,160904001,Part-time employment (finding)
2020-01-29,2023-02-15,080b069b-5108-46b6-ecef-6aacd3b9ef3f,080b069b-5108-46b6-1689-ebbf1c1d54a4,SNOMED-CT,160903007,Full-time employment (finding)
2020-01-29,2021-02-02,080b069b-5108-46b6-ecef-6aacd3b9ef3f,080b069b-5108-46b6-1689-ebbf1c1d54a4,SNOMED-CT,423315002,Limited social contact (finding)
2020-01-29,2020-02-12,080b069b-5108-46b6-ecef-6aacd3b9ef3f,080b069b-5108-46b6-1689-ebbf1c1d54a4,SNOMED-CT,66383009,Gingivitis (disorder)
2020-02-12,2020-02-12,080b069b-5108-46b6-ecef-6aacd3b9ef3f,080b069b-5108-46b6-edb0-161cb81647f2,SNOMED-CT,18718003,Gingival disease (disorder)
2020-02-12,2020-02-12,080b069b-5108-46b6-ecef-6aacd3b9ef3f,080b069b-5108-46b6-edb0-161cb81647f2,SNOMED-CT,109570002,Primary dental caries (disorder)
2021-02-02,2022-02-08,080b069b-5108-46b6-ecef-6aacd3b9ef3f,080b069b-5108-46b6-4e5e-07b57dd35af5,SNOMED-CT,314529007,Medication review due (situation)
2021-02-02,2022-02-08,080b069b-5108-46b6-ecef-6aacd3b9ef3f,080b069b-5108-46b6-4e5e-07b57dd35af5,SNOMED-CT,73595000,Stress (finding)
2021-02-03,,080b069b-5108-46b6-ecef-6aacd3b9ef3f,080b069b-5108-46b6-4e5e-07b57dd35af5,SNOMED-CT,706893006,Victim of intimate partner abuse (finding)
2021-02-03,2021-02-17,080b069b-5108-46b6-ecef-6aacd3b9ef3f,080b069b-5108-46b6-4e5e-07b57dd35af5,SNOMED-CT,66383009,Gingivitis (disorder)
2022-01-26,2022-02-08,080b069b-5108-46b6-ecef-6aacd3b9ef3f,080b069b-5108-46b6-c9d0-30315ea43d3a,SNOMED-CT,444814009,Viral sinusitis (disorder)
2022-05-15,2022-05-22,080b069b-5108-46b6-ecef-6aacd3b9ef3f,080b069b-5108-46b6-f61c-c28dba7cd13b,SNOMED-CT,75498004,Acute bacterial sinusitis (disorder)
2023-02-14,2024-02-20,080b069b-5108-46b6-ecef-6aacd3b9ef3f,080b069b-5108-46b6-8ec3-8261b73d47ab,SNOMED-CT,314529007,Medication review due (situation)
2023-02-15,2025-02-26,080b069b-5108-46b6-ecef-6aacd3b9ef3f,080b069b-5108-46b6-8ec3-8261b73d47ab,SNOMED-CT,73438004,Unemployed (finding)
2023-02-15,2025-02-26,080b069b-5108-46b6-ecef-6aacd3b9ef3f,080b069b-5108-46b6-8ec3-8261b73d47ab,SNOMED-CT,73595000,Stress (finding)
2024-02-20,2025-02-26,080b069b-5108-46b6-ecef-6aacd3b9ef3f,080b069b-5108-46b6-50b7-ea13d11c6aee,SNOMED-CT,423315002,Limited social contact (finding)
2025-02-25,2026-03-03,080b069b-5108-46b6-ecef-6aacd3b9ef3f,080b069b-5108-46b6-576a-a4c6f899fcb1,SNOMED-CT,314529007,Medication review due (situation)
2025-02-26,2026-03-03,080b069b-5108-46b6-ecef-6aacd3b9ef3f,080b069b-5108-46b6-576a-a4c6f899fcb1,SNOMED-CT,160904001,Part-time employment (finding)
2026-03-03,,080b069b-5108-46b6-ecef-6aacd3b9ef3f,080b069b-5108-46b6-f007-537fb2217fb7,SNOMED-CT,160903007,Full-time employment (finding)
2026-03-03,,080b069b-5108-46b6-ecef-6aacd3b9ef3f,080b069b-5108-46b6-f007-537fb2217fb7,SNOMED-CT,423315002,Limited social contact (finding)
2021-05-24,,5c39a9da-6fb0-3cbb-0181-add875529d46,5c39a9da-6fb0-3cbb-c165-3e7b5a738eb8,SNOMED-CT,203646004,Adolescent idiopathic scoliosis (disorder)
2023-04-13,2023-04-13,5c39a9da-6fb0-3cbb-0181-add875529d46,5c39a9da-6fb0-3cbb-8894-f8b38e05a6f3,SNOMED-CT,314529007,Medication review due (situation)
2024-04-18,2025-04-24,5c39a9da-6fb0-3cbb-0181-add875529d46,5c39a9da-6fb0-3cbb-65e2-567da565db60,SNOMED-CT,314529007,Medication review due (situation)
2026-04-09,2026-04-09,5c39a9da-6fb0-3cbb-0181-add875529d46,5c39a9da-6fb0-3cbb-2dcf-109f77e14b4c,SNOMED-CT,314529007,Medication review due (situation)
2026-04-16,2026-04-30,5c39a9da-6fb0-3cbb-0181-add875529d46,5c39a9da-6fb0-3cbb-40de-3c9ecec2d17d,SNOMED-CT,10509002,Acute bronchitis (disorder)
2026-04-30,,5c39a9da-6fb0-3cbb-0181-add875529d46,5c39a9da-6fb0-3cbb-b067-93f756dd7f75,SNOMED-CT,314529007,Medication review due (situation)
1943-11-12,,f999ef25-a612-87c9-206f-aacc9d469dc8,f999ef25-a612-87c9-adb6-4c6a1f256442,SNOMED-CT,473461003,Educated to high school level (finding)
1951-09-03,,f999ef25-a612-87c9-206f-aacc9d469dc8,f999ef25-a612-87c9-f1be-46d6d6548d89,SNOMED-CT,267020005,History of tubal ligation (situation)
1956-11-30,,f999ef25-a612-87c9-206f-aacc9d469dc8,f999ef25-a612-87c9-1282-64591bcc2ab8,SNOMED-CT,59621000,Essential hypertension (disorder)
1961-12-29,,f999ef25-a612-87c9-206f-aacc9d469dc8,f999ef25-a612-87c9-9388-1fc07aa9ba34,SNOMED-CT,714628002,Prediabetes (finding)
1967-01-06,,f999ef25-a612-87c9-206f-aacc9d469dc8,f999ef25-a612-87c9-874c-88a213323207,SNOMED-CT,127013003,Disorder of kidney due to diabetes mellitus (disorder)
1967-09-15,,f999ef25-a612-87c9-206f-aacc9d469dc8,f999ef25-a612-87c9-8a71-8a34ab3466f4,SNOMED-CT,55822004,Hyperlipidemia (disorder)
1971-02-26,,f999ef25-a612-87c9-206f-aacc9d469dc8,f999ef25-a612-87c9-a618-6b434e35ee7e,SNOMED-CT,162864005,Body mass index 30+ - obesity (finding)
1973-03-09,,f999ef25-a612-87c9-206f-aacc9d469dc8,f999ef25-a612-87c9-c122-d00dab2c6055,SNOMED-CT,237602007,Metabolic syndrome X (disorder)
1973-08-31,,f999ef25-a612-87c9-206f-aacc9d469dc8,f999ef25-a612-87c9-bb1a-5d00f0000c47,SNOMED-CT,90781000119102,Microalbuminuria due to type 2 diabetes mellitus (disorder)
1973-08-31,,f999ef25-a612-87c9-206f-aacc9d469dc8,f999ef25-a612-87c9-bb1a-5d00f0000c47,SNOMED-CT,157141000119108,Proteinuria due to type 2 diabetes mellitus (disorder)
1974-04-12,,f999ef25-a612-87c9-206f-aacc9d469dc8,f999ef25-a612-87c9-bff7-c9062a5dad3f,SNOMED-CT,37320007,Loss of teeth (disorder)
1989-01-06,,f999ef25-a612-87c9-206f-aacc9d469dc8,f999ef25-a612-87c9-6883-72d12b71db65,SNOMED-CT,161665007,History of renal transplant (situation)
1990-04-05,,f999ef25-a612-87c9-206f-aacc9d469dc8,f999ef25-a612-87c9-080c-48b17ae1cb4c,SNOMED-CT,124171000119105,Chronic intractable migraine without aura (disorder)
1990-05-19,,f999ef25-a612-87c9-206f-aacc9d469dc8,f999ef25-a612-87c9-c919-a3ff466d4005,SNOMED-CT,82423001,Chronic pain (finding)
1990-07-06,,f999ef25-a612-87c9-206f-aacc9d469dc8,f999ef25-a612-87c9-fc95-95e397976070,SNOMED-CT,196416002,Impacted molars (disorder)
1997-07-25,,f999ef25-a612-87c9-206f-aacc9d469dc8,f999ef25-a612-87c9-1fc8-b2e2cb3db7cb,SNOMED-CT,266948004,Has a criminal record (finding)
2001-09-25,,f999ef25-a612-87c9-206f-aacc9d469dc8,f999ef25-a612-87c9-cea5-921525bcd854,SNOMED-CT,6525002,Dependent drug abuse (disorder)
2004-09-03,,f999ef25-a612-87c9-206f-aacc9d469dc8,f999ef25-a612-87c9-3195-4d78e81a65ed,SNOMED-CT,423315002,Limited social contact (finding)
2005-09-09,2008-11-14,f999ef25-a612-87c9-206f-aacc9d469dc8,f999ef25-a612-87c9-7964-25c09b5849ba,SNOMED-CT,422650009,Social isolation (finding)
2006-09-15,,f999ef25-a612-87c9-206f-aacc9d469dc8,f999ef25-a612-87c9-3c57-794556c8361d,SNOMED-CT,414545008,Ischemic heart disease (disorder)
2006-09-22,,f999ef25-a612-87c9-206f-aacc9d469dc8,f999ef25-a612-87c9-f1ab-858d49078b55,SNOMED-CT,274531002,Abnormal findings diagnostic imaging heart+coronary circulat (finding)
2007-09-21,2008-03-21,f999ef25-a612-87c9-206f-aacc9d469dc8,f999ef25-a612-87c9-d1b8-cc8d93aaeeea,SNOMED-CT,73438004,Unemployed (finding)
2008-03-21,2008-03-21,f999ef25-a612-87c9-206f-aacc9d469dc8,f999ef25-a612-87c9-78cc-65b1f6ab7486,SNOMED-CT,314529007,Medication review due (situation)
2008-03-21,2008-04-04,f999ef25-a612-87c9-206f-aacc9d469dc8,f999ef25-a612-87c9-78cc-65b1f6ab7486,SNOMED-CT,160904001,Part-time employment (finding)
2008-03-21,2008-05-02,f999ef25-a612-87c9-206f-aacc9d469dc8,f999ef25-a612-87c9-78cc-65b1f6ab7486,SNOMED-CT,73595000,Stress (finding)
2008-03-28,2008-04-11,f999ef25-a612-87c9-206f-aacc9d469dc8,f999ef25-a612-87c9-288a-2a8a1e9e4087,SNOMED-CT,314529007,Medication review due (situation)
2008-04-04,2008-05-02,f999ef25-a612-87c9-206f-aacc9d469dc8,f999ef25-a612-87c9-544e-7d429a65ae7f,SNOMED-CT,741062008,Not in labor force (finding)
1983-09-01,,6aed9210-c500-4375-b0fc-3374c40b8591,6aed9210-c500-4375-e2d3-0d85b1c26252,SNOMED-CT,224299000,Received higher education (finding)
1999-09-23,,6aed9210-c500-4375-b0fc-3374c40b8591,6aed9210-c500-4375-226c-a28bb8199a26,SNOMED-CT,162864005,Body mass index 30+ - obesity (finding)
1999-09-23,,6aed9210-c500-4375-b0fc-3374c40b8591,6aed9210-c500-4375-226c-a28bb8199a26,SNOMED-CT,422650009,Social isolation (finding)
2007-05-29,,6aed9210-c500-4375-b0fc-3374c40b8591,6aed9210-c500-4375-d380-10f15aa4669c,SNOMED-CT,91302008,Sepsis (disorder)
2007-07-19,,6aed9210-c500-4375-b0fc-3374c40b8591,6aed9210-c500-4375-8da3-8ff2cc018ffe,SNOMED-CT,714628002,Prediabetes (finding)
2007-07-19,,6aed9210-c500-4375-b0fc-3374c40b8591,6aed9210-c500-4375-8da3-8ff2cc018ffe,SNOMED-CT,271737000,Anemia (disorder)
2013-08-01,2020-08-06,6aed9210-c500-4375-b0fc-3374c40b8591,6aed9210-c500-4375-c556-a23aa279c0ad,SNOMED-CT,160903007,Full-time employment (finding)
2016-07-14,2017-07-20,6aed9210-c500-4375-b0fc-3374c40b8591,6aed9210-c500-4375-7976-ce781796634a,SNOMED-CT,314529007,Medication review due (situation)
2016-07-14,2017-07-20,6aed9210-c500-4375-b0fc-3374c40b8591,6aed9210-c500-4375-7976-ce781796634a,SNOMED-CT,423315002,Limited social contact (finding)
2016-07-14,2018-07-26,6aed9210-c500-4375-b0fc-3374c40b8591,6aed9210-c500-4375-7976-ce781796634a,SNOMED-CT,73595000,Stress (finding)
2018-07-26,2020-08-06,6aed9210-c500-4375-b0fc-3374c40b8591,6aed9210-c500-4375-ed3f-ed628b161286,SNOMED-CT,314529007,Medication review due (situation)
2018-07-26,2023-08-24,6aed9210-c500-4375-b0fc-3374c40b8591,6aed9210-c500-4375-ed3f-ed628b161286,SNOMED-CT,423315002,Limited social contact (finding)
2018-07-26,2022-02-10,6aed9210-c500-4375-b0fc-3374c40b8591,6aed9210-c500-4375-ed3f-ed628b161286,SNOMED-CT,80583007,Severe anxiety (panic) (finding)
2019-08-01,2022-02-10,6aed9210-c500-4375-b0fc-3374c40b8591,6aed9210-c500-4375-308c-8f4e665e1a1a,SNOMED-CT,73595000,Stress (finding)
2019-11-29,2019-12-13,6aed9210-c500-4375-b0fc-3374c40b8591,6aed9210-c500-4375-c2c7-c78280de58bf,SNOMED-CT,444814009,Viral sinusitis (disorder)
2020-08-06,2021-08-12,6aed9210-c500-4375-b0fc-3374c40b8591,6aed9210-c500-4375-6edf-31f5793268c6,SNOMED-CT,160904001,Part-time employment (finding)
2021-08-12,2022-08-18,6aed9210-c500-4375-b0fc-3374c40b8591,6aed9210-c500-4375-972e-6acaee9b12b5,SNOMED-CT,314529007,Medication review due (situation)
2021-08-12,2022-08-18,6aed9210-c500-4375-b0fc-3374c40b8591,6aed9210-c500-4375-972e-6acaee9b12b5,SNOMED-CT,160903007,Full-time employment (finding)
2021-08-12,2022-02-10,6aed9210-c500-4375-b0fc-3374c40b8591,6aed9210-c500-4375-972e-6acaee9b12b5,SNOMED-CT,706893006,Victim of intimate partner abuse (finding)
2008-04-18,2008-04-18,f999ef25-a612-87c9-206f-aacc9d469dc8,f999ef25-a612-87c9-1533-ee20305b05be,SNOMED-CT,109570002,Primary dental caries (disorder)
2008-04-25,2008-05-08,f999ef25-a612-87c9-206f-aacc9d469dc8,f999ef25-a612-87c9-f573-0687ad41138a,SNOMED-CT,195662009,Acute viral pharyngitis (disorder)
2008-05-02,2008-11-14,f999ef25-a612-87c9-206f-aacc9d469dc8,f999ef25-a612-87c9-8a76-b5735c48ee06,SNOMED-CT,314529007,Medication review due (situation)
2008-05-02,2014-01-03,f999ef25-a612-87c9-206f-aacc9d469dc8,f999ef25-a612-87c9-8a76-b5735c48ee06,SNOMED-CT,160903007,Full-time employment (finding)
2008-09-26,2008-11-14,f999ef25-a612-87c9-206f-aacc9d469dc8,f999ef25-a612-87c9-1f4f-7c2b931caba2,SNOMED-CT,73595000,Stress (finding)
2008-11-21,2010-12-10,f999ef25-a612-87c9-206f-aacc9d469dc8,f999ef25-a612-87c9-4c7f-67cee79addde,SNOMED-CT,314529007,Medication review due (situation)
2008-11-28,2016-01-15,f999ef25-a612-87c9-206f-aacc9d469dc8,f999ef25-a612-87c9-2278-dd98979599e3,SNOMED-CT,422650009,Social isolation (finding)
2008-11-28,2010-12-10,f999ef25-a612-87c9-206f-aacc9d469dc8,f999ef25-a612-87c9-2278-dd98979599e3,SNOMED-CT,73595000,Stress (finding)
2008-11-28,2008-12-19,f999ef25-a612-87c9-206f-aacc9d469dc8,f999ef25-a612-87c9-2278-dd98979599e3,SNOMED-CT,66383009,Gingivitis (disorder)
2008-12-12,2008-12-22,f999ef25-a612-87c9-206f-aacc9d469dc8,f999ef25-a612-87c9-d14f-f5b4ea77c2cf,SNOMED-CT,43878008,Streptococcal sore throat (disorder)
2010-05-01,,f999ef25-a612-87c9-206f-aacc9d469dc8,f999ef25-a612-87c9-f9c3-ec4d2518a7ac,SNOMED-CT,88805009,Chronic congestive heart failure (disorder)
2010-05-29,2010-07-18,f999ef25-a612-87c9-206f-aacc9d469dc8,f999ef25-a612-87c9-0eaf-1633b674b88e,SNOMED-CT,90460009,Injury of neck (disorder)
2010-05-29,2010-07-18,f999ef25-a612-87c9-206f-aacc9d469dc8,f999ef25-a612-87c9-0eaf-1633b674b88e,SNOMED-CT,39848009,Whiplash injury to neck (disorder)
2021-08-26,2021-08-26,6aed9210-c500-4375-b0fc-3374c40b8591,6aed9210-c500-4375-a274-e87c93b69901,SNOMED-CT,427898007,Infection of tooth (disorder)
2022-02-02,2022-02-22,6aed9210-c500-4375-b0fc-3374c40b8591,6aed9210-c500-4375-eb38-25ab0cf7708d,SNOMED-CT,10509002,Acute bronchitis (disorder)
2022-08-18,2025-09-04,6aed9210-c500-4375-b0fc-3374c40b8591,6aed9210-c500-4375-c027-5450afebf1b2,SNOMED-CT,160904001,Part-time employment (finding)
2022-08-18,2026-09-10,6aed9210-c500-4375-b0fc-3374c40b8591,6aed9210-c500-4375-c027-5450afebf1b2,SNOMED-CT,73595000,Stress (finding)
2023-08-24,2023-08-24,6aed9210-c500-4375-b0fc-3374c40b8591,6aed9210-c500-4375-0de1-d13e4c9e232b,SNOMED-CT,314529007,Medication review due (situation)
2011-11-13,2011-11-14,f999ef25-a612-87c9-206f-aacc9d469dc8,f999ef25-a612-87c9-e6c1-442aed2396c7,SNOMED-CT,1149222004,Overdose (disorder)
2024-08-29,2026-09-10,6aed9210-c500-4375-b0fc-3374c40b8591,6aed9210-c500-4375-666f-517070946714,SNOMED-CT,314529007,Medication review due (situation)
2024-08-29,2026-09-10,6aed9210-c500-4375-b0fc-3374c40b8591,6aed9210-c500-4375-666f-517070946714,SNOMED-CT,423315002,Limited social contact (finding)
2011-12-16,2012-10-05,f999ef25-a612-87c9-206f-aacc9d469dc8,f999ef25-a612-87c9-c3c8-42ee780b0fe4,SNOMED-CT,314529007,Medication review due (situation)
2011-12-16,2012-10-05,f999ef25-a612-87c9-206f-aacc9d469dc8,f999ef25-a612-87c9-c3c8-42ee780b0fe4,SNOMED-CT,424393004,Reports of violence in the environment (finding)
2025-09-04,2026-09-10,6aed9210-c500-4375-b0fc-3374c40b8591,6aed9210-c500-4375-4f75-a4efa80c3355,SNOMED-CT,160903007,Full-time employment (finding)
2012-09-26,2012-10-09,f999ef25-a612-87c9-206f-aacc9d469dc8,f999ef25-a612-87c9-68e8-ff4754e50cfc,SNOMED-CT,10509002,Acute bronchitis (disorder)
2026-09-10,,6aed9210-c500-4375-b0fc-3374c40b8591,6aed9210-c500-4375-9bf9-c43e9e3e04bc,SNOMED-CT,44054006,Diabetes mellitus type 2 (disorder)
2026-09-10,,6aed9210-c500-4375-b0fc-3374c40b8591,6aed9210-c500-4375-9bf9-c43e9e3e04bc,SNOMED-CT,160904001,Part-time employment (finding)
2026-09-10,2026-09-24,6aed9210-c500-4375-b0fc-3374c40b8591,6aed9210-c500-4375-9bf9-c43e9e3e04bc,SNOMED-CT,66383009,Gingivitis (disorder)
2012-10-05,2013-12-06,f999ef25-a612-87c9-206f-aacc9d469dc8,f999ef25-a612-87c9-e8d7-45d3a95d2010,SNOMED-CT,73595000,Stress (finding)
2012-10-12,2012-10-12,f999ef25-a612-87c9-206f-aacc9d469dc8,f999ef25-a612-87c9-9002-6eb18cb083e3,SNOMED-CT,314529007,Medication review due (situation)
2012-12-21,2012-12-21,f999ef25-a612-87c9-206f-aacc9d469dc8,f999ef25-a612-87c9-9d43-159abc201b00,SNOMED-CT,314529007,Medication review due (situation)
2012-12-21,2013-12-06,f999ef25-a612-87c9-206f-aacc9d469dc8,f999ef25-a612-87c9-9d43-159abc201b00,SNOMED-CT,706893006,Victim of intimate partner abuse (finding)
2013-12-06,2013-12-06,f999ef25-a612-87c9-206f-aacc9d469dc8,f999ef25-a612-87c9-be0c-01177c504f2b,SNOMED-CT,314529007,Medication review due (situation)
2013-12-13,2013-12-13,f999ef25-a612-87c9-206f-aacc9d469dc8,f999ef25-a612-87c9-0644-27b10557bbe5,SNOMED-CT,314529007,Medication review due (situation)
2013-12-27,2014-01-03,f999ef25-a612-87c9-206f-aacc9d469dc8,f999ef25-a612-87c9-0655-df8a95604689,SNOMED-CT,195662009,Acute viral pharyngitis (disorder)
2014-01-03,2015-01-09,f999ef25-a612-87c9-206f-aacc9d469dc8,f999ef25-a612-87c9-7361-49b591301c5b,SNOMED-CT,314529007,Medication review due (situation)
2014-01-03,2015-01-09,f999ef25-a612-87c9-206f-aacc9d469dc8,f999ef25-a612-87c9-7361-49b591301c5b,SNOMED-CT,741062008,Not in labor force (finding)
2014-01-03,2014-01-17,f999ef25-a612-87c9-206f-aacc9d469dc8,f999ef25-a612-87c9-7361-49b591301c5b,SNOMED-CT,66383009,Gingivitis (disorder)
2014-01-17,2014-01-17,f999ef25-a612-87c9-206f-aacc9d469dc8,f999ef25-a612-87c9-20ee-5c6bb0d8ae7f,SNOMED-CT,278598003,Leaking dental filling (finding)
2014-02-02,,f999ef25-a612-87c9-206f-aacc9d469dc8,f999ef25-a612-87c9-1084-94a6aea389dc,SNOMED-CT,278860009,Chronic low back pain (finding)
2014-02-02,,f999ef25-a612-87c9-206f-aacc9d469dc8,f999ef25-a612-87c9-1084-94a6aea389dc,SNOMED-CT,1121000119107,Chronic neck pain (finding)
2014-12-26,2015-01-18,f999ef25-a612-87c9-206f-aacc9d469dc8,f999ef25-a612-87c9-1272-251e0585e9e4,SNOMED-CT,384709000,Sprain (morphologic abnormality)
2014-12-26,2015-01-18,f999ef25-a612-87c9-206f-aacc9d469dc8,f999ef25-a612-87c9-1272-251e0585e9e4,SNOMED-CT,44465007,Sprain of ankle (disorder)
2015-01-09,2017-01-20,f999ef25-a612-87c9-206f-aacc9d469dc8,f999ef25-a612-87c9-6c40-1401e40393d8,SNOMED-CT,160903007,Full-time employment (finding)
2013-11-27,2017-06-21,79021b82-f370-50bb-c5a1-7333816d683f,79021b82-f370-50bb-1ab1-7cae4aa78c2a,SNOMED-CT,314529007,Medication review due (situation)
2015-07-26,,79021b82-f370-50bb-c5a1-7333816d683f,79021b82-f370-50bb-0a27-db4337914dd1,SNOMED-CT,233678006,Childhood asthma (disorder)
2016-10-04,2016-10-11,79021b82-f370-50bb-c5a1-7333816d683f,79021b82-f370-50bb-beca-838a7e950abb,SNOMED-CT,195662009,Acute viral pharyngitis (disorder)
2017-02-27,2017-06-21,79021b82-f370-50bb-c5a1-7333816d683f,79021b82-f370-50bb-0183-031581a46e34,SNOMED-CT,65363002,Otitis media (disorder)
2017-06-10,2017-06-18,79021b82-f370-50bb-c5a1-7333816d683f,79021b82-f370-50bb-48b9-ef13e6f98636,SNOMED-CT,43878008,Streptococcal sore throat (disorder)
2018-02-28,2019-10-23,79021b82-f370-50bb-c5a1-7333816d683f,79021b82-f370-50bb-d8dd-61867d73dfb2,SNOMED-CT,314529007,Medication review due (situation)
2018-03-07,2018-03-07,79021b82-f370-50bb-c5a1-7333816d683f,79021b82-f370-50bb-c4a4-8f42cb3eea9d,SNOMED-CT,109570002,Primary dental caries (disorder)
2015-01-29,2015-02-15,f999ef25-a612-87c9-206f-aacc9d469dc8,f999ef25-a612-87c9-9159-eb2bfd87a86a,SNOMED-CT,10509002,Acute bronchitis (disorder)
2018-12-17,,79021b82-f370-50bb-c5a1-7333816d683f,79021b82-f370-50bb-1414-02f00d8a4053,SNOMED-CT,446096008,Perennial allergic rhinitis (disorder)
2019-10-30,2019-11-06,79021b82-f370-50bb-c5a1-7333816d683f,79021b82-f370-50bb-8095-9b30e2bf7d0a,SNOMED-CT,314529007,Medication review due (situation)
2015-02-06,2015-02-06,f999ef25-a612-87c9-206f-aacc9d469dc8,f999ef25-a612-87c9-b4eb-69604ae0ce30,SNOMED-CT,314529007,Medication review due (situation)
2019-11-13,2019-11-13,79021b82-f370-50bb-c5a1-7333816d683f,79021b82-f370-50bb-ca79-98b830d92723,SNOMED-CT,314529007,Medication review due (situation)
2015-02-13,2016-01-15,f999ef25-a612-87c9-206f-aacc9d469dc8,f999ef25-a612-87c9-dba7-7fbc0cd44ff4,SNOMED-CT,314529007,Medication review due (situation)
2015-02-20,2016-01-15,f999ef25-a612-87c9-206f-aacc9d469dc8,f999ef25-a612-87c9-ed1b-c863760f0c77,SNOMED-CT,73595000,Stress (finding)
2015-02-20,,f999ef25-a612-87c9-206f-aacc9d469dc8,f999ef25-a612-87c9-ed1b-c863760f0c77,SNOMED-CT,80583007,Severe anxiety (panic) (finding)
2015-06-21,2015-06-22,f999ef25-a612-87c9-206f-aacc9d469dc8,f999ef25-a612-87c9-b198-677b063d3d98,SNOMED-CT,1149222004,Overdose (disorder)
2016-01-15,2016-01-29,f999ef25-a612-87c9-206f-aacc9d469dc8,f999ef25-a612-87c9-7556-d976bb49dbe9,SNOMED-CT,66383009,Gingivitis (disorder)
2019-11-20,2019-12-06,79021b82-f370-50bb-c5a1-7333816d683f,79021b82-f370-50bb-2eb0-312e93dd0bb5,SNOMED-CT,10509002,Acute bronchitis (disorder)
2020-03-11,2020-03-11,79021b82-f370-50bb-c5a1-7333816d683f,79021b82-f370-50bb-ba17-9f925e542fc0,SNOMED-CT,314529007,Medication review due (situation)
2021-03-17,2024-06-05,79021b82-f370-50bb-c5a1-7333816d683f,79021b82-f370-50bb-16e0-ed172c5aefe8,SNOMED-CT,314529007,Medication review due (situation)
2017-01-20,2017-01-20,f999ef25-a612-87c9-206f-aacc9d469dc8,f999ef25-a612-87c9-0c51-928f3d8517f8,SNOMED-CT,314529007,Medication review due (situation)
2017-01-20,2018-01-26,f999ef25-a612-87c9-206f-aacc9d469dc8,f999ef25-a612-87c9-0c51-928f3d8517f8,SNOMED-CT,741062008,Not in labor force (finding)
2017-01-20,2018-01-26,f999ef25-a612-87c9-206f-aacc9d469dc8,f999ef25-a612-87c9-0c51-928f3d8517f8,SNOMED-CT,422650009,Social isolation (finding)
2017-01-20,,f999ef25-a612-87c9-206f-aacc9d469dc8,f999ef25-a612-87c9-0c51-928f3d8517f8,SNOMED-CT,73595000,Stress (finding)
2021-05-12,2021-08-27,79021b82-f370-50bb-c5a1-7333816d683f,79021b82-f370-50bb-bca2-161993ffb2de,SNOMED-CT,192127007,Child attention deficit disorder (disorder)
2018-01-26,,f999ef25-a612-87c9-206f-aacc9d469dc8,f999ef25-a612-87c9-8545-5168285de4af,SNOMED-CT,314529007,Medication review due (situation)
2018-01-26,,f999ef25-a612-87c9-206f-aacc9d469dc8,f999ef25-a612-87c9-8545-5168285de4af,SNOMED-CT,160903007,Full-time employment (finding)
2018-01-26,2018-02-09,f999ef25-a612-87c9-206f-aacc9d469dc8,f999ef25-a612-87c9-8545-5168285de4af,SNOMED-CT,66383009,Gingivitis (disorder)
2015-06-04,2021-06-24,6f45f2e9-a617-570a-8867-dec1260088bb,6f45f2e9-a617-570a-4dde-54488dba77d2,SNOMED-CT,314529007,Medication review due (situation)
2023-04-05,2023-04-05,79021b82-f370-50bb-c5a1-7333816d683f,79021b82-f370-50bb-b221-3ff09cb23735,SNOMED-CT,278588009,Fractured dental filling (finding)
2024-06-19,2024-07-02,79021b82-f370-50bb-c5a1-7333816d683f,79021b82-f370-50bb-3302-d5bf226e9e5a,SNOMED-CT,444814009,Viral sinusitis (disorder)
2025-04-09,2025-04-09,79021b82-f370-50bb-c5a1-7333816d683f,79021b82-f370-50bb-9805-08e4a7e9acd8,SNOMED-CT,314529007,Medication review due (situation)
2018-02-09,2018-02-09,f999ef25-a612-87c9-206f-aacc9d469dc8,f999ef25-a612-87c9-8427-720246f9c210,SNOMED-CT,427898007,Infection of tooth (disorder)
2018-08-08,2018-08-22,6f45f2e9-a617-570a-8867-dec1260088bb,6f45f2e9-a617-570a-126b-38e7bcf52fc7,SNOMED-CT,444814009,Viral sinusitis (disorder)
2022-06-30,2022-06-30,6f45f2e9-a617-570a-8867-dec1260088bb,6f45f2e9-a617-570a-33bd-34d51f355e39,SNOMED-CT,314529007,Medication review due (situation)
2022-06-30,2022-07-07,6f45f2e9-a617-570a-8867-dec1260088bb,6f45f2e9-a617-570a-33bd-34d51f355e39,SNOMED-CT,66383009,Gingivitis (disorder)
2026-04-15,,79021b82-f370-50bb-c5a1-7333816d683f,79021b82-f370-50bb-de3f-fa4df86ce5cb,SNOMED-CT,314529007,Medication review due (situation)
2026-04-15,2026-04-29,79021b82-f370-50bb-c5a1-7333816d683f,79021b82-f370-50bb-de3f-fa4df86ce5cb,SNOMED-CT,66383009,Gingivitis (disorder)
2023-07-06,2023-07-06,6f45f2e9-a617-570a-8867-dec1260088bb,6f45f2e9-a617-570a-d11e-a68f575d91fc,SNOMED-CT,314529007,Medication review due (situation)
2023-10-22,2023-11-02,6f45f2e9-a617-570a-8867-dec1260088bb,6f45f2e9-a617-570a-4972-dd0fd9e1b2b3,SNOMED-CT,195662009,Acute viral pharyngitis (disorder)
2024-07-11,2025-07-17,6f45f2e9-a617-570a-8867-dec1260088bb,6f45f2e9-a617-570a-0d4a-189f070aff2c,SNOMED-CT,314529007,Medication review due (situation)
2026-07-23,,6f45f2e9-a617-570a-8867-dec1260088bb,6f45f2e9-a617-570a-c567-c9f7052a9865,SNOMED-CT,314529007,Medication review due (situation)
2026-08-06,2026-08-06,6f45f2e9-a617-570a-8867-dec1260088bb,6f45f2e9-a617-570a-6959-0318593324da,SNOMED-CT,18718003,Gingival disease (disorder)
2015-03-15,2018-04-01,26aa011e-0d75-d1a3-3c5a-560a9450cc9d,26aa011e-0d75-d1a3-e0e0-9d8c1eae9987,SNOMED-CT,314529007,Medication review due (situation)
2017-04-02,2017-04-02,26aa011e-0d75-d1a3-3c5a-560a9450cc9d,26aa011e-0d75-d1a3-6ac5-597cc4a0890a,SNOMED-CT,109570002,Primary dental caries (disorder)
2018-07-16,2018-07-26,26aa011e-0d75-d1a3-3c5a-560a9450cc9d,26aa011e-0d75-d1a3-62ff-a8ef966aa540,SNOMED-CT,195662009,Acute viral pharyngitis (disorder)
2019-01-04,2019-01-23,26aa011e-0d75-d1a3-3c5a-560a9450cc9d,26aa011e-0d75-d1a3-415f-d176c932a3b1,SNOMED-CT,384709000,Sprain (morphologic abnormality)
2019-01-04,2019-01-23,26aa011e-0d75-d1a3-3c5a-560a9450cc9d,26aa011e-0d75-d1a3-415f-d176c932a3b1,SNOMED-CT,44465007,Sprain of ankle (disorder)
2019-04-07,2020-04-12,26aa011e-0d75-d1a3-3c5a-560a9450cc9d,26aa011e-0d75-d1a3-7830-7d5a105075da,SNOMED-CT,314529007,Medication review due (situation)
2020-04-12,2020-04-19,26aa011e-0d75-d1a3-3c5a-560a9450cc9d,26aa011e-0d75-d1a3-1135-9d9a9011bde7,SNOMED-CT,66383009,Gingivitis (disorder)
2020-04-19,2020-04-19,26aa011e-0d75-d1a3-3c5a-560a9450cc9d,26aa011e-0d75-d1a3-78e9-3b686ff16eea,SNOMED-CT,109570002,Primary dental caries (disorder)
2021-04-18,2022-04-24,26aa011e-0d75-d1a3-3c5a-560a9450cc9d,26aa011e-0d75-d1a3-97b7-6896567e847a,SNOMED-CT,314529007,Medication review due (situation)
2022-03-05,2022-04-04,26aa011e-0d75-d1a3-3c5a-560a9450cc9d,26aa011e-0d75-d1a3-fc9f-f4b8e2fc482b,SNOMED-CT,48333001,Burn injury (morphologic abnormality)
2022-03-05,2022-04-04,26aa011e-0d75-d1a3-3c5a-560a9450cc9d,26aa011e-0d75-d1a3-fc9f-f4b8e2fc482b,SNOMED-CT,403190006,Epidermal burn of skin (disorder)
1972-05-01,,a2fb233f-60e0-b477-cd38-af3923f792a3,a2fb233f-60e0-b477-468d-35dcafe285ca,SNOMED-CT,127294003,Traumatic or nontraumatic brain injury (disorder)
1980-05-04,,a2fb233f-60e0-b477-cd38-af3923f792a3,a2fb233f-60e0-b477-4adb-015489838ed3,SNOMED-CT,105531004,Housing unsatisfactory (finding)
1980-05-04,,a2fb233f-60e0-b477-cd38-af3923f792a3,a2fb233f-60e0-b477-4adb-015489838ed3,SNOMED-CT,224299000,Received higher education (finding)
1999-05-30,,a2fb233f-60e0-b477-cd38-af3923f792a3,a2fb233f-60e0-b477-28ce-bb90776f9ff8,SNOMED-CT,714628002,Prediabetes (finding)
1999-05-30,,a2fb233f-60e0-b477-cd38-af3923f792a3,a2fb233f-60e0-b477-28ce-bb90776f9ff8,SNOMED-CT,162864005,Body mass index 30+ - obesity (finding)
2012-03-11,,a2fb233f-60e0-b477-cd38-af3923f792a3,a2fb233f-60e0-b477-32ba-1b3f5e536867,SNOMED-CT,423315002,Limited social contact (finding)
2013-03-17,2020-04-26,a2fb233f-60e0-b477-cd38-af3923f792a3,a2fb233f-60e0-b477-b7cc-ab4f99a91a17,SNOMED-CT,160903007,Full-time employment (finding)
2013-03-17,2026-05-31,a2fb233f-60e0-b477-cd38-af3923f792a3,a2fb233f-60e0-b477-b7cc-ab4f99a91a17,SNOMED-CT,422650009,Social isolation (finding)
2015-03-29,2017-04-09,a2fb233f-60e0-b477-cd38-af3923f792a3,a2fb233f-60e0-b477-91c7-771dd33b90a8,SNOMED-CT,73595000,Stress (finding)
2016-04-03,,a2fb233f-60e0-b477-cd38-af3923f792a3,a2fb233f-60e0-b477-0b1d-1c66f491b17e,SNOMED-CT,59621000,Essential hypertension (disorder)
2016-04-03,2017-04-09,a2fb233f-60e0-b477-cd38-af3923f792a3,a2fb233f-60e0-b477-0b1d-1c66f491b17e,SNOMED-CT,314529007,Medication review due (situation)
2018-04-15,2020-04-26,a2fb233f-60e0-b477-cd38-af3923f792a3,a2fb233f-60e0-b477-31d0-fffa7095c548,SNOMED-CT,314529007,Medication review due (situation)
2018-04-15,2019-04-21,a2fb233f-60e0-b477-cd38-af3923f792a3,a2fb233f-60e0-b477-31d0-fffa7095c548,SNOMED-CT,706893006,Victim of intimate partner abuse (finding)
2023-04-30,2024-05-05,26aa011e-0d75-d1a3-3c5a-560a9450cc9d,26aa011e-0d75-d1a3-3d4a-9e2ceeb63dc2,SNOMED-CT,314529007,Medication review due (situation)
2019-01-08,2019-01-31,a2fb233f-60e0-b477-cd38-af3923f792a3,a2fb233f-60e0-b477-4421-91c2b7854b3c,SNOMED-CT,444814009,Viral sinusitis (disorder)
2019-04-21,2020-04-26,a2fb233f-60e0-b477-cd38-af3923f792a3,a2fb233f-60e0-b477-a9d4-1c6549469d7e,SNOMED-CT,73595000,Stress (finding)
2014-12-26,,75d6a35c-c2e1-5b9f-e7f8-6a5b05af8fc8,75d6a35c-c2e1-5b9f-e4d6-693d1035b5be,SNOMED-CT,40055000,Chronic sinusitis (disorder)
2020-04-26,2021-05-02,a2fb233f-60e0-b477-cd38-af3923f792a3,a2fb233f-60e0-b477-952c-a51d9d0f33fe,SNOMED-CT,741062008,Not in labor force (finding)
2020-04-26,2021-05-02,a2fb233f-60e0-b477-cd38-af3923f792a3,a2fb233f-60e0-b477-952c-a51d9d0f33fe,SNOMED-CT,706893006,Victim of intimate partner abuse (finding)
2017-01-06,2017-01-06,75d6a35c-c2e1-5b9f-e7f8-6a5b05af8fc8,75d6a35c-c2e1-5b9f-e732-2efa21dfd7da,SNOMED-CT,314529007,Medication review due (situation)
2025-05-11,2026-07-19,26aa011e-0d75-d1a3-3c5a-560a9450cc9d,26aa011e-0d75-d1a3-33ac-19bcc8500b39,SNOMED-CT,314529007,Medication review due (situation)
2026-02-16,2026-02-25,26aa011e-0d75-d1a3-3c5a-560a9450cc9d,26aa011e-0d75-d1a3-c165-8b904776cd43,SNOMED-CT,43878008,Streptococcal sore throat (disorder)
2018-01-12,2018-01-12,75d6a35c-c2e1-5b9f-e7f8-6a5b05af8fc8,75d6a35c-c2e1-5b9f-d5ae-b7385ec834e7,SNOMED-CT,314529007,Medication review due (situation)
2026-05-17,2026-05-31,26aa011e-0d75-d1a3-3c5a-560a9450cc9d,26aa011e-0d75-d1a3-5816-8edc738fd7b1,SNOMED-CT,66383009,Gingivitis (disorder)
2021-05-02,2024-05-19,a2fb233f-60e0-b477-cd38-af3923f792a3,a2fb233f-60e0-b477-157b-76fc84dc78b6,SNOMED-CT,314529007,Medication review due (situation)
2021-05-02,2024-05-19,a2fb233f-60e0-b477-cd38-af3923f792a3,a2fb233f-60e0-b477-157b-76fc84dc78b6,SNOMED-CT,160903007,Full-time employment (finding)
2021-05-02,2022-05-08,a2fb233f-60e0-b477-cd38-af3923f792a3,a2fb233f-60e0-b477-157b-76fc84dc78b6,SNOMED-CT,73595000,Stress (finding)
2021-09-18,2021-09-20,a2fb233f-60e0-b477-cd38-af3923f792a3,a2fb233f-60e0-b477-157b-76fc84dc78b6,SNOMED-CT,307426000,Acute infective cystitis (disorder)
2018-08-06,2018-08-18,75d6a35c-c2e1-5b9f-e7f8-6a5b05af8fc8,75d6a35c-c2e1-5b9f-d203-3f6c12e5bdd8,SNOMED-CT,195662009,Acute viral pharyngitis (disorder)
2018-11-19,2018-11-29,75d6a35c-c2e1-5b9f-e7f8-6a5b05af8fc8,75d6a35c-c2e1-5b9f-f3bf-f66c3d9c4fe1,SNOMED-CT,195662009,Acute viral pharyngitis (disorder)
2026-07-12,2026-07-22,26aa011e-0d75-d1a3-3c5a-560a9450cc9d,26aa011e-0d75-d1a3-706f-107f651ee7ff,SNOMED-CT,10509002,Acute bronchitis (disorder)
2026-07-19,2026-08-02,26aa011e-0d75-d1a3-3c5a-560a9450cc9d,26aa011e-0d75-d1a3-9a41-99d58913cd4b,SNOMED-CT,66383009,Gingivitis (disorder)
2019-01-18,2023-02-10,75d6a35c-c2e1-5b9f-e7f8-6a5b05af8fc8,75d6a35c-c2e1-5b9f-33c1-8f457e074094,SNOMED-CT,314529007,Medication review due (situation)
2019-01-26,2019-01-26,75d6a35c-c2e1-5b9f-e7f8-6a5b05af8fc8,75d6a35c-c2e1-5b9f-3398-acba479b7d21,SNOMED-CT,109570002,Primary dental caries (disorder)
2020-02-01,2020-02-01,75d6a35c-c2e1-5b9f-e7f8-6a5b05af8fc8,75d6a35c-c2e1-5b9f-40a7-dcd718e11e58,SNOMED-CT,278602001,Loose dental filling (finding)
2020-05-09,2020-06-01,75d6a35c-c2e1-5b9f-e7f8-6a5b05af8fc8,75d6a35c-c2e1-5b9f-f8f9-abbe0ed4a100,SNOMED-CT,444814009,Viral sinusitis (disorder)
2024-02-16,2025-02-21,75d6a35c-c2e1-5b9f-e7f8-6a5b05af8fc8,75d6a35c-c2e1-5b9f-63b1-6658f6864650,SNOMED-CT,314529007,Medication review due (situation)
2024-02-16,2024-02-24,75d6a35c-c2e1-5b9f-e7f8-6a5b05af8fc8,75d6a35c-c2e1-5b9f-63b1-6658f6864650,SNOMED-CT,66383009,Gingivitis (disorder)
2023-05-14,2024-05-19,a2fb233f-60e0-b477-cd38-af3923f792a3,a2fb233f-60e0-b477-de5d-41f81a87b86a,SNOMED-CT,73595000,Stress (finding)
2024-02-24,2024-02-24,75d6a35c-c2e1-5b9f-e7f8-6a5b05af8fc8,75d6a35c-c2e1-5b9f-8289-8cf774c096c3,SNOMED-CT,427898007,Infection of tooth (disorder)
2023-12-25,,a2fb233f-60e0-b477-cd38-af3923f792a3,a2fb233f-60e0-b477-1a9a-bfc908ad1fee,SNOMED-CT,83664006,Idiopathic atrophic hypothyroidism (disorder)
2024-05-19,2025-05-25,a2fb233f-60e0-b477-cd38-af3923f792a3,a2fb233f-60e0-b477-07e5-19ad8fb5410e,SNOMED-CT,160904001,Part-time employment (finding)
2025-04-19,2025-12-21,a2fb233f-60e0-b477-cd38-af3923f792a3,a2fb233f-60e0-b477-07e5-19ad8fb5410e,SNOMED-CT,32911000,Homeless (finding)
2025-05-25,2025-12-21,a2fb233f-60e0-b477-cd38-af3923f792a3,a2fb233f-60e0-b477-20a7-597075510211,SNOMED-CT,314529007,Medication review due (situation)
2025-05-25,,a2fb233f-60e0-b477-cd38-af3923f792a3,a2fb233f-60e0-b477-20a7-597075510211,SNOMED-CT,160903007,Full-time employment (finding)
2025-05-25,,a2fb233f-60e0-b477-cd38-af3923f792a3,a2fb233f-60e0-b477-20a7-597075510211,SNOMED-CT,73595000,Stress (finding)
2025-04-02,2025-04-22,75d6a35c-c2e1-5b9f-e7f8-6a5b05af8fc8,75d6a35c-c2e1-5b9f-e5ce-505b5b9cc663,SNOMED-CT,10509002,Acute bronchitis (disorder)
2025-04-11,2025-04-18,75d6a35c-c2e1-5b9f-e7f8-6a5b05af8fc8,75d6a35c-c2e1-5b9f-3584-27f8fa0d8d8b,SNOMED-CT,314529007,Medication review due (situation)
2025-04-11,2025-04-26,75d6a35c-c2e1-5b9f-e7f8-6a5b05af8fc8,75d6a35c-c2e1-5b9f-3584-27f8fa0d8d8b,SNOMED-CT,66383009,Gingivitis (disorder)
2025-12-21,,a2fb233f-60e0-b477-cd38-af3923f792a3,a2fb233f-60e0-b477-e665-a02be3efa60e,SNOMED-CT,431855005,Chronic kidney disease stage 1 (disorder)
2025-12-21,,a2fb233f-60e0-b477-cd38-af3923f792a3,a2fb233f-60e0-b477-e665-a02be3efa60e,SNOMED-CT,127013003,Disorder of kidney due to diabetes mellitus (disorder)
2026-02-27,,75d6a35c-c2e1-5b9f-e7f8-6a5b05af8fc8,75d6a35c-c2e1-5b9f-4ce7-67288c5293bd,SNOMED-CT,314529007,Medication review due (situation)
2026-02-27,,75d6a35c-c2e1-5b9f-e7f8-6a5b05af8fc8,75d6a35c-c2e1-5b9f-4ce7-67288c5293bd,SNOMED-CT,160968000,Risk activity involvement (finding)
2026-05-31,,a2fb233f-60e0-b477-cd38-af3923f792a3,a2fb233f-60e0-b477-c582-9b2d9336212c,SNOMED-CT,314529007,Medication review due (situation)
2026-05-31,,a2fb233f-60e0-b477-cd38-af3923f792a3,a2fb233f-60e0-b477-c582-9b2d9336212c,SNOMED-CT,424393004,Reports of violence in the environment (finding)
2026-03-14,2026-03-14,75d6a35c-c2e1-5b9f-e7f8-6a5b05af8fc8,75d6a35c-c2e1-5b9f-00a5-a6ef18a295f8,SNOMED-CT,278602001,Loose dental filling (finding)
1990-03-08,,5e7ebf2c-22ec-a89b-53ab-38edddd81be9,5e7ebf2c-22ec-a89b-9c54-c10dff115bc5,SNOMED-CT,196416002,Impacted molars (disorder)
1990-08-24,,5e7ebf2c-22ec-a89b-53ab-38edddd81be9,5e7ebf2c-22ec-a89b-3a7e-cf058718cd11,SNOMED-CT,124171000119105,Chronic intractable migraine without aura (disorder)
1990-10-30,,5e7ebf2c-22ec-a89b-53ab-38edddd81be9,5e7ebf2c-22ec-a89b-537d-227c55c141f3,SNOMED-CT,82423001,Chronic pain (finding)
1991-09-29,,5e7ebf2c-22ec-a89b-53ab-38edddd81be9,5e7ebf2c-22ec-a89b-dab6-bd8b810fb9ad,SNOMED-CT,473461003,Educated to high school level (finding)
1991-09-29,,5e7ebf2c-22ec-a89b-53ab-38edddd81be9,5e7ebf2c-22ec-a89b-dab6-bd8b810fb9ad,SNOMED-CT,713458007,Lack of access to transportation (finding)
1992-05-03,,5e7ebf2c-22ec-a89b-53ab-38edddd81be9,5e7ebf2c-22ec-a89b-5f79-5865a6ecaac7,SNOMED-CT,6525002,Dependent drug abuse (disorder)
1995-10-08,,5e7ebf2c-22ec-a89b-53ab-38edddd81be9,5e7ebf2c-22ec-a89b-dea2-7841241438fd,SNOMED-CT,714628002,Prediabetes (finding)
1995-10-08,,5e7ebf2c-22ec-a89b-53ab-38edddd81be9,5e7ebf2c-22ec-a89b-dea2-7841241438fd,SNOMED-CT,271737000,Anemia (disorder)
1995-10-08,,5e7ebf2c-22ec-a89b-53ab-38edddd81be9,5e7ebf2c-22ec-a89b-dea2-7841241438fd,SNOMED-CT,266934004,Transport problem (finding)
2010-07-04,,5e7ebf2c-22ec-a89b-53ab-38edddd81be9,5e7ebf2c-22ec-a89b-d2d9-530bdd106dc2,SNOMED-CT,706893006,Victim of intimate partner abuse (finding)
2010-10-24,,5e7ebf2c-22ec-a89b-53ab-38edddd81be9,5e7ebf2c-22ec-a89b-4f79-de49aec61736,SNOMED-CT,162864005,Body mass index 30+ - obesity (finding)
2013-08-11,2017-08-20,5e7ebf2c-22ec-a89b-53ab-38edddd81be9,5e7ebf2c-22ec-a89b-8ea6-4f452c0dbd21,SNOMED-CT,160904001,Part-time employment (finding)
2014-02-04,,5e7ebf2c-22ec-a89b-53ab-38edddd81be9,5e7ebf2c-22ec-a89b-b780-5f67569d374e,SNOMED-CT,278860009,Chronic low back pain (finding)
2014-02-04,,5e7ebf2c-22ec-a89b-53ab-38edddd81be9,5e7ebf2c-22ec-a89b-b780-5f67569d374e,SNOMED-CT,203082005,Fibromyalgia (disorder)
2015-08-16,2017-08-20,5e7ebf2c-22ec-a89b-53ab-38edddd81be9,5e7ebf2c-22ec-a89b-d291-4d609df4bb3d,SNOMED-CT,314529007,Medication review due (situation)
2015-08-16,2017-08-20,5e7ebf2c-22ec-a89b-53ab-38edddd81be9,5e7ebf2c-22ec-a89b-d291-4d609df4bb3d,SNOMED-CT,422650009,Social isolation (finding)
2017-08-20,,5e7ebf2c-22ec-a89b-53ab-38edddd81be9,5e7ebf2c-22ec-a89b-b78f-f1f0ea271f44,SNOMED-CT,44054006,Diabetes mellitus type 2 (disorder)
2017-08-20,2019-08-25,5e7ebf2c-22ec-a89b-53ab-38edddd81be9,5e7ebf2c-22ec-a89b-b78f-f1f0ea271f44,SNOMED-CT,73438004,Unemployed (finding)
2017-08-20,2019-08-25,5e7ebf2c-22ec-a89b-53ab-38edddd81be9,5e7ebf2c-22ec-a89b-b78f-f1f0ea271f44,SNOMED-CT,73595000,Stress (finding)
2017-08-20,2021-05-23,5e7ebf2c-22ec-a89b-53ab-38edddd81be9,5e7ebf2c-22ec-a89b-b78f-f1f0ea271f44,SNOMED-CT,424393004,Reports of violence in the environment (finding)
2017-08-20,2017-09-03,5e7ebf2c-22ec-a89b-53ab-38edddd81be9,5e7ebf2c-22ec-a89b-b78f-f1f0ea271f44,SNOMED-CT,66383009,Gingivitis (disorder)
2017-10-10,2017-10-11,5e7ebf2c-22ec-a89b-53ab-38edddd81be9,5e7ebf2c-22ec-a89b-12f0-8356773f6e3c,SNOMED-CT,1149222004,Overdose (disorder)
2019-05-16,2019-05-16,5e7ebf2c-22ec-a89b-53ab-38edddd81be9,5e7ebf2c-22ec-a89b-e17d-aa6b30aeb59d,SNOMED-CT,1149222004,Overdose (disorder)
2019-07-09,,5e7ebf2c-22ec-a89b-53ab-38edddd81be9,5e7ebf2c-22ec-a89b-748c-3e826f5dde19,SNOMED-CT,1551000119108,Nonproliferative diabetic retinopathy due to type II diabetes mellitus
2019-07-25,2021-05-23,5e7ebf2c-22ec-a89b-53ab-38edddd81be9,5e7ebf2c-22ec-a89b-748c-3e826f5dde19,SNOMED-CT,32911000,Homeless (finding)
2019-08-25,2021-08-29,5e7ebf2c-22ec-a89b-53ab-38edddd81be9,5e7ebf2c-22ec-a89b-8076-c12331d770e4,SNOMED-CT,314529007,Medication review due (situation)
2019-08-25,,5e7ebf2c-22ec-a89b-53ab-38edddd81be9,5e7ebf2c-22ec-a89b-8076-c12331d770e4,SNOMED-CT,302870006,Hypertriglyceridemia (disorder)
2019-08-25,,5e7ebf2c-22ec-a89b-53ab-38edddd81be9,5e7ebf2c-22ec-a89b-8076-c12331d770e4,SNOMED-CT,237602007,Metabolic syndrome X (disorder)
2019-08-25,2021-05-23,5e7ebf2c-22ec-a89b-53ab-38edddd81be9,5e7ebf2c-22ec-a89b-8076-c12331d770e4,SNOMED-CT,160903007,Full-time employment (finding)
2020-10-02,2020-10-03,5e7ebf2c-22ec-a89b-53ab-38edddd81be9,5e7ebf2c-22ec-a89b-fb29-82235126e7f3,SNOMED-CT,1149222004,Overdose (disorder)
2021-05-23,2021-08-29,5e7ebf2c-22ec-a89b-53ab-38edddd81be9,5e7ebf2c-22ec-a89b-b77e-bf6bb1d4a3e3,SNOMED-CT,160904001,Part-time employment (finding)
2021-05-23,2021-08-29,5e7ebf2c-22ec-a89b-53ab-38edddd81be9,5e7ebf2c-22ec-a89b-b77e-bf6bb1d4a3e3,SNOMED-CT,73595000,Stress (finding)
2021-05-23,2021-06-06,5e7ebf2c-22ec-a89b-53ab-38edddd81be9,5e7ebf2c-22ec-a89b-b77e-bf6bb1d4a3e3,SNOMED-CT,66383009,Gingivitis (disorder)
2021-05-30,2021-06-12,5e7ebf2c-22ec-a89b-53ab-38edddd81be9,5e7ebf2c-22ec-a89b-d1ae-a82668360430,SNOMED-CT,10509002,Acute bronchitis (disorder)
2021-06-06,2021-06-06,5e7ebf2c-22ec-a89b-53ab-38edddd81be9,5e7ebf2c-22ec-a89b-b15d-00ef63aa0df8,SNOMED-CT,18718003,Gingival disease (disorder)
2021-08-29,2026-08-30,5e7ebf2c-22ec-a89b-53ab-38edddd81be9,5e7ebf2c-22ec-a89b-8e79-3aa37caf6a42,SNOMED-CT,160903007,Full-time employment (finding)
2023-06-11,2023-06-18,5e7ebf2c-22ec-a89b-53ab-38edddd81be9,5e7ebf2c-22ec-a89b-026c-e9380afe51fa,SNOMED-CT,314529007,Medication review due (situation)
2023-06-11,2024-07-21,5e7ebf2c-22ec-a89b-53ab-38edddd81be9,5e7ebf2c-22ec-a89b-026c-e9380afe51fa,SNOMED-CT,73595000,Stress (finding)
2023-07-02,2023-07-29,5e7ebf2c-22ec-a89b-53ab-38edddd81be9,5e7ebf2c-22ec-a89b-f828-100a002799a1,SNOMED-CT,444814009,Viral sinusitis (disorder)
2023-08-06,2023-08-06,5e7ebf2c-22ec-a89b-53ab-38edddd81be9,5e7ebf2c-22ec-a89b-aa3e-00beb3310428,SNOMED-CT,314529007,Medication review due (situation)
2023-08-06,2024-07-21,5e7ebf2c-22ec-a89b-53ab-38edddd81be9,5e7ebf2c-22ec-a89b-aa3e-00beb3310428,SNOMED-CT,423315002,Limited social contact (finding)
2023-08-06,2024-08-18,5e7ebf2c-22ec-a89b-53ab-38edddd81be9,5e7ebf2c-22ec-a89b-aa3e-00beb3310428,SNOMED-CT,424393004,Reports of violence in the environment (finding)
2023-08-20,2023-08-20,5e7ebf2c-22ec-a89b-53ab-38edddd81be9,5e7ebf2c-22ec-a89b-4721-dc6db576b798,SNOMED-CT,278588009,Fractured dental filling (finding)
2023-10-22,2023-10-23,5e7ebf2c-22ec-a89b-53ab-38edddd81be9,5e7ebf2c-22ec-a89b-6d58-6555e501a53a,SNOMED-CT,1149222004,Overdose (disorder)
2024-07-21,2026-01-04,5e7ebf2c-22ec-a89b-53ab-38edddd81be9,5e7ebf2c-22ec-a89b-66f1-a7126467a857,SNOMED-CT,314529007,Medication review due (situation)
2024-07-21,2024-08-04,5e7ebf2c-22ec-a89b-53ab-38edddd81be9,5e7ebf2c-22ec-a89b-66f1-a7126467a857,SNOMED-CT,66383009,Gingivitis (disorder)
2024-08-04,2024-08-12,5e7ebf2c-22ec-a89b-53ab-38edddd81be9,5e7ebf2c-22ec-a89b-ee2b-1845b0f61a7f,SNOMED-CT,10509002,Acute bronchitis (disorder)
2024-08-18,2024-09-01,5e7ebf2c-22ec-a89b-53ab-38edddd81be9,5e7ebf2c-22ec-a89b-c637-05519fd7b63d,SNOMED-CT,66383009,Gingivitis (disorder)
2024-09-01,2024-09-01,5e7ebf2c-22ec-a89b-53ab-38edddd81be9,5e7ebf2c-22ec-a89b-49a5-701069d28333,SNOMED-CT,18718003,Gingival disease (disorder)
2025-12-28,2026-01-09,5e7ebf2c-22ec-a89b-53ab-38edddd81be9,5e7ebf2c-22ec-a89b-ca96-9cda91667588,SNOMED-CT,195662009,Acute viral pharyngitis (disorder)
2026-01-04,,5e7ebf2c-22ec-a89b-53ab-38edddd81be9,5e7ebf2c-22ec-a89b-f36e-6a7ee6be3c92,SNOMED-CT,73595000,Stress (finding)
2026-01-04,2026-01-18,5e7ebf2c-22ec-a89b-53ab-38edddd81be9,5e7ebf2c-22ec-a89b-f36e-6a7ee6be3c92,SNOMED-CT,66383009,Gingivitis (disorder)
2026-01-11,2026-08-30,5e7ebf2c-22ec-a89b-53ab-38edddd81be9,5e7ebf2c-22ec-a89b-29bb-c209333afe27,SNOMED-CT,314529007,Medication review due (situation)
2026-08-30,,5e7ebf2c-22ec-a89b-53ab-38edddd81be9,5e7ebf2c-22ec-a89b-b041-3dec92661fb6,SNOMED-CT,160904001,Part-time employment (finding)
2026-08-30,,5e7ebf2c-22ec-a89b-53ab-38edddd81be9,5e7ebf2c-22ec-a89b-b041-3dec92661fb6,SNOMED-CT,66383009,Gingivitis (disorder)
2016-06-28,,47d390c6-a1a2-1a80-dd1d-9722c7b24159,47d390c6-a1a2-1a80-7a45-2908db4de59b,SNOMED-CT,40055000,Chronic sinusitis (disorder)
2016-12-03,2017-03-04,47d390c6-a1a2-1a80-dd1d-9722c7b24159,47d390c6-a1a2-1a80-bd78-62d137bf8d19,SNOMED-CT,314529007,Medication review due (situation)
2016-12-10,2016-12-22,47d390c6-a1a2-1a80-dd1d-9722c7b24159,47d390c6-a1a2-1a80-d555-7b53e4dd3749,SNOMED-CT,195662009,Acute viral pharyngitis (disorder)
2017-07-30,2017-08-10,47d390c6-a1a2-1a80-dd1d-9722c7b24159,47d390c6-a1a2-1a80-4962-2fb115c7579e,SNOMED-CT,444814009,Viral sinusitis (disorder)
2018-03-10,2018-03-10,47d390c6-a1a2-1a80-dd1d-9722c7b24159,47d390c6-a1a2-1a80-504d-5053b5cde19c,SNOMED-CT,314529007,Medication review due (situation)
2018-08-17,2018-11-01,47d390c6-a1a2-1a80-dd1d-9722c7b24159,47d390c6-a1a2-1a80-205b-b8cf3b084e26,SNOMED-CT,110030002,Concussion injury of brain (disorder)
2018-08-17,2018-11-01,47d390c6-a1a2-1a80-dd1d-9722c7b24159,47d390c6-a1a2-1a80-205b-b8cf3b084e26,SNOMED-CT,62106007,Concussion with no loss of consciousness (disorder)
2019-01-10,2019-02-04,47d390c6-a1a2-1a80-dd1d-9722c7b24159,47d390c6-a1a2-1a80-3845-8df277097997,SNOMED-CT,444814009,Viral sinusitis (disorder)
2019-03-16,2019-03-16,47d390c6-a1a2-1a80-dd1d-9722c7b24159,47d390c6-a1a2-1a80-6fbb-6d3705d2983f,SNOMED-CT,314529007,Medication review due (situation)
2019-03-23,2019-03-23,47d390c6-a1a2-1a80-dd1d-9722c7b24159,47d390c6-a1a2-1a80-ecdd-af02b40a93f5,SNOMED-CT,18718003,Gingival disease (disorder)
2019-12-16,2020-01-25,47d390c6-a1a2-1a80-dd1d-9722c7b24159,47d390c6-a1a2-1a80-196a-ebdb2fb21059,SNOMED-CT,125605004,Fracture of bone (disorder)
2019-12-16,2020-01-25,47d390c6-a1a2-1a80-dd1d-9722c7b24159,47d390c6-a1a2-1a80-196a-ebdb2fb21059,SNOMED-CT,65966004,Fracture of forearm (disorder)
2020-03-21,2020-03-21,47d390c6-a1a2-1a80-dd1d-9722c7b24159,47d390c6-a1a2-1a80-b250-0fb76ea3c017,SNOMED-CT,314529007,Medication review due (situation)
2020-03-21,2020-03-28,47d390c6-a1a2-1a80-dd1d-9722c7b24159,47d390c6-a1a2-1a80-b250-0fb76ea3c017,SNOMED-CT,66383009,Gingivitis (disorder)
2020-03-28,2020-03-28,47d390c6-a1a2-1a80-dd1d-9722c7b24159,47d390c6-a1a2-1a80-60b2-612077da1275,SNOMED-CT,18718003,Gingival disease (disorder)
2020-12-03,2020-12-23,47d390c6-a1a2-1a80-dd1d-9722c7b24159,47d390c6-a1a2-1a80-cf65-9ed8b0ec2656,SNOMED-CT,444814009,Viral sinusitis (disorder)
2021-03-03,2021-03-11,47d390c6-a1a2-1a80-dd1d-9722c7b24159,47d390c6-a1a2-1a80-0b8a-fa4e7e06771d,SNOMED-CT,195662009,Acute viral pharyngitis (disorder)
2021-03-27,2021-03-27,47d390c6-a1a2-1a80-dd1d-9722c7b24159,47d390c6-a1a2-1a80-6b01-44cb777ca6f7,SNOMED-CT,314529007,Medication review due (situation)
2021-03-27,2021-04-10,47d390c6-a1a2-1a80-dd1d-9722c7b24159,47d390c6-a1a2-1a80-6b01-44cb777ca6f7,SNOMED-CT,66383009,Gingivitis (disorder)
2021-04-10,2021-04-10,47d390c6-a1a2-1a80-dd1d-9722c7b24159,47d390c6-a1a2-1a80-03ce-1d07eee40a57,SNOMED-CT,18718003,Gingival disease (disorder)
2022-04-02,2022-04-02,47d390c6-a1a2-1a80-dd1d-9722c7b24159,47d390c6-a1a2-1a80-3570-b3c4ec7c5dd8,SNOMED-CT,314529007,Medication review due (situation)
2023-04-08,2025-04-19,47d390c6-a1a2-1a80-dd1d-9722c7b24159,47d390c6-a1a2-1a80-0543-04158e846490,SNOMED-CT,314529007,Medication review due (situation)
2023-04-22,2023-04-22,47d390c6-a1a2-1a80-dd1d-9722c7b24159,47d390c6-a1a2-1a80-c45d-1b56aff7975a,SNOMED-CT,18718003,Gingival disease (disorder)
2025-04-19,2025-05-03,47d390c6-a1a2-1a80-dd1d-9722c7b24159,47d390c6-a1a2-1a80-47b2-c69bbe781534,SNOMED-CT,66383009,Gingivitis (disorder)
2025-07-19,2025-07-30,47d390c6-a1a2-1a80-dd1d-9722c7b24159,47d390c6-a1a2-1a80-6709-e49367585806,SNOMED-CT,195662009,Acute viral pharyngitis (disorder)
2026-04-04,2026-04-20,47d390c6-a1a2-1a80-dd1d-9722c7b24159,47d390c6-a1a2-1a80-a4a6-777571c18a6b,SNOMED-CT,10509002,Acute bronchitis (disorder)
2026-04-11,2026-04-25,47d390c6-a1a2-1a80-dd1d-9722c7b24159,47d390c6-a1a2-1a80-3f13-82abd72f8b8f,SNOMED-CT,314529007,Medication review due (situation)
2000-09-24,,d3cb6736-0991-40ed-a220-7c714aba4c37,d3cb6736-0991-40ed-0055-e0ff4a10e191,SNOMED-CT,224299000,Received higher education (finding)
2004-10-03,,d3cb6736-0991-40ed-a220-7c714aba4c37,d3cb6736-0991-40ed-1012-b70d3ae5380a,SNOMED-CT,714628002,Prediabetes (finding)
2004-10-03,,d3cb6736-0991-40ed-a220-7c714aba4c37,d3cb6736-0991-40ed-1012-b70d3ae5380a,SNOMED-CT,271737000,Anemia (disorder)
2004-10-03,2025-10-12,d3cb6736-0991-40ed-a220-7c714aba4c37,d3cb6736-0991-40ed-1012-b70d3ae5380a,SNOMED-CT,423315002,Limited social contact (finding)
2010-10-10,2016-10-16,d3cb6736-0991-40ed-a220-7c714aba4c37,d3cb6736-0991-40ed-889b-af5ec02fc9ae,SNOMED-CT,73595000,Stress (finding)
2013-10-13,2022-08-07,d3cb6736-0991-40ed-a220-7c714aba4c37,d3cb6736-0991-40ed-555c-78ad234a1ffc,SNOMED-CT,422650009,Social isolation (finding)
2015-05-17,2016-10-16,d3cb6736-0991-40ed-a220-7c714aba4c37,d3cb6736-0991-40ed-a3ea-1a7449a78556,SNOMED-CT,314529007,Medication review due (situation)
2015-05-17,2016-10-16,d3cb6736-0991-40ed-a220-7c714aba4c37,d3cb6736-0991-40ed-a3ea-1a7449a78556,SNOMED-CT,160904001,Part-time employment (finding)
2016-10-16,2022-08-07,d3cb6736-0991-40ed-a220-7c714aba4c37,d3cb6736-0991-40ed-b604-95379c9d30b3,SNOMED-CT,160903007,Full-time employment (finding)
2016-10-16,2016-10-30,d3cb6736-0991-40ed-a220-7c714aba4c37,d3cb6736-0991-40ed-b604-95379c9d30b3,SNOMED-CT,66383009,Gingivitis (disorder)
2017-08-18,2017-08-20,d3cb6736-0991-40ed-a220-7c714aba4c37,d3cb6736-0991-40ed-f7e2-0f9fa82464a1,SNOMED-CT,307426000,Acute infective cystitis (disorder)
2018-06-28,2018-07-30,d3cb6736-0991-40ed-a220-7c714aba4c37,d3cb6736-0991-40ed-b8c7-5ad7431d5c93,SNOMED-CT,384709000,Sprain (morphologic abnormality)
2018-06-28,2018-07-30,d3cb6736-0991-40ed-a220-7c714aba4c37,d3cb6736-0991-40ed-b8c7-5ad7431d5c93,SNOMED-CT,70704007,Sprain of wrist (disorder)
2019-04-21,2019-05-07,d3cb6736-0991-40ed-a220-7c714aba4c37,d3cb6736-0991-40ed-d8aa-b18882933ad5,SNOMED-CT,10509002,Acute bronchitis (disorder)
2019-04-28,2019-04-28,d3cb6736-0991-40ed-a220-7c714aba4c37,d3cb6736-0991-40ed-c5a9-5c4a691a537f,SNOMED-CT,314529007,Medication review due (situation)
2019-04-28,,d3cb6736-0991-40ed-a220-7c714aba4c37,d3cb6736-0991-40ed-c5a9-5c4a691a537f,SNOMED-CT,162864005,Body mass index 30+ - obesity (finding)
2019-04-28,2024-08-11,d3cb6736-0991-40ed-a220-7c714aba4c37,d3cb6736-0991-40ed-c5a9-5c4a691a537f,SNOMED-CT,73595000,Stress (finding)
2019-04-28,2019-05-12,d3cb6736-0991-40ed-a220-7c714aba4c37,d3cb6736-0991-40ed-c5a9-5c4a691a537f,SNOMED-CT,66383009,Gingivitis (disorder)
2019-05-12,2019-05-12,d3cb6736-0991-40ed-a220-7c714aba4c37,d3cb6736-0991-40ed-c7c4-a3c1d87709f7,SNOMED-CT,278588009,Fractured dental filling (finding)
2019-10-20,2025-10-12,d3cb6736-0991-40ed-a220-7c714aba4c37,d3cb6736-0991-40ed-c872-1632b84018bc,SNOMED-CT,314529007,Medication review due (situation)
2020-02-20,2020-02-28,d3cb6736-0991-40ed-a220-7c714aba4c37,d3cb6736-0991-40ed-7b26-b80b078a4884,SNOMED-CT,195662009,Acute viral pharyngitis (disorder)
2020-03-18,2020-03-27,d3cb6736-0991-40ed-a220-7c714aba4c37,d3cb6736-0991-40ed-dba6-6f998f980f27,SNOMED-CT,444814009,Viral sinusitis (disorder)
2021-06-27,2021-07-05,d3cb6736-0991-40ed-a220-7c714aba4c37,d3cb6736-0991-40ed-b173-48fcf0261dba,SNOMED-CT,444814009,Viral sinusitis (disorder)
2022-08-07,2024-08-11,d3cb6736-0991-40ed-a220-7c714aba4c37,d3cb6736-0991-40ed-7986-c3f267413402,SNOMED-CT,741062008,Not in labor force (finding)
1983-09-12,,d57841fa-c9e2-a3d1-0e78-09bdbe4eed66,d57841fa-c9e2-a3d1-1d1b-006ce09d6f42,SNOMED-CT,224299000,Received higher education (finding)
1987-09-21,,d57841fa-c9e2-a3d1-0e78-09bdbe4eed66,d57841fa-c9e2-a3d1-6e37-36fccf982c7f,SNOMED-CT,714628002,Prediabetes (finding)
1987-09-21,,d57841fa-c9e2-a3d1-0e78-09bdbe4eed66,d57841fa-c9e2-a3d1-6e37-36fccf982c7f,SNOMED-CT,271737000,Anemia (disorder)
1991-06-04,,d57841fa-c9e2-a3d1-0e78-09bdbe4eed66,d57841fa-c9e2-a3d1-4bd0-0974e9172c16,SNOMED-CT,267020005,History of tubal ligation (situation)
2015-04-09,,2de4dd0d-f665-8a2e-4c6b-997735e14ace,2de4dd0d-f665-8a2e-11bf-86f0886b4595,SNOMED-CT,40055000,Chronic sinusitis (disorder)
2015-11-14,2018-06-09,2de4dd0d-f665-8a2e-4c6b-997735e14ace,2de4dd0d-f665-8a2e-a5a8-62dc2b405a11,SNOMED-CT,160968000,Risk activity involvement (finding)
2016-11-19,2017-11-25,2de4dd0d-f665-8a2e-4c6b-997735e14ace,2de4dd0d-f665-8a2e-cde1-a6ed15a87167,SNOMED-CT,314529007,Medication review due (situation)
2016-12-17,2017-04-10,2de4dd0d-f665-8a2e-4c6b-997735e14ace,2de4dd0d-f665-8a2e-4758-1d05786674ff,SNOMED-CT,125605004,Fracture of bone (disorder)
2016-12-17,2017-04-10,2de4dd0d-f665-8a2e-4c6b-997735e14ace,2de4dd0d-f665-8a2e-4758-1d05786674ff,SNOMED-CT,58150001,Fracture of clavicle (disorder)
2018-05-30,2018-06-12,2de4dd0d-f665-8a2e-4c6b-997735e14ace,2de4dd0d-f665-8a2e-0491-e3c22fd4c584,SNOMED-CT,10509002,Acute bronchitis (disorder)
2018-06-09,2020-12-12,2de4dd0d-f665-8a2e-4c6b-997735e14ace,2de4dd0d-f665-8a2e-15cb-e4ef536f2c30,SNOMED-CT,314529007,Medication review due (situation)
2018-06-09,2018-06-23,2de4dd0d-f665-8a2e-4c6b-997735e14ace,2de4dd0d-f665-8a2e-15cb-e4ef536f2c30,SNOMED-CT,66383009,Gingivitis (disorder)
2001-03-04,,d57841fa-c9e2-a3d1-0e78-09bdbe4eed66,d57841fa-c9e2-a3d1-d8cf-0b3301563e8a,SNOMED-CT,197927001,Recurrent urinary tract infection (disorder)
2002-10-07,,d57841fa-c9e2-a3d1-0e78-09bdbe4eed66,d57841fa-c9e2-a3d1-9edb-2c0a667a1ff5,SNOMED-CT,162864005,Body mass index 30+ - obesity (finding)
2002-10-07,2020-08-17,d57841fa-c9e2-a3d1-0e78-09bdbe4eed66,d57841fa-c9e2-a3d1-9edb-2c0a667a1ff5,SNOMED-CT,423315002,Limited social contact (finding)
2005-07-25,2018-08-06,d57841fa-c9e2-a3d1-0e78-09bdbe4eed66,d57841fa-c9e2-a3d1-340b-f7da56d563c2,SNOMED-CT,422650009,Social isolation (finding)
2013-08-12,2017-07-31,d57841fa-c9e2-a3d1-0e78-09bdbe4eed66,d57841fa-c9e2-a3d1-11be-030b112e6f87,SNOMED-CT,160903007,Full-time employment (finding)
2015-07-20,2017-07-31,d57841fa-c9e2-a3d1-0e78-09bdbe4eed66,d57841fa-c9e2-a3d1-eabd-1ad96d95ec17,SNOMED-CT,314529007,Medication review due (situation)
2024-08-11,2025-10-12,d3cb6736-0991-40ed-a220-7c714aba4c37,d3cb6736-0991-40ed-e653-9088496d19b3,SNOMED-CT,160903007,Full-time employment (finding)
2024-08-11,2025-10-12,d3cb6736-0991-40ed-a220-7c714aba4c37,d3cb6736-0991-40ed-e653-9088496d19b3,SNOMED-CT,424393004,Reports of violence in the environment (finding)
2024-08-11,2024-08-25,d3cb6736-0991-40ed-a220-7c714aba4c37,d3cb6736-0991-40ed-e653-9088496d19b3,SNOMED-CT,66383009,Gingivitis (disorder)
2018-12-01,2018-12-15,2de4dd0d-f665-8a2e-4c6b-997735e14ace,2de4dd0d-f665-8a2e-8beb-4bff6d98af6a,SNOMED-CT,66383009,Gingivitis (disorder)
2017-07-31,2018-08-06,d57841fa-c9e2-a3d1-0e78-09bdbe4eed66,d57841fa-c9e2-a3d1-752a-19800862ef01,SNOMED-CT,73438004,Unemployed (finding)
2017-07-31,2018-08-06,d57841fa-c9e2-a3d1-0e78-09bdbe4eed66,d57841fa-c9e2-a3d1-752a-19800862ef01,SNOMED-CT,73595000,Stress (finding)
2019-01-02,2019-01-09,2de4dd0d-f665-8a2e-4c6b-997735e14ace,2de4dd0d-f665-8a2e-b1cb-fd27673745ec,SNOMED-CT,10509002,Acute bronchitis (disorder)
2024-08-25,2024-08-25,d3cb6736-0991-40ed-a220-7c714aba4c37,d3cb6736-0991-40ed-e6c7-99b4773cbc7c,SNOMED-CT,109570002,Primary dental caries (disorder)
2018-08-06,2018-08-06,d57841fa-c9e2-a3d1-0e78-09bdbe4eed66,d57841fa-c9e2-a3d1-82d1-ea5008a3fc03,SNOMED-CT,314529007,Medication review due (situation)
2018-08-06,2021-08-23,d57841fa-c9e2-a3d1-0e78-09bdbe4eed66,d57841fa-c9e2-a3d1-82d1-ea5008a3fc03,SNOMED-CT,160903007,Full-time employment (finding)
2018-08-06,2019-08-12,d57841fa-c9e2-a3d1-0e78-09bdbe4eed66,d57841fa-c9e2-a3d1-82d1-ea5008a3fc03,SNOMED-CT,10939881000119105,Unhealthy alcohol drinking behavior (finding)
2025-10-03,2025-10-11,d3cb6736-0991-40ed-a220-7c714aba4c37,d3cb6736-0991-40ed-d077-3075fa4566e8,SNOMED-CT,195662009,Acute viral pharyngitis (disorder)
2019-02-02,2019-03-13,2de4dd0d-f665-8a2e-4c6b-997735e14ace,2de4dd0d-f665-8a2e-35b2-bb246b76ee6b,SNOMED-CT,125605004,Fracture of bone (disorder)
2019-02-02,2019-03-13,2de4dd0d-f665-8a2e-4c6b-997735e14ace,2de4dd0d-f665-8a2e-35b2-bb246b76ee6b,SNOMED-CT,58150001,Fracture of clavicle (disorder)
2025-10-12,,d3cb6736-0991-40ed-a220-7c714aba4c37,d3cb6736-0991-40ed-abe9-9dc67904893b,SNOMED-CT,160904001,Part-time employment (finding)
2025-10-12,,d3cb6736-0991-40ed-a220-7c714aba4c37,d3cb6736-0991-40ed-abe9-9dc67904893b,SNOMED-CT,73595000,Stress (finding)
2020-12-12,,2de4dd0d-f665-8a2e-4c6b-997735e14ace,2de4dd0d-f665-8a2e-27fd-9928dda0051a,SNOMED-CT,105531004,Housing unsatisfactory (finding)
2020-12-12,,2de4dd0d-f665-8a2e-4c6b-997735e14ace,2de4dd0d-f665-8a2e-27fd-9928dda0051a,SNOMED-CT,224299000,Received higher education (finding)
2020-12-12,,2de4dd0d-f665-8a2e-4c6b-997735e14ace,2de4dd0d-f665-8a2e-27fd-9928dda0051a,SNOMED-CT,160903007,Full-time employment (finding)
2020-12-12,,2de4dd0d-f665-8a2e-4c6b-997735e14ace,2de4dd0d-f665-8a2e-27fd-9928dda0051a,SNOMED-CT,73595000,Stress (finding)
2020-12-12,2020-12-26,2de4dd0d-f665-8a2e-4c6b-997735e14ace,2de4dd0d-f665-8a2e-27fd-9928dda0051a,SNOMED-CT,66383009,Gingivitis (disorder)
2025-10-26,2025-10-26,d3cb6736-0991-40ed-a220-7c714aba4c37,d3cb6736-0991-40ed-fb71-98f01c6b8b23,SNOMED-CT,278598003,Leaking dental filling (finding)
2019-08-12,2019-08-12,d57841fa-c9e2-a3d1-0e78-09bdbe4eed66,d57841fa-c9e2-a3d1-c5fa-63b5f8ed15d1,SNOMED-CT,314529007,Medication review due (situation)
2026-08-16,,d3cb6736-0991-40ed-a220-7c714aba4c37,d3cb6736-0991-40ed-9138-27481ca5630b,SNOMED-CT,314529007,Medication review due (situation)
2020-08-17,2020-08-17,d57841fa-c9e2-a3d1-0e78-09bdbe4eed66,d57841fa-c9e2-a3d1-25ab-033cc59c4fcf,SNOMED-CT,314529007,Medication review due (situation)
2020-08-17,2021-08-23,d57841fa-c9e2-a3d1-0e78-09bdbe4eed66,d57841fa-c9e2-a3d1-25ab-033cc59c4fcf,SNOMED-CT,706893006,Victim of intimate partner abuse (finding)
2020-08-17,2020-08-31,d57841fa-c9e2-a3d1-0e78-09bdbe4eed66,d57841fa-c9e2-a3d1-25ab-033cc59c4fcf,SNOMED-CT,66383009,Gingivitis (disorder)
2021-12-18,,2de4dd0d-f665-8a2e-4c6b-997735e14ace,2de4dd0d-f665-8a2e-2f00-aeab6864b4cd,SNOMED-CT,314529007,Medication review due (situation)
2022-01-01,2022-01-01,2de4dd0d-f665-8a2e-4c6b-997735e14ace,2de4dd0d-f665-8a2e-079a-b19244071995,SNOMED-CT,109570002,Primary dental caries (disorder)
2023-09-12,2023-09-21,2de4dd0d-f665-8a2e-4c6b-997735e14ace,2de4dd0d-f665-8a2e-97a6-a1242b12e836,SNOMED-CT,43878008,Streptococcal sore throat (disorder)
2024-10-14,2024-10-21,2de4dd0d-f665-8a2e-4c6b-997735e14ace,2de4dd0d-f665-8a2e-4f40-af2145a5ecef,SNOMED-CT,10509002,Acute bronchitis (disorder)
2020-08-31,2020-08-31,d57841fa-c9e2-a3d1-0e78-09bdbe4eed66,d57841fa-c9e2-a3d1-365e-42d0460e38d3,SNOMED-CT,109570002,Primary dental caries (disorder)
2021-08-23,2021-08-23,d57841fa-c9e2-a3d1-0e78-09bdbe4eed66,d57841fa-c9e2-a3d1-e03c-df3231fe7ce8,SNOMED-CT,314529007,Medication review due (situation)
2021-08-23,2022-08-29,d57841fa-c9e2-a3d1-0e78-09bdbe4eed66,d57841fa-c9e2-a3d1-e03c-df3231fe7ce8,SNOMED-CT,741062008,Not in labor force (finding)
2021-08-23,2021-09-06,d57841fa-c9e2-a3d1-0e78-09bdbe4eed66,d57841fa-c9e2-a3d1-e03c-df3231fe7ce8,SNOMED-CT,66383009,Gingivitis (disorder)
2022-08-29,2022-08-29,d57841fa-c9e2-a3d1-0e78-09bdbe4eed66,d57841fa-c9e2-a3d1-4bcb-723f8eddf328,SNOMED-CT,314529007,Medication review due (situation)
2022-08-29,,d57841fa-c9e2-a3d1-0e78-09bdbe4eed66,d57841fa-c9e2-a3d1-4bcb-723f8eddf328,SNOMED-CT,160903007,Full-time employment (finding)
2023-08-15,2023-08-31,d57841fa-c9e2-a3d1-0e78-09bdbe4eed66,d57841fa-c9e2-a3d1-79ce-ee3707cfd6ee,SNOMED-CT,444814009,Viral sinusitis (disorder)
2023-09-04,,d57841fa-c9e2-a3d1-0e78-09bdbe4eed66,d57841fa-c9e2-a3d1-72a9-1b2c9fb3a6cf,SNOMED-CT,314529007,Medication review due (situation)
2023-09-04,2024-09-09,d57841fa-c9e2-a3d1-0e78-09bdbe4eed66,d57841fa-c9e2-a3d1-72a9-1b2c9fb3a6cf,SNOMED-CT,422650009,Social isolation (finding)
2023-09-04,2025-09-15,d57841fa-c9e2-a3d1-0e78-09bdbe4eed66,d57841fa-c9e2-a3d1-72a9-1b2c9fb3a6cf,SNOMED-CT,73595000,Stress (finding)
2023-09-04,2023-09-18,d57841fa-c9e2-a3d1-0e78-09bdbe4eed66,d57841fa-c9e2-a3d1-72a9-1b2c9fb3a6cf,SNOMED-CT,66383009,Gingivitis (disorder)
2025-09-15,2026-09-21,d57841fa-c9e2-a3d1-0e78-09bdbe4eed66,d57841fa-c9e2-a3d1-1a35-2d2fba6f2db3,SNOMED-CT,423315002,Limited social contact (finding)
2025-09-29,2025-09-29,d57841fa-c9e2-a3d1-0e78-09bdbe4eed66,d57841fa-c9e2-a3d1-7d59-a7f128ee661b,SNOMED-CT,18718003,Gingival disease (disorder)
2026-02-28,2026-03-07,d57841fa-c9e2-a3d1-0e78-09bdbe4eed66,d57841fa-c9e2-a3d1-22cd-6332f746bdd4,SNOMED-CT,195662009,Acute viral pharyngitis (disorder)
2026-09-21,,d57841fa-c9e2-a3d1-0e78-09bdbe4eed66,d57841fa-c9e2-a3d1-f8ce-6d62a773b0e3,SNOMED-CT,73595000,Stress (finding)
2015-12-18,2017-12-29,7c913488-8c54-7aa0-a452-83dbc3ad8377,7c913488-8c54-7aa0-c596-43c4b35073f4,SNOMED-CT,314529007,Medication review due (situation)
2016-12-30,2016-12-31,7c913488-8c54-7aa0-a452-83dbc3ad8377,7c913488-8c54-7aa0-0846-4bd41a79bfc5,SNOMED-CT,18718003,Gingival disease (disorder)
2017-11-21,2017-12-18,7c913488-8c54-7aa0-a452-83dbc3ad8377,7c913488-8c54-7aa0-88b3-e9480487c05f,SNOMED-CT,444814009,Viral sinusitis (disorder)
2019-01-04,2019-01-04,7c913488-8c54-7aa0-a452-83dbc3ad8377,7c913488-8c54-7aa0-6273-1f14e59f26b2,SNOMED-CT,314529007,Medication review due (situation)
2020-01-10,2020-04-10,7c913488-8c54-7aa0-a452-83dbc3ad8377,7c913488-8c54-7aa0-ca9f-604a0190e594,SNOMED-CT,314529007,Medication review due (situation)
2020-04-02,2020-04-15,7c913488-8c54-7aa0-a452-83dbc3ad8377,7c913488-8c54-7aa0-092b-01efa1347b1a,SNOMED-CT,10509002,Acute bronchitis (disorder)
2020-06-13,2020-07-03,7c913488-8c54-7aa0-a452-83dbc3ad8377,7c913488-8c54-7aa0-3277-db47833c0ec3,SNOMED-CT,444814009,Viral sinusitis (disorder)
2021-01-15,2026-02-13,7c913488-8c54-7aa0-a452-83dbc3ad8377,7c913488-8c54-7aa0-5966-0a24106303bf,SNOMED-CT,314529007,Medication review due (situation)
2021-01-15,2021-01-22,7c913488-8c54-7aa0-a452-83dbc3ad8377,7c913488-8c54-7aa0-5966-0a24106303bf,SNOMED-CT,66383009,Gingivitis (disorder)
2024-09-21,2024-10-22,7c913488-8c54-7aa0-a452-83dbc3ad8377,7c913488-8c54-7aa0-bd4c-b888c2f09a44,SNOMED-CT,384709000,Sprain (morphologic abnormality)
2024-09-21,2024-10-22,7c913488-8c54-7aa0-a452-83dbc3ad8377,7c913488-8c54-7aa0-bd4c-b888c2f09a44,SNOMED-CT,44465007,Sprain of ankle (disorder)
2025-11-17,2026-01-06,7c913488-8c54-7aa0-a452-83dbc3ad8377,7c913488-8c54-7aa0-965c-bd33889378e8,SNOMED-CT,125605004,Fracture of bone (disorder)
2025-11-17,2026-01-06,7c913488-8c54-7aa0-a452-83dbc3ad8377,7c913488-8c54-7aa0-965c-bd33889378e8,SNOMED-CT,263102004,Fracture subluxation of wrist (disorder)
2026-02-13,2026-02-27,7c913488-8c54-7aa0-a452-83dbc3ad8377,7c913488-8c54-7aa0-fbce-e698584bf07b,SNOMED-CT,66383009,Gingivitis (disorder)
1987-06-07,,dd9da64b-7b38-4f91-e75d-b1268dde60d4,dd9da64b-7b38-4f91-cdf9-b04fca69bc42,SNOMED-CT,24079001,Atopic dermatitis (disorder)
2005-03-21,,dd9da64b-7b38-4f91-e75d-b1268dde60d4,dd9da64b-7b38-4f91-20fa-d906ab7bf7da,SNOMED-CT,105531004,Housing unsatisfactory (finding)
2005-03-21,,dd9da64b-7b38-4f91-e75d-b1268dde60d4,dd9da64b-7b38-4f91-20fa-d906ab7bf7da,SNOMED-CT,224299000,Received higher education (finding)
2006-03-27,,dd9da64b-7b38-4f91-e75d-b1268dde60d4,dd9da64b-7b38-4f91-290f-eaf97fbad528,SNOMED-CT,195967001,Asthma (disorder)
2007-04-02,,dd9da64b-7b38-4f91-e75d-b1268dde60d4,dd9da64b-7b38-4f91-2deb-97ed9295cebe,SNOMED-CT,162864005,Body mass index 30+ - obesity (finding)
2014-05-12,2021-06-21,dd9da64b-7b38-4f91-e75d-b1268dde60d4,dd9da64b-7b38-4f91-aaac-02e9bd587dff,SNOMED-CT,706893006,Victim of intimate partner abuse (finding)
2015-12-28,2022-06-27,dd9da64b-7b38-4f91-e75d-b1268dde60d4,dd9da64b-7b38-4f91-b6bb-f26aa9ba62dc,SNOMED-CT,314529007,Medication review due (situation)
2016-05-23,2023-07-03,dd9da64b-7b38-4f91-e75d-b1268dde60d4,dd9da64b-7b38-4f91-e4a4-9436953f5d8b,SNOMED-CT,160903007,Full-time employment (finding)
1988-06-14,,7811dc30-8c86-8164-6c33-6b6f464745ef,7811dc30-8c86-8164-5c4d-8a16f031e2a3,SNOMED-CT,224299000,Received higher education (finding)
1989-06-20,,7811dc30-8c86-8164-6c33-6b6f464745ef,7811dc30-8c86-8164-0704-c41293766756,SNOMED-CT,195967001,Asthma (disorder)
1989-07-25,,7811dc30-8c86-8164-6c33-6b6f464745ef,7811dc30-8c86-8164-3847-c568a2758f99,SNOMED-CT,428251008,History of appendectomy (situation)
1990-06-26,,7811dc30-8c86-8164-6c33-6b6f464745ef,7811dc30-8c86-8164-c647-4e074db24bbd,SNOMED-CT,714628002,Prediabetes (finding)
1990-06-26,,7811dc30-8c86-8164-6c33-6b6f464745ef,7811dc30-8c86-8164-c647-4e074db24bbd,SNOMED-CT,271737000,Anemia (disorder)
1990-06-26,,7811dc30-8c86-8164-6c33-6b6f464745ef,7811dc30-8c86-8164-c647-4e074db24bbd,SNOMED-CT,162864005,Body mass index 30+ - obesity (finding)
1991-08-28,,7811dc30-8c86-8164-6c33-6b6f464745ef,7811dc30-8c86-8164-f887-ad44be1378a6,SNOMED-CT,161744009,Past pregnancy history of miscarriage (situation)
1999-08-17,,7811dc30-8c86-8164-6c33-6b6f464745ef,7811dc30-8c86-8164-ab95-bdef2d65f4e8,SNOMED-CT,44054006,Diabetes mellitus type 2 (disorder)
2000-08-22,,7811dc30-8c86-8164-6c33-6b6f464745ef,7811dc30-8c86-8164-1ad9-a098b8af2c49,SNOMED-CT,302870006,Hypertriglyceridemia (disorder)
2000-08-22,,7811dc30-8c86-8164-6c33-6b6f464745ef,7811dc30-8c86-8164-1ad9-a098b8af2c49,SNOMED-CT,237602007,Metabolic syndrome X (disorder)
2000-12-05,,7811dc30-8c86-8164-6c33-6b6f464745ef,7811dc30-8c86-8164-a29d-32d18efa1700,SNOMED-CT,80394007,Hyperglycemia (disorder)
2005-06-01,,7811dc30-8c86-8164-6c33-6b6f464745ef,7811dc30-8c86-8164-6680-a73e49bfaca5,SNOMED-CT,267020005,History of tubal ligation (situation)
2010-10-19,2018-12-04,7811dc30-8c86-8164-6c33-6b6f464745ef,7811dc30-8c86-8164-9d4c-ba1f64e5c6ef,SNOMED-CT,160903007,Full-time employment (finding)
2011-10-25,,7811dc30-8c86-8164-6c33-6b6f464745ef,7811dc30-8c86-8164-9ada-9582e9a566f3,SNOMED-CT,266948004,Has a criminal record (finding)
2012-04-12,,7811dc30-8c86-8164-6c33-6b6f464745ef,7811dc30-8c86-8164-91b0-2ea7cbf3ae53,SNOMED-CT,1551000119108,Nonproliferative diabetic retinopathy due to type II diabetes mellitus
2013-11-05,,7811dc30-8c86-8164-6c33-6b6f464745ef,7811dc30-8c86-8164-b085-c1cd039395c2,SNOMED-CT,368581000119106,Neuropathy due to type 2 diabetes mellitus (disorder)
2014-11-11,2017-11-28,7811dc30-8c86-8164-6c33-6b6f464745ef,7811dc30-8c86-8164-eded-3ac4ae86b161,SNOMED-CT,73595000,Stress (finding)
2016-10-10,2016-10-24,7811dc30-8c86-8164-6c33-6b6f464745ef,7811dc30-8c86-8164-8e3c-1f2466c6d08f,SNOMED-CT,312608009,Laceration - injury (disorder)
2016-10-10,2016-10-24,7811dc30-8c86-8164-6c33-6b6f464745ef,7811dc30-8c86-8164-8e3c-1f2466c6d08f,SNOMED-CT,283371005,Laceration of forearm (disorder)
2018-02-26,2018-10-08,dd9da64b-7b38-4f91-e75d-b1268dde60d4,dd9da64b-7b38-4f91-60ed-98c2dda87cf3,SNOMED-CT,72892002,Normal pregnancy (finding)
2016-11-22,2018-07-31,7811dc30-8c86-8164-6c33-6b6f464745ef,7811dc30-8c86-8164-7a3a-706709e6678f,SNOMED-CT,314529007,Medication review due (situation)
2016-12-10,2016-12-23,7811dc30-8c86-8164-6c33-6b6f464745ef,7811dc30-8c86-8164-e1cb-8398288cb00c,SNOMED-CT,10509002,Acute bronchitis (disorder)
2016-12-20,2017-01-03,7811dc30-8c86-8164-6c33-6b6f464745ef,7811dc30-8c86-8164-4924-9b4f416a4e91,SNOMED-CT,66383009,Gingivitis (disorder)
2018-06-18,2018-06-18,dd9da64b-7b38-4f91-e75d-b1268dde60d4,dd9da64b-7b38-4f91-60fe-55c1e73e48f5,SNOMED-CT,18718003,Gingival disease (disorder)
2018-06-18,2018-06-18,dd9da64b-7b38-4f91-e75d-b1268dde60d4,dd9da64b-7b38-4f91-60fe-55c1e73e48f5,SNOMED-CT,278558000,Dental filling lost (finding)
2017-01-03,2017-01-03,7811dc30-8c86-8164-6c33-6b6f464745ef,7811dc30-8c86-8164-e90d-9ac93500ea31,SNOMED-CT,18718003,Gingival disease (disorder)
2017-11-28,2017-12-12,7811dc30-8c86-8164-6c33-6b6f464745ef,7811dc30-8c86-8164-d0a3-6e16ebe524a0,SNOMED-CT,66383009,Gingivitis (disorder)
2019-06-10,2020-06-15,dd9da64b-7b38-4f91-e75d-b1268dde60d4,dd9da64b-7b38-4f91-3b34-1c90027832dc,SNOMED-CT,73595000,Stress (finding)
2018-07-24,2019-03-26,7811dc30-8c86-8164-6c33-6b6f464745ef,7811dc30-8c86-8164-2f84-a65c3c6f63e0,SNOMED-CT,73595000,Stress (finding)
2018-08-07,2018-08-07,7811dc30-8c86-8164-6c33-6b6f464745ef,7811dc30-8c86-8164-4d7e-2849dee18f22,SNOMED-CT,314529007,Medication review due (situation)
2019-06-24,2019-06-24,dd9da64b-7b38-4f91-e75d-b1268dde60d4,dd9da64b-7b38-4f91-56c5-39cd2225672b,SNOMED-CT,427898007,Infection of tooth (disorder)
2019-06-24,2019-06-24,dd9da64b-7b38-4f91-e75d-b1268dde60d4,dd9da64b-7b38-4f91-56c5-39cd2225672b,SNOMED-CT,109570002,Primary dental caries (disorder)
2018-08-14,2018-08-30,7811dc30-8c86-8164-6c33-6b6f464745ef,7811dc30-8c86-8164-dfad-471ce297d94d,SNOMED-CT,10509002,Acute bronchitis (disorder)
2018-08-28,2018-08-28,7811dc30-8c86-8164-6c33-6b6f464745ef,7811dc30-8c86-8164-6016-d3eadff76b68,SNOMED-CT,314529007,Medication review due (situation)
2020-08-02,2020-08-29,dd9da64b-7b38-4f91-e75d-b1268dde60d4,dd9da64b-7b38-4f91-16ea-926591c4e74a,SNOMED-CT,444814009,Viral sinusitis (disorder)
2021-06-21,2022-06-27,dd9da64b-7b38-4f91-e75d-b1268dde60d4,dd9da64b-7b38-4f91-83f3-02757a913747,SNOMED-CT,423315002,Limited social contact (finding)
2018-12-04,2019-03-19,7811dc30-8c86-8164-6c33-6b6f464745ef,7811dc30-8c86-8164-d496-e62226582424,SNOMED-CT,314529007,Medication review due (situation)
2018-12-04,2019-03-12,7811dc30-8c86-8164-6c33-6b6f464745ef,7811dc30-8c86-8164-d496-e62226582424,SNOMED-CT,73438004,Unemployed (finding)
2019-03-12,2020-12-15,7811dc30-8c86-8164-6c33-6b6f464745ef,7811dc30-8c86-8164-c0d5-4e0edcbab89b,SNOMED-CT,160903007,Full-time employment (finding)
2022-03-14,2022-10-24,dd9da64b-7b38-4f91-e75d-b1268dde60d4,dd9da64b-7b38-4f91-221d-b21f9e833cb1,SNOMED-CT,72892002,Normal pregnancy (finding)
2019-03-26,2020-12-15,7811dc30-8c86-8164-6c33-6b6f464745ef,7811dc30-8c86-8164-ab47-03f767124f1b,SNOMED-CT,314529007,Medication review due (situation)
2019-03-26,2019-04-30,7811dc30-8c86-8164-6c33-6b6f464745ef,7811dc30-8c86-8164-ab47-03f767124f1b,SNOMED-CT,706893006,Victim of intimate partner abuse (finding)
2019-03-26,2019-04-16,7811dc30-8c86-8164-6c33-6b6f464745ef,7811dc30-8c86-8164-ab47-03f767124f1b,SNOMED-CT,66383009,Gingivitis (disorder)
2022-06-27,2023-07-03,dd9da64b-7b38-4f91-e75d-b1268dde60d4,dd9da64b-7b38-4f91-4a75-0f67b09fd4dc,SNOMED-CT,424393004,Reports of violence in the environment (finding)
2019-04-09,2019-04-29,7811dc30-8c86-8164-6c33-6b6f464745ef,7811dc30-8c86-8164-3daa-70fb1adf546a,SNOMED-CT,10509002,Acute bronchitis (disorder)
2019-04-30,2020-12-15,7811dc30-8c86-8164-6c33-6b6f464745ef,7811dc30-8c86-8164-6d81-2eb45abf39fd,SNOMED-CT,73595000,Stress (finding)
2019-04-30,2019-05-14,7811dc30-8c86-8164-6c33-6b6f464745ef,7811dc30-8c86-8164-6d81-2eb45abf39fd,SNOMED-CT,66383009,Gingivitis (disorder)
2023-07-03,2024-07-08,dd9da64b-7b38-4f91-e75d-b1268dde60d4,dd9da64b-7b38-4f91-5d7c-68ff7c49c98e,SNOMED-CT,314529007,Medication review due (situation)
2023-07-03,,dd9da64b-7b38-4f91-e75d-b1268dde60d4,dd9da64b-7b38-4f91-5d7c-68ff7c49c98e,SNOMED-CT,714628002,Prediabetes (finding)
2023-07-03,2024-07-08,dd9da64b-7b38-4f91-e75d-b1268dde60d4,dd9da64b-7b38-4f91-5d7c-68ff7c49c98e,SNOMED-CT,160904001,Part-time employment (finding)
2024-03-11,2024-03-19,dd9da64b-7b38-4f91-e75d-b1268dde60d4,dd9da64b-7b38-4f91-a0fa-1c8584005840,SNOMED-CT,72892002,Normal pregnancy (finding)
2024-03-11,2024-03-19,dd9da64b-7b38-4f91-e75d-b1268dde60d4,dd9da64b-7b38-4f91-a0fa-1c8584005840,SNOMED-CT,19169002,Miscarriage in first trimester (disorder)
2024-03-11,2024-03-19,dd9da64b-7b38-4f91-e75d-b1268dde60d4,dd9da64b-7b38-4f91-a0fa-1c8584005840,SNOMED-CT,156073000,Complete miscarriage (disorder)
2024-03-19,,dd9da64b-7b38-4f91-e75d-b1268dde60d4,dd9da64b-7b38-4f91-2419-9cc62d2cab58,SNOMED-CT,161744009,Past pregnancy history of miscarriage (situation)
2024-07-08,2025-07-14,dd9da64b-7b38-4f91-e75d-b1268dde60d4,dd9da64b-7b38-4f91-6008-5451e8bd6976,SNOMED-CT,160903007,Full-time employment (finding)
2020-12-15,2021-12-21,7811dc30-8c86-8164-6c33-6b6f464745ef,7811dc30-8c86-8164-55d3-50361191726a,SNOMED-CT,73438004,Unemployed (finding)
2024-07-22,2024-07-22,dd9da64b-7b38-4f91-e75d-b1268dde60d4,dd9da64b-7b38-4f91-dada-f39dd9311bb7,SNOMED-CT,18718003,Gingival disease (disorder)
2025-07-14,,dd9da64b-7b38-4f91-e75d-b1268dde60d4,dd9da64b-7b38-4f91-1304-0c491ffbb377,SNOMED-CT,314529007,Medication review due (situation)
2025-07-14,2026-07-20,dd9da64b-7b38-4f91-e75d-b1268dde60d4,dd9da64b-7b38-4f91-1304-0c491ffbb377,SNOMED-CT,73438004,Unemployed (finding)
2025-07-14,,dd9da64b-7b38-4f91-e75d-b1268dde60d4,dd9da64b-7b38-4f91-1304-0c491ffbb377,SNOMED-CT,73595000,Stress (finding)
2021-12-21,2021-12-21,7811dc30-8c86-8164-6c33-6b6f464745ef,7811dc30-8c86-8164-fa9e-c2f7931982cd,SNOMED-CT,314529007,Medication review due (situation)
2021-12-21,2022-12-27,7811dc30-8c86-8164-6c33-6b6f464745ef,7811dc30-8c86-8164-fa9e-c2f7931982cd,SNOMED-CT,160903007,Full-time employment (finding)
2021-12-21,,7811dc30-8c86-8164-6c33-6b6f464745ef,7811dc30-8c86-8164-fa9e-c2f7931982cd,SNOMED-CT,73595000,Stress (finding)
2021-12-21,2022-01-04,7811dc30-8c86-8164-6c33-6b6f464745ef,7811dc30-8c86-8164-fa9e-c2f7931982cd,SNOMED-CT,66383009,Gingivitis (disorder)
2026-07-20,,dd9da64b-7b38-4f91-e75d-b1268dde60d4,dd9da64b-7b38-4f91-d52c-a69b4423a72b,SNOMED-CT,160903007,Full-time employment (finding)
2022-12-27,2022-12-27,7811dc30-8c86-8164-6c33-6b6f464745ef,7811dc30-8c86-8164-894f-dc4f9cc27c2d,SNOMED-CT,314529007,Medication review due (situation)
2022-12-27,2024-01-02,7811dc30-8c86-8164-6c33-6b6f464745ef,7811dc30-8c86-8164-894f-dc4f9cc27c2d,SNOMED-CT,73438004,Unemployed (finding)
2022-12-27,,7811dc30-8c86-8164-6c33-6b6f464745ef,7811dc30-8c86-8164-894f-dc4f9cc27c2d,SNOMED-CT,706893006,Victim of intimate partner abuse (finding)
1983-04-22,,322ab5c6-5846-ac1e-38cc-48b8cb441e20,322ab5c6-5846-ac1e-5acd-ccfa04f1f13b,SNOMED-CT,224299000,Received higher education (finding)
2023-07-07,2023-08-20,7811dc30-8c86-8164-6c33-6b6f464745ef,7811dc30-8c86-8164-01bf-11274617fedc,SNOMED-CT,125605004,Fracture of bone (disorder)
2023-07-07,2023-08-20,7811dc30-8c86-8164-6c33-6b6f464745ef,7811dc30-8c86-8164-01bf-11274617fedc,SNOMED-CT,16114001,Fracture of ankle (disorder)
1999-05-14,,322ab5c6-5846-ac1e-38cc-48b8cb441e20,322ab5c6-5846-ac1e-45b6-da7d678ab36f,SNOMED-CT,162864005,Body mass index 30+ - obesity (finding)
2007-03-09,2017-03-10,322ab5c6-5846-ac1e-38cc-48b8cb441e20,322ab5c6-5846-ac1e-0ea3-5b23c6dc6925,SNOMED-CT,422650009,Social isolation (finding)
2015-02-27,2017-03-10,322ab5c6-5846-ac1e-38cc-48b8cb441e20,322ab5c6-5846-ac1e-7ceb-9a1adaf2bfa3,SNOMED-CT,314529007,Medication review due (situation)
2015-02-27,2019-03-22,322ab5c6-5846-ac1e-38cc-48b8cb441e20,322ab5c6-5846-ac1e-7ceb-9a1adaf2bfa3,SNOMED-CT,423315002,Limited social contact (finding)
2015-02-27,2017-03-10,322ab5c6-5846-ac1e-38cc-48b8cb441e20,322ab5c6-5846-ac1e-7ceb-9a1adaf2bfa3,SNOMED-CT,73595000,Stress (finding)
2015-02-27,2018-03-16,322ab5c6-5846-ac1e-38cc-48b8cb441e20,322ab5c6-5846-ac1e-7ceb-9a1adaf2bfa3,SNOMED-CT,80583007,Severe anxiety (panic) (finding)
2016-03-04,2017-03-10,322ab5c6-5846-ac1e-38cc-48b8cb441e20,322ab5c6-5846-ac1e-2748-1526da987fdf,SNOMED-CT,741062008,Not in labor force (finding)
2017-03-10,2018-03-16,322ab5c6-5846-ac1e-38cc-48b8cb441e20,322ab5c6-5846-ac1e-8cc7-2499328e706c,SNOMED-CT,160903007,Full-time employment (finding)
2017-03-10,2017-03-24,322ab5c6-5846-ac1e-38cc-48b8cb441e20,322ab5c6-5846-ac1e-8cc7-2499328e706c,SNOMED-CT,66383009,Gingivitis (disorder)
2024-01-02,2026-01-13,7811dc30-8c86-8164-6c33-6b6f464745ef,7811dc30-8c86-8164-a48d-8869788f1e41,SNOMED-CT,314529007,Medication review due (situation)
2024-01-02,2025-01-07,7811dc30-8c86-8164-6c33-6b6f464745ef,7811dc30-8c86-8164-a48d-8869788f1e41,SNOMED-CT,160904001,Part-time employment (finding)
2024-01-02,2024-01-16,7811dc30-8c86-8164-6c33-6b6f464745ef,7811dc30-8c86-8164-a48d-8869788f1e41,SNOMED-CT,66383009,Gingivitis (disorder)
2017-03-24,2017-03-24,322ab5c6-5846-ac1e-38cc-48b8cb441e20,322ab5c6-5846-ac1e-1dcc-98555b4d9372,SNOMED-CT,18718003,Gingival disease (disorder)
2017-05-24,2017-06-04,322ab5c6-5846-ac1e-38cc-48b8cb441e20,322ab5c6-5846-ac1e-ddbf-9433313dcb47,SNOMED-CT,195662009,Acute viral pharyngitis (disorder)
2018-03-16,2018-03-16,322ab5c6-5846-ac1e-38cc-48b8cb441e20,322ab5c6-5846-ac1e-1ee1-bc131d2b96ab,SNOMED-CT,314529007,Medication review due (situation)
2018-03-16,2019-03-22,322ab5c6-5846-ac1e-38cc-48b8cb441e20,322ab5c6-5846-ac1e-1ee1-bc131d2b96ab,SNOMED-CT,741062008,Not in labor force (finding)
2018-03-16,2019-03-22,322ab5c6-5846-ac1e-38cc-48b8cb441e20,322ab5c6-5846-ac1e-1ee1-bc131d2b96ab,SNOMED-CT,73595000,Stress (finding)
2019-03-22,2019-03-22,322ab5c6-5846-ac1e-38cc-48b8cb441e20,322ab5c6-5846-ac1e-3770-e5f6e5dce7cd,SNOMED-CT,314529007,Medication review due (situation)
2019-03-22,2020-03-27,322ab5c6-5846-ac1e-38cc-48b8cb441e20,322ab5c6-5846-ac1e-3770-e5f6e5dce7cd,SNOMED-CT,160903007,Full-time employment (finding)
2019-04-03,2019-04-19,322ab5c6-5846-ac1e-38cc-48b8cb441e20,322ab5c6-5846-ac1e-0921-e0da0a82b857,SNOMED-CT,312608009,Laceration - injury (disorder)
2019-04-03,2019-04-19,322ab5c6-5846-ac1e-38cc-48b8cb441e20,322ab5c6-5846-ac1e-0921-e0da0a82b857,SNOMED-CT,283371005,Laceration of forearm (disorder)
2020-03-27,2021-04-02,322ab5c6-5846-ac1e-38cc-48b8cb441e20,322ab5c6-5846-ac1e-c1c4-035e030202a9,SNOMED-CT,314529007,Medication review due (situation)
2020-03-27,2021-04-02,322ab5c6-5846-ac1e-38cc-48b8cb441e20,322ab5c6-5846-ac1e-c1c4-035e030202a9,SNOMED-CT,160904001,Part-time employment (finding)
2020-03-27,2024-04-19,322ab5c6-5846-ac1e-38cc-48b8cb441e20,322ab5c6-5846-ac1e-c1c4-035e030202a9,SNOMED-CT,73595000,Stress (finding)
2025-01-07,2026-01-13,7811dc30-8c86-8164-6c33-6b6f464745ef,7811dc30-8c86-8164-127c-484379353fcf,SNOMED-CT,160903007,Full-time employment (finding)
2021-04-02,2023-04-14,322ab5c6-5846-ac1e-38cc-48b8cb441e20,322ab5c6-5846-ac1e-2f80-6274e682dae9,SNOMED-CT,741062008,Not in labor force (finding)
2021-04-02,2022-04-08,322ab5c6-5846-ac1e-38cc-48b8cb441e20,322ab5c6-5846-ac1e-2f80-6274e682dae9,SNOMED-CT,706893006,Victim of intimate partner abuse (finding)
2022-04-08,2024-04-19,322ab5c6-5846-ac1e-38cc-48b8cb441e20,322ab5c6-5846-ac1e-a8d1-f3e1d33aa390,SNOMED-CT,314529007,Medication review due (situation)
2022-04-08,2023-04-14,322ab5c6-5846-ac1e-38cc-48b8cb441e20,322ab5c6-5846-ac1e-a8d1-f3e1d33aa390,SNOMED-CT,423315002,Limited social contact (finding)
2023-04-14,2025-04-25,322ab5c6-5846-ac1e-38cc-48b8cb441e20,322ab5c6-5846-ac1e-f3aa-8626154ce479,SNOMED-CT,160903007,Full-time employment (finding)
2023-04-14,2023-04-28,322ab5c6-5846-ac1e-38cc-48b8cb441e20,322ab5c6-5846-ac1e-f3aa-8626154ce479,SNOMED-CT,66383009,Gingivitis (disorder)
2026-01-13,,7811dc30-8c86-8164-6c33-6b6f464745ef,7811dc30-8c86-8164-8955-045b5dbd7788,SNOMED-CT,160904001,Part-time employment (finding)
2026-01-13,,7811dc30-8c86-8164-6c33-6b6f464745ef,7811dc30-8c86-8164-8955-045b5dbd7788,SNOMED-CT,423315002,Limited social contact (finding)
2026-01-13,2026-01-27,7811dc30-8c86-8164-6c33-6b6f464745ef,7811dc30-8c86-8164-8955-045b5dbd7788,SNOMED-CT,66383009,Gingivitis (disorder)
2024-04-19,2025-04-25,322ab5c6-5846-ac1e-38cc-48b8cb441e20,322ab5c6-5846-ac1e-e539-f2debd30bc43,SNOMED-CT,423315002,Limited social contact (finding)
2024-04-19,2024-05-03,322ab5c6-5846-ac1e-38cc-48b8cb441e20,322ab5c6-5846-ac1e-e539-f2debd30bc43,SNOMED-CT,66383009,Gingivitis (disorder)
2025-04-25,2025-04-25,322ab5c6-5846-ac1e-38cc-48b8cb441e20,322ab5c6-5846-ac1e-7c42-b477136ce1eb,SNOMED-CT,314529007,Medication review due (situation)
2026-01-27,2026-01-27,7811dc30-8c86-8164-6c33-6b6f464745ef,7811dc30-8c86-8164-d72f-9a9a1eb73842,SNOMED-CT,278558000,Dental filling lost (finding)
2025-04-25,2026-05-01,322ab5c6-5846-ac1e-38cc-48b8cb441e20,322ab5c6-5846-ac1e-7c42-b477136ce1eb,SNOMED-CT,160904001,Part-time employment (finding)
2025-04-25,,322ab5c6-5846-ac1e-38cc-48b8cb441e20,322ab5c6-5846-ac1e-7c42-b477136ce1eb,SNOMED-CT,73595000,Stress (finding)
2026-05-01,,322ab5c6-5846-ac1e-38cc-48b8cb441e20,322ab5c6-5846-ac1e-b342-21728760bf74,SNOMED-CT,314529007,Medication review due (situation)
2026-05-01,,322ab5c6-5846-ac1e-38cc-48b8cb441e20,322ab5c6-5846-ac1e-b342-21728760bf74,SNOMED-CT,160903007,Full-time employment (finding)
2026-05-01,,322ab5c6-5846-ac1e-38cc-48b8cb441e20,322ab5c6-5846-ac1e-b342-21728760bf74,SNOMED-CT,424393004,Reports of violence in the environment (finding)
1943-11-12,,05cc86a0-2d98-b046-790a-211fd9e1ea92,05cc86a0-2d98-b046-36f4-e8b7ee0c52f6,SNOMED-CT,473461003,Educated to high school level (finding)
1947-11-21,,05cc86a0-2d98-b046-790a-211fd9e1ea92,05cc86a0-2d98-b046-deeb-54a9e0068fb8,SNOMED-CT,162864005,Body mass index 30+ - obesity (finding)
1947-11-21,,05cc86a0-2d98-b046-790a-211fd9e1ea92,05cc86a0-2d98-b046-deeb-54a9e0068fb8,SNOMED-CT,266948004,Has a criminal record (finding)
1955-11-13,,05cc86a0-2d98-b046-790a-211fd9e1ea92,05cc86a0-2d98-b046-2e09-a94e7243724d,SNOMED-CT,161744009,Past pregnancy history of miscarriage (situation)
1961-08-09,,05cc86a0-2d98-b046-790a-211fd9e1ea92,05cc86a0-2d98-b046-1faa-9b8c99c6dac8,SNOMED-CT,267020005,History of tubal ligation (situation)
1969-10-03,,05cc86a0-2d98-b046-790a-211fd9e1ea92,05cc86a0-2d98-b046-5006-c2d7a8a781c9,SNOMED-CT,422650009,Social isolation (finding)
1971-10-08,,05cc86a0-2d98-b046-790a-211fd9e1ea92,05cc86a0-2d98-b046-918d-f3df86eaf8c1,SNOMED-CT,714628002,Prediabetes (finding)
1971-10-08,,05cc86a0-2d98-b046-790a-211fd9e1ea92,05cc86a0-2d98-b046-918d-f3df86eaf8c1,SNOMED-CT,414545008,Ischemic heart disease (disorder)
1971-10-17,,05cc86a0-2d98-b046-790a-211fd9e1ea92,05cc86a0-2d98-b046-4d40-bf9525165545,SNOMED-CT,274531002,Abnormal findings diagnostic imaging heart+coronary circulat (finding)
1976-10-01,,05cc86a0-2d98-b046-790a-211fd9e1ea92,05cc86a0-2d98-b046-b6ee-54c0f7ff6b4f,SNOMED-CT,239873007,Osteoarthritis of knee (disorder)
1990-03-13,,05cc86a0-2d98-b046-790a-211fd9e1ea92,05cc86a0-2d98-b046-1c8f-799e35961cea,SNOMED-CT,82423001,Chronic pain (finding)
1990-04-26,,05cc86a0-2d98-b046-790a-211fd9e1ea92,05cc86a0-2d98-b046-a1c8-ac89157797c4,SNOMED-CT,124171000119105,Chronic intractable migraine without aura (disorder)
1991-01-26,,05cc86a0-2d98-b046-790a-211fd9e1ea92,05cc86a0-2d98-b046-c743-51a84d4ae1e8,SNOMED-CT,196416002,Impacted molars (disorder)
2002-02-22,,05cc86a0-2d98-b046-790a-211fd9e1ea92,05cc86a0-2d98-b046-a35d-08e619704758,SNOMED-CT,55822004,Hyperlipidemia (disorder)
2002-04-03,,05cc86a0-2d98-b046-790a-211fd9e1ea92,05cc86a0-2d98-b046-7aa1-75f00f7c6f74,SNOMED-CT,6525002,Dependent drug abuse (disorder)
2008-03-28,,05cc86a0-2d98-b046-790a-211fd9e1ea92,05cc86a0-2d98-b046-1f37-3670f6fde0b5,SNOMED-CT,706893006,Victim of intimate partner abuse (finding)
2012-10-17,,05cc86a0-2d98-b046-790a-211fd9e1ea92,05cc86a0-2d98-b046-3d71-ea096e97b692,SNOMED-CT,428251008,History of appendectomy (situation)
2014-06-06,2026-07-10,05cc86a0-2d98-b046-790a-211fd9e1ea92,05cc86a0-2d98-b046-4ac6-3f117311e947,SNOMED-CT,423315002,Limited social contact (finding)
2016-05-13,2022-06-17,05cc86a0-2d98-b046-790a-211fd9e1ea92,05cc86a0-2d98-b046-75ee-67519c256f7f,SNOMED-CT,314529007,Medication review due (situation)
2016-05-13,,05cc86a0-2d98-b046-790a-211fd9e1ea92,05cc86a0-2d98-b046-75ee-67519c256f7f,SNOMED-CT,64859006,Osteoporosis (disorder)
2016-05-13,2017-05-19,05cc86a0-2d98-b046-790a-211fd9e1ea92,05cc86a0-2d98-b046-75ee-67519c256f7f,SNOMED-CT,73438004,Unemployed (finding)
2016-05-13,2019-05-31,05cc86a0-2d98-b046-790a-211fd9e1ea92,05cc86a0-2d98-b046-75ee-67519c256f7f,SNOMED-CT,73595000,Stress (finding)
2017-05-19,2019-11-08,05cc86a0-2d98-b046-790a-211fd9e1ea92,05cc86a0-2d98-b046-aadf-a62b9e132f6b,SNOMED-CT,160903007,Full-time employment (finding)
2017-06-02,2017-06-02,05cc86a0-2d98-b046-790a-211fd9e1ea92,05cc86a0-2d98-b046-fb31-4616f7ce552c,SNOMED-CT,18718003,Gingival disease (disorder)
2017-09-30,2017-10-01,05cc86a0-2d98-b046-790a-211fd9e1ea92,05cc86a0-2d98-b046-c130-1716de9ee94c,SNOMED-CT,1149222004,Overdose (disorder)
2018-06-12,2018-06-12,05cc86a0-2d98-b046-790a-211fd9e1ea92,05cc86a0-2d98-b046-5efc-80f2529e0808,SNOMED-CT,1149222004,Overdose (disorder)
2019-01-11,2019-05-11,05cc86a0-2d98-b046-790a-211fd9e1ea92,05cc86a0-2d98-b046-8bab-e3288f16cfd4,SNOMED-CT,125605004,Fracture of bone (disorder)
2019-01-11,2019-05-11,05cc86a0-2d98-b046-790a-211fd9e1ea92,05cc86a0-2d98-b046-8bab-e3288f16cfd4,SNOMED-CT,65966004,Fracture of forearm (disorder)
2019-01-11,2019-05-11,05cc86a0-2d98-b046-790a-211fd9e1ea92,05cc86a0-2d98-b046-8bab-e3288f16cfd4,SNOMED-CT,443165006,Osteoporotic fracture of bone (disorder)
2019-06-14,2019-06-14,05cc86a0-2d98-b046-790a-211fd9e1ea92,05cc86a0-2d98-b046-fd53-eae136aec269,SNOMED-CT,18718003,Gingival disease (disorder)
2019-10-30,2019-11-13,05cc86a0-2d98-b046-790a-211fd9e1ea92,05cc86a0-2d98-b046-4955-cd96f0a85645,SNOMED-CT,10509002,Acute bronchitis (disorder)
2019-11-08,2020-06-05,05cc86a0-2d98-b046-790a-211fd9e1ea92,05cc86a0-2d98-b046-064b-0349f9526c00,SNOMED-CT,160904001,Part-time employment (finding)
2019-11-08,2021-06-11,05cc86a0-2d98-b046-790a-211fd9e1ea92,05cc86a0-2d98-b046-064b-0349f9526c00,SNOMED-CT,73595000,Stress (finding)
2019-11-08,2019-11-23,05cc86a0-2d98-b046-790a-211fd9e1ea92,05cc86a0-2d98-b046-064b-0349f9526c00,SNOMED-CT,66383009,Gingivitis (disorder)
2019-11-22,2019-11-23,05cc86a0-2d98-b046-790a-211fd9e1ea92,05cc86a0-2d98-b046-469f-874785d433c3,SNOMED-CT,18718003,Gingival disease (disorder)
2019-11-23,2019-11-23,05cc86a0-2d98-b046-790a-211fd9e1ea92,05cc86a0-2d98-b046-469f-874785d433c3,SNOMED-CT,278588009,Fractured dental filling (finding)
2020-06-05,2023-06-23,05cc86a0-2d98-b046-790a-211fd9e1ea92,05cc86a0-2d98-b046-e4b9-66895ca42725,SNOMED-CT,160903007,Full-time employment (finding)
2020-06-16,2020-08-15,05cc86a0-2d98-b046-790a-211fd9e1ea92,05cc86a0-2d98-b046-89bb-95f603c6fc2a,SNOMED-CT,125605004,Fracture of bone (disorder)
2020-06-16,2020-08-15,05cc86a0-2d98-b046-790a-211fd9e1ea92,05cc86a0-2d98-b046-89bb-95f603c6fc2a,SNOMED-CT,58150001,Fracture of clavicle (disorder)
2020-06-16,2020-08-15,05cc86a0-2d98-b046-790a-211fd9e1ea92,05cc86a0-2d98-b046-89bb-95f603c6fc2a,SNOMED-CT,443165006,Osteoporotic fracture of bone (disorder)
2021-09-02,2021-09-02,05cc86a0-2d98-b046-790a-211fd9e1ea92,05cc86a0-2d98-b046-6617-39f7243fbb8c,SNOMED-CT,840544004,Suspected disease caused by Severe acute respiratory coronavirus 2 (situation)
2021-09-02,,05cc86a0-2d98-b046-790a-211fd9e1ea92,05cc86a0-2d98-b046-73b0-aebb7480a349,SNOMED-CT,49727002,Cough (finding)
2021-09-02,,05cc86a0-2d98-b046-790a-211fd9e1ea92,05cc86a0-2d98-b046-73b0-aebb7480a349,SNOMED-CT,84229001,Fatigue (finding)
2021-09-02,,05cc86a0-2d98-b046-790a-211fd9e1ea92,05cc86a0-2d98-b046-73b0-aebb7480a349,SNOMED-CT,68962001,Muscle pain (finding)
2021-09-02,,05cc86a0-2d98-b046-790a-211fd9e1ea92,05cc86a0-2d98-b046-73b0-aebb7480a349,SNOMED-CT,57676002,Joint pain
2021-09-02,,05cc86a0-2d98-b046-790a-211fd9e1ea92,05cc86a0-2d98-b046-73b0-aebb7480a349,SNOMED-CT,43724002,Chill (finding)
2021-09-02,,05cc86a0-2d98-b046-790a-211fd9e1ea92,05cc86a0-2d98-b046-73b0-aebb7480a349,SNOMED-CT,386661006,Fever (finding)
2022-06-17,2024-06-28,05cc86a0-2d98-b046-790a-211fd9e1ea92,05cc86a0-2d98-b046-b12f-92119ed048cd,SNOMED-CT,73595000,Stress (finding)
2023-06-23,2025-07-04,05cc86a0-2d98-b046-790a-211fd9e1ea92,05cc86a0-2d98-b046-5a2f-971335689333,SNOMED-CT,314529007,Medication review due (situation)
2023-06-23,2024-06-28,05cc86a0-2d98-b046-790a-211fd9e1ea92,05cc86a0-2d98-b046-5a2f-971335689333,SNOMED-CT,160904001,Part-time employment (finding)
2024-04-12,2024-04-12,05cc86a0-2d98-b046-790a-211fd9e1ea92,05cc86a0-2d98-b046-3b7e-e00c5f267d87,SNOMED-CT,1149222004,Overdose (disorder)
2024-06-28,2025-07-04,05cc86a0-2d98-b046-790a-211fd9e1ea92,05cc86a0-2d98-b046-40c5-49f5acd6be81,SNOMED-CT,160903007,Full-time employment (finding)
2024-11-08,2024-11-08,05cc86a0-2d98-b046-790a-211fd9e1ea92,05cc86a0-2d98-b046-f6a2-ab39f67a53d4,SNOMED-CT,1149222004,Overdose (disorder)
2025-07-04,2026-07-10,05cc86a0-2d98-b046-790a-211fd9e1ea92,05cc86a0-2d98-b046-05a9-9e7a92f7dff4,SNOMED-CT,160904001,Part-time employment (finding)
2025-07-04,,05cc86a0-2d98-b046-790a-211fd9e1ea92,05cc86a0-2d98-b046-05a9-9e7a92f7dff4,SNOMED-CT,73595000,Stress (finding)
2025-07-04,2026-07-10,05cc86a0-2d98-b046-790a-211fd9e1ea92,05cc86a0-2d98-b046-05a9-9e7a92f7dff4,SNOMED-CT,424393004,Reports of violence in the environment (finding)
2026-07-10,2026-07-10,05cc86a0-2d98-b046-790a-211fd9e1ea92,05cc86a0-2d98-b046-c0f1-dac51423ff49,SNOMED-CT,314529007,Medication review due (situation)
2026-07-10,,05cc86a0-2d98-b046-790a-211fd9e1ea92,05cc86a0-2d98-b046-c0f1-dac51423ff49,SNOMED-CT,160903007,Full-time employment (finding)
2026-07-31,2026-08-01,05cc86a0-2d98-b046-790a-211fd9e1ea92,05cc86a0-2d98-b046-54c7-9e31488a5c27,SNOMED-CT,1149222004,Overdose (disorder)
