Id,DATE,PATIENT,ENCOUNTER,SERIES_UID,BODYSITE_CODE,BODYSITE_DESCRIPTION,MODALITY_CODE,MODALITY_DESCRIPTION,INSTANCE_UID,SOP_CODE,SOP_DESCRIPTION,PROCEDURE_CODE
aee7bbe1-0c45-c028-edda-270089d8183e,2019-11-13T10:43:19Z,aee7bbe1-0c45-c028-1e62-1f4cdb30c273,aee7bbe1-0c45-c028-00c6-a8d629cc445b,1.2.840.99999999.1.63289205.1573641799866,40983000,Structure of upper extremity between shoulder and elbow (body structure),DX,Digital Radiography,1.2.840.99999999.1.1.21897549.1573641799866,1.2.840.10008.5.1.4.1.1.1.1,Digital X-Ray Image Storage,713026007
aee7bbe1-0c45-c028-7993-23261e8eacb2,2023-01-19T12:41:38Z,aee7bbe1-0c45-c028-1e62-1f4cdb30c273,aee7bbe1-0c45-c028-0ab7-623f61d32a2e,1.2.840.99999999.1.61798833.1674132098866,700016008,Structure of region of internal part of mouth (body structure),DX,Digital Radiography,1.2.840.99999999.1.1.52326361.1674132098866,1.2.840.10008.5.1.4.1.1.1.3,Digital Intra-Oral X-Ray Image Storage - For Presentation,241046008
aee7bbe1-0c45-c028-fade-e574b388350b,2024-02-01T13:21:56Z,aee7bbe1-0c45-c028-1e62-1f4cdb30c273,aee7bbe1-0c45-c028-ab64-60265579f441,1.2.840.99999999.1.15576758.1706793716866,700016008,Structure of region of internal part of mouth (body structure),DX,Digital Radiography,1.2.840.99999999.1.1.78674080.1706793716866,1.2.840.10008.5.1.4.1.1.1.3,Digital Intra-Oral X-Ray Image Storage - For Presentation,241046008
5e688e99-61b3-5c88-c708-b2d17204b257,2019-02-07T09:54:17Z,5e688e99-61b3-5c88-3f60-21df8aaced27,5e688e99-61b3-5c88-d530-4e1d22c89571,1.2.840.99999999.1.66528030.1549533257296,700016008,Structure of region of internal part of mouth (body structure),DX,Digital Radiography,1.2.840.99999999.1.1.47460912.1549533257296,1.2.840.10008.5.1.4.1.1.1.3,Digital Intra-Oral X-Ray Image Storage - For Presentation,241046008
5e688e99-61b3-5c88-9885-5df311a37d5d,2022-10-27T09:53:44Z,5e688e99-61b3-5c88-3f60-21df8aaced27,5e688e99-61b3-5c88-7b03-c5e129230da9,1.2.840.99999999.1.25341101.1666864424296,700016008,Structure of region of internal part of mouth (body structure),DX,Digital Radiography,1.2.840.99999999.1.1.63230384.1666864424296,1.2.840.10008.5.1.4.1.1.1.3,Digital Intra-Oral X-Ray Image Storage - For Presentation,241046008
76b20010-c318-5754-8b8d-79164e819032,2026-03-23T08:26:53Z,76b20010-c318-5754-8c85-983aa538522f,76b20010-c318-5754-92f6-be8b3353608c,1.2.840.99999999.1.23621012.1774254413908,700016008,Structure of region of internal part of mouth (body structure),DX,Digital Radiography,1.2.840.99999999.1.1.73842593.1774254413908,1.2.840.10008.5.1.4.1.1.1.3,Digital Intra-Oral X-Ray Image Storage - For Presentation,241046008
5e688e99-61b3-5c88-2fc4-41467ea2fb0e,2024-03-14T09:52:46Z,5e688e99-61b3-5c88-3f60-21df8aaced27,5e688e99-61b3-5c88-698b-bb7e1467a143,1.2.840.99999999.1.61971327.1710409966296,700016008,Structure of region of internal part of mouth (body structure),DX,Digital Radiography,1.2.840.99999999.1.1.19944366.1710409966296,1.2.840.10008.5.1.4.1.1.1.3,Digital Intra-Oral X-Ray Image Storage - For Presentation,241046008
5e688e99-61b3-5c88-d2c8-ad66f3d21b1a,2025-03-20T09:46:25Z,5e688e99-61b3-5c88-3f60-21df8aaced27,5e688e99-61b3-5c88-78b5-08198d544fe2,1.2.840.99999999.1.79067148.1742463985296,700016008,Structure of region of internal part of mouth (body structure),DX,Digital Radiography,1.2.840.99999999.1.1.23068278.1742463985296,1.2.840.10008.5.1.4.1.1.1.3,Digital Intra-Oral X-Ray Image Storage - For Presentation,241046008
46976cf7-b0bf-be20-e651-b25325bb905b,2018-10-12T10:08:58Z,46976cf7-b0bf-be20-39a5-9f425a52886d,46976cf7-b0bf-be20-4fdd-7e5e2a058119,1.2.840.99999999.1.60459152.1539338938390,700016008,Structure of region of internal part of mouth (body structure),DX,Digital Radiography,1.2.840.99999999.1.1.88709065.1539338938390,1.2.840.10008.5.1.4.1.1.1.3,Digital Intra-Oral X-Ray Image Storage - For Presentation,241046008
46976cf7-b0bf-be20-0e16-0b9801c90842,2019-10-18T09:54:44Z,46976cf7-b0bf-be20-39a5-9f425a52886d,46976cf7-b0bf-be20-0218-c8718c9a7491,1.2.840.99999999.1.59989438.1571392484390,700016008,Structure of region of internal part of mouth (body structure),DX,Digital Radiography,1.2.840.99999999.1.1.63251638.1571392484390,1.2.840.10008.5.1.4.1.1.1.3,Digital Intra-Oral X-Ray Image Storage - For Presentation,241046008
4f083ce3-f12b-bb4b-5bcc-3103afd10bb2,2017-03-21T18:40:22Z,4f083ce3-f12b-bb4b-7353-e17f0cd55b0a,4f083ce3-f12b-bb4b-c029-f35cbc5a15f5,1.2.840.99999999.1.62752922.1490121622561,700016008,Structure of region of internal part of mouth (body structure),DX,Digital Radiography,1.2.840.99999999.1.1.62236031.1490121622561,1.2.840.10008.5.1.4.1.1.1.3,Digital Intra-Oral X-Ray Image Storage - For Presentation,241046008
aa616abe-1761-0c9a-5fbf-1343d304e0e7,2004-07-14T02:41:45Z,aa616abe-1761-0c9a-7959-07544679dafd,aa616abe-1761-0c9a-9881-d9f029e5bb2c,1.2.840.99999999.1.68621256.1089772905643,72696002,Knee region structure (body structure),DX,Digital Radiography,1.2.840.99999999.1.1.27268897.1089772905643,1.2.840.10008.5.1.4.1.1.1.1,Digital X-Ray Image Storage,1290407002
46ee9d82-b52c-856d-c168-698d4dc6ed33,2018-09-18T13:00:18Z,46ee9d82-b52c-856d-069b-5064ff052225,46ee9d82-b52c-856d-5773-5dfa12e4eafb,1.2.840.99999999.1.57910289.1537275618759,700016008,Structure of region of internal part of mouth (body structure),DX,Digital Radiography,1.2.840.99999999.1.1.76648475.1537275618759,1.2.840.10008.5.1.4.1.1.1.3,Digital Intra-Oral X-Ray Image Storage - For Presentation,241046008
46ee9d82-b52c-856d-7269-ae8650add9d0,2021-10-05T13:30:37Z,46ee9d82-b52c-856d-069b-5064ff052225,46ee9d82-b52c-856d-2648-587cd6b9186e,1.2.840.99999999.1.58983622.1633440637759,700016008,Structure of region of internal part of mouth (body structure),DX,Digital Radiography,1.2.840.99999999.1.1.45302522.1633440637759,1.2.840.10008.5.1.4.1.1.1.3,Digital Intra-Oral X-Ray Image Storage - For Presentation,241046008
c86c400e-ff88-a1e3-7ac0-2b49dd389a52,1975-06-02T02:58:31Z,c86c400e-ff88-a1e3-2e23-caa4d8311f47,c86c400e-ff88-a1e3-a5af-fd0a2f352cd6,1.2.840.99999999.1.30418477.170909911664,700016008,Structure of region of internal part of mouth (body structure),DX,Digital Radiography,1.2.840.99999999.1.1.28831069.170909911664,1.2.840.10008.5.1.4.1.1.1.3,Digital Intra-Oral X-Ray Image Storage - For Presentation,241046008
c86c400e-ff88-a1e3-aad8-50f71ab59c66,1978-05-29T04:20:02Z,c86c400e-ff88-a1e3-2e23-caa4d8311f47,c86c400e-ff88-a1e3-da34-06d00ec566c0,1.2.840.99999999.1.27692070.265263602664,700016008,Structure of region of internal part of mouth (body structure),DX,Digital Radiography,1.2.840.99999999.1.1.65699913.265263602664,1.2.840.10008.5.1.4.1.1.1.3,Digital Intra-Oral X-Ray Image Storage - For Presentation,241046008
c86c400e-ff88-a1e3-cbba-1867879c4170,1981-06-01T04:14:17Z,c86c400e-ff88-a1e3-2e23-caa4d8311f47,c86c400e-ff88-a1e3-073a-a2ade5f109e4,1.2.840.99999999.1.71512427.360216857664,700016008,Structure of region of internal part of mouth (body structure),DX,Digital Radiography,1.2.840.99999999.1.1.94124448.360216857664,1.2.840.10008.5.1.4.1.1.1.3,Digital Intra-Oral X-Ray Image Storage - For Presentation,241046008
c86c400e-ff88-a1e3-3cb4-53593b643707,1984-06-12T07:51:18Z,c86c400e-ff88-a1e3-2e23-caa4d8311f47,c86c400e-ff88-a1e3-6f27-bf321ab4c01f,1.2.840.99999999.1.61249674.455874678664,700016008,Structure of region of internal part of mouth (body structure),DX,Digital Radiography,1.2.840.99999999.1.1.56716177.455874678664,1.2.840.10008.5.1.4.1.1.1.3,Digital Intra-Oral X-Ray Image Storage - For Presentation,241046008
eb5910f1-26e6-bc6f-921f-a3d04fe0ea01,1996-04-24T10:51:11Z,eb5910f1-26e6-bc6f-b300-716eae678d6f,eb5910f1-26e6-bc6f-8dbb-95e453e8b5b1,1.2.840.99999999.1.73358653.830343071977,80891009,Heart structure (body structure),US,Ultrasound,1.2.840.99999999.1.1.81720171.830343071977,1.2.840.10008.5.1.4.1.1.3.1,Ultrasound Multiframe Image Storage,433236007
eb5910f1-26e6-bc6f-364d-0c044e26f271,2016-12-07T11:45:23Z,eb5910f1-26e6-bc6f-b300-716eae678d6f,eb5910f1-26e6-bc6f-7d40-d95e47d65599,1.2.840.99999999.1.45180522.1481111123977,80891009,Heart structure (body structure),US,Ultrasound,1.2.840.99999999.1.1.23540765.1481111123977,1.2.840.10008.5.1.4.1.1.3.1,Ultrasound Multiframe Image Storage,433236007
e74367bd-7385-97dc-4020-12644f884106,2016-11-12T02:57:50Z,e74367bd-7385-97dc-2c7f-251b4cd9fe29,e74367bd-7385-97dc-a8fc-9f3e6192b5f4,1.2.840.99999999.1.54345865.1478919470130,700016008,Structure of region of internal part of mouth (body structure),DX,Digital Radiography,1.2.840.99999999.1.1.30588170.1478919470130,1.2.840.10008.5.1.4.1.1.1.3,Digital Intra-Oral X-Ray Image Storage - For Presentation,241046008
eb5910f1-26e6-bc6f-83e9-3c62839acce7,2018-07-25T11:50:29Z,eb5910f1-26e6-bc6f-b300-716eae678d6f,eb5910f1-26e6-bc6f-ab0c-e59edf5de713,1.2.840.99999999.1.40133058.1532519429977,80891009,Heart structure (body structure),US,Ultrasound,1.2.840.99999999.1.1.13953519.1532519429977,1.2.840.10008.5.1.4.1.1.3.1,Ultrasound Multiframe Image Storage,433236007
eb5910f1-26e6-bc6f-6afb-0e0b0ece9d93,2023-03-05T12:11:52Z,eb5910f1-26e6-bc6f-b300-716eae678d6f,eb5910f1-26e6-bc6f-0d56-f7b70060fc89,1.2.840.99999999.1.31356471.1678018312977,80891009,Heart structure (body structure),US,Ultrasound,1.2.840.99999999.1.1.73092798.1678018312977,1.2.840.10008.5.1.4.1.1.3.1,Ultrasound Multiframe Image Storage,433236007
eb5910f1-26e6-bc6f-19eb-74679a52e8bf,2024-10-12T12:21:49Z,eb5910f1-26e6-bc6f-b300-716eae678d6f,eb5910f1-26e6-bc6f-1b2f-322919866594,1.2.840.99999999.1.74425015.1728735709977,80891009,Heart structure (body structure),US,Ultrasound,1.2.840.99999999.1.1.26795340.1728735709977,1.2.840.10008.5.1.4.1.1.3.1,Ultrasound Multiframe Image Storage,433236007
eb5910f1-26e6-bc6f-e017-341b7d8e2353,2025-07-26T12:49:19Z,eb5910f1-26e6-bc6f-b300-716eae678d6f,eb5910f1-26e6-bc6f-e616-aab9d428bf4f,1.2.840.99999999.1.85945328.1753534159977,80891009,Heart structure (body structure),US,Ultrasound,1.2.840.99999999.1.1.51242555.1753534159977,1.2.840.10008.5.1.4.1.1.3.1,Ultrasound Multiframe Image Storage,433236007
150a8a76-1563-717e-40c0-2474584edbfd,1958-03-24T04:32:58Z,150a8a76-1563-717e-bf0f-f52045675f46,150a8a76-1563-717e-8552-23196b530379,1.2.840.99999999.1.70489464.371590021336,700016008,Structure of region of internal part of mouth (body structure),DX,Digital Radiography,1.2.840.99999999.1.1.97847293.371590021336,1.2.840.10008.5.1.4.1.1.1.3,Digital Intra-Oral X-Ray Image Storage - For Presentation,241046008
150a8a76-1563-717e-ff47-371d7a542cd7,1964-09-21T04:09:18Z,150a8a76-1563-717e-bf0f-f52045675f46,150a8a76-1563-717e-4d19-fe01c62bdb96,1.2.840.99999999.1.27780497.166564241336,700016008,Structure of region of internal part of mouth (body structure),DX,Digital Radiography,1.2.840.99999999.1.1.73754673.166564241336,1.2.840.10008.5.1.4.1.1.1.3,Digital Intra-Oral X-Ray Image Storage - For Presentation,241046008
150a8a76-1563-717e-db6f-1e0eb3ae73b5,1965-05-10T04:34:55Z,150a8a76-1563-717e-bf0f-f52045675f46,150a8a76-1563-717e-37a5-5d7a688264f6,1.2.840.99999999.1.63414938.146604304336,700016008,Structure of region of internal part of mouth (body structure),DX,Digital Radiography,1.2.840.99999999.1.1.81957079.146604304336,1.2.840.10008.5.1.4.1.1.1.3,Digital Intra-Oral X-Ray Image Storage - For Presentation,241046008
14a5a697-29a3-48b2-ec86-57dffab4ef55,2002-12-28T02:47:16Z,14a5a697-29a3-48b2-969a-3ceefe74a700,14a5a697-29a3-48b2-75b6-b35395844cc0,1.2.840.99999999.1.46088986.1041043636643,700016008,Structure of region of internal part of mouth (body structure),DX,Digital Radiography,1.2.840.99999999.1.1.68424348.1041043636643,1.2.840.10008.5.1.4.1.1.1.3,Digital Intra-Oral X-Ray Image Storage - For Presentation,241046008
d3727ff2-5d7b-347f-811d-971023f365b9,2019-07-04T17:45:47Z,d3727ff2-5d7b-347f-d78c-edc4323cf890,d3727ff2-5d7b-347f-d2cb-94afc9f17e1c,1.2.840.99999999.1.75983896.1562262347945,700016008,Structure of region of internal part of mouth (body structure),DX,Digital Radiography,1.2.840.99999999.1.1.97327496.1562262347945,1.2.840.10008.5.1.4.1.1.1.3,Digital Intra-Oral X-Ray Image Storage - For Presentation,241046008
14a5a697-29a3-48b2-5582-b58d23571a36,2018-01-20T04:07:51Z,14a5a697-29a3-48b2-969a-3ceefe74a700,14a5a697-29a3-48b2-217d-a087719fc18b,1.2.840.99999999.1.59524490.1516421271643,700016008,Structure of region of internal part of mouth (body structure),DX,Digital Radiography,1.2.840.99999999.1.1.39263269.1516421271643,1.2.840.10008.5.1.4.1.1.1.3,Digital Intra-Oral X-Ray Image Storage - For Presentation,241046008
ba419d35-0dfe-8af7-da00-a28a03b91bb0,2011-07-15T19:39:40Z,ba419d35-0dfe-8af7-347c-eebf02485a56,ba419d35-0dfe-8af7-b0bb-68158c0b8c64,1.2.840.99999999.1.62973493.1310758780142,700016008,Structure of region of internal part of mouth (body structure),DX,Digital Radiography,1.2.840.99999999.1.1.75539493.1310758780142,1.2.840.10008.5.1.4.1.1.1.3,Digital Intra-Oral X-Ray Image Storage - For Presentation,241046008
14a5a697-29a3-48b2-9910-196eb43b4330,2019-02-14T06:41:10Z,14a5a697-29a3-48b2-969a-3ceefe74a700,14a5a697-29a3-48b2-d104-eb9ab1857011,1.2.840.99999999.1.95785509.1550126470643,700016008,Structure of region of internal part of mouth (body structure),DX,Digital Radiography,1.2.840.99999999.1.1.46956335.1550126470643,1.2.840.10008.5.1.4.1.1.1.3,Digital Intra-Oral X-Ray Image Storage - For Presentation,241046008
14a5a697-29a3-48b2-ed14-6cbd89c27ad1,2020-02-01T03:52:51Z,14a5a697-29a3-48b2-969a-3ceefe74a700,14a5a697-29a3-48b2-2c24-7f25010adceb,1.2.840.99999999.1.49742783.1580529171643,700016008,Structure of region of internal part of mouth (body structure),DX,Digital Radiography,1.2.840.99999999.1.1.57069343.1580529171643,1.2.840.10008.5.1.4.1.1.1.3,Digital Intra-Oral X-Ray Image Storage - For Presentation,241046008
ba419d35-0dfe-8af7-00f2-8c85b87660d4,2012-03-09T19:54:11Z,ba419d35-0dfe-8af7-347c-eebf02485a56,ba419d35-0dfe-8af7-8e59-4f1c8110d2a3,1.2.840.99999999.1.83178854.1331322851142,700016008,Structure of region of internal part of mouth (body structure),DX,Digital Radiography,1.2.840.99999999.1.1.19469880.1331322851142,1.2.840.10008.5.1.4.1.1.1.3,Digital Intra-Oral X-Ray Image Storage - For Presentation,241046008
14a5a697-29a3-48b2-c0dd-48cbde70bd04,2021-02-06T04:21:26Z,14a5a697-29a3-48b2-969a-3ceefe74a700,14a5a697-29a3-48b2-b80d-9247f3839d69,1.2.840.99999999.1.70112958.1612585286643,700016008,Structure of region of internal part of mouth (body structure),DX,Digital Radiography,1.2.840.99999999.1.1.11431581.1612585286643,1.2.840.10008.5.1.4.1.1.1.3,Digital Intra-Oral X-Ray Image Storage - For Presentation,241046008
14a5a697-29a3-48b2-03e4-7fb3839f799f,2023-02-18T03:58:36Z,14a5a697-29a3-48b2-969a-3ceefe74a700,14a5a697-29a3-48b2-74a4-211cbcf9e8f8,1.2.840.99999999.1.58494260.1676692716643,700016008,Structure of region of internal part of mouth (body structure),DX,Digital Radiography,1.2.840.99999999.1.1.51098037.1676692716643,1.2.840.10008.5.1.4.1.1.1.3,Digital Intra-Oral X-Ray Image Storage - For Presentation,241046008
14a5a697-29a3-48b2-ee22-fea5a12a2532,2025-03-01T03:54:45Z,14a5a697-29a3-48b2-969a-3ceefe74a700,14a5a697-29a3-48b2-0258-7ac663d4bae7,1.2.840.99999999.1.45539084.1740801285643,700016008,Structure of region of internal part of mouth (body structure),DX,Digital Radiography,1.2.840.99999999.1.1.87148904.1740801285643,1.2.840.10008.5.1.4.1.1.1.3,Digital Intra-Oral X-Ray Image Storage - For Presentation,241046008
ba419d35-0dfe-8af7-de68-3c9e675cd4bd,2013-06-07T19:26:39Z,ba419d35-0dfe-8af7-347c-eebf02485a56,ba419d35-0dfe-8af7-9ae5-dde1cb3be365,1.2.840.99999999.1.71889108.1370633199142,700016008,Structure of region of internal part of mouth (body structure),DX,Digital Radiography,1.2.840.99999999.1.1.11256016.1370633199142,1.2.840.10008.5.1.4.1.1.1.3,Digital Intra-Oral X-Ray Image Storage - For Presentation,241046008
62f60bdb-cc5c-8305-e862-3bc48b3f6a6f,2017-03-15T22:56:22Z,62f60bdb-cc5c-8305-b98b-f2b229a55eca,62f60bdb-cc5c-8305-102f-d385a431b8fc,1.2.840.99999999.1.42893783.1489618582649,700016008,Structure of region of internal part of mouth (body structure),DX,Digital Radiography,1.2.840.99999999.1.1.78154037.1489618582649,1.2.840.10008.5.1.4.1.1.1.3,Digital Intra-Oral X-Ray Image Storage - For Presentation,241046008
ba419d35-0dfe-8af7-c2db-202194ad0d31,2015-05-29T20:03:48Z,ba419d35-0dfe-8af7-347c-eebf02485a56,ba419d35-0dfe-8af7-f264-32cbae9fa313,1.2.840.99999999.1.20991855.1432929828142,700016008,Structure of region of internal part of mouth (body structure),DX,Digital Radiography,1.2.840.99999999.1.1.86723529.1432929828142,1.2.840.10008.5.1.4.1.1.1.3,Digital Intra-Oral X-Ray Image Storage - For Presentation,241046008
62f60bdb-cc5c-8305-c3ce-64559af4725f,2021-04-07T23:16:30Z,62f60bdb-cc5c-8305-b98b-f2b229a55eca,62f60bdb-cc5c-8305-5d3e-154d1cc4bb55,1.2.840.99999999.1.16575894.1617837390649,700016008,Structure of region of internal part of mouth (body structure),DX,Digital Radiography,1.2.840.99999999.1.1.87810494.1617837390649,1.2.840.10008.5.1.4.1.1.1.3,Digital Intra-Oral X-Ray Image Storage - For Presentation,241046008
62f60bdb-cc5c-8305-80d2-53b2418dbed0,2023-04-19T23:02:27Z,62f60bdb-cc5c-8305-b98b-f2b229a55eca,62f60bdb-cc5c-8305-60d4-4b2026fe0e04,1.2.840.99999999.1.28250483.1681945347649,700016008,Structure of region of internal part of mouth (body structure),DX,Digital Radiography,1.2.840.99999999.1.1.42785726.1681945347649,1.2.840.10008.5.1.4.1.1.1.3,Digital Intra-Oral X-Ray Image Storage - For Presentation,241046008
ba419d35-0dfe-8af7-3196-556325270630,2015-11-20T20:23:59Z,ba419d35-0dfe-8af7-347c-eebf02485a56,ba419d35-0dfe-8af7-e47d-9a857249a136,1.2.840.99999999.1.40220464.1448051039142,700016008,Structure of region of internal part of mouth (body structure),DX,Digital Radiography,1.2.840.99999999.1.1.32369793.1448051039142,1.2.840.10008.5.1.4.1.1.1.3,Digital Intra-Oral X-Ray Image Storage - For Presentation,241046008
ba419d35-0dfe-8af7-bf2f-b7a5da4acaf5,2016-01-22T20:15:47Z,ba419d35-0dfe-8af7-347c-eebf02485a56,ba419d35-0dfe-8af7-88cc-7f05bd94e86a,1.2.840.99999999.1.64864944.1453493747142,700016008,Structure of region of internal part of mouth (body structure),DX,Digital Radiography,1.2.840.99999999.1.1.21236165.1453493747142,1.2.840.10008.5.1.4.1.1.1.3,Digital Intra-Oral X-Ray Image Storage - For Presentation,241046008
62f60bdb-cc5c-8305-4529-ee96a02c81b0,2026-01-14T23:30:45Z,62f60bdb-cc5c-8305-b98b-f2b229a55eca,62f60bdb-cc5c-8305-de1f-d208a76853c3,1.2.840.99999999.1.24978473.1768433445649,700016008,Structure of region of internal part of mouth (body structure),DX,Digital Radiography,1.2.840.99999999.1.1.91366765.1768433445649,1.2.840.10008.5.1.4.1.1.1.3,Digital Intra-Oral X-Ray Image Storage - For Presentation,241046008
ba419d35-0dfe-8af7-de59-58560d5649d5,2016-07-22T19:45:16Z,ba419d35-0dfe-8af7-347c-eebf02485a56,ba419d35-0dfe-8af7-fda9-9e040217c405,1.2.840.99999999.1.17368193.1469216716142,700016008,Structure of region of internal part of mouth (body structure),DX,Digital Radiography,1.2.840.99999999.1.1.40165671.1469216716142,1.2.840.10008.5.1.4.1.1.1.3,Digital Intra-Oral X-Ray Image Storage - For Presentation,241046008
ba419d35-0dfe-8af7-effd-3a930126d605,2016-09-30T18:54:52Z,ba419d35-0dfe-8af7-347c-eebf02485a56,ba419d35-0dfe-8af7-388d-dc120cda8a75,1.2.840.99999999.1.86439838.1475261692142,700016008,Structure of region of internal part of mouth (body structure),DX,Digital Radiography,1.2.840.99999999.1.1.60497927.1475261692142,1.2.840.10008.5.1.4.1.1.1.3,Digital Intra-Oral X-Ray Image Storage - For Presentation,241046008
982750f4-569b-5949-6971-0fd12ab8de75,2018-07-18T05:06:09Z,982750f4-569b-5949-196b-60699bdda3fb,982750f4-569b-5949-b6c2-516367a990b3,1.2.840.99999999.1.77933544.1531890369822,700016008,Structure of region of internal part of mouth (body structure),DX,Digital Radiography,1.2.840.99999999.1.1.87740598.1531890369822,1.2.840.10008.5.1.4.1.1.1.3,Digital Intra-Oral X-Ray Image Storage - For Presentation,241046008
982750f4-569b-5949-7206-200cc6695234,2020-07-29T04:59:50Z,982750f4-569b-5949-196b-60699bdda3fb,982750f4-569b-5949-8921-92dbf365a748,1.2.840.99999999.1.93551023.1595998790822,700016008,Structure of region of internal part of mouth (body structure),DX,Digital Radiography,1.2.840.99999999.1.1.63710512.1595998790822,1.2.840.10008.5.1.4.1.1.1.3,Digital Intra-Oral X-Ray Image Storage - For Presentation,241046008
ba419d35-0dfe-8af7-57b6-c5265bfda76e,2020-08-21T20:09:59Z,ba419d35-0dfe-8af7-347c-eebf02485a56,ba419d35-0dfe-8af7-f604-d59e82fcdad7,1.2.840.99999999.1.58782756.1598040599142,700016008,Structure of region of internal part of mouth (body structure),DX,Digital Radiography,1.2.840.99999999.1.1.63806886.1598040599142,1.2.840.10008.5.1.4.1.1.1.3,Digital Intra-Oral X-Ray Image Storage - For Presentation,241046008
982750f4-569b-5949-c7a0-b84e83867c7e,2024-08-21T05:05:28Z,982750f4-569b-5949-196b-60699bdda3fb,982750f4-569b-5949-6b67-a5b8aee48d2d,1.2.840.99999999.1.18967477.1724216728822,700016008,Structure of region of internal part of mouth (body structure),DX,Digital Radiography,1.2.840.99999999.1.1.13558850.1724216728822,1.2.840.10008.5.1.4.1.1.1.3,Digital Intra-Oral X-Ray Image Storage - For Presentation,241046008
982750f4-569b-5949-b49c-6f6b1e9f8ae9,2025-08-27T05:26:58Z,982750f4-569b-5949-196b-60699bdda3fb,982750f4-569b-5949-2b5b-329234239c29,1.2.840.99999999.1.32861170.1756272418822,700016008,Structure of region of internal part of mouth (body structure),DX,Digital Radiography,1.2.840.99999999.1.1.74767458.1756272418822,1.2.840.10008.5.1.4.1.1.1.3,Digital Intra-Oral X-Ray Image Storage - For Presentation,241046008
982750f4-569b-5949-a3ca-39827d392719,2026-09-02T05:34:58Z,982750f4-569b-5949-196b-60699bdda3fb,982750f4-569b-5949-7dde-c83aae539723,1.2.840.99999999.1.67715977.1788327298822,700016008,Structure of region of internal part of mouth (body structure),DX,Digital Radiography,1.2.840.99999999.1.1.51197650.1788327298822,1.2.840.10008.5.1.4.1.1.1.3,Digital Intra-Oral X-Ray Image Storage - For Presentation,241046008
0f1067c3-9151-8829-fad2-587278c7f042,2024-08-08T17:35:47Z,0f1067c3-9151-8829-56cd-2eff898db59c,0f1067c3-9151-8829-fd2f-e61003713e72,1.2.840.99999999.1.21708171.1723138547945,700016008,Structure of region of internal part of mouth (body structure),DX,Digital Radiography,1.2.840.99999999.1.1.72725708.1723138547945,1.2.840.10008.5.1.4.1.1.1.3,Digital Intra-Oral X-Ray Image Storage - For Presentation,241046008
0f1067c3-9151-8829-4d15-f0acdce47e13,2025-08-14T17:32:15Z,0f1067c3-9151-8829-56cd-2eff898db59c,0f1067c3-9151-8829-509a-237ba67519d9,1.2.840.99999999.1.43563381.1755192735945,700016008,Structure of region of internal part of mouth (body structure),DX,Digital Radiography,1.2.840.99999999.1.1.71325688.1755192735945,1.2.840.10008.5.1.4.1.1.1.3,Digital Intra-Oral X-Ray Image Storage - For Presentation,241046008
80fcbdbc-e907-9bd5-c80b-5c9f1a872753,2017-07-10T04:22:47Z,80fcbdbc-e907-9bd5-2644-ad9ef5d6545b,80fcbdbc-e907-9bd5-694d-fd9dee2b3ac8,1.2.840.99999999.1.47311759.1499660567664,700016008,Structure of region of internal part of mouth (body structure),DX,Digital Radiography,1.2.840.99999999.1.1.31301821.1499660567664,1.2.840.10008.5.1.4.1.1.1.3,Digital Intra-Oral X-Ray Image Storage - For Presentation,241046008
35b353dd-402b-571a-0851-7edb4d425f93,2017-02-18T18:55:17Z,35b353dd-402b-571a-d67a-af0a104d0854,35b353dd-402b-571a-389d-e683d3a7dd8b,1.2.840.99999999.1.90792754.1487444117874,700016008,Structure of region of internal part of mouth (body structure),DX,Digital Radiography,1.2.840.99999999.1.1.75589487.1487444117874,1.2.840.10008.5.1.4.1.1.1.3,Digital Intra-Oral X-Ray Image Storage - For Presentation,241046008
35b353dd-402b-571a-e1a7-2a158da48dd1,2018-02-24T18:54:48Z,35b353dd-402b-571a-d67a-af0a104d0854,35b353dd-402b-571a-b64e-c83574111f4c,1.2.840.99999999.1.66553506.1519498488874,700016008,Structure of region of internal part of mouth (body structure),DX,Digital Radiography,1.2.840.99999999.1.1.33083689.1519498488874,1.2.840.10008.5.1.4.1.1.1.3,Digital Intra-Oral X-Ray Image Storage - For Presentation,241046008
35b353dd-402b-571a-9cf7-c9d35280e8c4,2018-06-23T18:13:29Z,35b353dd-402b-571a-d67a-af0a104d0854,35b353dd-402b-571a-977a-99410adeaf62,1.2.840.99999999.1.58859668.1529777609874,700016008,Structure of region of internal part of mouth (body structure),DX,Digital Radiography,1.2.840.99999999.1.1.99243819.1529777609874,1.2.840.10008.5.1.4.1.1.1.3,Digital Intra-Oral X-Ray Image Storage - For Presentation,241046008
80fcbdbc-e907-9bd5-f02c-9663338dcf9b,2022-08-08T03:57:33Z,80fcbdbc-e907-9bd5-2644-ad9ef5d6545b,80fcbdbc-e907-9bd5-f53e-bd2ab96cb335,1.2.840.99999999.1.24675809.1659931053664,700016008,Structure of region of internal part of mouth (body structure),DX,Digital Radiography,1.2.840.99999999.1.1.74145037.1659931053664,1.2.840.10008.5.1.4.1.1.1.3,Digital Intra-Oral X-Ray Image Storage - For Presentation,241046008
80fcbdbc-e907-9bd5-6f85-deccdfe58d1b,2024-08-19T04:33:08Z,80fcbdbc-e907-9bd5-2644-ad9ef5d6545b,80fcbdbc-e907-9bd5-0c7b-eaafed0e2bcd,1.2.840.99999999.1.52770526.1724041988664,700016008,Structure of region of internal part of mouth (body structure),DX,Digital Radiography,1.2.840.99999999.1.1.78708527.1724041988664,1.2.840.10008.5.1.4.1.1.1.3,Digital Intra-Oral X-Ray Image Storage - For Presentation,241046008
bff9d9d5-ee3d-d852-962c-ab4f1f1ea916,2021-07-11T04:06:22Z,bff9d9d5-ee3d-d852-9c67-36d8361a4a4a,bff9d9d5-ee3d-d852-a961-f30c8c6bcfed,1.2.840.99999999.1.61157566.1625976382056,700016008,Structure of region of internal part of mouth (body structure),DX,Digital Radiography,1.2.840.99999999.1.1.15327088.1625976382056,1.2.840.10008.5.1.4.1.1.1.3,Digital Intra-Oral X-Ray Image Storage - For Presentation,241046008
80fcbdbc-e907-9bd5-7f97-292ff96d8e39,2026-08-31T04:35:04Z,80fcbdbc-e907-9bd5-2644-ad9ef5d6545b,80fcbdbc-e907-9bd5-bc48-f8830dbf8ab3,1.2.840.99999999.1.63315842.1788150904664,700016008,Structure of region of internal part of mouth (body structure),DX,Digital Radiography,1.2.840.99999999.1.1.65135299.1788150904664,1.2.840.10008.5.1.4.1.1.1.3,Digital Intra-Oral X-Ray Image Storage - For Presentation,241046008
bff9d9d5-ee3d-d852-a84c-739653c60c02,2022-07-17T04:34:29Z,bff9d9d5-ee3d-d852-9c67-36d8361a4a4a,bff9d9d5-ee3d-d852-491b-b5e4864426c2,1.2.840.99999999.1.50304995.1658032469056,700016008,Structure of region of internal part of mouth (body structure),DX,Digital Radiography,1.2.840.99999999.1.1.57112460.1658032469056,1.2.840.10008.5.1.4.1.1.1.3,Digital Intra-Oral X-Ray Image Storage - For Presentation,241046008
35b353dd-402b-571a-06a4-a1232137061f,2024-09-21T17:52:18Z,35b353dd-402b-571a-d67a-af0a104d0854,35b353dd-402b-571a-c159-604928333cd1,1.2.840.99999999.1.30794880.1726941138874,700016008,Structure of region of internal part of mouth (body structure),DX,Digital Radiography,1.2.840.99999999.1.1.61582148.1726941138874,1.2.840.10008.5.1.4.1.1.1.3,Digital Intra-Oral X-Ray Image Storage - For Presentation,241046008
bff9d9d5-ee3d-d852-3641-fa3c4b054749,2024-07-28T03:43:56Z,bff9d9d5-ee3d-d852-9c67-36d8361a4a4a,bff9d9d5-ee3d-d852-f4cc-17d635b14005,1.2.840.99999999.1.72849907.1722138236056,700016008,Structure of region of internal part of mouth (body structure),DX,Digital Radiography,1.2.840.99999999.1.1.66314069.1722138236056,1.2.840.10008.5.1.4.1.1.1.3,Digital Intra-Oral X-Ray Image Storage - For Presentation,241046008
947c82ee-1735-c9ed-2745-c028d6d48580,2018-10-30T12:45:37Z,947c82ee-1735-c9ed-8210-38cb93d8070c,947c82ee-1735-c9ed-a221-f39fc70eff67,1.2.840.99999999.1.45155418.1540903537967,700016008,Structure of region of internal part of mouth (body structure),DX,Digital Radiography,1.2.840.99999999.1.1.48000574.1540903537967,1.2.840.10008.5.1.4.1.1.1.3,Digital Intra-Oral X-Ray Image Storage - For Presentation,241046008
947c82ee-1735-c9ed-0bb2-94b72ff71a14,2021-05-04T13:39:22Z,947c82ee-1735-c9ed-8210-38cb93d8070c,947c82ee-1735-c9ed-650c-e34b188d1ebb,1.2.840.99999999.1.10074330.1620135562967,700016008,Structure of region of internal part of mouth (body structure),DX,Digital Radiography,1.2.840.99999999.1.1.45377016.1620135562967,1.2.840.10008.5.1.4.1.1.1.3,Digital Intra-Oral X-Ray Image Storage - For Presentation,241046008
947c82ee-1735-c9ed-10d6-a84b426a6c5f,2024-05-21T13:19:44Z,947c82ee-1735-c9ed-8210-38cb93d8070c,947c82ee-1735-c9ed-2566-6663426398bd,1.2.840.99999999.1.64289458.1716297584967,700016008,Structure of region of internal part of mouth (body structure),DX,Digital Radiography,1.2.840.99999999.1.1.38940898.1716297584967,1.2.840.10008.5.1.4.1.1.1.3,Digital Intra-Oral X-Ray Image Storage - For Presentation,241046008
2c167999-289d-95fa-b7c5-8227b95accc5,2021-06-12T16:21:03Z,2c167999-289d-95fa-5c27-7d8b8d35348c,2c167999-289d-95fa-8432-6747d00687c9,1.2.840.99999999.1.95434174.1623514863189,700016008,Structure of region of internal part of mouth (body structure),DX,Digital Radiography,1.2.840.99999999.1.1.91323266.1623514863189,1.2.840.10008.5.1.4.1.1.1.3,Digital Intra-Oral X-Ray Image Storage - For Presentation,241046008
947c82ee-1735-c9ed-831c-372d8ca81eed,2026-06-02T13:14:05Z,947c82ee-1735-c9ed-8210-38cb93d8070c,947c82ee-1735-c9ed-de62-7ee1bf68df90,1.2.840.99999999.1.24868882.1780406045967,700016008,Structure of region of internal part of mouth (body structure),DX,Digital Radiography,1.2.840.99999999.1.1.93002637.1780406045967,1.2.840.10008.5.1.4.1.1.1.3,Digital Intra-Oral X-Ray Image Storage - For Presentation,241046008
2c167999-289d-95fa-2094-202e53fdb1f0,2024-06-29T17:00:23Z,2c167999-289d-95fa-5c27-7d8b8d35348c,2c167999-289d-95fa-0430-a17a4a0ee81f,1.2.840.99999999.1.57617461.1719680423189,700016008,Structure of region of internal part of mouth (body structure),DX,Digital Radiography,1.2.840.99999999.1.1.69766852.1719680423189,1.2.840.10008.5.1.4.1.1.1.3,Digital Intra-Oral X-Ray Image Storage - For Presentation,241046008
c0a47dee-cc72-29ce-4783-e248b2fe1bde,2018-05-21T10:46:25Z,c0a47dee-cc72-29ce-df5a-ea6d306c36a4,c0a47dee-cc72-29ce-4ae8-e3d1eca273f2,1.2.840.99999999.1.30633425.1526899585530,700016008,Structure of region of internal part of mouth (body structure),DX,Digital Radiography,1.2.840.99999999.1.1.74522222.1526899585530,1.2.840.10008.5.1.4.1.1.1.3,Digital Intra-Oral X-Ray Image Storage - For Presentation,241046008
5ba0a3f3-32f7-02b1-bd25-66639b858a0b,2017-08-30T17:17:59Z,5ba0a3f3-32f7-02b1-ec6a-8f568923954c,5ba0a3f3-32f7-02b1-25f6-614d427bcd64,1.2.840.99999999.1.37159179.1504113479152,700016008,Structure of region of internal part of mouth (body structure),DX,Digital Radiography,1.2.840.99999999.1.1.96254815.1504113479152,1.2.840.10008.5.1.4.1.1.1.3,Digital Intra-Oral X-Ray Image Storage - For Presentation,241046008
5ba0a3f3-32f7-02b1-e129-aec9187f0973,2020-02-24T16:10:45Z,5ba0a3f3-32f7-02b1-ec6a-8f568923954c,5ba0a3f3-32f7-02b1-9dc7-f7bc6e830918,1.2.840.99999999.1.66925553.1582560645152,51299004,Bone structure of clavicle (body structure),DX,Digital Radiography,1.2.840.99999999.1.1.52495168.1582560645152,1.2.840.10008.5.1.4.1.1.1.1,Digital X-Ray Image Storage,168594001
5ba0a3f3-32f7-02b1-8741-7ed23e63d355,2020-12-16T17:09:20Z,5ba0a3f3-32f7-02b1-ec6a-8f568923954c,5ba0a3f3-32f7-02b1-2c24-9e452f3978f9,1.2.840.99999999.1.17488670.1608138560152,700016008,Structure of region of internal part of mouth (body structure),DX,Digital Radiography,1.2.840.99999999.1.1.29789080.1608138560152,1.2.840.10008.5.1.4.1.1.1.3,Digital Intra-Oral X-Ray Image Storage - For Presentation,241046008
9661a432-4630-2cd9-575e-34f784194df3,2018-07-03T19:16:46Z,9661a432-4630-2cd9-142c-386845fae837,9661a432-4630-2cd9-dbec-9caa62941c3a,1.2.840.99999999.1.88214164.1530645406217,700016008,Structure of region of internal part of mouth (body structure),DX,Digital Radiography,1.2.840.99999999.1.1.39018628.1530645406217,1.2.840.10008.5.1.4.1.1.1.3,Digital Intra-Oral X-Ray Image Storage - For Presentation,241046008
922fb35e-148d-9e82-483e-966059a71067,2017-05-05T03:00:39Z,922fb35e-148d-9e82-7e65-bfa05e3b3515,922fb35e-148d-9e82-0bc4-bc3b50a085e7,1.2.840.99999999.1.28983235.1493953239767,700016008,Structure of region of internal part of mouth (body structure),DX,Digital Radiography,1.2.840.99999999.1.1.30409497.1493953239767,1.2.840.10008.5.1.4.1.1.1.3,Digital Intra-Oral X-Ray Image Storage - For Presentation,241046008
f95a6723-14a5-c4b6-00a0-2c979ffcab1d,2024-02-17T04:58:43Z,f95a6723-14a5-c4b6-78df-fa97f7ab361c,f95a6723-14a5-c4b6-f9d0-3c6c676a0455,1.2.840.99999999.1.61024734.1708145923464,700016008,Structure of region of internal part of mouth (body structure),DX,Digital Radiography,1.2.840.99999999.1.1.15346057.1708145923464,1.2.840.10008.5.1.4.1.1.1.3,Digital Intra-Oral X-Ray Image Storage - For Presentation,241046008
f95a6723-14a5-c4b6-7968-356dab01470b,2025-02-22T05:43:08Z,f95a6723-14a5-c4b6-78df-fa97f7ab361c,f95a6723-14a5-c4b6-fdf6-dfd92d803476,1.2.840.99999999.1.47055347.1740202988464,700016008,Structure of region of internal part of mouth (body structure),DX,Digital Radiography,1.2.840.99999999.1.1.66917321.1740202988464,1.2.840.10008.5.1.4.1.1.1.3,Digital Intra-Oral X-Ray Image Storage - For Presentation,241046008
7b06ee52-df9a-8487-eaf6-468b4d7dba79,2019-10-14T11:28:54Z,7b06ee52-df9a-8487-0be6-dff27cc7d519,7b06ee52-df9a-8487-e44f-3d9298d4447d,1.2.840.99999999.1.79498988.1571052534819,700016008,Structure of region of internal part of mouth (body structure),DX,Digital Radiography,1.2.840.99999999.1.1.55557420.1571052534819,1.2.840.10008.5.1.4.1.1.1.3,Digital Intra-Oral X-Ray Image Storage - For Presentation,241046008
4aaa0001-3832-cc52-72e2-75914afe6bd2,2017-02-26T21:38:36Z,4aaa0001-3832-cc52-e2f3-47aad08f4284,4aaa0001-3832-cc52-d028-b227555f909b,1.2.840.99999999.1.87472942.1488145116529,700016008,Structure of region of internal part of mouth (body structure),DX,Digital Radiography,1.2.840.99999999.1.1.59445536.1488145116529,1.2.840.10008.5.1.4.1.1.1.3,Digital Intra-Oral X-Ray Image Storage - For Presentation,241046008
b6a1cac9-8873-36a7-5ba3-13457197f705,2019-01-16T03:02:17Z,b6a1cac9-8873-36a7-e726-4aad8a07d44d,b6a1cac9-8873-36a7-500c-cda49405ff12,1.2.840.99999999.1.61902601.1547607737723,700016008,Structure of region of internal part of mouth (body structure),DX,Digital Radiography,1.2.840.99999999.1.1.96548094.1547607737723,1.2.840.10008.5.1.4.1.1.1.3,Digital Intra-Oral X-Ray Image Storage - For Presentation,241046008
4aaa0001-3832-cc52-f5be-9a80715102e0,2021-03-28T22:24:58Z,4aaa0001-3832-cc52-e2f3-47aad08f4284,4aaa0001-3832-cc52-5986-0288bb638bdc,1.2.840.99999999.1.66763824.1616970298529,700016008,Structure of region of internal part of mouth (body structure),DX,Digital Radiography,1.2.840.99999999.1.1.89135455.1616970298529,1.2.840.10008.5.1.4.1.1.1.3,Digital Intra-Oral X-Ray Image Storage - For Presentation,241046008
f32a088b-988b-d7d5-a745-701c9510e28f,2016-12-31T08:16:28Z,f32a088b-988b-d7d5-008b-89ea4ed1fc48,f32a088b-988b-d7d5-8ec1-c79e6a0bdd47,1.2.840.99999999.1.70393961.1483172188805,8205005,Wrist region structure (body structure),DX,Digital Radiography,1.2.840.99999999.1.1.92658240.1483172188805,1.2.840.10008.5.1.4.1.1.1.1,Digital X-Ray Image Storage,713024005
f32a088b-988b-d7d5-b880-e959b6412863,2018-02-21T09:44:08Z,f32a088b-988b-d7d5-008b-89ea4ed1fc48,f32a088b-988b-d7d5-6792-aeaf7054c3a8,1.2.840.99999999.1.34143092.1519206248805,700016008,Structure of region of internal part of mouth (body structure),DX,Digital Radiography,1.2.840.99999999.1.1.44243540.1519206248805,1.2.840.10008.5.1.4.1.1.1.3,Digital Intra-Oral X-Ray Image Storage - For Presentation,241046008
f32a088b-988b-d7d5-4183-cdb8cc25e518,2018-09-19T10:23:15Z,f32a088b-988b-d7d5-008b-89ea4ed1fc48,f32a088b-988b-d7d5-e973-cd4970727d6a,1.2.840.99999999.1.39906877.1537352595805,700016008,Structure of region of internal part of mouth (body structure),DX,Digital Radiography,1.2.840.99999999.1.1.85979112.1537352595805,1.2.840.10008.5.1.4.1.1.1.3,Digital Intra-Oral X-Ray Image Storage - For Presentation,241046008
f32a088b-988b-d7d5-fb25-288a0567be88,2020-09-30T10:30:54Z,f32a088b-988b-d7d5-008b-89ea4ed1fc48,f32a088b-988b-d7d5-2749-5a096c462f9c,1.2.840.99999999.1.79252920.1601461854805,700016008,Structure of region of internal part of mouth (body structure),DX,Digital Radiography,1.2.840.99999999.1.1.74020905.1601461854805,1.2.840.10008.5.1.4.1.1.1.3,Digital Intra-Oral X-Ray Image Storage - For Presentation,241046008
f32a088b-988b-d7d5-e3c8-103bdc513993,2024-07-14T08:59:10Z,f32a088b-988b-d7d5-008b-89ea4ed1fc48,f32a088b-988b-d7d5-b730-219c2c242bd0,1.2.840.99999999.1.63992475.1720947550805,344001,Ankle region structure (body structure),DX,Digital Radiography,1.2.840.99999999.1.1.10065155.1720947550805,1.2.840.10008.5.1.4.1.1.1.1,Digital X-Ray Image Storage,1290459008
d20bc0bc-3051-ae6f-af0d-38823b855016,2024-05-27T11:41:36Z,d20bc0bc-3051-ae6f-f391-ceec7ec0370f,d20bc0bc-3051-ae6f-c7bc-e7b9d64e2508,1.2.840.99999999.1.93177296.1716810096165,344001,Ankle region structure (body structure),DX,Digital Radiography,1.2.840.99999999.1.1.51191582.1716810096165,1.2.840.10008.5.1.4.1.1.1.1,Digital X-Ray Image Storage,1290459008
d20bc0bc-3051-ae6f-79ab-667a447b7ae1,2024-07-03T13:50:00Z,d20bc0bc-3051-ae6f-f391-ceec7ec0370f,d20bc0bc-3051-ae6f-2e6b-21c620dec354,1.2.840.99999999.1.36220272.1720014600165,700016008,Structure of region of internal part of mouth (body structure),DX,Digital Radiography,1.2.840.99999999.1.1.64793936.1720014600165,1.2.840.10008.5.1.4.1.1.1.3,Digital Intra-Oral X-Ray Image Storage - For Presentation,241046008
d20bc0bc-3051-ae6f-a716-70a5f0811c66,2025-05-14T13:44:15Z,d20bc0bc-3051-ae6f-f391-ceec7ec0370f,d20bc0bc-3051-ae6f-5bf5-7a7ed17c7f80,1.2.840.99999999.1.87088981.1747230255165,700016008,Structure of region of internal part of mouth (body structure),DX,Digital Radiography,1.2.840.99999999.1.1.36438145.1747230255165,1.2.840.10008.5.1.4.1.1.1.3,Digital Intra-Oral X-Ray Image Storage - For Presentation,241046008
5c39a9da-6fb0-3cbb-a0b3-13bdc48e5b8f,2016-10-23T11:20:37Z,5c39a9da-6fb0-3cbb-0181-add875529d46,5c39a9da-6fb0-3cbb-37d5-b6d844f642e3,1.2.840.99999999.1.82739519.1477221637812,40983000,Structure of upper extremity between shoulder and elbow (body structure),DX,Digital Radiography,1.2.840.99999999.1.1.59851708.1477221637812,1.2.840.10008.5.1.4.1.1.1.1,Digital X-Ray Image Storage,713026007
5c39a9da-6fb0-3cbb-a1f9-408326efed3c,2018-01-11T12:44:56Z,5c39a9da-6fb0-3cbb-0181-add875529d46,5c39a9da-6fb0-3cbb-25c7-d75f3aa15704,1.2.840.99999999.1.34739095.1515674696812,700016008,Structure of region of internal part of mouth (body structure),DX,Digital Radiography,1.2.840.99999999.1.1.14506631.1515674696812,1.2.840.10008.5.1.4.1.1.1.3,Digital Intra-Oral X-Ray Image Storage - For Presentation,241046008
5c39a9da-6fb0-3cbb-e38e-7c3f13d9dad1,2019-04-04T13:15:44Z,5c39a9da-6fb0-3cbb-0181-add875529d46,5c39a9da-6fb0-3cbb-447c-8cb8ab209eca,1.2.840.99999999.1.88345468.1554383744812,700016008,Structure of region of internal part of mouth (body structure),DX,Digital Radiography,1.2.840.99999999.1.1.14401014.1554383744812,1.2.840.10008.5.1.4.1.1.1.3,Digital Intra-Oral X-Ray Image Storage - For Presentation,241046008
080b069b-5108-46b6-5331-d19b9ab35f7b,2019-02-07T11:42:48Z,080b069b-5108-46b6-ecef-6aacd3b9ef3f,080b069b-5108-46b6-11b8-d6e69a46c749,1.2.840.99999999.1.92310373.1549539768446,51185008,Thoracic structure (body structure),CR,Computed Radiography,1.2.840.99999999.1.1.97324065.1549539768446,1.2.840.10008.5.1.4.1.1.1.1,Digital X-Ray Image Storage – for Presentation,399208008
080b069b-5108-46b6-dd2c-3626351ceab4,2019-02-07T11:42:48Z,080b069b-5108-46b6-ecef-6aacd3b9ef3f,080b069b-5108-46b6-11b8-d6e69a46c749,1.2.840.99999999.1.31070223.1549539768446,80891009,Heart structure (body structure),US,Ultrasound,1.2.840.99999999.1.1.50354087.1549539768446,1.2.840.10008.5.1.4.1.1.3.1,Ultrasound Multiframe Image Storage,40701008
080b069b-5108-46b6-8e71-c7e4c51ff519,2019-02-07T18:10:24Z,080b069b-5108-46b6-ecef-6aacd3b9ef3f,080b069b-5108-46b6-b05d-65f79b877eb9,1.2.840.99999999.1.85534476.1549563024446,51185008,Thoracic structure (body structure),CR,Computed Radiography,1.2.840.99999999.1.1.78613072.1549563024446,1.2.840.10008.5.1.4.1.1.1.1,Digital X-Ray Image Storage – for Presentation,399208008
080b069b-5108-46b6-86f7-7f74e021966a,2019-12-25T00:10:10Z,080b069b-5108-46b6-ecef-6aacd3b9ef3f,080b069b-5108-46b6-101f-16fedce2c782,1.2.840.99999999.1.27234074.1577232610446,700016008,Structure of region of internal part of mouth (body structure),DX,Digital Radiography,1.2.840.99999999.1.1.96685242.1577232610446,1.2.840.10008.5.1.4.1.1.1.3,Digital Intra-Oral X-Ray Image Storage - For Presentation,241046008
080b069b-5108-46b6-e2a7-72d8e53608ac,2020-02-12T00:45:54Z,080b069b-5108-46b6-ecef-6aacd3b9ef3f,080b069b-5108-46b6-edb0-161cb81647f2,1.2.840.99999999.1.84779048.1581468354446,700016008,Structure of region of internal part of mouth (body structure),DX,Digital Radiography,1.2.840.99999999.1.1.42705311.1581468354446,1.2.840.10008.5.1.4.1.1.1.3,Digital Intra-Oral X-Ray Image Storage - For Presentation,241046008
f999ef25-a612-87c9-9bb3-2562c616b14c,1974-04-12T18:32:17Z,f999ef25-a612-87c9-206f-aacc9d469dc8,f999ef25-a612-87c9-bff7-c9062a5dad3f,1.2.840.99999999.1.58070154.135023537142,700016008,Structure of region of internal part of mouth (body structure),DX,Digital Radiography,1.2.840.99999999.1.1.88493484.135023537142,1.2.840.10008.5.1.4.1.1.1.3,Digital Intra-Oral X-Ray Image Storage - For Presentation,241046008
f999ef25-a612-87c9-c0d1-a3a953315fea,2010-05-01T18:00:10Z,f999ef25-a612-87c9-206f-aacc9d469dc8,f999ef25-a612-87c9-f9c3-ec4d2518a7ac,1.2.840.99999999.1.38035788.1272736810142,51185008,Thoracic structure (body structure),CR,Computed Radiography,1.2.840.99999999.1.1.83665332.1272736810142,1.2.840.10008.5.1.4.1.1.1.1,Digital X-Ray Image Storage – for Presentation,399208008
f999ef25-a612-87c9-403a-43b58e19aac3,2010-05-17T18:29:30Z,f999ef25-a612-87c9-206f-aacc9d469dc8,f999ef25-a612-87c9-6d19-db0bd7b3b823,1.2.840.99999999.1.82309550.1274120970142,80891009,Heart structure (body structure),US,Ultrasound,1.2.840.99999999.1.1.42211457.1274120970142,1.2.840.10008.5.1.4.1.1.3.1,Ultrasound Multiframe Image Storage,40701008
6aed9210-c500-4375-cb5c-34e37a5f087e,2021-08-26T06:19:10Z,6aed9210-c500-4375-b0fc-3374c40b8591,6aed9210-c500-4375-a274-e87c93b69901,1.2.840.99999999.1.52292854.1629958750220,700016008,Structure of region of internal part of mouth (body structure),DX,Digital Radiography,1.2.840.99999999.1.1.59585888.1629958750220,1.2.840.10008.5.1.4.1.1.1.3,Digital Intra-Oral X-Ray Image Storage - For Presentation,241046008
6aed9210-c500-4375-6cc3-7583831f5660,2022-09-01T06:16:20Z,6aed9210-c500-4375-b0fc-3374c40b8591,6aed9210-c500-4375-3e9c-c9060829a7da,1.2.840.99999999.1.90591487.1662012980220,700016008,Structure of region of internal part of mouth (body structure),DX,Digital Radiography,1.2.840.99999999.1.1.88042309.1662012980220,1.2.840.10008.5.1.4.1.1.1.3,Digital Intra-Oral X-Ray Image Storage - For Presentation,241046008
f999ef25-a612-87c9-3fbf-780d8bf8e2ac,2010-12-17T17:51:43Z,f999ef25-a612-87c9-206f-aacc9d469dc8,f999ef25-a612-87c9-6f25-e054d3326163,1.2.840.99999999.1.89208738.1292608303142,80891009,Heart structure (body structure),US,Ultrasound,1.2.840.99999999.1.1.40627802.1292608303142,1.2.840.10008.5.1.4.1.1.3.1,Ultrasound Multiframe Image Storage,40701008
f999ef25-a612-87c9-5a83-e0c9468feb54,2011-06-15T17:51:43Z,f999ef25-a612-87c9-206f-aacc9d469dc8,f999ef25-a612-87c9-0d5f-8be1d05d226b,1.2.840.99999999.1.71895373.1308160303142,80891009,Heart structure (body structure),US,Ultrasound,1.2.840.99999999.1.1.86683952.1308160303142,1.2.840.10008.5.1.4.1.1.3.1,Ultrasound Multiframe Image Storage,40701008
f999ef25-a612-87c9-df46-bb4801a65fe8,2011-12-23T17:51:43Z,f999ef25-a612-87c9-206f-aacc9d469dc8,f999ef25-a612-87c9-e57d-f4adfa17b416,1.2.840.99999999.1.24886644.1324662703142,80891009,Heart structure (body structure),US,Ultrasound,1.2.840.99999999.1.1.87287360.1324662703142,1.2.840.10008.5.1.4.1.1.3.1,Ultrasound Multiframe Image Storage,40701008
f999ef25-a612-87c9-dc60-7ab81095893b,2012-06-20T17:51:43Z,f999ef25-a612-87c9-206f-aacc9d469dc8,f999ef25-a612-87c9-7dd8-5640c4849a2c,1.2.840.99999999.1.23087222.1340214703142,80891009,Heart structure (body structure),US,Ultrasound,1.2.840.99999999.1.1.20450614.1340214703142,1.2.840.10008.5.1.4.1.1.3.1,Ultrasound Multiframe Image Storage,40701008
f999ef25-a612-87c9-badb-9eeba66a6e44,2012-10-19T19:27:48Z,f999ef25-a612-87c9-206f-aacc9d469dc8,f999ef25-a612-87c9-9b91-6bcb28a4233a,1.2.840.99999999.1.38124274.1350674868142,700016008,Structure of region of internal part of mouth (body structure),DX,Digital Radiography,1.2.840.99999999.1.1.83435208.1350674868142,1.2.840.10008.5.1.4.1.1.1.3,Digital Intra-Oral X-Ray Image Storage - For Presentation,241046008
f999ef25-a612-87c9-72cf-bb3a2c11086d,2012-12-28T17:51:43Z,f999ef25-a612-87c9-206f-aacc9d469dc8,f999ef25-a612-87c9-8675-df63f03744c4,1.2.840.99999999.1.49834861.1356717103142,80891009,Heart structure (body structure),US,Ultrasound,1.2.840.99999999.1.1.87980621.1356717103142,1.2.840.10008.5.1.4.1.1.3.1,Ultrasound Multiframe Image Storage,40701008
f999ef25-a612-87c9-6d7d-844eb0a91b6d,2013-06-26T17:51:43Z,f999ef25-a612-87c9-206f-aacc9d469dc8,f999ef25-a612-87c9-99f1-396b91573a17,1.2.840.99999999.1.20932878.1372269103142,80891009,Heart structure (body structure),US,Ultrasound,1.2.840.99999999.1.1.34917543.1372269103142,1.2.840.10008.5.1.4.1.1.3.1,Ultrasound Multiframe Image Storage,40701008
f999ef25-a612-87c9-9f67-dcff72c97237,2013-12-20T19:48:38Z,f999ef25-a612-87c9-206f-aacc9d469dc8,f999ef25-a612-87c9-0c56-7eba26a91c09,1.2.840.99999999.1.88716888.1387568918142,700016008,Structure of region of internal part of mouth (body structure),DX,Digital Radiography,1.2.840.99999999.1.1.28360550.1387568918142,1.2.840.10008.5.1.4.1.1.1.3,Digital Intra-Oral X-Ray Image Storage - For Presentation,241046008
f999ef25-a612-87c9-9eec-79aceff47b1c,2014-01-10T17:51:43Z,f999ef25-a612-87c9-206f-aacc9d469dc8,f999ef25-a612-87c9-3f9b-d9f11702c404,1.2.840.99999999.1.18002980.1389376303142,80891009,Heart structure (body structure),US,Ultrasound,1.2.840.99999999.1.1.11408631.1389376303142,1.2.840.10008.5.1.4.1.1.3.1,Ultrasound Multiframe Image Storage,40701008
f999ef25-a612-87c9-547d-a78a29865ef7,2014-07-09T17:51:43Z,f999ef25-a612-87c9-206f-aacc9d469dc8,f999ef25-a612-87c9-0d37-69828266fd8c,1.2.840.99999999.1.48647836.1404928303142,51185008,Thoracic structure (body structure),CR,Computed Radiography,1.2.840.99999999.1.1.10754213.1404928303142,1.2.840.10008.5.1.4.1.1.1.1,Digital X-Ray Image Storage – for Presentation,399208008
f999ef25-a612-87c9-f9f1-c4e1d11abac1,2014-07-21T18:37:44Z,f999ef25-a612-87c9-206f-aacc9d469dc8,f999ef25-a612-87c9-5506-1b9be740c425,1.2.840.99999999.1.95097363.1405967864142,80891009,Heart structure (body structure),US,Ultrasound,1.2.840.99999999.1.1.99887118.1405967864142,1.2.840.10008.5.1.4.1.1.3.1,Ultrasound Multiframe Image Storage,40701008
f999ef25-a612-87c9-dacd-deb3230bb041,2015-01-17T18:37:44Z,f999ef25-a612-87c9-206f-aacc9d469dc8,f999ef25-a612-87c9-8e99-c9504178b15f,1.2.840.99999999.1.82180420.1421519864142,51185008,Thoracic structure (body structure),CR,Computed Radiography,1.2.840.99999999.1.1.13786570.1421519864142,1.2.840.10008.5.1.4.1.1.1.1,Digital X-Ray Image Storage – for Presentation,399208008
f999ef25-a612-87c9-6f79-c94c39c21f48,2015-01-17T18:47:36Z,f999ef25-a612-87c9-206f-aacc9d469dc8,f999ef25-a612-87c9-dbf5-0512a910513f,1.2.840.99999999.1.61821624.1421520456142,80891009,Heart structure (body structure),US,Ultrasound,1.2.840.99999999.1.1.89873663.1421520456142,1.2.840.10008.5.1.4.1.1.3.1,Ultrasound Multiframe Image Storage,40701008
79021b82-f370-50bb-4220-8a30be517268,2018-03-07T18:50:30Z,79021b82-f370-50bb-c5a1-7333816d683f,79021b82-f370-50bb-c4a4-8f42cb3eea9d,1.2.840.99999999.1.90130948.1520448630752,700016008,Structure of region of internal part of mouth (body structure),DX,Digital Radiography,1.2.840.99999999.1.1.71969572.1520448630752,1.2.840.10008.5.1.4.1.1.1.3,Digital Intra-Oral X-Ray Image Storage - For Presentation,241046008
f999ef25-a612-87c9-581a-84ea621960ba,2015-01-25T19:24:13Z,f999ef25-a612-87c9-206f-aacc9d469dc8,f999ef25-a612-87c9-b9b8-4934ac782d44,1.2.840.99999999.1.35058202.1422213853142,51185008,Thoracic structure (body structure),CR,Computed Radiography,1.2.840.99999999.1.1.67538562.1422213853142,1.2.840.10008.5.1.4.1.1.1.1,Digital X-Ray Image Storage – for Presentation,399208008
f999ef25-a612-87c9-3bf8-a1bc6a0862da,2015-01-25T19:32:17Z,f999ef25-a612-87c9-206f-aacc9d469dc8,f999ef25-a612-87c9-efd7-87438c6673e0,1.2.840.99999999.1.37165739.1422214337142,80891009,Heart structure (body structure),US,Ultrasound,1.2.840.99999999.1.1.22762672.1422214337142,1.2.840.10008.5.1.4.1.1.3.1,Ultrasound Multiframe Image Storage,40701008
f999ef25-a612-87c9-dff2-55d896e43661,2015-03-21T17:51:43Z,f999ef25-a612-87c9-206f-aacc9d469dc8,f999ef25-a612-87c9-9ad3-f2a88505edcb,1.2.840.99999999.1.28702227.1426960303142,80891009,Heart structure (body structure),US,Ultrasound,1.2.840.99999999.1.1.82045874.1426960303142,1.2.840.10008.5.1.4.1.1.3.1,Ultrasound Multiframe Image Storage,40701008
f999ef25-a612-87c9-3d2e-4a71777d92dd,2015-09-17T17:51:43Z,f999ef25-a612-87c9-206f-aacc9d469dc8,f999ef25-a612-87c9-fe25-142367c5798d,1.2.840.99999999.1.98363903.1442512303142,80891009,Heart structure (body structure),US,Ultrasound,1.2.840.99999999.1.1.23743066.1442512303142,1.2.840.10008.5.1.4.1.1.3.1,Ultrasound Multiframe Image Storage,40701008
f999ef25-a612-87c9-d02b-3a303787bddb,2016-03-15T17:51:43Z,f999ef25-a612-87c9-206f-aacc9d469dc8,f999ef25-a612-87c9-9435-9df38f0e4cd8,1.2.840.99999999.1.20637084.1458064303142,80891009,Heart structure (body structure),US,Ultrasound,1.2.840.99999999.1.1.39969902.1458064303142,1.2.840.10008.5.1.4.1.1.3.1,Ultrasound Multiframe Image Storage,40701008
f999ef25-a612-87c9-6293-c99254110453,2016-07-01T01:39:33Z,f999ef25-a612-87c9-206f-aacc9d469dc8,f999ef25-a612-87c9-902a-ecf89c8ef7f9,1.2.840.99999999.1.42053532.1467337173142,700016008,Structure of region of internal part of mouth (body structure),DX,Digital Radiography,1.2.840.99999999.1.1.32118080.1467337173142,1.2.840.10008.5.1.4.1.1.1.3,Digital Intra-Oral X-Ray Image Storage - For Presentation,241046008
f999ef25-a612-87c9-ead1-3ba7a360ad2d,2016-09-11T17:51:43Z,f999ef25-a612-87c9-206f-aacc9d469dc8,f999ef25-a612-87c9-a47f-e4c5a2ca9cff,1.2.840.99999999.1.55552170.1473616303142,80891009,Heart structure (body structure),US,Ultrasound,1.2.840.99999999.1.1.39580645.1473616303142,1.2.840.10008.5.1.4.1.1.3.1,Ultrasound Multiframe Image Storage,40701008
79021b82-f370-50bb-ff7b-89098fbeb11e,2020-03-18T19:17:23Z,79021b82-f370-50bb-c5a1-7333816d683f,79021b82-f370-50bb-8650-94d6b2ea7a5a,1.2.840.99999999.1.20100892.1584559043752,700016008,Structure of region of internal part of mouth (body structure),DX,Digital Radiography,1.2.840.99999999.1.1.70534297.1584559043752,1.2.840.10008.5.1.4.1.1.1.3,Digital Intra-Oral X-Ray Image Storage - For Presentation,241046008
f999ef25-a612-87c9-f15d-db5d96f2db22,2017-03-10T17:51:43Z,f999ef25-a612-87c9-206f-aacc9d469dc8,f999ef25-a612-87c9-6ef9-15e71ea1a68b,1.2.840.99999999.1.58364368.1489168303142,80891009,Heart structure (body structure),US,Ultrasound,1.2.840.99999999.1.1.21487146.1489168303142,1.2.840.10008.5.1.4.1.1.3.1,Ultrasound Multiframe Image Storage,40701008
f999ef25-a612-87c9-ae41-aaeb28d05b67,2017-09-06T17:51:43Z,f999ef25-a612-87c9-206f-aacc9d469dc8,f999ef25-a612-87c9-4298-f91483675903,1.2.840.99999999.1.85413350.1504720303142,80891009,Heart structure (body structure),US,Ultrasound,1.2.840.99999999.1.1.86977326.1504720303142,1.2.840.10008.5.1.4.1.1.3.1,Ultrasound Multiframe Image Storage,40701008
79021b82-f370-50bb-dca2-2ce3c4569dd6,2022-03-30T19:15:24Z,79021b82-f370-50bb-c5a1-7333816d683f,79021b82-f370-50bb-0677-a7e7fc2bbdee,1.2.840.99999999.1.43891504.1648667724752,700016008,Structure of region of internal part of mouth (body structure),DX,Digital Radiography,1.2.840.99999999.1.1.24629200.1648667724752,1.2.840.10008.5.1.4.1.1.1.3,Digital Intra-Oral X-Ray Image Storage - For Presentation,241046008
79021b82-f370-50bb-36ac-3b4bac27c4de,2023-04-05T19:50:35Z,79021b82-f370-50bb-c5a1-7333816d683f,79021b82-f370-50bb-b221-3ff09cb23735,1.2.840.99999999.1.11398417.1680724235752,700016008,Structure of region of internal part of mouth (body structure),DX,Digital Radiography,1.2.840.99999999.1.1.20064220.1680724235752,1.2.840.10008.5.1.4.1.1.1.3,Digital Intra-Oral X-Ray Image Storage - For Presentation,241046008
f999ef25-a612-87c9-50bd-46fd8c921758,2018-03-05T17:51:43Z,f999ef25-a612-87c9-206f-aacc9d469dc8,f999ef25-a612-87c9-5450-b1c967461ce1,1.2.840.99999999.1.37076119.1520272303142,51185008,Thoracic structure (body structure),CR,Computed Radiography,1.2.840.99999999.1.1.34949629.1520272303142,1.2.840.10008.5.1.4.1.1.1.1,Digital X-Ray Image Storage – for Presentation,399208008
79021b82-f370-50bb-c7e6-2810e63a5e10,2026-04-29T19:24:34Z,79021b82-f370-50bb-c5a1-7333816d683f,79021b82-f370-50bb-1af3-0d345e45b859,1.2.840.99999999.1.34327988.1777490674752,700016008,Structure of region of internal part of mouth (body structure),DX,Digital Radiography,1.2.840.99999999.1.1.77867989.1777490674752,1.2.840.10008.5.1.4.1.1.1.3,Digital Intra-Oral X-Ray Image Storage - For Presentation,241046008
6f45f2e9-a617-570a-ba30-8ccfb1a18e0a,2026-08-06T15:23:05Z,6f45f2e9-a617-570a-8867-dec1260088bb,6f45f2e9-a617-570a-6959-0318593324da,1.2.840.99999999.1.20654324.1786029785905,700016008,Structure of region of internal part of mouth (body structure),DX,Digital Radiography,1.2.840.99999999.1.1.89037642.1786029785905,1.2.840.10008.5.1.4.1.1.1.3,Digital Intra-Oral X-Ray Image Storage - For Presentation,241046008
26aa011e-0d75-d1a3-41ef-cb6e24786d1f,2017-04-02T19:33:55Z,26aa011e-0d75-d1a3-3c5a-560a9450cc9d,26aa011e-0d75-d1a3-6ac5-597cc4a0890a,1.2.840.99999999.1.26628849.1491161635116,700016008,Structure of region of internal part of mouth (body structure),DX,Digital Radiography,1.2.840.99999999.1.1.51905293.1491161635116,1.2.840.10008.5.1.4.1.1.1.3,Digital Intra-Oral X-Ray Image Storage - For Presentation,241046008
a2fb233f-60e0-b477-6ea0-4beb50a0b6c6,2018-04-29T06:59:15Z,a2fb233f-60e0-b477-cd38-af3923f792a3,a2fb233f-60e0-b477-f0ad-45f6fdf2d1cf,1.2.840.99999999.1.83884152.1524985155670,700016008,Structure of region of internal part of mouth (body structure),DX,Digital Radiography,1.2.840.99999999.1.1.65625655.1524985155670,1.2.840.10008.5.1.4.1.1.1.3,Digital Intra-Oral X-Ray Image Storage - For Presentation,241046008
26aa011e-0d75-d1a3-54c3-3c0567c202c9,2023-05-14T18:55:03Z,26aa011e-0d75-d1a3-3c5a-560a9450cc9d,26aa011e-0d75-d1a3-842f-10d2e661e158,1.2.840.99999999.1.69071942.1684090503116,700016008,Structure of region of internal part of mouth (body structure),DX,Digital Radiography,1.2.840.99999999.1.1.49719633.1684090503116,1.2.840.10008.5.1.4.1.1.1.3,Digital Intra-Oral X-Ray Image Storage - For Presentation,241046008
75d6a35c-c2e1-5b9f-432e-6055f96485f9,2019-01-25T23:40:21Z,75d6a35c-c2e1-5b9f-e7f8-6a5b05af8fc8,75d6a35c-c2e1-5b9f-3398-acba479b7d21,1.2.840.99999999.1.86268731.1548459621551,700016008,Structure of region of internal part of mouth (body structure),DX,Digital Radiography,1.2.840.99999999.1.1.17317497.1548459621551,1.2.840.10008.5.1.4.1.1.1.3,Digital Intra-Oral X-Ray Image Storage - For Presentation,241046008
75d6a35c-c2e1-5b9f-c60f-8864663cac80,2020-01-31T23:18:00Z,75d6a35c-c2e1-5b9f-e7f8-6a5b05af8fc8,75d6a35c-c2e1-5b9f-40a7-dcd718e11e58,1.2.840.99999999.1.38547903.1580512680551,700016008,Structure of region of internal part of mouth (body structure),DX,Digital Radiography,1.2.840.99999999.1.1.48431674.1580512680551,1.2.840.10008.5.1.4.1.1.1.3,Digital Intra-Oral X-Ray Image Storage - For Presentation,241046008
75d6a35c-c2e1-5b9f-dd76-632de886011f,2025-03-07T23:07:02Z,75d6a35c-c2e1-5b9f-e7f8-6a5b05af8fc8,75d6a35c-c2e1-5b9f-04aa-8b9db6f2ee12,1.2.840.99999999.1.74715890.1741388822551,700016008,Structure of region of internal part of mouth (body structure),DX,Digital Radiography,1.2.840.99999999.1.1.10952702.1741388822551,1.2.840.10008.5.1.4.1.1.1.3,Digital Intra-Oral X-Ray Image Storage - For Presentation,241046008
a2fb233f-60e0-b477-15f2-c04cc84c2afc,2026-06-14T06:28:11Z,a2fb233f-60e0-b477-cd38-af3923f792a3,a2fb233f-60e0-b477-da1e-35c2b96cf8c9,1.2.840.99999999.1.24422152.1781418491670,700016008,Structure of region of internal part of mouth (body structure),DX,Digital Radiography,1.2.840.99999999.1.1.12609142.1781418491670,1.2.840.10008.5.1.4.1.1.1.3,Digital Intra-Oral X-Ray Image Storage - For Presentation,241046008
75d6a35c-c2e1-5b9f-27ca-9de968045f8a,2026-03-13T23:42:27Z,75d6a35c-c2e1-5b9f-e7f8-6a5b05af8fc8,75d6a35c-c2e1-5b9f-00a5-a6ef18a295f8,1.2.840.99999999.1.25201983.1773445347551,700016008,Structure of region of internal part of mouth (body structure),DX,Digital Radiography,1.2.840.99999999.1.1.71269546.1773445347551,1.2.840.10008.5.1.4.1.1.1.3,Digital Intra-Oral X-Ray Image Storage - For Presentation,241046008
5e7ebf2c-22ec-a89b-af95-37aacd5597ac,2017-09-17T11:19:02Z,5e7ebf2c-22ec-a89b-53ab-38edddd81be9,5e7ebf2c-22ec-a89b-6305-de9db9337162,1.2.840.99999999.1.84194612.1505647142848,181171005,Entire retina (body structure),OP,Ophthalmic Photography,1.2.840.99999999.1.1.95529312.1505647142848,1.2.840.10008.5.1.4.1.1.77.1.5.1,Ophthalmic Photography 8 Bit Image Storage,314971001
5e7ebf2c-22ec-a89b-af95-37aacd5597ac,2017-09-17T11:19:02Z,5e7ebf2c-22ec-a89b-53ab-38edddd81be9,5e7ebf2c-22ec-a89b-6305-de9db9337162,1.2.840.99999999.1.84194612.1505647142848,181171005,Entire retina (body structure),OP,Ophthalmic Photography,1.2.840.99999999.1.2.59202260.1505647142848,1.2.840.10008.5.1.4.1.1.77.1.5.1,Ophthalmic Photography 8 Bit Image Storage,314971001
5e7ebf2c-22ec-a89b-4677-a2f0354d1a6a,2018-08-13T11:35:13Z,5e7ebf2c-22ec-a89b-53ab-38edddd81be9,5e7ebf2c-22ec-a89b-e63f-de60923ff234,1.2.840.99999999.1.11690849.1534160113848,181171005,Entire retina (body structure),OP,Ophthalmic Photography,1.2.840.99999999.1.1.99532591.1534160113848,1.2.840.10008.5.1.4.1.1.77.1.5.1,Ophthalmic Photography 8 Bit Image Storage,314971001
5e7ebf2c-22ec-a89b-4677-a2f0354d1a6a,2018-08-13T11:35:13Z,5e7ebf2c-22ec-a89b-53ab-38edddd81be9,5e7ebf2c-22ec-a89b-e63f-de60923ff234,1.2.840.99999999.1.11690849.1534160113848,181171005,Entire retina (body structure),OP,Ophthalmic Photography,1.2.840.99999999.1.2.96029733.1534160113848,1.2.840.10008.5.1.4.1.1.77.1.5.1,Ophthalmic Photography 8 Bit Image Storage,314971001
5e7ebf2c-22ec-a89b-69ef-c8705267da7d,2019-07-09T11:52:24Z,5e7ebf2c-22ec-a89b-53ab-38edddd81be9,5e7ebf2c-22ec-a89b-748c-3e826f5dde19,1.2.840.99999999.1.47184511.1562673144848,181171005,Entire retina (body structure),OP,Ophthalmic Photography,1.2.840.99999999.1.1.26504340.1562673144848,1.2.840.10008.5.1.4.1.1.77.1.5.1,Ophthalmic Photography 8 Bit Image Storage,314971001
5e7ebf2c-22ec-a89b-69ef-c8705267da7d,2019-07-09T11:52:24Z,5e7ebf2c-22ec-a89b-53ab-38edddd81be9,5e7ebf2c-22ec-a89b-748c-3e826f5dde19,1.2.840.99999999.1.47184511.1562673144848,181171005,Entire retina (body structure),OP,Ophthalmic Photography,1.2.840.99999999.1.2.49784041.1562673144848,1.2.840.10008.5.1.4.1.1.77.1.5.1,Ophthalmic Photography 8 Bit Image Storage,314971001
5e7ebf2c-22ec-a89b-0ca7-e2785186f6f0,2020-06-03T12:09:07Z,5e7ebf2c-22ec-a89b-53ab-38edddd81be9,5e7ebf2c-22ec-a89b-1dff-42d9f25c3b9c,1.2.840.99999999.1.60610023.1591186147848,181171005,Entire retina (body structure),OP,Ophthalmic Photography,1.2.840.99999999.1.1.30570972.1591186147848,1.2.840.10008.5.1.4.1.1.77.1.5.1,Ophthalmic Photography 8 Bit Image Storage,314971001
5e7ebf2c-22ec-a89b-0ca7-e2785186f6f0,2020-06-03T12:09:07Z,5e7ebf2c-22ec-a89b-53ab-38edddd81be9,5e7ebf2c-22ec-a89b-1dff-42d9f25c3b9c,1.2.840.99999999.1.60610023.1591186147848,181171005,Entire retina (body structure),OP,Ophthalmic Photography,1.2.840.99999999.1.2.80774218.1591186147848,1.2.840.10008.5.1.4.1.1.77.1.5.1,Ophthalmic Photography 8 Bit Image Storage,314971001
5e7ebf2c-22ec-a89b-6751-c13870196803,2020-06-03T12:13:24Z,5e7ebf2c-22ec-a89b-53ab-38edddd81be9,5e7ebf2c-22ec-a89b-1dff-42d9f25c3b9c,1.2.840.99999999.1.77227343.1591186404848,181171005,Entire retina (body structure),OPT,Ophthalmic Tomography,1.2.840.99999999.1.1.99602126.1591186404848,1.2.840.10008.5.1.4.1.1.77.1.5.4,Ophthalmic Tomography Image,700070005
5e7ebf2c-22ec-a89b-6751-c13870196803,2020-06-03T12:13:24Z,5e7ebf2c-22ec-a89b-53ab-38edddd81be9,5e7ebf2c-22ec-a89b-1dff-42d9f25c3b9c,1.2.840.99999999.1.77227343.1591186404848,181171005,Entire retina (body structure),OPT,Ophthalmic Tomography,1.2.840.99999999.1.2.80541103.1591186404848,1.2.840.10008.5.1.4.1.1.77.1.5.4,Ophthalmic Tomography Image,700070005
5e7ebf2c-22ec-a89b-9465-459abf249b3f,2021-06-13T11:14:02Z,5e7ebf2c-22ec-a89b-53ab-38edddd81be9,5e7ebf2c-22ec-a89b-f272-45e0957fbc5d,1.2.840.99999999.1.83756432.1623582842848,181171005,Entire retina (body structure),OP,Ophthalmic Photography,1.2.840.99999999.1.1.57579220.1623582842848,1.2.840.10008.5.1.4.1.1.77.1.5.1,Ophthalmic Photography 8 Bit Image Storage,314971001
5e7ebf2c-22ec-a89b-9465-459abf249b3f,2021-06-13T11:14:02Z,5e7ebf2c-22ec-a89b-53ab-38edddd81be9,5e7ebf2c-22ec-a89b-f272-45e0957fbc5d,1.2.840.99999999.1.83756432.1623582842848,181171005,Entire retina (body structure),OP,Ophthalmic Photography,1.2.840.99999999.1.2.30531664.1623582842848,1.2.840.10008.5.1.4.1.1.77.1.5.1,Ophthalmic Photography 8 Bit Image Storage,314971001
5e7ebf2c-22ec-a89b-4794-51dac3bf808e,2021-06-13T11:18:21Z,5e7ebf2c-22ec-a89b-53ab-38edddd81be9,5e7ebf2c-22ec-a89b-f272-45e0957fbc5d,1.2.840.99999999.1.64784676.1623583101848,181171005,Entire retina (body structure),OPT,Ophthalmic Tomography,1.2.840.99999999.1.1.36544743.1623583101848,1.2.840.10008.5.1.4.1.1.77.1.5.4,Ophthalmic Tomography Image,700070005
5e7ebf2c-22ec-a89b-4794-51dac3bf808e,2021-06-13T11:18:21Z,5e7ebf2c-22ec-a89b-53ab-38edddd81be9,5e7ebf2c-22ec-a89b-f272-45e0957fbc5d,1.2.840.99999999.1.64784676.1623583101848,181171005,Entire retina (body structure),OPT,Ophthalmic Tomography,1.2.840.99999999.1.2.24638256.1623583101848,1.2.840.10008.5.1.4.1.1.77.1.5.4,Ophthalmic Tomography Image,700070005
5e7ebf2c-22ec-a89b-c678-edfc54e0dea8,2021-09-12T13:04:08Z,5e7ebf2c-22ec-a89b-53ab-38edddd81be9,5e7ebf2c-22ec-a89b-dcd3-599f1b7abf74,1.2.840.99999999.1.64157439.1631451848848,700016008,Structure of region of internal part of mouth (body structure),DX,Digital Radiography,1.2.840.99999999.1.1.44740474.1631451848848,1.2.840.10008.5.1.4.1.1.1.3,Digital Intra-Oral X-Ray Image Storage - For Presentation,241046008
5e7ebf2c-22ec-a89b-df04-f703d02ee835,2022-06-08T11:32:21Z,5e7ebf2c-22ec-a89b-53ab-38edddd81be9,5e7ebf2c-22ec-a89b-9d71-d33da59b8db0,1.2.840.99999999.1.19783790.1654687941848,181171005,Entire retina (body structure),OP,Ophthalmic Photography,1.2.840.99999999.1.1.40588615.1654687941848,1.2.840.10008.5.1.4.1.1.77.1.5.1,Ophthalmic Photography 8 Bit Image Storage,314971001
5e7ebf2c-22ec-a89b-df04-f703d02ee835,2022-06-08T11:32:21Z,5e7ebf2c-22ec-a89b-53ab-38edddd81be9,5e7ebf2c-22ec-a89b-9d71-d33da59b8db0,1.2.840.99999999.1.19783790.1654687941848,181171005,Entire retina (body structure),OP,Ophthalmic Photography,1.2.840.99999999.1.2.94823071.1654687941848,1.2.840.10008.5.1.4.1.1.77.1.5.1,Ophthalmic Photography 8 Bit Image Storage,314971001
5e7ebf2c-22ec-a89b-e4e0-bf114579180b,2022-06-08T11:36:35Z,5e7ebf2c-22ec-a89b-53ab-38edddd81be9,5e7ebf2c-22ec-a89b-9d71-d33da59b8db0,1.2.840.99999999.1.42478669.1654688195848,181171005,Entire retina (body structure),OPT,Ophthalmic Tomography,1.2.840.99999999.1.1.77119896.1654688195848,1.2.840.10008.5.1.4.1.1.77.1.5.4,Ophthalmic Tomography Image,700070005
5e7ebf2c-22ec-a89b-e4e0-bf114579180b,2022-06-08T11:36:35Z,5e7ebf2c-22ec-a89b-53ab-38edddd81be9,5e7ebf2c-22ec-a89b-9d71-d33da59b8db0,1.2.840.99999999.1.42478669.1654688195848,181171005,Entire retina (body structure),OPT,Ophthalmic Tomography,1.2.840.99999999.1.2.48764288.1654688195848,1.2.840.10008.5.1.4.1.1.77.1.5.4,Ophthalmic Tomography Image,700070005
5e7ebf2c-22ec-a89b-b3db-8d5de44e4ddd,2023-06-03T11:50:35Z,5e7ebf2c-22ec-a89b-53ab-38edddd81be9,5e7ebf2c-22ec-a89b-f163-ded3bcc2b221,1.2.840.99999999.1.27884419.1685793035848,181171005,Entire retina (body structure),OP,Ophthalmic Photography,1.2.840.99999999.1.1.57556456.1685793035848,1.2.840.10008.5.1.4.1.1.77.1.5.1,Ophthalmic Photography 8 Bit Image Storage,314971001
5e7ebf2c-22ec-a89b-b3db-8d5de44e4ddd,2023-06-03T11:50:35Z,5e7ebf2c-22ec-a89b-53ab-38edddd81be9,5e7ebf2c-22ec-a89b-f163-ded3bcc2b221,1.2.840.99999999.1.27884419.1685793035848,181171005,Entire retina (body structure),OP,Ophthalmic Photography,1.2.840.99999999.1.2.19163432.1685793035848,1.2.840.10008.5.1.4.1.1.77.1.5.1,Ophthalmic Photography 8 Bit Image Storage,314971001
5e7ebf2c-22ec-a89b-1cd6-25d93707720e,2023-06-03T11:53:01Z,5e7ebf2c-22ec-a89b-53ab-38edddd81be9,5e7ebf2c-22ec-a89b-f163-ded3bcc2b221,1.2.840.99999999.1.94026003.1685793181848,181171005,Entire retina (body structure),OPT,Ophthalmic Tomography,1.2.840.99999999.1.1.88166544.1685793181848,1.2.840.10008.5.1.4.1.1.77.1.5.4,Ophthalmic Tomography Image,700070005
5e7ebf2c-22ec-a89b-1cd6-25d93707720e,2023-06-03T11:53:01Z,5e7ebf2c-22ec-a89b-53ab-38edddd81be9,5e7ebf2c-22ec-a89b-f163-ded3bcc2b221,1.2.840.99999999.1.94026003.1685793181848,181171005,Entire retina (body structure),OPT,Ophthalmic Tomography,1.2.840.99999999.1.2.30326832.1685793181848,1.2.840.10008.5.1.4.1.1.77.1.5.4,Ophthalmic Tomography Image,700070005
5e7ebf2c-22ec-a89b-5811-74e645b0ff51,2023-08-20T13:04:09Z,5e7ebf2c-22ec-a89b-53ab-38edddd81be9,5e7ebf2c-22ec-a89b-4721-dc6db576b798,1.2.840.99999999.1.90733129.1692536649848,700016008,Structure of region of internal part of mouth (body structure),DX,Digital Radiography,1.2.840.99999999.1.1.16540917.1692536649848,1.2.840.10008.5.1.4.1.1.1.3,Digital Intra-Oral X-Ray Image Storage - For Presentation,241046008
5e7ebf2c-22ec-a89b-4e94-61fd71d13876,2024-05-28T12:07:01Z,5e7ebf2c-22ec-a89b-53ab-38edddd81be9,5e7ebf2c-22ec-a89b-7993-f4187f23f6da,1.2.840.99999999.1.70581364.1716898021848,181171005,Entire retina (body structure),OP,Ophthalmic Photography,1.2.840.99999999.1.1.27800041.1716898021848,1.2.840.10008.5.1.4.1.1.77.1.5.1,Ophthalmic Photography 8 Bit Image Storage,314971001
5e7ebf2c-22ec-a89b-4e94-61fd71d13876,2024-05-28T12:07:01Z,5e7ebf2c-22ec-a89b-53ab-38edddd81be9,5e7ebf2c-22ec-a89b-7993-f4187f23f6da,1.2.840.99999999.1.70581364.1716898021848,181171005,Entire retina (body structure),OP,Ophthalmic Photography,1.2.840.99999999.1.2.44100741.1716898021848,1.2.840.10008.5.1.4.1.1.77.1.5.1,Ophthalmic Photography 8 Bit Image Storage,314971001
5e7ebf2c-22ec-a89b-21df-531709f8eaf5,2024-05-28T12:11:57Z,5e7ebf2c-22ec-a89b-53ab-38edddd81be9,5e7ebf2c-22ec-a89b-7993-f4187f23f6da,1.2.840.99999999.1.47711097.1716898317848,181171005,Entire retina (body structure),OPT,Ophthalmic Tomography,1.2.840.99999999.1.1.14708191.1716898317848,1.2.840.10008.5.1.4.1.1.77.1.5.4,Ophthalmic Tomography Image,700070005
5e7ebf2c-22ec-a89b-21df-531709f8eaf5,2024-05-28T12:11:57Z,5e7ebf2c-22ec-a89b-53ab-38edddd81be9,5e7ebf2c-22ec-a89b-7993-f4187f23f6da,1.2.840.99999999.1.47711097.1716898317848,181171005,Entire retina (body structure),OPT,Ophthalmic Tomography,1.2.840.99999999.1.2.79416261.1716898317848,1.2.840.10008.5.1.4.1.1.77.1.5.4,Ophthalmic Tomography Image,700070005
5e7ebf2c-22ec-a89b-2c38-2e68d6706eef,2024-08-04T12:53:20Z,5e7ebf2c-22ec-a89b-53ab-38edddd81be9,5e7ebf2c-22ec-a89b-cf02-983b5e0d4ca2,1.2.840.99999999.1.53441890.1722776000848,700016008,Structure of region of internal part of mouth (body structure),DX,Digital Radiography,1.2.840.99999999.1.1.99714779.1722776000848,1.2.840.10008.5.1.4.1.1.1.3,Digital Intra-Oral X-Ray Image Storage - For Presentation,241046008
5e7ebf2c-22ec-a89b-60de-07e24256300a,2025-05-23T12:25:57Z,5e7ebf2c-22ec-a89b-53ab-38edddd81be9,5e7ebf2c-22ec-a89b-b1f2-d1d40e79b648,1.2.840.99999999.1.44516092.1748003157848,181171005,Entire retina (body structure),OP,Ophthalmic Photography,1.2.840.99999999.1.1.97622330.1748003157848,1.2.840.10008.5.1.4.1.1.77.1.5.1,Ophthalmic Photography 8 Bit Image Storage,314971001
5e7ebf2c-22ec-a89b-60de-07e24256300a,2025-05-23T12:25:57Z,5e7ebf2c-22ec-a89b-53ab-38edddd81be9,5e7ebf2c-22ec-a89b-b1f2-d1d40e79b648,1.2.840.99999999.1.44516092.1748003157848,181171005,Entire retina (body structure),OP,Ophthalmic Photography,1.2.840.99999999.1.2.78957888.1748003157848,1.2.840.10008.5.1.4.1.1.77.1.5.1,Ophthalmic Photography 8 Bit Image Storage,314971001
5e7ebf2c-22ec-a89b-271a-f346830c84ed,2025-05-23T12:30:51Z,5e7ebf2c-22ec-a89b-53ab-38edddd81be9,5e7ebf2c-22ec-a89b-b1f2-d1d40e79b648,1.2.840.99999999.1.92123542.1748003451848,181171005,Entire retina (body structure),OPT,Ophthalmic Tomography,1.2.840.99999999.1.1.93359973.1748003451848,1.2.840.10008.5.1.4.1.1.77.1.5.4,Ophthalmic Tomography Image,700070005
5e7ebf2c-22ec-a89b-271a-f346830c84ed,2025-05-23T12:30:51Z,5e7ebf2c-22ec-a89b-53ab-38edddd81be9,5e7ebf2c-22ec-a89b-b1f2-d1d40e79b648,1.2.840.99999999.1.92123542.1748003451848,181171005,Entire retina (body structure),OPT,Ophthalmic Tomography,1.2.840.99999999.1.2.20840609.1748003451848,1.2.840.10008.5.1.4.1.1.77.1.5.4,Ophthalmic Tomography Image,700070005
5e7ebf2c-22ec-a89b-0f7d-1b1f68cf48bc,2026-05-18T12:44:51Z,5e7ebf2c-22ec-a89b-53ab-38edddd81be9,5e7ebf2c-22ec-a89b-94e7-c1ab4a74782d,1.2.840.99999999.1.15762016.1779108291848,181171005,Entire retina (body structure),OP,Ophthalmic Photography,1.2.840.99999999.1.1.61626991.1779108291848,1.2.840.10008.5.1.4.1.1.77.1.5.1,Ophthalmic Photography 8 Bit Image Storage,314971001
5e7ebf2c-22ec-a89b-0f7d-1b1f68cf48bc,2026-05-18T12:44:51Z,5e7ebf2c-22ec-a89b-53ab-38edddd81be9,5e7ebf2c-22ec-a89b-94e7-c1ab4a74782d,1.2.840.99999999.1.15762016.1779108291848,181171005,Entire retina (body structure),OP,Ophthalmic Photography,1.2.840.99999999.1.2.99168416.1779108291848,1.2.840.10008.5.1.4.1.1.77.1.5.1,Ophthalmic Photography 8 Bit Image Storage,314971001
5e7ebf2c-22ec-a89b-6d07-6de923564a06,2026-05-18T12:49:42Z,5e7ebf2c-22ec-a89b-53ab-38edddd81be9,5e7ebf2c-22ec-a89b-94e7-c1ab4a74782d,1.2.840.99999999.1.91040191.1779108582848,181171005,Entire retina (body structure),OPT,Ophthalmic Tomography,1.2.840.99999999.1.1.89093268.1779108582848,1.2.840.10008.5.1.4.1.1.77.1.5.4,Ophthalmic Tomography Image,700070005
5e7ebf2c-22ec-a89b-6d07-6de923564a06,2026-05-18T12:49:42Z,5e7ebf2c-22ec-a89b-53ab-38edddd81be9,5e7ebf2c-22ec-a89b-94e7-c1ab4a74782d,1.2.840.99999999.1.91040191.1779108582848,181171005,Entire retina (body structure),OPT,Ophthalmic Tomography,1.2.840.99999999.1.2.83843500.1779108582848,1.2.840.10008.5.1.4.1.1.77.1.5.4,Ophthalmic Tomography Image,700070005
47d390c6-a1a2-1a80-9ec3-5c86cb550dde,2017-03-11T12:18:03Z,47d390c6-a1a2-1a80-dd1d-9722c7b24159,47d390c6-a1a2-1a80-5594-d4dd78c0d811,1.2.840.99999999.1.90495598.1489234683457,700016008,Structure of region of internal part of mouth (body structure),DX,Digital Radiography,1.2.840.99999999.1.1.75617734.1489234683457,1.2.840.10008.5.1.4.1.1.1.3,Digital Intra-Oral X-Ray Image Storage - For Presentation,241046008
47d390c6-a1a2-1a80-a531-ae9e002ee0f1,2019-03-23T13:03:10Z,47d390c6-a1a2-1a80-dd1d-9722c7b24159,47d390c6-a1a2-1a80-ecdd-af02b40a93f5,1.2.840.99999999.1.74153686.1553346190457,700016008,Structure of region of internal part of mouth (body structure),DX,Digital Radiography,1.2.840.99999999.1.1.79619501.1553346190457,1.2.840.10008.5.1.4.1.1.1.3,Digital Intra-Oral X-Ray Image Storage - For Presentation,241046008
47d390c6-a1a2-1a80-c78f-883bbc654586,2019-12-16T10:38:16Z,47d390c6-a1a2-1a80-dd1d-9722c7b24159,47d390c6-a1a2-1a80-196a-ebdb2fb21059,1.2.840.99999999.1.26647784.1576492696457,40983000,Structure of upper extremity between shoulder and elbow (body structure),DX,Digital Radiography,1.2.840.99999999.1.1.71710189.1576492696457,1.2.840.10008.5.1.4.1.1.1.1,Digital X-Ray Image Storage,713026007
47d390c6-a1a2-1a80-7e31-399ddaf4d56c,2020-03-28T11:57:20Z,47d390c6-a1a2-1a80-dd1d-9722c7b24159,47d390c6-a1a2-1a80-60b2-612077da1275,1.2.840.99999999.1.49390130.1585396640457,700016008,Structure of region of internal part of mouth (body structure),DX,Digital Radiography,1.2.840.99999999.1.1.34387094.1585396640457,1.2.840.10008.5.1.4.1.1.1.3,Digital Intra-Oral X-Ray Image Storage - For Presentation,241046008
47d390c6-a1a2-1a80-bdec-518579799e6a,2021-04-10T12:28:24Z,47d390c6-a1a2-1a80-dd1d-9722c7b24159,47d390c6-a1a2-1a80-03ce-1d07eee40a57,1.2.840.99999999.1.66331545.1618057704457,700016008,Structure of region of internal part of mouth (body structure),DX,Digital Radiography,1.2.840.99999999.1.1.18514122.1618057704457,1.2.840.10008.5.1.4.1.1.1.3,Digital Intra-Oral X-Ray Image Storage - For Presentation,241046008
47d390c6-a1a2-1a80-bc91-134af0087c9d,2023-04-22T12:38:58Z,47d390c6-a1a2-1a80-dd1d-9722c7b24159,47d390c6-a1a2-1a80-c45d-1b56aff7975a,1.2.840.99999999.1.70749321.1682167138457,700016008,Structure of region of internal part of mouth (body structure),DX,Digital Radiography,1.2.840.99999999.1.1.20017390.1682167138457,1.2.840.10008.5.1.4.1.1.1.3,Digital Intra-Oral X-Ray Image Storage - For Presentation,241046008
47d390c6-a1a2-1a80-48e0-67635c04768c,2024-04-27T12:06:49Z,47d390c6-a1a2-1a80-dd1d-9722c7b24159,47d390c6-a1a2-1a80-a2eb-52333621e4c9,1.2.840.99999999.1.55809668.1714219609457,700016008,Structure of region of internal part of mouth (body structure),DX,Digital Radiography,1.2.840.99999999.1.1.14396608.1714219609457,1.2.840.10008.5.1.4.1.1.1.3,Digital Intra-Oral X-Ray Image Storage - For Presentation,241046008
47d390c6-a1a2-1a80-009d-f1657bbb8ffe,2025-05-03T12:46:45Z,47d390c6-a1a2-1a80-dd1d-9722c7b24159,47d390c6-a1a2-1a80-b332-ec9e35425a5c,1.2.840.99999999.1.47711547.1746276405457,700016008,Structure of region of internal part of mouth (body structure),DX,Digital Radiography,1.2.840.99999999.1.1.53524327.1746276405457,1.2.840.10008.5.1.4.1.1.1.3,Digital Intra-Oral X-Ray Image Storage - For Presentation,241046008
d3cb6736-0991-40ed-096d-01ab1e4439fd,2019-05-12T15:40:17Z,d3cb6736-0991-40ed-a220-7c714aba4c37,d3cb6736-0991-40ed-c7c4-a3c1d87709f7,1.2.840.99999999.1.32827948.1557675617992,700016008,Structure of region of internal part of mouth (body structure),DX,Digital Radiography,1.2.840.99999999.1.1.78465974.1557675617992,1.2.840.10008.5.1.4.1.1.1.3,Digital Intra-Oral X-Ray Image Storage - For Presentation,241046008
2de4dd0d-f665-8a2e-f58b-22c14bc60a67,2016-12-17T19:25:10Z,2de4dd0d-f665-8a2e-4c6b-997735e14ace,2de4dd0d-f665-8a2e-4758-1d05786674ff,1.2.840.99999999.1.41089067.1482002710636,51299004,Bone structure of clavicle (body structure),DX,Digital Radiography,1.2.840.99999999.1.1.18046997.1482002710636,1.2.840.10008.5.1.4.1.1.1.1,Digital X-Ray Image Storage,168594001
d3cb6736-0991-40ed-4438-87afde593dc3,2024-08-25T15:51:42Z,d3cb6736-0991-40ed-a220-7c714aba4c37,d3cb6736-0991-40ed-e6c7-99b4773cbc7c,1.2.840.99999999.1.68741807.1724601102992,700016008,Structure of region of internal part of mouth (body structure),DX,Digital Radiography,1.2.840.99999999.1.1.42526865.1724601102992,1.2.840.10008.5.1.4.1.1.1.3,Digital Intra-Oral X-Ray Image Storage - For Presentation,241046008
2de4dd0d-f665-8a2e-3076-ca362d892563,2019-02-02T20:28:10Z,2de4dd0d-f665-8a2e-4c6b-997735e14ace,2de4dd0d-f665-8a2e-35b2-bb246b76ee6b,1.2.840.99999999.1.36980116.1549139290636,51299004,Bone structure of clavicle (body structure),DX,Digital Radiography,1.2.840.99999999.1.1.88693869.1549139290636,1.2.840.10008.5.1.4.1.1.1.1,Digital X-Ray Image Storage,168594001
2de4dd0d-f665-8a2e-ebcf-d200a0b557e0,2020-12-26T22:05:26Z,2de4dd0d-f665-8a2e-4c6b-997735e14ace,2de4dd0d-f665-8a2e-c8db-a995f81118ce,1.2.840.99999999.1.70140858.1609020326636,700016008,Structure of region of internal part of mouth (body structure),DX,Digital Radiography,1.2.840.99999999.1.1.95289904.1609020326636,1.2.840.10008.5.1.4.1.1.1.3,Digital Intra-Oral X-Ray Image Storage - For Presentation,241046008
d57841fa-c9e2-a3d1-1ad3-74fc302f2b8e,2020-08-31T04:55:34Z,d57841fa-c9e2-a3d1-0e78-09bdbe4eed66,d57841fa-c9e2-a3d1-365e-42d0460e38d3,1.2.840.99999999.1.16374986.1598849734417,700016008,Structure of region of internal part of mouth (body structure),DX,Digital Radiography,1.2.840.99999999.1.1.84881034.1598849734417,1.2.840.10008.5.1.4.1.1.1.3,Digital Intra-Oral X-Ray Image Storage - For Presentation,241046008
d57841fa-c9e2-a3d1-30d2-340a91dced1d,2021-09-06T04:51:18Z,d57841fa-c9e2-a3d1-0e78-09bdbe4eed66,d57841fa-c9e2-a3d1-ee76-08f37b3b27d1,1.2.840.99999999.1.10947299.1630903878417,700016008,Structure of region of internal part of mouth (body structure),DX,Digital Radiography,1.2.840.99999999.1.1.49448698.1630903878417,1.2.840.10008.5.1.4.1.1.1.3,Digital Intra-Oral X-Ray Image Storage - For Presentation,241046008
7c913488-8c54-7aa0-ab5e-597b549b5e2b,2016-12-30T20:42:29Z,7c913488-8c54-7aa0-a452-83dbc3ad8377,7c913488-8c54-7aa0-0846-4bd41a79bfc5,1.2.840.99999999.1.21297570.1483130549571,700016008,Structure of region of internal part of mouth (body structure),DX,Digital Radiography,1.2.840.99999999.1.1.17883780.1483130549571,1.2.840.10008.5.1.4.1.1.1.3,Digital Intra-Oral X-Ray Image Storage - For Presentation,241046008
7c913488-8c54-7aa0-2b75-d887df8fe9f9,2025-11-17T19:08:24Z,7c913488-8c54-7aa0-a452-83dbc3ad8377,7c913488-8c54-7aa0-965c-bd33889378e8,1.2.840.99999999.1.51023773.1763406504571,8205005,Wrist region structure (body structure),DX,Digital Radiography,1.2.840.99999999.1.1.34818917.1763406504571,1.2.840.10008.5.1.4.1.1.1.1,Digital X-Ray Image Storage,713024005
7811dc30-8c86-8164-5037-897ea37f5e35,2012-04-12T07:56:12Z,7811dc30-8c86-8164-6c33-6b6f464745ef,7811dc30-8c86-8164-91b0-2ea7cbf3ae53,1.2.840.99999999.1.17667839.1334217372329,181171005,Entire retina (body structure),OP,Ophthalmic Photography,1.2.840.99999999.1.1.52536522.1334217372329,1.2.840.10008.5.1.4.1.1.77.1.5.1,Ophthalmic Photography 8 Bit Image Storage,314971001
7811dc30-8c86-8164-5037-897ea37f5e35,2012-04-12T07:56:12Z,7811dc30-8c86-8164-6c33-6b6f464745ef,7811dc30-8c86-8164-91b0-2ea7cbf3ae53,1.2.840.99999999.1.17667839.1334217372329,181171005,Entire retina (body structure),OP,Ophthalmic Photography,1.2.840.99999999.1.2.79688495.1334217372329,1.2.840.10008.5.1.4.1.1.77.1.5.1,Ophthalmic Photography 8 Bit Image Storage,314971001
7811dc30-8c86-8164-90c4-5c00a1a4c54f,2016-11-29T04:27:59Z,7811dc30-8c86-8164-6c33-6b6f464745ef,7811dc30-8c86-8164-1386-79a20b3e2c16,1.2.840.99999999.1.56857806.1480393679329,181171005,Entire retina (body structure),OP,Ophthalmic Photography,1.2.840.99999999.1.1.45487787.1480393679329,1.2.840.10008.5.1.4.1.1.77.1.5.1,Ophthalmic Photography 8 Bit Image Storage,314971001
7811dc30-8c86-8164-90c4-5c00a1a4c54f,2016-11-29T04:27:59Z,7811dc30-8c86-8164-6c33-6b6f464745ef,7811dc30-8c86-8164-1386-79a20b3e2c16,1.2.840.99999999.1.56857806.1480393679329,181171005,Entire retina (body structure),OP,Ophthalmic Photography,1.2.840.99999999.1.2.68035103.1480393679329,1.2.840.10008.5.1.4.1.1.77.1.5.1,Ophthalmic Photography 8 Bit Image Storage,314971001
7811dc30-8c86-8164-c589-5e46ef0ac64c,2016-11-29T04:32:24Z,7811dc30-8c86-8164-6c33-6b6f464745ef,7811dc30-8c86-8164-1386-79a20b3e2c16,1.2.840.99999999.1.54126880.1480393944329,181171005,Entire retina (body structure),OPT,Ophthalmic Tomography,1.2.840.99999999.1.1.36300085.1480393944329,1.2.840.10008.5.1.4.1.1.77.1.5.4,Ophthalmic Tomography Image,700070005
7811dc30-8c86-8164-c589-5e46ef0ac64c,2016-11-29T04:32:24Z,7811dc30-8c86-8164-6c33-6b6f464745ef,7811dc30-8c86-8164-1386-79a20b3e2c16,1.2.840.99999999.1.54126880.1480393944329,181171005,Entire retina (body structure),OPT,Ophthalmic Tomography,1.2.840.99999999.1.2.20888623.1480393944329,1.2.840.10008.5.1.4.1.1.77.1.5.4,Ophthalmic Tomography Image,700070005
dd9da64b-7b38-4f91-f1ae-e594002dbce8,2018-06-18T09:20:41Z,dd9da64b-7b38-4f91-e75d-b1268dde60d4,dd9da64b-7b38-4f91-60fe-55c1e73e48f5,1.2.840.99999999.1.48181587.1529313641012,700016008,Structure of region of internal part of mouth (body structure),DX,Digital Radiography,1.2.840.99999999.1.1.68320366.1529313641012,1.2.840.10008.5.1.4.1.1.1.3,Digital Intra-Oral X-Ray Image Storage - For Presentation,241046008
7811dc30-8c86-8164-f609-f2f973c410f3,2017-10-25T04:46:24Z,7811dc30-8c86-8164-6c33-6b6f464745ef,7811dc30-8c86-8164-d824-344f9319774c,1.2.840.99999999.1.94720367.1508906784329,181171005,Entire retina (body structure),OP,Ophthalmic Photography,1.2.840.99999999.1.1.85396503.1508906784329,1.2.840.10008.5.1.4.1.1.77.1.5.1,Ophthalmic Photography 8 Bit Image Storage,314971001
7811dc30-8c86-8164-f609-f2f973c410f3,2017-10-25T04:46:24Z,7811dc30-8c86-8164-6c33-6b6f464745ef,7811dc30-8c86-8164-d824-344f9319774c,1.2.840.99999999.1.94720367.1508906784329,181171005,Entire retina (body structure),OP,Ophthalmic Photography,1.2.840.99999999.1.2.12147079.1508906784329,1.2.840.10008.5.1.4.1.1.77.1.5.1,Ophthalmic Photography 8 Bit Image Storage,314971001
7811dc30-8c86-8164-8bc7-54d347852b16,2017-10-25T04:51:22Z,7811dc30-8c86-8164-6c33-6b6f464745ef,7811dc30-8c86-8164-d824-344f9319774c,1.2.840.99999999.1.58995939.1508907082329,181171005,Entire retina (body structure),OPT,Ophthalmic Tomography,1.2.840.99999999.1.1.81489201.1508907082329,1.2.840.10008.5.1.4.1.1.77.1.5.4,Ophthalmic Tomography Image,700070005
7811dc30-8c86-8164-8bc7-54d347852b16,2017-10-25T04:51:22Z,7811dc30-8c86-8164-6c33-6b6f464745ef,7811dc30-8c86-8164-d824-344f9319774c,1.2.840.99999999.1.58995939.1508907082329,181171005,Entire retina (body structure),OPT,Ophthalmic Tomography,1.2.840.99999999.1.2.42185119.1508907082329,1.2.840.10008.5.1.4.1.1.77.1.5.4,Ophthalmic Tomography Image,700070005
dd9da64b-7b38-4f91-b22a-9422378f1fae,2019-06-24T09:57:12Z,dd9da64b-7b38-4f91-e75d-b1268dde60d4,dd9da64b-7b38-4f91-56c5-39cd2225672b,1.2.840.99999999.1.72910957.1561370232012,700016008,Structure of region of internal part of mouth (body structure),DX,Digital Radiography,1.2.840.99999999.1.1.78931120.1561370232012,1.2.840.10008.5.1.4.1.1.1.3,Digital Intra-Oral X-Ray Image Storage - For Presentation,241046008
7811dc30-8c86-8164-1f30-3d91a3b588f2,2018-09-20T05:05:22Z,7811dc30-8c86-8164-6c33-6b6f464745ef,7811dc30-8c86-8164-f134-632120786352,1.2.840.99999999.1.60839206.1537419922329,181171005,Entire retina (body structure),OP,Ophthalmic Photography,1.2.840.99999999.1.1.62599967.1537419922329,1.2.840.10008.5.1.4.1.1.77.1.5.1,Ophthalmic Photography 8 Bit Image Storage,314971001
7811dc30-8c86-8164-1f30-3d91a3b588f2,2018-09-20T05:05:22Z,7811dc30-8c86-8164-6c33-6b6f464745ef,7811dc30-8c86-8164-f134-632120786352,1.2.840.99999999.1.60839206.1537419922329,181171005,Entire retina (body structure),OP,Ophthalmic Photography,1.2.840.99999999.1.2.54768002.1537419922329,1.2.840.10008.5.1.4.1.1.77.1.5.1,Ophthalmic Photography 8 Bit Image Storage,314971001
7811dc30-8c86-8164-6c58-16a3fce03df1,2018-09-20T05:08:47Z,7811dc30-8c86-8164-6c33-6b6f464745ef,7811dc30-8c86-8164-f134-632120786352,1.2.840.99999999.1.75366272.1537420127329,181171005,Entire retina (body structure),OPT,Ophthalmic Tomography,1.2.840.99999999.1.1.44612809.1537420127329,1.2.840.10008.5.1.4.1.1.77.1.5.4,Ophthalmic Tomography Image,700070005
7811dc30-8c86-8164-6c58-16a3fce03df1,2018-09-20T05:08:47Z,7811dc30-8c86-8164-6c33-6b6f464745ef,7811dc30-8c86-8164-f134-632120786352,1.2.840.99999999.1.75366272.1537420127329,181171005,Entire retina (body structure),OPT,Ophthalmic Tomography,1.2.840.99999999.1.2.10614671.1537420127329,1.2.840.10008.5.1.4.1.1.77.1.5.4,Ophthalmic Tomography Image,700070005
7811dc30-8c86-8164-cbe5-78d8733d6400,2019-04-16T05:53:56Z,7811dc30-8c86-8164-6c33-6b6f464745ef,7811dc30-8c86-8164-30e0-24a2bfd733b0,1.2.840.99999999.1.26008886.1555394036329,700016008,Structure of region of internal part of mouth (body structure),DX,Digital Radiography,1.2.840.99999999.1.1.81747085.1555394036329,1.2.840.10008.5.1.4.1.1.1.3,Digital Intra-Oral X-Ray Image Storage - For Presentation,241046008
7811dc30-8c86-8164-cd3c-0f02d82414db,2019-05-14T05:47:16Z,7811dc30-8c86-8164-6c33-6b6f464745ef,7811dc30-8c86-8164-a603-410b5bc2ae66,1.2.840.99999999.1.27867290.1557812836329,700016008,Structure of region of internal part of mouth (body structure),DX,Digital Radiography,1.2.840.99999999.1.1.91683232.1557812836329,1.2.840.10008.5.1.4.1.1.1.3,Digital Intra-Oral X-Ray Image Storage - For Presentation,241046008
7811dc30-8c86-8164-aad5-159f3e8675d6,2019-08-16T05:22:47Z,7811dc30-8c86-8164-6c33-6b6f464745ef,7811dc30-8c86-8164-328f-be6451044ca4,1.2.840.99999999.1.73039302.1565932967329,181171005,Entire retina (body structure),OP,Ophthalmic Photography,1.2.840.99999999.1.1.55928023.1565932967329,1.2.840.10008.5.1.4.1.1.77.1.5.1,Ophthalmic Photography 8 Bit Image Storage,314971001
7811dc30-8c86-8164-aad5-159f3e8675d6,2019-08-16T05:22:47Z,7811dc30-8c86-8164-6c33-6b6f464745ef,7811dc30-8c86-8164-328f-be6451044ca4,1.2.840.99999999.1.73039302.1565932967329,181171005,Entire retina (body structure),OP,Ophthalmic Photography,1.2.840.99999999.1.2.98158743.1565932967329,1.2.840.10008.5.1.4.1.1.77.1.5.1,Ophthalmic Photography 8 Bit Image Storage,314971001
7811dc30-8c86-8164-36c2-c18ec3bc0864,2019-08-16T05:26:39Z,7811dc30-8c86-8164-6c33-6b6f464745ef,7811dc30-8c86-8164-328f-be6451044ca4,1.2.840.99999999.1.85194451.1565933199329,181171005,Entire retina (body structure),OPT,Ophthalmic Tomography,1.2.840.99999999.1.1.45769364.1565933199329,1.2.840.10008.5.1.4.1.1.77.1.5.4,Ophthalmic Tomography Image,700070005
7811dc30-8c86-8164-36c2-c18ec3bc0864,2019-08-16T05:26:39Z,7811dc30-8c86-8164-6c33-6b6f464745ef,7811dc30-8c86-8164-328f-be6451044ca4,1.2.840.99999999.1.85194451.1565933199329,181171005,Entire retina (body structure),OPT,Ophthalmic Tomography,1.2.840.99999999.1.2.83207453.1565933199329,1.2.840.10008.5.1.4.1.1.77.1.5.4,Ophthalmic Tomography Image,700070005
7811dc30-8c86-8164-fe71-823c052a1d9e,2019-12-24T06:32:23Z,7811dc30-8c86-8164-6c33-6b6f464745ef,7811dc30-8c86-8164-6a98-aee1af5fe725,1.2.840.99999999.1.17409911.1577169143329,700016008,Structure of region of internal part of mouth (body structure),DX,Digital Radiography,1.2.840.99999999.1.1.26753839.1577169143329,1.2.840.10008.5.1.4.1.1.1.3,Digital Intra-Oral X-Ray Image Storage - For Presentation,241046008
dd9da64b-7b38-4f91-4d96-5172f23befef,2023-07-17T09:53:04Z,dd9da64b-7b38-4f91-e75d-b1268dde60d4,dd9da64b-7b38-4f91-fbe5-026fd924eaf0,1.2.840.99999999.1.43262625.1689587584012,700016008,Structure of region of internal part of mouth (body structure),DX,Digital Radiography,1.2.840.99999999.1.1.92506142.1689587584012,1.2.840.10008.5.1.4.1.1.1.3,Digital Intra-Oral X-Ray Image Storage - For Presentation,241046008
7811dc30-8c86-8164-9bca-941db346bd4b,2020-08-10T05:40:39Z,7811dc30-8c86-8164-6c33-6b6f464745ef,7811dc30-8c86-8164-0c1d-6b40df6670c4,1.2.840.99999999.1.18593120.1597038039329,181171005,Entire retina (body structure),OP,Ophthalmic Photography,1.2.840.99999999.1.1.25989103.1597038039329,1.2.840.10008.5.1.4.1.1.77.1.5.1,Ophthalmic Photography 8 Bit Image Storage,314971001
7811dc30-8c86-8164-9bca-941db346bd4b,2020-08-10T05:40:39Z,7811dc30-8c86-8164-6c33-6b6f464745ef,7811dc30-8c86-8164-0c1d-6b40df6670c4,1.2.840.99999999.1.18593120.1597038039329,181171005,Entire retina (body structure),OP,Ophthalmic Photography,1.2.840.99999999.1.2.66228713.1597038039329,1.2.840.10008.5.1.4.1.1.77.1.5.1,Ophthalmic Photography 8 Bit Image Storage,314971001
7811dc30-8c86-8164-0163-066b4adb9c88,2020-08-10T05:43:38Z,7811dc30-8c86-8164-6c33-6b6f464745ef,7811dc30-8c86-8164-0c1d-6b40df6670c4,1.2.840.99999999.1.26134033.1597038218329,181171005,Entire retina (body structure),OPT,Ophthalmic Tomography,1.2.840.99999999.1.1.43412372.1597038218329,1.2.840.10008.5.1.4.1.1.77.1.5.4,Ophthalmic Tomography Image,700070005
7811dc30-8c86-8164-0163-066b4adb9c88,2020-08-10T05:43:38Z,7811dc30-8c86-8164-6c33-6b6f464745ef,7811dc30-8c86-8164-0c1d-6b40df6670c4,1.2.840.99999999.1.26134033.1597038218329,181171005,Entire retina (body structure),OPT,Ophthalmic Tomography,1.2.840.99999999.1.2.72920824.1597038218329,1.2.840.10008.5.1.4.1.1.77.1.5.4,Ophthalmic Tomography Image,700070005
dd9da64b-7b38-4f91-bd76-56d7116396c3,2024-07-22T09:20:45Z,dd9da64b-7b38-4f91-e75d-b1268dde60d4,dd9da64b-7b38-4f91-dada-f39dd9311bb7,1.2.840.99999999.1.35249456.1721640045012,700016008,Structure of region of internal part of mouth (body structure),DX,Digital Radiography,1.2.840.99999999.1.1.85442682.1721640045012,1.2.840.10008.5.1.4.1.1.1.3,Digital Intra-Oral X-Ray Image Storage - For Presentation,241046008
7811dc30-8c86-8164-7e24-35b55a273102,2021-07-06T05:57:38Z,7811dc30-8c86-8164-6c33-6b6f464745ef,7811dc30-8c86-8164-1b26-2226d5794b7a,1.2.840.99999999.1.47825091.1625551058329,181171005,Entire retina (body structure),OP,Ophthalmic Photography,1.2.840.99999999.1.1.47021969.1625551058329,1.2.840.10008.5.1.4.1.1.77.1.5.1,Ophthalmic Photography 8 Bit Image Storage,314971001
7811dc30-8c86-8164-7e24-35b55a273102,2021-07-06T05:57:38Z,7811dc30-8c86-8164-6c33-6b6f464745ef,7811dc30-8c86-8164-1b26-2226d5794b7a,1.2.840.99999999.1.47825091.1625551058329,181171005,Entire retina (body structure),OP,Ophthalmic Photography,1.2.840.99999999.1.2.91633107.1625551058329,1.2.840.10008.5.1.4.1.1.77.1.5.1,Ophthalmic Photography 8 Bit Image Storage,314971001
7811dc30-8c86-8164-040b-03b628e1eeec,2021-07-06T06:00:14Z,7811dc30-8c86-8164-6c33-6b6f464745ef,7811dc30-8c86-8164-1b26-2226d5794b7a,1.2.840.99999999.1.26796096.1625551214329,181171005,Entire retina (body structure),OPT,Ophthalmic Tomography,1.2.840.99999999.1.1.40283326.1625551214329,1.2.840.10008.5.1.4.1.1.77.1.5.4,Ophthalmic Tomography Image,700070005
7811dc30-8c86-8164-040b-03b628e1eeec,2021-07-06T06:00:14Z,7811dc30-8c86-8164-6c33-6b6f464745ef,7811dc30-8c86-8164-1b26-2226d5794b7a,1.2.840.99999999.1.26796096.1625551214329,181171005,Entire retina (body structure),OPT,Ophthalmic Tomography,1.2.840.99999999.1.2.27868115.1625551214329,1.2.840.10008.5.1.4.1.1.77.1.5.4,Ophthalmic Tomography Image,700070005
7811dc30-8c86-8164-3a9c-cc28162a1642,2022-01-04T05:55:35Z,7811dc30-8c86-8164-6c33-6b6f464745ef,7811dc30-8c86-8164-5ac6-f3fbdc622548,1.2.840.99999999.1.53846006.1641275735329,700016008,Structure of region of internal part of mouth (body structure),DX,Digital Radiography,1.2.840.99999999.1.1.90636666.1641275735329,1.2.840.10008.5.1.4.1.1.1.3,Digital Intra-Oral X-Ray Image Storage - For Presentation,241046008
7811dc30-8c86-8164-9d37-a1a6c4541d50,2022-07-01T06:14:14Z,7811dc30-8c86-8164-6c33-6b6f464745ef,7811dc30-8c86-8164-52f3-9c9fec8949f4,1.2.840.99999999.1.27313539.1656656054329,181171005,Entire retina (body structure),OP,Ophthalmic Photography,1.2.840.99999999.1.1.38932415.1656656054329,1.2.840.10008.5.1.4.1.1.77.1.5.1,Ophthalmic Photography 8 Bit Image Storage,314971001
7811dc30-8c86-8164-9d37-a1a6c4541d50,2022-07-01T06:14:14Z,7811dc30-8c86-8164-6c33-6b6f464745ef,7811dc30-8c86-8164-52f3-9c9fec8949f4,1.2.840.99999999.1.27313539.1656656054329,181171005,Entire retina (body structure),OP,Ophthalmic Photography,1.2.840.99999999.1.2.73686337.1656656054329,1.2.840.10008.5.1.4.1.1.77.1.5.1,Ophthalmic Photography 8 Bit Image Storage,314971001
7811dc30-8c86-8164-bfaf-7a21633f5608,2022-07-01T06:16:44Z,7811dc30-8c86-8164-6c33-6b6f464745ef,7811dc30-8c86-8164-52f3-9c9fec8949f4,1.2.840.99999999.1.44405868.1656656204329,181171005,Entire retina (body structure),OPT,Ophthalmic Tomography,1.2.840.99999999.1.1.11258055.1656656204329,1.2.840.10008.5.1.4.1.1.77.1.5.4,Ophthalmic Tomography Image,700070005
7811dc30-8c86-8164-bfaf-7a21633f5608,2022-07-01T06:16:44Z,7811dc30-8c86-8164-6c33-6b6f464745ef,7811dc30-8c86-8164-52f3-9c9fec8949f4,1.2.840.99999999.1.44405868.1656656204329,181171005,Entire retina (body structure),OPT,Ophthalmic Tomography,1.2.840.99999999.1.2.98619280.1656656204329,1.2.840.10008.5.1.4.1.1.77.1.5.4,Ophthalmic Tomography Image,700070005
7811dc30-8c86-8164-4753-3c81177d16d6,2023-06-26T06:30:44Z,7811dc30-8c86-8164-6c33-6b6f464745ef,7811dc30-8c86-8164-bd0d-4e8f41e48472,1.2.840.99999999.1.97707030.1687761044329,181171005,Entire retina (body structure),OP,Ophthalmic Photography,1.2.840.99999999.1.1.77824704.1687761044329,1.2.840.10008.5.1.4.1.1.77.1.5.1,Ophthalmic Photography 8 Bit Image Storage,314971001
7811dc30-8c86-8164-4753-3c81177d16d6,2023-06-26T06:30:44Z,7811dc30-8c86-8164-6c33-6b6f464745ef,7811dc30-8c86-8164-bd0d-4e8f41e48472,1.2.840.99999999.1.97707030.1687761044329,181171005,Entire retina (body structure),OP,Ophthalmic Photography,1.2.840.99999999.1.2.94847267.1687761044329,1.2.840.10008.5.1.4.1.1.77.1.5.1,Ophthalmic Photography 8 Bit Image Storage,314971001
7811dc30-8c86-8164-566b-4bed6eab52c5,2023-06-26T06:35:18Z,7811dc30-8c86-8164-6c33-6b6f464745ef,7811dc30-8c86-8164-bd0d-4e8f41e48472,1.2.840.99999999.1.50704202.1687761318329,181171005,Entire retina (body structure),OPT,Ophthalmic Tomography,1.2.840.99999999.1.1.88865773.1687761318329,1.2.840.10008.5.1.4.1.1.77.1.5.4,Ophthalmic Tomography Image,700070005
7811dc30-8c86-8164-566b-4bed6eab52c5,2023-06-26T06:35:18Z,7811dc30-8c86-8164-6c33-6b6f464745ef,7811dc30-8c86-8164-bd0d-4e8f41e48472,1.2.840.99999999.1.50704202.1687761318329,181171005,Entire retina (body structure),OPT,Ophthalmic Tomography,1.2.840.99999999.1.2.65092796.1687761318329,1.2.840.10008.5.1.4.1.1.77.1.5.4,Ophthalmic Tomography Image,700070005
7811dc30-8c86-8164-85d7-6b45d3bdad86,2023-07-07T04:54:02Z,7811dc30-8c86-8164-6c33-6b6f464745ef,7811dc30-8c86-8164-01bf-11274617fedc,1.2.840.99999999.1.90247676.1688705642329,344001,Ankle region structure (body structure),DX,Digital Radiography,1.2.840.99999999.1.1.25421681.1688705642329,1.2.840.10008.5.1.4.1.1.1.1,Digital X-Ray Image Storage,1290459008
7811dc30-8c86-8164-0d39-c49f3e4fb485,2024-01-16T06:46:06Z,7811dc30-8c86-8164-6c33-6b6f464745ef,7811dc30-8c86-8164-e41f-911d3b017fb6,1.2.840.99999999.1.39479569.1705387566329,700016008,Structure of region of internal part of mouth (body structure),DX,Digital Radiography,1.2.840.99999999.1.1.41672414.1705387566329,1.2.840.10008.5.1.4.1.1.1.3,Digital Intra-Oral X-Ray Image Storage - For Presentation,241046008
7811dc30-8c86-8164-3f0c-240bb72886de,2024-05-21T06:49:18Z,7811dc30-8c86-8164-6c33-6b6f464745ef,7811dc30-8c86-8164-6774-8dcf8c371dff,1.2.840.99999999.1.83604514.1716274158329,181171005,Entire retina (body structure),OP,Ophthalmic Photography,1.2.840.99999999.1.1.64268713.1716274158329,1.2.840.10008.5.1.4.1.1.77.1.5.1,Ophthalmic Photography 8 Bit Image Storage,314971001
7811dc30-8c86-8164-3f0c-240bb72886de,2024-05-21T06:49:18Z,7811dc30-8c86-8164-6c33-6b6f464745ef,7811dc30-8c86-8164-6774-8dcf8c371dff,1.2.840.99999999.1.83604514.1716274158329,181171005,Entire retina (body structure),OP,Ophthalmic Photography,1.2.840.99999999.1.2.41750865.1716274158329,1.2.840.10008.5.1.4.1.1.77.1.5.1,Ophthalmic Photography 8 Bit Image Storage,314971001
7811dc30-8c86-8164-b43e-96226f52b671,2024-05-21T06:51:41Z,7811dc30-8c86-8164-6c33-6b6f464745ef,7811dc30-8c86-8164-6774-8dcf8c371dff,1.2.840.99999999.1.67591378.1716274301329,181171005,Entire retina (body structure),OPT,Ophthalmic Tomography,1.2.840.99999999.1.1.96789553.1716274301329,1.2.840.10008.5.1.4.1.1.77.1.5.4,Ophthalmic Tomography Image,700070005
7811dc30-8c86-8164-b43e-96226f52b671,2024-05-21T06:51:41Z,7811dc30-8c86-8164-6c33-6b6f464745ef,7811dc30-8c86-8164-6774-8dcf8c371dff,1.2.840.99999999.1.67591378.1716274301329,181171005,Entire retina (body structure),OPT,Ophthalmic Tomography,1.2.840.99999999.1.2.40671284.1716274301329,1.2.840.10008.5.1.4.1.1.77.1.5.4,Ophthalmic Tomography Image,700070005
322ab5c6-5846-ac1e-2d4e-0061aff7492f,2020-04-10T02:24:43Z,322ab5c6-5846-ac1e-38cc-48b8cb441e20,322ab5c6-5846-ac1e-f17d-6fca37ea0a84,1.2.840.99999999.1.68352413.1586485483932,700016008,Structure of region of internal part of mouth (body structure),DX,Digital Radiography,1.2.840.99999999.1.1.20054465.1586485483932,1.2.840.10008.5.1.4.1.1.1.3,Digital Intra-Oral X-Ray Image Storage - For Presentation,241046008
7811dc30-8c86-8164-26f4-f09d96797cd3,2025-04-16T07:05:41Z,7811dc30-8c86-8164-6c33-6b6f464745ef,7811dc30-8c86-8164-522c-f9ee17872139,1.2.840.99999999.1.66795708.1744787141329,181171005,Entire retina (body structure),OP,Ophthalmic Photography,1.2.840.99999999.1.1.33648266.1744787141329,1.2.840.10008.5.1.4.1.1.77.1.5.1,Ophthalmic Photography 8 Bit Image Storage,314971001
7811dc30-8c86-8164-26f4-f09d96797cd3,2025-04-16T07:05:41Z,7811dc30-8c86-8164-6c33-6b6f464745ef,7811dc30-8c86-8164-522c-f9ee17872139,1.2.840.99999999.1.66795708.1744787141329,181171005,Entire retina (body structure),OP,Ophthalmic Photography,1.2.840.99999999.1.2.56522148.1744787141329,1.2.840.10008.5.1.4.1.1.77.1.5.1,Ophthalmic Photography 8 Bit Image Storage,314971001
7811dc30-8c86-8164-eff9-79db447368a5,2025-04-16T07:10:25Z,7811dc30-8c86-8164-6c33-6b6f464745ef,7811dc30-8c86-8164-522c-f9ee17872139,1.2.840.99999999.1.19995941.1744787425329,181171005,Entire retina (body structure),OPT,Ophthalmic Tomography,1.2.840.99999999.1.1.50620831.1744787425329,1.2.840.10008.5.1.4.1.1.77.1.5.4,Ophthalmic Tomography Image,700070005
7811dc30-8c86-8164-eff9-79db447368a5,2025-04-16T07:10:25Z,7811dc30-8c86-8164-6c33-6b6f464745ef,7811dc30-8c86-8164-522c-f9ee17872139,1.2.840.99999999.1.19995941.1744787425329,181171005,Entire retina (body structure),OPT,Ophthalmic Tomography,1.2.840.99999999.1.2.61922230.1744787425329,1.2.840.10008.5.1.4.1.1.77.1.5.4,Ophthalmic Tomography Image,700070005
7811dc30-8c86-8164-81df-4b8c85c2d249,2026-01-27T06:19:52Z,7811dc30-8c86-8164-6c33-6b6f464745ef,7811dc30-8c86-8164-d72f-9a9a1eb73842,1.2.840.99999999.1.46536399.1769494792329,700016008,Structure of region of internal part of mouth (body structure),DX,Digital Radiography,1.2.840.99999999.1.1.97764311.1769494792329,1.2.840.10008.5.1.4.1.1.1.3,Digital Intra-Oral X-Ray Image Storage - For Presentation,241046008
7811dc30-8c86-8164-1308-2e50c885c85b,2026-04-11T07:24:25Z,7811dc30-8c86-8164-6c33-6b6f464745ef,7811dc30-8c86-8164-dd5e-d5bfa3aefe19,1.2.840.99999999.1.32512462.1775892265329,181171005,Entire retina (body structure),OP,Ophthalmic Photography,1.2.840.99999999.1.1.10349607.1775892265329,1.2.840.10008.5.1.4.1.1.77.1.5.1,Ophthalmic Photography 8 Bit Image Storage,314971001
7811dc30-8c86-8164-1308-2e50c885c85b,2026-04-11T07:24:25Z,7811dc30-8c86-8164-6c33-6b6f464745ef,7811dc30-8c86-8164-dd5e-d5bfa3aefe19,1.2.840.99999999.1.32512462.1775892265329,181171005,Entire retina (body structure),OP,Ophthalmic Photography,1.2.840.99999999.1.2.45362713.1775892265329,1.2.840.10008.5.1.4.1.1.77.1.5.1,Ophthalmic Photography 8 Bit Image Storage,314971001
7811dc30-8c86-8164-6e5a-a2fe9ea40334,2026-04-11T07:27:44Z,7811dc30-8c86-8164-6c33-6b6f464745ef,7811dc30-8c86-8164-dd5e-d5bfa3aefe19,1.2.840.99999999.1.18814805.1775892464329,181171005,Entire retina (body structure),OPT,Ophthalmic Tomography,1.2.840.99999999.1.1.35337984.1775892464329,1.2.840.10008.5.1.4.1.1.77.1.5.4,Ophthalmic Tomography Image,700070005
7811dc30-8c86-8164-6e5a-a2fe9ea40334,2026-04-11T07:27:44Z,7811dc30-8c86-8164-6c33-6b6f464745ef,7811dc30-8c86-8164-dd5e-d5bfa3aefe19,1.2.840.99999999.1.18814805.1775892464329,181171005,Entire retina (body structure),OPT,Ophthalmic Tomography,1.2.840.99999999.1.2.21908303.1775892464329,1.2.840.10008.5.1.4.1.1.77.1.5.4,Ophthalmic Tomography Image,700070005
05cc86a0-2d98-b046-9375-585395b1b885,2019-01-11T17:51:43Z,05cc86a0-2d98-b046-790a-211fd9e1ea92,05cc86a0-2d98-b046-8bab-e3288f16cfd4,1.2.840.99999999.1.51210090.1547229103142,40983000,Structure of upper extremity between shoulder and elbow (body structure),DX,Digital Radiography,1.2.840.99999999.1.1.15322779.1547229103142,1.2.840.10008.5.1.4.1.1.1.1,Digital X-Ray Image Storage,713026007
05cc86a0-2d98-b046-fcf4-99910bde5d03,2019-06-14T19:49:14Z,05cc86a0-2d98-b046-790a-211fd9e1ea92,05cc86a0-2d98-b046-fd53-eae136aec269,1.2.840.99999999.1.91922879.1560541754142,700016008,Structure of region of internal part of mouth (body structure),DX,Digital Radiography,1.2.840.99999999.1.1.78995039.1560541754142,1.2.840.10008.5.1.4.1.1.1.3,Digital Intra-Oral X-Ray Image Storage - For Presentation,241046008
05cc86a0-2d98-b046-50fc-98def8fe7d0e,2020-06-16T18:17:45Z,05cc86a0-2d98-b046-790a-211fd9e1ea92,05cc86a0-2d98-b046-89bb-95f603c6fc2a,1.2.840.99999999.1.93436029.1592331465142,51299004,Bone structure of clavicle (body structure),DX,Digital Radiography,1.2.840.99999999.1.1.36709885.1592331465142,1.2.840.10008.5.1.4.1.1.1.1,Digital X-Ray Image Storage,168594001
05cc86a0-2d98-b046-beb3-07496911cdcd,2022-07-01T19:56:08Z,05cc86a0-2d98-b046-790a-211fd9e1ea92,05cc86a0-2d98-b046-6f9f-c8c688262396,1.2.840.99999999.1.77868197.1656705368142,700016008,Structure of region of internal part of mouth (body structure),DX,Digital Radiography,1.2.840.99999999.1.1.29352826.1656705368142,1.2.840.10008.5.1.4.1.1.1.3,Digital Intra-Oral X-Ray Image Storage - For Presentation,241046008
