DATE,PATIENT,ENCOUNTER,CODE,DESCRIPTION,BASE_COST
2016-12-08T10:43:19Z,aee7bbe1-0c45-c028-1e62-1f4cdb30c273,aee7bbe1-0c45-c028-e6a0-bcfc37b5a989,140,Influenza  split virus  trivalent  PF,136.00
2017-12-14T10:43:19Z,aee7bbe1-0c45-c028-1e62-1f4cdb30c273,aee7bbe1-0c45-c028-3f6f-29191f5429b8,140,Influenza  split virus  trivalent  PF,136.00
2018-12-20T10:43:19Z,aee7bbe1-0c45-c028-1e62-1f4cdb30c273,aee7bbe1-0c45-c028-8aa7-006b1a3c0b3b,140,Influenza  split virus  trivalent  PF,136.00
2019-12-26T10:43:19Z,aee7bbe1-0c45-c028-1e62-1f4cdb30c273,aee7bbe1-0c45-c028-703b-91d77951d072,140,Influenza  split virus  trivalent  PF,136.00
2020-12-31T10:43:19Z,aee7bbe1-0c45-c028-1e62-1f4cdb30c273,aee7bbe1-0c45-c028-b1a7-09abd44a26b8,140,Influenza  split virus  trivalent  PF,136.00
2022-01-06T10:43:19Z,aee7bbe1-0c45-c028-1e62-1f4cdb30c273,aee7bbe1-0c45-c028-a6a1-d61d8da74e04,115,Tdap,136.00
2022-01-06T10:43:19Z,aee7bbe1-0c45-c028-1e62-1f4cdb30c273,aee7bbe1-0c45-c028-a6a1-d61d8da74e04,140,Influenza  split virus  trivalent  PF,136.00
2022-01-06T10:43:19Z,aee7bbe1-0c45-c028-1e62-1f4cdb30c273,aee7bbe1-0c45-c028-a6a1-d61d8da74e04,62,HPV  quadrivalent,136.00
2022-01-06T10:43:19Z,aee7bbe1-0c45-c028-1e62-1f4cdb30c273,aee7bbe1-0c45-c028-a6a1-d61d8da74e04,114,meningococcal MCV4P,136.00
2023-01-12T10:43:19Z,aee7bbe1-0c45-c028-1e62-1f4cdb30c273,aee7bbe1-0c45-c028-699c-4d65abedbf87,140,Influenza  split virus  trivalent  PF,136.00
2023-01-12T10:43:19Z,aee7bbe1-0c45-c028-1e62-1f4cdb30c273,aee7bbe1-0c45-c028-699c-4d65abedbf87,62,HPV  quadrivalent,136.00
2024-01-18T10:43:19Z,aee7bbe1-0c45-c028-1e62-1f4cdb30c273,aee7bbe1-0c45-c028-3fe7-89e0e85efb35,140,Influenza  split virus  trivalent  PF,136.00
2024-01-18T10:43:19Z,aee7bbe1-0c45-c028-1e62-1f4cdb30c273,aee7bbe1-0c45-c028-3fe7-89e0e85efb35,62,HPV  quadrivalent,136.00
2025-01-23T10:43:19Z,aee7bbe1-0c45-c028-1e62-1f4cdb30c273,aee7bbe1-0c45-c028-6260-6f4399d0beb5,140,Influenza  split virus  trivalent  PF,136.00
2026-01-29T10:43:19Z,aee7bbe1-0c45-c028-1e62-1f4cdb30c273,aee7bbe1-0c45-c028-ff24-64028b2c91e9,140,Influenza  split virus  trivalent  PF,136.00
2018-03-19T06:17:07Z,76b20010-c318-5754-8c85-983aa538522f,76b20010-c318-5754-57e2-651f596ddb8c,08,Hep B  adolescent or pediatric,136.00
2018-04-23T06:17:07Z,76b20010-c318-5754-8c85-983aa538522f,76b20010-c318-5754-d83c-7cf85a83d079,08,Hep B  adolescent or pediatric,136.00
2017-01-19T07:40:43Z,5e688e99-61b3-5c88-3f60-21df8aaced27,5e688e99-61b3-5c88-d78b-40542cecab5b,140,Influenza  split virus  trivalent  PF,136.00
2018-06-25T06:17:07Z,76b20010-c318-5754-8c85-983aa538522f,76b20010-c318-5754-f57b-839fffa306df,49,Hib (PRP-OMP),136.00
2018-06-25T06:17:07Z,76b20010-c318-5754-8c85-983aa538522f,76b20010-c318-5754-f57b-839fffa306df,119,rotavirus  monovalent,136.00
2018-06-25T06:17:07Z,76b20010-c318-5754-8c85-983aa538522f,76b20010-c318-5754-f57b-839fffa306df,10,IPV,136.00
2018-06-25T06:17:07Z,76b20010-c318-5754-8c85-983aa538522f,76b20010-c318-5754-f57b-839fffa306df,20,DTaP,136.00
2018-06-25T06:17:07Z,76b20010-c318-5754-8c85-983aa538522f,76b20010-c318-5754-f57b-839fffa306df,133,Pneumococcal conjugate PCV 13,136.00
2018-01-25T07:40:43Z,5e688e99-61b3-5c88-3f60-21df8aaced27,5e688e99-61b3-5c88-84d4-c782cd4735af,140,Influenza  split virus  trivalent  PF,136.00
2018-08-27T06:17:07Z,76b20010-c318-5754-8c85-983aa538522f,76b20010-c318-5754-86a2-535ab39ce5ad,49,Hib (PRP-OMP),136.00
2018-08-27T06:17:07Z,76b20010-c318-5754-8c85-983aa538522f,76b20010-c318-5754-86a2-535ab39ce5ad,119,rotavirus  monovalent,136.00
2018-08-27T06:17:07Z,76b20010-c318-5754-8c85-983aa538522f,76b20010-c318-5754-86a2-535ab39ce5ad,10,IPV,136.00
2018-08-27T06:17:07Z,76b20010-c318-5754-8c85-983aa538522f,76b20010-c318-5754-86a2-535ab39ce5ad,20,DTaP,136.00
2018-08-27T06:17:07Z,76b20010-c318-5754-8c85-983aa538522f,76b20010-c318-5754-86a2-535ab39ce5ad,133,Pneumococcal conjugate PCV 13,136.00
2018-11-26T06:17:07Z,76b20010-c318-5754-8c85-983aa538522f,76b20010-c318-5754-b667-52f90a7d7b98,10,IPV,136.00
2018-11-26T06:17:07Z,76b20010-c318-5754-8c85-983aa538522f,76b20010-c318-5754-b667-52f90a7d7b98,140,Influenza  split virus  trivalent  PF,136.00
2018-11-26T06:17:07Z,76b20010-c318-5754-8c85-983aa538522f,76b20010-c318-5754-b667-52f90a7d7b98,20,DTaP,136.00
2018-11-26T06:17:07Z,76b20010-c318-5754-8c85-983aa538522f,76b20010-c318-5754-b667-52f90a7d7b98,133,Pneumococcal conjugate PCV 13,136.00
2018-11-26T06:17:07Z,76b20010-c318-5754-8c85-983aa538522f,76b20010-c318-5754-b667-52f90a7d7b98,08,Hep B  adolescent or pediatric,136.00
2019-01-31T07:40:43Z,5e688e99-61b3-5c88-3f60-21df8aaced27,5e688e99-61b3-5c88-7045-e1f08dfd3230,140,Influenza  split virus  trivalent  PF,136.00
2019-05-27T06:17:07Z,76b20010-c318-5754-8c85-983aa538522f,76b20010-c318-5754-6bf2-4ec6c19004ac,49,Hib (PRP-OMP),136.00
2019-05-27T06:17:07Z,76b20010-c318-5754-8c85-983aa538522f,76b20010-c318-5754-6bf2-4ec6c19004ac,21,varicella,136.00
2019-05-27T06:17:07Z,76b20010-c318-5754-8c85-983aa538522f,76b20010-c318-5754-6bf2-4ec6c19004ac,03,MMR,136.00
2019-05-27T06:17:07Z,76b20010-c318-5754-8c85-983aa538522f,76b20010-c318-5754-6bf2-4ec6c19004ac,133,Pneumococcal conjugate PCV 13,136.00
2019-05-27T06:17:07Z,76b20010-c318-5754-8c85-983aa538522f,76b20010-c318-5754-6bf2-4ec6c19004ac,83,Hep A  ped/adol  2 dose,136.00
2019-08-26T06:17:07Z,76b20010-c318-5754-8c85-983aa538522f,76b20010-c318-5754-7573-6a5a0ce9e3c6,20,DTaP,136.00
2020-02-06T07:40:43Z,5e688e99-61b3-5c88-3f60-21df8aaced27,5e688e99-61b3-5c88-04f3-11e2c6cb6573,140,Influenza  split virus  trivalent  PF,136.00
2020-02-24T06:17:07Z,76b20010-c318-5754-8c85-983aa538522f,76b20010-c318-5754-fc28-2f1bafea1c5c,140,Influenza  split virus  trivalent  PF,136.00
2020-08-24T06:17:07Z,76b20010-c318-5754-8c85-983aa538522f,76b20010-c318-5754-10e6-99a188e7d6be,83,Hep A  ped/adol  2 dose,136.00
2021-02-22T06:17:07Z,76b20010-c318-5754-8c85-983aa538522f,76b20010-c318-5754-34eb-8914116da84d,140,Influenza  split virus  trivalent  PF,136.00
2021-02-11T07:40:43Z,5e688e99-61b3-5c88-3f60-21df8aaced27,5e688e99-61b3-5c88-1952-cbe2bd4e26a9,115,Tdap,136.00
2021-02-11T07:40:43Z,5e688e99-61b3-5c88-3f60-21df8aaced27,5e688e99-61b3-5c88-1952-cbe2bd4e26a9,140,Influenza  split virus  trivalent  PF,136.00
2021-02-11T07:40:43Z,5e688e99-61b3-5c88-3f60-21df8aaced27,5e688e99-61b3-5c88-1952-cbe2bd4e26a9,62,HPV  quadrivalent,136.00
2021-02-11T07:40:43Z,5e688e99-61b3-5c88-3f60-21df8aaced27,5e688e99-61b3-5c88-1952-cbe2bd4e26a9,114,meningococcal MCV4P,136.00
2022-02-17T07:40:43Z,5e688e99-61b3-5c88-3f60-21df8aaced27,5e688e99-61b3-5c88-add6-5af8cfd6adc4,140,Influenza  split virus  trivalent  PF,136.00
2022-02-17T07:40:43Z,5e688e99-61b3-5c88-3f60-21df8aaced27,5e688e99-61b3-5c88-add6-5af8cfd6adc4,62,HPV  quadrivalent,136.00
2022-10-13T07:40:43Z,5e688e99-61b3-5c88-3f60-21df8aaced27,5e688e99-61b3-5c88-3936-921f1b587f27,140,Influenza  split virus  trivalent  PF,136.00
2022-10-13T07:40:43Z,5e688e99-61b3-5c88-3f60-21df8aaced27,5e688e99-61b3-5c88-3936-921f1b587f27,62,HPV  quadrivalent,136.00
2022-02-21T06:17:07Z,76b20010-c318-5754-8c85-983aa538522f,76b20010-c318-5754-badc-05437b4c03ce,140,Influenza  split virus  trivalent  PF,136.00
2023-02-27T06:17:07Z,76b20010-c318-5754-8c85-983aa538522f,76b20010-c318-5754-0398-eeda4141fb9c,21,varicella,136.00
2023-02-27T06:17:07Z,76b20010-c318-5754-8c85-983aa538522f,76b20010-c318-5754-0398-eeda4141fb9c,10,IPV,136.00
2023-02-27T06:17:07Z,76b20010-c318-5754-8c85-983aa538522f,76b20010-c318-5754-0398-eeda4141fb9c,140,Influenza  split virus  trivalent  PF,136.00
2023-02-27T06:17:07Z,76b20010-c318-5754-8c85-983aa538522f,76b20010-c318-5754-0398-eeda4141fb9c,20,DTaP,136.00
2023-02-27T06:17:07Z,76b20010-c318-5754-8c85-983aa538522f,76b20010-c318-5754-0398-eeda4141fb9c,03,MMR,136.00
2024-03-04T06:17:07Z,76b20010-c318-5754-8c85-983aa538522f,76b20010-c318-5754-4ef9-e745ef98bf9b,140,Influenza  split virus  trivalent  PF,136.00
2025-03-10T06:17:07Z,76b20010-c318-5754-8c85-983aa538522f,76b20010-c318-5754-f516-fc49641bf75a,140,Influenza  split virus  trivalent  PF,136.00
2026-03-16T06:17:07Z,76b20010-c318-5754-8c85-983aa538522f,76b20010-c318-5754-ca6e-cdb814bddfe3,140,Influenza  split virus  trivalent  PF,136.00
2024-02-29T07:40:43Z,5e688e99-61b3-5c88-3f60-21df8aaced27,5e688e99-61b3-5c88-1b71-494691395dbe,140,Influenza  split virus  trivalent  PF,136.00
2025-03-06T07:40:43Z,5e688e99-61b3-5c88-3f60-21df8aaced27,5e688e99-61b3-5c88-3a58-d94b1507d7f1,140,Influenza  split virus  trivalent  PF,136.00
2026-03-12T07:40:43Z,5e688e99-61b3-5c88-3f60-21df8aaced27,5e688e99-61b3-5c88-7ee2-bc3bc2150007,140,Influenza  split virus  trivalent  PF,136.00
2026-03-12T07:40:43Z,5e688e99-61b3-5c88-3f60-21df8aaced27,5e688e99-61b3-5c88-7ee2-bc3bc2150007,114,meningococcal MCV4P,136.00
2017-09-22T08:02:49Z,46976cf7-b0bf-be20-39a5-9f425a52886d,46976cf7-b0bf-be20-75f8-255d2772e309,140,Influenza  split virus  trivalent  PF,136.00
2018-09-28T08:02:49Z,46976cf7-b0bf-be20-39a5-9f425a52886d,46976cf7-b0bf-be20-da6b-549b033aa0f2,115,Tdap,136.00
2018-09-28T08:02:49Z,46976cf7-b0bf-be20-39a5-9f425a52886d,46976cf7-b0bf-be20-da6b-549b033aa0f2,140,Influenza  split virus  trivalent  PF,136.00
2018-09-28T08:02:49Z,46976cf7-b0bf-be20-39a5-9f425a52886d,46976cf7-b0bf-be20-da6b-549b033aa0f2,62,HPV  quadrivalent,136.00
2018-09-28T08:02:49Z,46976cf7-b0bf-be20-39a5-9f425a52886d,46976cf7-b0bf-be20-da6b-549b033aa0f2,114,meningococcal MCV4P,136.00
2019-10-04T08:02:49Z,46976cf7-b0bf-be20-39a5-9f425a52886d,46976cf7-b0bf-be20-883d-2054a4fc3ac0,140,Influenza  split virus  trivalent  PF,136.00
2019-10-04T08:02:49Z,46976cf7-b0bf-be20-39a5-9f425a52886d,46976cf7-b0bf-be20-883d-2054a4fc3ac0,62,HPV  quadrivalent,136.00
2020-10-09T08:02:49Z,46976cf7-b0bf-be20-39a5-9f425a52886d,46976cf7-b0bf-be20-e790-e7fbc811887d,140,Influenza  split virus  trivalent  PF,136.00
2020-10-09T08:02:49Z,46976cf7-b0bf-be20-39a5-9f425a52886d,46976cf7-b0bf-be20-e790-e7fbc811887d,62,HPV  quadrivalent,136.00
2021-06-25T08:02:49Z,46976cf7-b0bf-be20-39a5-9f425a52886d,46976cf7-b0bf-be20-74bb-62a5492b6fa6,208,COVID-19  mRNA  LNP-S  PF  30 mcg/0.3 mL dose,136.00
2021-07-16T08:02:49Z,46976cf7-b0bf-be20-39a5-9f425a52886d,46976cf7-b0bf-be20-7e50-4b8ae5569d4c,208,COVID-19  mRNA  LNP-S  PF  30 mcg/0.3 mL dose,136.00
2021-10-15T08:02:49Z,46976cf7-b0bf-be20-39a5-9f425a52886d,46976cf7-b0bf-be20-392c-fe59b99b2fd9,140,Influenza  split virus  trivalent  PF,136.00
2022-10-21T08:02:49Z,46976cf7-b0bf-be20-39a5-9f425a52886d,46976cf7-b0bf-be20-0b3a-5211af0ba0db,140,Influenza  split virus  trivalent  PF,136.00
2023-10-27T08:02:49Z,46976cf7-b0bf-be20-39a5-9f425a52886d,46976cf7-b0bf-be20-c002-44fa6ccf93d9,140,Influenza  split virus  trivalent  PF,136.00
2023-10-27T08:02:49Z,46976cf7-b0bf-be20-39a5-9f425a52886d,46976cf7-b0bf-be20-c002-44fa6ccf93d9,114,meningococcal MCV4P,136.00
2024-11-01T08:02:49Z,46976cf7-b0bf-be20-39a5-9f425a52886d,46976cf7-b0bf-be20-3102-45602ef4ff10,140,Influenza  split virus  trivalent  PF,136.00
2025-11-07T08:02:49Z,46976cf7-b0bf-be20-39a5-9f425a52886d,46976cf7-b0bf-be20-8e33-c9b830609db0,140,Influenza  split virus  trivalent  PF,136.00
2017-03-07T16:39:27Z,4f083ce3-f12b-bb4b-7353-e17f0cd55b0a,4f083ce3-f12b-bb4b-0a60-7bad22240b14,140,Influenza  split virus  trivalent  PF,136.00
2018-03-13T16:39:27Z,4f083ce3-f12b-bb4b-7353-e17f0cd55b0a,4f083ce3-f12b-bb4b-b272-fb515d1229a1,140,Influenza  split virus  trivalent  PF,136.00
2021-03-16T16:39:27Z,4f083ce3-f12b-bb4b-7353-e17f0cd55b0a,4f083ce3-f12b-bb4b-8821-cde66422f786,140,Influenza  split virus  trivalent  PF,136.00
2021-03-16T16:39:27Z,4f083ce3-f12b-bb4b-7353-e17f0cd55b0a,4f083ce3-f12b-bb4b-8821-cde66422f786,113,Td (adult)  5 Lf tetanus toxoid  preservative free  adsorbed,136.00
2021-03-16T16:39:27Z,4f083ce3-f12b-bb4b-7353-e17f0cd55b0a,4f083ce3-f12b-bb4b-8821-cde66422f786,43,Hep B  adult,136.00
2021-03-16T16:39:27Z,4f083ce3-f12b-bb4b-7353-e17f0cd55b0a,4f083ce3-f12b-bb4b-8821-cde66422f786,114,meningococcal MCV4P,136.00
2000-11-25T02:14:47Z,aa616abe-1761-0c9a-7959-07544679dafd,aa616abe-1761-0c9a-786d-037597383b95,140,Influenza  split virus  trivalent  PF,136.00
2000-11-25T02:14:47Z,aa616abe-1761-0c9a-7959-07544679dafd,aa616abe-1761-0c9a-786d-037597383b95,113,Td (adult)  5 Lf tetanus toxoid  preservative free  adsorbed,136.00
2000-11-25T02:14:47Z,aa616abe-1761-0c9a-7959-07544679dafd,aa616abe-1761-0c9a-786d-037597383b95,52,Hep A  adult,136.00
2021-06-01T16:39:27Z,4f083ce3-f12b-bb4b-7353-e17f0cd55b0a,4f083ce3-f12b-bb4b-4ab9-d895b4073909,208,COVID-19  mRNA  LNP-S  PF  30 mcg/0.3 mL dose,136.00
2021-06-22T16:39:27Z,4f083ce3-f12b-bb4b-7353-e17f0cd55b0a,4f083ce3-f12b-bb4b-84a0-816cdffad9cd,208,COVID-19  mRNA  LNP-S  PF  30 mcg/0.3 mL dose,136.00
2021-07-27T16:39:27Z,4f083ce3-f12b-bb4b-7353-e17f0cd55b0a,4f083ce3-f12b-bb4b-bb84-cecd037b8aef,140,Influenza  split virus  trivalent  PF,136.00
2021-07-27T16:39:27Z,4f083ce3-f12b-bb4b-7353-e17f0cd55b0a,4f083ce3-f12b-bb4b-bb84-cecd037b8aef,43,Hep B  adult,136.00
2002-11-30T02:14:47Z,aa616abe-1761-0c9a-7959-07544679dafd,aa616abe-1761-0c9a-3b86-c068a35b9fec,140,Influenza  split virus  trivalent  PF,136.00
2024-03-19T16:39:27Z,4f083ce3-f12b-bb4b-7353-e17f0cd55b0a,4f083ce3-f12b-bb4b-d667-28d3e2824603,140,Influenza  split virus  trivalent  PF,136.00
2004-12-04T02:14:47Z,aa616abe-1761-0c9a-7959-07544679dafd,aa616abe-1761-0c9a-1d06-8f93d83cb4bd,140,Influenza  split virus  trivalent  PF,136.00
2006-12-09T02:14:47Z,aa616abe-1761-0c9a-7959-07544679dafd,aa616abe-1761-0c9a-981d-38b79edac9cc,140,Influenza  split virus  trivalent  PF,136.00
2008-11-15T02:14:47Z,aa616abe-1761-0c9a-7959-07544679dafd,aa616abe-1761-0c9a-64be-552d696ea77d,121,zoster vaccine  live,136.00
2008-11-15T02:14:47Z,aa616abe-1761-0c9a-7959-07544679dafd,aa616abe-1761-0c9a-64be-552d696ea77d,140,Influenza  split virus  trivalent  PF,136.00
2017-08-29T10:34:52Z,46ee9d82-b52c-856d-069b-5064ff052225,46ee9d82-b52c-856d-6470-e0f1615ed001,140,Influenza  split virus  trivalent  PF,136.00
2017-08-29T10:34:52Z,46ee9d82-b52c-856d-069b-5064ff052225,46ee9d82-b52c-856d-6470-e0f1615ed001,113,Td (adult)  5 Lf tetanus toxoid  preservative free  adsorbed,136.00
2017-08-29T10:34:52Z,46ee9d82-b52c-856d-069b-5064ff052225,46ee9d82-b52c-856d-6470-e0f1615ed001,43,Hep B  adult,136.00
2017-08-29T10:34:52Z,46ee9d82-b52c-856d-069b-5064ff052225,46ee9d82-b52c-856d-6470-e0f1615ed001,114,meningococcal MCV4P,136.00
2018-09-04T10:34:52Z,46ee9d82-b52c-856d-069b-5064ff052225,46ee9d82-b52c-856d-b4b5-ba3c58b5e017,140,Influenza  split virus  trivalent  PF,136.00
2018-09-04T10:34:52Z,46ee9d82-b52c-856d-069b-5064ff052225,46ee9d82-b52c-856d-b4b5-ba3c58b5e017,43,Hep B  adult,136.00
2019-09-10T10:34:52Z,46ee9d82-b52c-856d-069b-5064ff052225,46ee9d82-b52c-856d-0564-b1f4bbc5806c,140,Influenza  split virus  trivalent  PF,136.00
2020-09-15T10:34:52Z,46ee9d82-b52c-856d-069b-5064ff052225,46ee9d82-b52c-856d-02ee-19fd7bbbc223,140,Influenza  split virus  trivalent  PF,136.00
2021-09-21T10:34:52Z,46ee9d82-b52c-856d-069b-5064ff052225,46ee9d82-b52c-856d-e798-ead21797e52b,140,Influenza  split virus  trivalent  PF,136.00
2022-09-27T10:34:52Z,46ee9d82-b52c-856d-069b-5064ff052225,46ee9d82-b52c-856d-ca13-b3800ca1de06,140,Influenza  split virus  trivalent  PF,136.00
2023-10-03T10:34:52Z,46ee9d82-b52c-856d-069b-5064ff052225,46ee9d82-b52c-856d-3f04-41558d73340b,140,Influenza  split virus  trivalent  PF,136.00
2024-10-08T10:34:52Z,46ee9d82-b52c-856d-069b-5064ff052225,46ee9d82-b52c-856d-3ef1-6d98b7e50e5f,140,Influenza  split virus  trivalent  PF,136.00
2025-10-14T10:34:52Z,46ee9d82-b52c-856d-069b-5064ff052225,46ee9d82-b52c-856d-45b8-afe9a54d216d,140,Influenza  split virus  trivalent  PF,136.00
1978-05-15T02:28:54Z,c86c400e-ff88-a1e3-2e23-caa4d8311f47,c86c400e-ff88-a1e3-b490-9787d167c247,140,Influenza  split virus  trivalent  PF,136.00
1981-05-18T02:28:54Z,c86c400e-ff88-a1e3-2e23-caa4d8311f47,c86c400e-ff88-a1e3-a94f-25b749d02737,140,Influenza  split virus  trivalent  PF,136.00
1984-05-21T02:28:54Z,c86c400e-ff88-a1e3-2e23-caa4d8311f47,c86c400e-ff88-a1e3-7fcc-d6d28897606c,140,Influenza  split virus  trivalent  PF,136.00
1987-03-09T02:28:54Z,c86c400e-ff88-a1e3-2e23-caa4d8311f47,c86c400e-ff88-a1e3-6965-43c6146881f0,140,Influenza  split virus  trivalent  PF,136.00
2017-06-27T10:41:30Z,eb5910f1-26e6-bc6f-b300-716eae678d6f,eb5910f1-26e6-bc6f-3683-d7ce259feb6d,140,Influenza  split virus  trivalent  PF,136.00
2017-06-27T10:41:30Z,eb5910f1-26e6-bc6f-b300-716eae678d6f,eb5910f1-26e6-bc6f-3683-d7ce259feb6d,43,Hep B  adult,136.00
2016-10-29T00:11:11Z,e74367bd-7385-97dc-2c7f-251b4cd9fe29,e74367bd-7385-97dc-0b93-081f6a5b9f01,140,Influenza  split virus  trivalent  PF,136.00
2017-11-04T00:11:11Z,e74367bd-7385-97dc-2c7f-251b4cd9fe29,e74367bd-7385-97dc-3742-640001f3abd9,140,Influenza  split virus  trivalent  PF,136.00
2020-06-30T10:41:30Z,eb5910f1-26e6-bc6f-b300-716eae678d6f,eb5910f1-26e6-bc6f-4d29-1862f0077d8d,140,Influenza  split virus  trivalent  PF,136.00
2021-04-20T10:41:30Z,eb5910f1-26e6-bc6f-b300-716eae678d6f,eb5910f1-26e6-bc6f-cf67-815b594b02a9,207,COVID-19  mRNA  LNP-S  PF  100 mcg/0.5mL dose or 50 mcg/0.25mL dose,136.00
2021-05-18T10:41:30Z,eb5910f1-26e6-bc6f-b300-716eae678d6f,eb5910f1-26e6-bc6f-5e3c-8eb7821e382c,207,COVID-19  mRNA  LNP-S  PF  100 mcg/0.5mL dose or 50 mcg/0.25mL dose,136.00
2018-04-21T00:11:11Z,e74367bd-7385-97dc-2c7f-251b4cd9fe29,e74367bd-7385-97dc-c474-9f0d8fec22a5,140,Influenza  split virus  trivalent  PF,136.00
2019-11-16T00:11:11Z,e74367bd-7385-97dc-2c7f-251b4cd9fe29,e74367bd-7385-97dc-7629-b7bc23ee8b5a,140,Influenza  split virus  trivalent  PF,136.00
2023-07-04T10:41:30Z,eb5910f1-26e6-bc6f-b300-716eae678d6f,eb5910f1-26e6-bc6f-4abb-0481e69625cb,140,Influenza  split virus  trivalent  PF,136.00
2020-11-21T00:11:11Z,e74367bd-7385-97dc-2c7f-251b4cd9fe29,e74367bd-7385-97dc-e42d-ed634729eb51,140,Influenza  split virus  trivalent  PF,136.00
2021-07-17T00:11:11Z,e74367bd-7385-97dc-2c7f-251b4cd9fe29,e74367bd-7385-97dc-4302-65b558d2a36b,208,COVID-19  mRNA  LNP-S  PF  30 mcg/0.3 mL dose,136.00
2021-08-07T00:11:11Z,e74367bd-7385-97dc-2c7f-251b4cd9fe29,e74367bd-7385-97dc-fd60-0a66ba90b420,208,COVID-19  mRNA  LNP-S  PF  30 mcg/0.3 mL dose,136.00
2021-11-27T00:11:11Z,e74367bd-7385-97dc-2c7f-251b4cd9fe29,e74367bd-7385-97dc-c7a9-427c91265ff8,140,Influenza  split virus  trivalent  PF,136.00
2021-11-27T00:11:11Z,e74367bd-7385-97dc-2c7f-251b4cd9fe29,e74367bd-7385-97dc-c7a9-427c91265ff8,113,Td (adult)  5 Lf tetanus toxoid  preservative free  adsorbed,136.00
2022-12-03T00:11:11Z,e74367bd-7385-97dc-2c7f-251b4cd9fe29,e74367bd-7385-97dc-c8cb-70575f06ecdf,140,Influenza  split virus  trivalent  PF,136.00
2023-12-09T00:11:11Z,e74367bd-7385-97dc-2c7f-251b4cd9fe29,e74367bd-7385-97dc-e62d-e0bf441b5467,140,Influenza  split virus  trivalent  PF,136.00
2024-12-14T00:11:11Z,e74367bd-7385-97dc-2c7f-251b4cd9fe29,e74367bd-7385-97dc-4eda-1b5933ff14fb,140,Influenza  split virus  trivalent  PF,136.00
2025-12-20T00:11:11Z,e74367bd-7385-97dc-2c7f-251b4cd9fe29,e74367bd-7385-97dc-7874-814440428c0e,140,Influenza  split virus  trivalent  PF,136.00
2025-12-20T00:11:11Z,e74367bd-7385-97dc-2c7f-251b4cd9fe29,e74367bd-7385-97dc-7874-814440428c0e,133,Pneumococcal conjugate PCV 13,136.00
2026-07-07T10:41:30Z,eb5910f1-26e6-bc6f-b300-716eae678d6f,eb5910f1-26e6-bc6f-d911-35366d6e350a,140,Influenza  split virus  trivalent  PF,136.00
2026-07-07T10:41:30Z,eb5910f1-26e6-bc6f-b300-716eae678d6f,eb5910f1-26e6-bc6f-d911-35366d6e350a,113,Td (adult)  5 Lf tetanus toxoid  preservative free  adsorbed,136.00
2020-02-21T12:50:37Z,2d68ad16-268a-478c-1f84-d0f1976e1a46,2d68ad16-268a-478c-73b1-09735410738b,08,Hep B  adolescent or pediatric,136.00
2020-03-27T12:50:37Z,2d68ad16-268a-478c-1f84-d0f1976e1a46,2d68ad16-268a-478c-a67e-99103873e50d,08,Hep B  adolescent or pediatric,136.00
2020-05-29T12:50:37Z,2d68ad16-268a-478c-1f84-d0f1976e1a46,2d68ad16-268a-478c-26a0-c6716d513154,49,Hib (PRP-OMP),136.00
2020-05-29T12:50:37Z,2d68ad16-268a-478c-1f84-d0f1976e1a46,2d68ad16-268a-478c-26a0-c6716d513154,119,rotavirus  monovalent,136.00
2020-05-29T12:50:37Z,2d68ad16-268a-478c-1f84-d0f1976e1a46,2d68ad16-268a-478c-26a0-c6716d513154,10,IPV,136.00
2020-05-29T12:50:37Z,2d68ad16-268a-478c-1f84-d0f1976e1a46,2d68ad16-268a-478c-26a0-c6716d513154,20,DTaP,136.00
2020-05-29T12:50:37Z,2d68ad16-268a-478c-1f84-d0f1976e1a46,2d68ad16-268a-478c-26a0-c6716d513154,133,Pneumococcal conjugate PCV 13,136.00
2020-07-31T12:50:37Z,2d68ad16-268a-478c-1f84-d0f1976e1a46,2d68ad16-268a-478c-d68a-bffa5f7e4c12,49,Hib (PRP-OMP),136.00
2020-07-31T12:50:37Z,2d68ad16-268a-478c-1f84-d0f1976e1a46,2d68ad16-268a-478c-d68a-bffa5f7e4c12,119,rotavirus  monovalent,136.00
2020-07-31T12:50:37Z,2d68ad16-268a-478c-1f84-d0f1976e1a46,2d68ad16-268a-478c-d68a-bffa5f7e4c12,10,IPV,136.00
2020-07-31T12:50:37Z,2d68ad16-268a-478c-1f84-d0f1976e1a46,2d68ad16-268a-478c-d68a-bffa5f7e4c12,20,DTaP,136.00
2020-07-31T12:50:37Z,2d68ad16-268a-478c-1f84-d0f1976e1a46,2d68ad16-268a-478c-d68a-bffa5f7e4c12,133,Pneumococcal conjugate PCV 13,136.00
2020-10-30T12:50:37Z,2d68ad16-268a-478c-1f84-d0f1976e1a46,2d68ad16-268a-478c-0163-d1dee585ef56,10,IPV,136.00
2020-10-30T12:50:37Z,2d68ad16-268a-478c-1f84-d0f1976e1a46,2d68ad16-268a-478c-0163-d1dee585ef56,140,Influenza  split virus  trivalent  PF,136.00
2020-10-30T12:50:37Z,2d68ad16-268a-478c-1f84-d0f1976e1a46,2d68ad16-268a-478c-0163-d1dee585ef56,20,DTaP,136.00
2020-10-30T12:50:37Z,2d68ad16-268a-478c-1f84-d0f1976e1a46,2d68ad16-268a-478c-0163-d1dee585ef56,133,Pneumococcal conjugate PCV 13,136.00
2020-10-30T12:50:37Z,2d68ad16-268a-478c-1f84-d0f1976e1a46,2d68ad16-268a-478c-0163-d1dee585ef56,08,Hep B  adolescent or pediatric,136.00
2021-04-30T12:50:37Z,2d68ad16-268a-478c-1f84-d0f1976e1a46,2d68ad16-268a-478c-853e-bb37055c80b4,49,Hib (PRP-OMP),136.00
2021-04-30T12:50:37Z,2d68ad16-268a-478c-1f84-d0f1976e1a46,2d68ad16-268a-478c-853e-bb37055c80b4,21,varicella,136.00
2021-04-30T12:50:37Z,2d68ad16-268a-478c-1f84-d0f1976e1a46,2d68ad16-268a-478c-853e-bb37055c80b4,03,MMR,136.00
2021-04-30T12:50:37Z,2d68ad16-268a-478c-1f84-d0f1976e1a46,2d68ad16-268a-478c-853e-bb37055c80b4,133,Pneumococcal conjugate PCV 13,136.00
2021-04-30T12:50:37Z,2d68ad16-268a-478c-1f84-d0f1976e1a46,2d68ad16-268a-478c-853e-bb37055c80b4,83,Hep A  ped/adol  2 dose,136.00
2021-07-30T12:50:37Z,2d68ad16-268a-478c-1f84-d0f1976e1a46,2d68ad16-268a-478c-3c7a-a9d25dc4d2cd,20,DTaP,136.00
2022-01-28T12:50:37Z,2d68ad16-268a-478c-1f84-d0f1976e1a46,2d68ad16-268a-478c-8a5e-0f64ebf6b87c,140,Influenza  split virus  trivalent  PF,136.00
2022-07-29T12:50:37Z,2d68ad16-268a-478c-1f84-d0f1976e1a46,2d68ad16-268a-478c-dfb4-11b429a2c24e,83,Hep A  ped/adol  2 dose,136.00
2023-01-27T12:50:37Z,2d68ad16-268a-478c-1f84-d0f1976e1a46,2d68ad16-268a-478c-36f6-449ec7bd3ca4,140,Influenza  split virus  trivalent  PF,136.00
2024-01-26T12:50:37Z,2d68ad16-268a-478c-1f84-d0f1976e1a46,2d68ad16-268a-478c-0472-86cd341df3eb,140,Influenza  split virus  trivalent  PF,136.00
2025-01-31T12:50:37Z,2d68ad16-268a-478c-1f84-d0f1976e1a46,2d68ad16-268a-478c-6f8a-5503a2c28e3f,21,varicella,136.00
2025-01-31T12:50:37Z,2d68ad16-268a-478c-1f84-d0f1976e1a46,2d68ad16-268a-478c-6f8a-5503a2c28e3f,10,IPV,136.00
2025-01-31T12:50:37Z,2d68ad16-268a-478c-1f84-d0f1976e1a46,2d68ad16-268a-478c-6f8a-5503a2c28e3f,140,Influenza  split virus  trivalent  PF,136.00
2025-01-31T12:50:37Z,2d68ad16-268a-478c-1f84-d0f1976e1a46,2d68ad16-268a-478c-6f8a-5503a2c28e3f,20,DTaP,136.00
2025-01-31T12:50:37Z,2d68ad16-268a-478c-1f84-d0f1976e1a46,2d68ad16-268a-478c-6f8a-5503a2c28e3f,03,MMR,136.00
2026-02-06T12:50:37Z,2d68ad16-268a-478c-1f84-d0f1976e1a46,2d68ad16-268a-478c-7697-ebbb5a5acd0f,140,Influenza  split virus  trivalent  PF,136.00
1957-03-11T02:28:54Z,150a8a76-1563-717e-bf0f-f52045675f46,150a8a76-1563-717e-70b5-cbbbf079759c,140,Influenza  split virus  trivalent  PF,136.00
1958-03-17T02:28:54Z,150a8a76-1563-717e-bf0f-f52045675f46,150a8a76-1563-717e-bffe-9343e63aa0de,140,Influenza  split virus  trivalent  PF,136.00
1959-03-23T02:28:54Z,150a8a76-1563-717e-bf0f-f52045675f46,150a8a76-1563-717e-bcce-8334da28d9db,140,Influenza  split virus  trivalent  PF,136.00
1960-03-28T02:28:54Z,150a8a76-1563-717e-bf0f-f52045675f46,150a8a76-1563-717e-e14f-e86e2e470152,140,Influenza  split virus  trivalent  PF,136.00
1961-04-03T02:28:54Z,150a8a76-1563-717e-bf0f-f52045675f46,150a8a76-1563-717e-d544-bdfcfe26bee1,140,Influenza  split virus  trivalent  PF,136.00
1962-04-09T02:28:54Z,150a8a76-1563-717e-bf0f-f52045675f46,150a8a76-1563-717e-855a-ac586004dec0,140,Influenza  split virus  trivalent  PF,136.00
1963-04-15T02:28:54Z,150a8a76-1563-717e-bf0f-f52045675f46,150a8a76-1563-717e-c073-2d27fd0a3d25,140,Influenza  split virus  trivalent  PF,136.00
1964-04-20T02:28:54Z,150a8a76-1563-717e-bf0f-f52045675f46,150a8a76-1563-717e-d49d-d12f2e7538cb,140,Influenza  split virus  trivalent  PF,136.00
1964-09-07T02:28:54Z,150a8a76-1563-717e-bf0f-f52045675f46,150a8a76-1563-717e-ab73-a9058a09c4a1,140,Influenza  split virus  trivalent  PF,136.00
2017-10-04T00:00:10Z,6fbddf55-7096-b883-7cd3-260f27953080,6fbddf55-7096-b883-208f-26c1e3820d17,140,Influenza  split virus  trivalent  PF,136.00
2018-09-19T00:00:10Z,6fbddf55-7096-b883-7cd3-260f27953080,6fbddf55-7096-b883-3e1d-53bd43953ca2,140,Influenza  split virus  trivalent  PF,136.00
2018-11-28T00:00:10Z,6fbddf55-7096-b883-7cd3-260f27953080,6fbddf55-7096-b883-3bfc-b577734dc737,140,Influenza  split virus  trivalent  PF,136.00
2021-07-07T00:00:10Z,6fbddf55-7096-b883-7cd3-260f27953080,6fbddf55-7096-b883-58c4-d08a2acfbd7e,140,Influenza  split virus  trivalent  PF,136.00
2021-07-07T00:00:10Z,6fbddf55-7096-b883-7cd3-260f27953080,6fbddf55-7096-b883-58c4-d08a2acfbd7e,52,Hep A  adult,136.00
2021-10-13T00:00:10Z,6fbddf55-7096-b883-7cd3-260f27953080,6fbddf55-7096-b883-529b-9ad6227045bf,208,COVID-19  mRNA  LNP-S  PF  30 mcg/0.3 mL dose,136.00
2021-11-03T00:00:10Z,6fbddf55-7096-b883-7cd3-260f27953080,6fbddf55-7096-b883-949a-02505717b815,208,COVID-19  mRNA  LNP-S  PF  30 mcg/0.3 mL dose,136.00
2022-09-07T00:00:10Z,6fbddf55-7096-b883-7cd3-260f27953080,6fbddf55-7096-b883-6f9a-d5ffe442a92e,140,Influenza  split virus  trivalent  PF,136.00
2022-09-07T00:00:10Z,6fbddf55-7096-b883-7cd3-260f27953080,6fbddf55-7096-b883-6f9a-d5ffe442a92e,113,Td (adult)  5 Lf tetanus toxoid  preservative free  adsorbed,136.00
2022-09-07T00:00:10Z,6fbddf55-7096-b883-7cd3-260f27953080,6fbddf55-7096-b883-6f9a-d5ffe442a92e,52,Hep A  adult,136.00
2023-07-12T00:00:10Z,6fbddf55-7096-b883-7cd3-260f27953080,6fbddf55-7096-b883-6c22-f961df2b8170,140,Influenza  split virus  trivalent  PF,136.00
2025-07-16T00:00:10Z,6fbddf55-7096-b883-7cd3-260f27953080,6fbddf55-7096-b883-9b5b-698b776b9453,140,Influenza  split virus  trivalent  PF,136.00
2014-05-29T15:50:58Z,d3727ff2-5d7b-347f-d78c-edc4323cf890,d3727ff2-5d7b-347f-18a2-d5cbb2679555,21,varicella,136.00
2014-05-29T15:50:58Z,d3727ff2-5d7b-347f-d78c-edc4323cf890,d3727ff2-5d7b-347f-18a2-d5cbb2679555,10,IPV,136.00
2014-05-29T15:50:58Z,d3727ff2-5d7b-347f-d78c-edc4323cf890,d3727ff2-5d7b-347f-18a2-d5cbb2679555,140,Influenza  split virus  trivalent  PF,136.00
2014-05-29T15:50:58Z,d3727ff2-5d7b-347f-d78c-edc4323cf890,d3727ff2-5d7b-347f-18a2-d5cbb2679555,20,DTaP,136.00
2014-05-29T15:50:58Z,d3727ff2-5d7b-347f-d78c-edc4323cf890,d3727ff2-5d7b-347f-18a2-d5cbb2679555,03,MMR,136.00
2015-06-04T15:50:58Z,d3727ff2-5d7b-347f-d78c-edc4323cf890,d3727ff2-5d7b-347f-8fa7-42071f56acdc,140,Influenza  split virus  trivalent  PF,136.00
2016-06-09T15:50:58Z,d3727ff2-5d7b-347f-d78c-edc4323cf890,d3727ff2-5d7b-347f-cbe9-adc161b3606e,140,Influenza  split virus  trivalent  PF,136.00
2017-06-15T15:50:58Z,d3727ff2-5d7b-347f-d78c-edc4323cf890,d3727ff2-5d7b-347f-19fd-a5c6959030a7,140,Influenza  split virus  trivalent  PF,136.00
2018-06-21T15:50:58Z,d3727ff2-5d7b-347f-d78c-edc4323cf890,d3727ff2-5d7b-347f-d3a9-7a22e0dc70f1,140,Influenza  split virus  trivalent  PF,136.00
2019-06-27T15:50:58Z,d3727ff2-5d7b-347f-d78c-edc4323cf890,d3727ff2-5d7b-347f-ddef-e8432343b7dc,140,Influenza  split virus  trivalent  PF,136.00
2020-07-02T15:50:58Z,d3727ff2-5d7b-347f-d78c-edc4323cf890,d3727ff2-5d7b-347f-5198-eb61f9c7b561,115,Tdap,136.00
2020-07-02T15:50:58Z,d3727ff2-5d7b-347f-d78c-edc4323cf890,d3727ff2-5d7b-347f-5198-eb61f9c7b561,140,Influenza  split virus  trivalent  PF,136.00
2011-04-01T17:51:43Z,ba419d35-0dfe-8af7-347c-eebf02485a56,ba419d35-0dfe-8af7-9a5a-a913ace6d42e,140,Influenza  split virus  trivalent  PF,136.00
2020-07-02T15:50:58Z,d3727ff2-5d7b-347f-d78c-edc4323cf890,d3727ff2-5d7b-347f-5198-eb61f9c7b561,62,HPV  quadrivalent,136.00
2020-07-02T15:50:58Z,d3727ff2-5d7b-347f-d78c-edc4323cf890,d3727ff2-5d7b-347f-5198-eb61f9c7b561,114,meningococcal MCV4P,136.00
2021-07-01T15:50:58Z,d3727ff2-5d7b-347f-d78c-edc4323cf890,d3727ff2-5d7b-347f-1c31-174606832e82,207,COVID-19  mRNA  LNP-S  PF  100 mcg/0.5mL dose or 50 mcg/0.25mL dose,136.00
2021-07-08T15:50:58Z,d3727ff2-5d7b-347f-d78c-edc4323cf890,d3727ff2-5d7b-347f-3314-9dcf32611d5a,140,Influenza  split virus  trivalent  PF,136.00
2021-07-08T15:50:58Z,d3727ff2-5d7b-347f-d78c-edc4323cf890,d3727ff2-5d7b-347f-3314-9dcf32611d5a,62,HPV  quadrivalent,136.00
2021-07-29T15:50:58Z,d3727ff2-5d7b-347f-d78c-edc4323cf890,d3727ff2-5d7b-347f-dc12-5de50506fd74,207,COVID-19  mRNA  LNP-S  PF  100 mcg/0.5mL dose or 50 mcg/0.25mL dose,136.00
2016-12-31T02:14:47Z,14a5a697-29a3-48b2-969a-3ceefe74a700,14a5a697-29a3-48b2-c055-3490d617d7bc,140,Influenza  split virus  trivalent  PF,136.00
2022-07-14T15:50:58Z,d3727ff2-5d7b-347f-d78c-edc4323cf890,d3727ff2-5d7b-347f-59ad-5a8e65f31406,140,Influenza  split virus  trivalent  PF,136.00
2022-07-14T15:50:58Z,d3727ff2-5d7b-347f-d78c-edc4323cf890,d3727ff2-5d7b-347f-59ad-5a8e65f31406,62,HPV  quadrivalent,136.00
2018-01-06T02:14:47Z,14a5a697-29a3-48b2-969a-3ceefe74a700,14a5a697-29a3-48b2-4fb8-5d11224fd572,140,Influenza  split virus  trivalent  PF,136.00
2023-07-20T15:50:58Z,d3727ff2-5d7b-347f-d78c-edc4323cf890,d3727ff2-5d7b-347f-45db-a4e1b3395f00,140,Influenza  split virus  trivalent  PF,136.00
2019-01-12T02:14:47Z,14a5a697-29a3-48b2-969a-3ceefe74a700,14a5a697-29a3-48b2-188f-b36b869a40fc,140,Influenza  split virus  trivalent  PF,136.00
2020-01-18T02:14:47Z,14a5a697-29a3-48b2-969a-3ceefe74a700,14a5a697-29a3-48b2-f2ad-94dc943fb51e,140,Influenza  split virus  trivalent  PF,136.00
2020-01-18T02:14:47Z,14a5a697-29a3-48b2-969a-3ceefe74a700,14a5a697-29a3-48b2-f2ad-94dc943fb51e,113,Td (adult)  5 Lf tetanus toxoid  preservative free  adsorbed,136.00
2021-01-23T02:14:47Z,14a5a697-29a3-48b2-969a-3ceefe74a700,14a5a697-29a3-48b2-d6b8-9d5be327b67d,140,Influenza  split virus  trivalent  PF,136.00
2021-03-13T02:14:47Z,14a5a697-29a3-48b2-969a-3ceefe74a700,14a5a697-29a3-48b2-1640-089a50abcb6d,208,COVID-19  mRNA  LNP-S  PF  30 mcg/0.3 mL dose,136.00
2021-04-03T02:14:47Z,14a5a697-29a3-48b2-969a-3ceefe74a700,14a5a697-29a3-48b2-8bb9-46fa5664b992,208,COVID-19  mRNA  LNP-S  PF  30 mcg/0.3 mL dose,136.00
2022-01-29T02:14:47Z,14a5a697-29a3-48b2-969a-3ceefe74a700,14a5a697-29a3-48b2-69ab-e83e6e459290,140,Influenza  split virus  trivalent  PF,136.00
2023-02-04T02:14:47Z,14a5a697-29a3-48b2-969a-3ceefe74a700,14a5a697-29a3-48b2-a02e-8a96d0a67116,140,Influenza  split virus  trivalent  PF,136.00
2012-06-15T17:51:43Z,ba419d35-0dfe-8af7-347c-eebf02485a56,ba419d35-0dfe-8af7-e972-f0cb9c54ff59,140,Influenza  split virus  trivalent  PF,136.00
2024-02-10T02:14:47Z,14a5a697-29a3-48b2-969a-3ceefe74a700,14a5a697-29a3-48b2-ffed-f7adca90e8cf,140,Influenza  split virus  trivalent  PF,136.00
2024-02-10T02:14:47Z,14a5a697-29a3-48b2-969a-3ceefe74a700,14a5a697-29a3-48b2-ffed-f7adca90e8cf,133,Pneumococcal conjugate PCV 13,136.00
2025-02-15T02:14:47Z,14a5a697-29a3-48b2-969a-3ceefe74a700,14a5a697-29a3-48b2-6f37-9fa49bc53f9e,140,Influenza  split virus  trivalent  PF,136.00
2025-02-15T02:14:47Z,14a5a697-29a3-48b2-969a-3ceefe74a700,14a5a697-29a3-48b2-6f37-9fa49bc53f9e,33,pneumococcal polysaccharide vaccine  23 valent,136.00
2026-02-21T02:14:47Z,14a5a697-29a3-48b2-969a-3ceefe74a700,14a5a697-29a3-48b2-22d4-673cbc747ae5,140,Influenza  split virus  trivalent  PF,136.00
2013-05-17T17:51:43Z,ba419d35-0dfe-8af7-347c-eebf02485a56,ba419d35-0dfe-8af7-8123-d2bab7186b01,140,Influenza  split virus  trivalent  PF,136.00
2014-07-04T17:51:43Z,ba419d35-0dfe-8af7-347c-eebf02485a56,ba419d35-0dfe-8af7-6cc2-424cd123afe3,140,Influenza  split virus  trivalent  PF,136.00
2017-03-01T21:06:28Z,62f60bdb-cc5c-8305-b98b-f2b229a55eca,62f60bdb-cc5c-8305-c6f7-e880755ad7f2,140,Influenza  split virus  trivalent  PF,136.00
2017-03-01T21:06:28Z,62f60bdb-cc5c-8305-b98b-f2b229a55eca,62f60bdb-cc5c-8305-c6f7-e880755ad7f2,113,Td (adult)  5 Lf tetanus toxoid  preservative free  adsorbed,136.00
2017-03-01T21:06:28Z,62f60bdb-cc5c-8305-b98b-f2b229a55eca,62f60bdb-cc5c-8305-c6f7-e880755ad7f2,52,Hep A  adult,136.00
2018-03-07T21:06:28Z,62f60bdb-cc5c-8305-b98b-f2b229a55eca,62f60bdb-cc5c-8305-9ee6-277e49380106,140,Influenza  split virus  trivalent  PF,136.00
2019-03-13T21:06:28Z,62f60bdb-cc5c-8305-b98b-f2b229a55eca,62f60bdb-cc5c-8305-7f47-8241cd1ae208,140,Influenza  split virus  trivalent  PF,136.00
2020-03-18T21:06:28Z,62f60bdb-cc5c-8305-b98b-f2b229a55eca,62f60bdb-cc5c-8305-6b74-352a4b35b527,140,Influenza  split virus  trivalent  PF,136.00
2015-03-20T17:51:43Z,ba419d35-0dfe-8af7-347c-eebf02485a56,ba419d35-0dfe-8af7-16a6-794b84fbacae,140,Influenza  split virus  trivalent  PF,136.00
2021-03-24T21:06:28Z,62f60bdb-cc5c-8305-b98b-f2b229a55eca,62f60bdb-cc5c-8305-048d-7aec8b7f32c5,140,Influenza  split virus  trivalent  PF,136.00
2021-04-21T21:06:28Z,62f60bdb-cc5c-8305-b98b-f2b229a55eca,62f60bdb-cc5c-8305-ea53-64724bdaf68a,212,COVID-19 vaccine  vector-nr  rS-Ad26  PF  0.5 mL,136.00
2022-03-30T21:06:28Z,62f60bdb-cc5c-8305-b98b-f2b229a55eca,62f60bdb-cc5c-8305-e397-a55fd4c02a78,140,Influenza  split virus  trivalent  PF,136.00
2023-04-05T21:06:28Z,62f60bdb-cc5c-8305-b98b-f2b229a55eca,62f60bdb-cc5c-8305-54e5-d4d561f3b64a,140,Influenza  split virus  trivalent  PF,136.00
2024-04-10T21:06:28Z,62f60bdb-cc5c-8305-b98b-f2b229a55eca,62f60bdb-cc5c-8305-fb14-92575fc7a606,140,Influenza  split virus  trivalent  PF,136.00
2025-04-16T21:06:28Z,62f60bdb-cc5c-8305-b98b-f2b229a55eca,62f60bdb-cc5c-8305-72bf-784c7e902da8,140,Influenza  split virus  trivalent  PF,136.00
2025-12-31T21:06:28Z,62f60bdb-cc5c-8305-b98b-f2b229a55eca,62f60bdb-cc5c-8305-92b9-4998c85ee124,121,zoster vaccine  live,136.00
2025-12-31T21:06:28Z,62f60bdb-cc5c-8305-b98b-f2b229a55eca,62f60bdb-cc5c-8305-92b9-4998c85ee124,140,Influenza  split virus  trivalent  PF,136.00
2016-04-01T17:51:43Z,ba419d35-0dfe-8af7-347c-eebf02485a56,ba419d35-0dfe-8af7-047f-80210ef85b3a,140,Influenza  split virus  trivalent  PF,136.00
2026-04-22T21:06:28Z,62f60bdb-cc5c-8305-b98b-f2b229a55eca,62f60bdb-cc5c-8305-6aac-d3a307437284,121,zoster vaccine  live,136.00
2026-04-22T21:06:28Z,62f60bdb-cc5c-8305-b98b-f2b229a55eca,62f60bdb-cc5c-8305-6aac-d3a307437284,140,Influenza  split virus  trivalent  PF,136.00
2017-06-28T03:17:39Z,982750f4-569b-5949-196b-60699bdda3fb,982750f4-569b-5949-491c-caa820b70a88,140,Influenza  split virus  trivalent  PF,136.00
2018-07-04T03:17:39Z,982750f4-569b-5949-196b-60699bdda3fb,982750f4-569b-5949-83db-42935be8223a,140,Influenza  split virus  trivalent  PF,136.00
2018-07-04T03:17:39Z,982750f4-569b-5949-196b-60699bdda3fb,982750f4-569b-5949-83db-42935be8223a,113,Td (adult)  5 Lf tetanus toxoid  preservative free  adsorbed,136.00
2016-09-23T17:51:43Z,ba419d35-0dfe-8af7-347c-eebf02485a56,ba419d35-0dfe-8af7-f5ee-bc9bbfe0969f,113,Td (adult)  5 Lf tetanus toxoid  preservative free  adsorbed,136.00
2019-07-10T03:17:39Z,982750f4-569b-5949-196b-60699bdda3fb,982750f4-569b-5949-d533-2a21da404479,140,Influenza  split virus  trivalent  PF,136.00
2020-07-15T03:17:39Z,982750f4-569b-5949-196b-60699bdda3fb,982750f4-569b-5949-646b-419ea1413b53,140,Influenza  split virus  trivalent  PF,136.00
2017-07-21T17:51:43Z,ba419d35-0dfe-8af7-347c-eebf02485a56,ba419d35-0dfe-8af7-62aa-55ac2414463f,140,Influenza  split virus  trivalent  PF,136.00
2021-03-24T03:17:39Z,982750f4-569b-5949-196b-60699bdda3fb,982750f4-569b-5949-58d9-df7db6a974e5,208,COVID-19  mRNA  LNP-S  PF  30 mcg/0.3 mL dose,136.00
2021-04-14T03:17:39Z,982750f4-569b-5949-196b-60699bdda3fb,982750f4-569b-5949-5796-33ab9994d417,208,COVID-19  mRNA  LNP-S  PF  30 mcg/0.3 mL dose,136.00
2018-07-27T17:51:43Z,ba419d35-0dfe-8af7-347c-eebf02485a56,ba419d35-0dfe-8af7-7efd-4faaffb2f6ed,140,Influenza  split virus  trivalent  PF,136.00
2019-08-02T17:51:43Z,ba419d35-0dfe-8af7-347c-eebf02485a56,ba419d35-0dfe-8af7-e865-1035479e58ea,140,Influenza  split virus  trivalent  PF,136.00
2021-07-21T03:17:39Z,982750f4-569b-5949-196b-60699bdda3fb,982750f4-569b-5949-588b-7f19533f9ce3,140,Influenza  split virus  trivalent  PF,136.00
2020-08-07T17:51:43Z,ba419d35-0dfe-8af7-347c-eebf02485a56,ba419d35-0dfe-8af7-bd4a-a866b6d5232a,140,Influenza  split virus  trivalent  PF,136.00
2021-01-22T17:51:43Z,ba419d35-0dfe-8af7-347c-eebf02485a56,ba419d35-0dfe-8af7-0181-11d3c5451e17,208,COVID-19  mRNA  LNP-S  PF  30 mcg/0.3 mL dose,136.00
2021-02-12T17:51:43Z,ba419d35-0dfe-8af7-347c-eebf02485a56,ba419d35-0dfe-8af7-f9d5-84bc455eb49e,208,COVID-19  mRNA  LNP-S  PF  30 mcg/0.3 mL dose,136.00
2022-07-27T03:17:39Z,982750f4-569b-5949-196b-60699bdda3fb,982750f4-569b-5949-4720-0774e84d338e,140,Influenza  split virus  trivalent  PF,136.00
2023-08-02T03:17:39Z,982750f4-569b-5949-196b-60699bdda3fb,982750f4-569b-5949-7f77-69ead626c618,140,Influenza  split virus  trivalent  PF,136.00
2024-08-07T03:17:39Z,982750f4-569b-5949-196b-60699bdda3fb,982750f4-569b-5949-3661-c255f6ae22a1,140,Influenza  split virus  trivalent  PF,136.00
2025-08-13T03:17:39Z,982750f4-569b-5949-196b-60699bdda3fb,982750f4-569b-5949-047f-cd58d46fbb77,140,Influenza  split virus  trivalent  PF,136.00
2026-08-19T03:17:39Z,982750f4-569b-5949-196b-60699bdda3fb,982750f4-569b-5949-e4ed-84146926558f,140,Influenza  split virus  trivalent  PF,136.00
2017-06-15T15:50:58Z,0f1067c3-9151-8829-56cd-2eff898db59c,0f1067c3-9151-8829-bb65-2f41a2558565,140,Influenza  split virus  trivalent  PF,136.00
2018-06-21T15:50:58Z,0f1067c3-9151-8829-56cd-2eff898db59c,0f1067c3-9151-8829-0d85-18e6b90417e2,140,Influenza  split virus  trivalent  PF,136.00
2019-06-27T15:50:58Z,0f1067c3-9151-8829-56cd-2eff898db59c,0f1067c3-9151-8829-e93f-cbb95b05e952,140,Influenza  split virus  trivalent  PF,136.00
2020-07-02T15:50:58Z,0f1067c3-9151-8829-56cd-2eff898db59c,0f1067c3-9151-8829-e795-43f1d01570c4,115,Tdap,136.00
2020-07-02T15:50:58Z,0f1067c3-9151-8829-56cd-2eff898db59c,0f1067c3-9151-8829-e795-43f1d01570c4,140,Influenza  split virus  trivalent  PF,136.00
2020-07-02T15:50:58Z,0f1067c3-9151-8829-56cd-2eff898db59c,0f1067c3-9151-8829-e795-43f1d01570c4,62,HPV  quadrivalent,136.00
2020-07-02T15:50:58Z,0f1067c3-9151-8829-56cd-2eff898db59c,0f1067c3-9151-8829-e795-43f1d01570c4,114,meningococcal MCV4P,136.00
2021-07-08T15:50:58Z,0f1067c3-9151-8829-56cd-2eff898db59c,0f1067c3-9151-8829-b9ba-be44855a775a,140,Influenza  split virus  trivalent  PF,136.00
2021-07-08T15:50:58Z,0f1067c3-9151-8829-56cd-2eff898db59c,0f1067c3-9151-8829-b9ba-be44855a775a,62,HPV  quadrivalent,136.00
2021-10-14T15:50:58Z,0f1067c3-9151-8829-56cd-2eff898db59c,0f1067c3-9151-8829-6303-e7b242b3aca1,208,COVID-19  mRNA  LNP-S  PF  30 mcg/0.3 mL dose,136.00
2021-11-04T15:50:58Z,0f1067c3-9151-8829-56cd-2eff898db59c,0f1067c3-9151-8829-13f5-2f52fc8e3697,208,COVID-19  mRNA  LNP-S  PF  30 mcg/0.3 mL dose,136.00
2022-07-14T15:50:58Z,0f1067c3-9151-8829-56cd-2eff898db59c,0f1067c3-9151-8829-d65a-c6f1ec37123e,140,Influenza  split virus  trivalent  PF,136.00
2022-07-14T15:50:58Z,0f1067c3-9151-8829-56cd-2eff898db59c,0f1067c3-9151-8829-d65a-c6f1ec37123e,62,HPV  quadrivalent,136.00
2023-07-20T15:50:58Z,0f1067c3-9151-8829-56cd-2eff898db59c,0f1067c3-9151-8829-fbd6-814abfec0c24,140,Influenza  split virus  trivalent  PF,136.00
2024-07-25T15:50:58Z,0f1067c3-9151-8829-56cd-2eff898db59c,0f1067c3-9151-8829-62e3-58a5d43e958b,140,Influenza  split virus  trivalent  PF,136.00
2025-07-31T15:50:58Z,0f1067c3-9151-8829-56cd-2eff898db59c,0f1067c3-9151-8829-c11e-95f0e59c4809,140,Influenza  split virus  trivalent  PF,136.00
2025-07-31T15:50:58Z,0f1067c3-9151-8829-56cd-2eff898db59c,0f1067c3-9151-8829-c11e-95f0e59c4809,114,meningococcal MCV4P,136.00
2026-08-06T15:50:58Z,0f1067c3-9151-8829-56cd-2eff898db59c,0f1067c3-9151-8829-17fb-cc1781f975a5,140,Influenza  split virus  trivalent  PF,136.00
2023-09-15T02:39:53Z,c053e996-a4c4-6c02-e2b6-284227156c67,c053e996-a4c4-6c02-f1ad-026464118efd,08,Hep B  adolescent or pediatric,136.00
2023-10-20T02:39:53Z,c053e996-a4c4-6c02-e2b6-284227156c67,c053e996-a4c4-6c02-6e84-517cf1084e69,08,Hep B  adolescent or pediatric,136.00
2023-12-22T02:39:53Z,c053e996-a4c4-6c02-e2b6-284227156c67,c053e996-a4c4-6c02-3cd6-29163198d69c,49,Hib (PRP-OMP),136.00
2023-12-22T02:39:53Z,c053e996-a4c4-6c02-e2b6-284227156c67,c053e996-a4c4-6c02-3cd6-29163198d69c,119,rotavirus  monovalent,136.00
2023-12-22T02:39:53Z,c053e996-a4c4-6c02-e2b6-284227156c67,c053e996-a4c4-6c02-3cd6-29163198d69c,10,IPV,136.00
2023-12-22T02:39:53Z,c053e996-a4c4-6c02-e2b6-284227156c67,c053e996-a4c4-6c02-3cd6-29163198d69c,20,DTaP,136.00
2023-12-22T02:39:53Z,c053e996-a4c4-6c02-e2b6-284227156c67,c053e996-a4c4-6c02-3cd6-29163198d69c,133,Pneumococcal conjugate PCV 13,136.00
2024-02-23T02:39:53Z,c053e996-a4c4-6c02-e2b6-284227156c67,c053e996-a4c4-6c02-94f7-00623607551e,49,Hib (PRP-OMP),136.00
2024-02-23T02:39:53Z,c053e996-a4c4-6c02-e2b6-284227156c67,c053e996-a4c4-6c02-94f7-00623607551e,119,rotavirus  monovalent,136.00
2024-02-23T02:39:53Z,c053e996-a4c4-6c02-e2b6-284227156c67,c053e996-a4c4-6c02-94f7-00623607551e,10,IPV,136.00
2024-02-23T02:39:53Z,c053e996-a4c4-6c02-e2b6-284227156c67,c053e996-a4c4-6c02-94f7-00623607551e,20,DTaP,136.00
2024-02-23T02:39:53Z,c053e996-a4c4-6c02-e2b6-284227156c67,c053e996-a4c4-6c02-94f7-00623607551e,133,Pneumococcal conjugate PCV 13,136.00
2024-05-24T02:39:53Z,c053e996-a4c4-6c02-e2b6-284227156c67,c053e996-a4c4-6c02-22d0-d4c412702177,10,IPV,136.00
2024-05-24T02:39:53Z,c053e996-a4c4-6c02-e2b6-284227156c67,c053e996-a4c4-6c02-22d0-d4c412702177,140,Influenza  split virus  trivalent  PF,136.00
2024-05-24T02:39:53Z,c053e996-a4c4-6c02-e2b6-284227156c67,c053e996-a4c4-6c02-22d0-d4c412702177,20,DTaP,136.00
2024-05-24T02:39:53Z,c053e996-a4c4-6c02-e2b6-284227156c67,c053e996-a4c4-6c02-22d0-d4c412702177,133,Pneumococcal conjugate PCV 13,136.00
2024-05-24T02:39:53Z,c053e996-a4c4-6c02-e2b6-284227156c67,c053e996-a4c4-6c02-22d0-d4c412702177,08,Hep B  adolescent or pediatric,136.00
2024-11-22T02:39:53Z,c053e996-a4c4-6c02-e2b6-284227156c67,c053e996-a4c4-6c02-5970-0aafbba3032c,49,Hib (PRP-OMP),136.00
2024-11-22T02:39:53Z,c053e996-a4c4-6c02-e2b6-284227156c67,c053e996-a4c4-6c02-5970-0aafbba3032c,21,varicella,136.00
2024-11-22T02:39:53Z,c053e996-a4c4-6c02-e2b6-284227156c67,c053e996-a4c4-6c02-5970-0aafbba3032c,03,MMR,136.00
2024-11-22T02:39:53Z,c053e996-a4c4-6c02-e2b6-284227156c67,c053e996-a4c4-6c02-5970-0aafbba3032c,133,Pneumococcal conjugate PCV 13,136.00
2024-11-22T02:39:53Z,c053e996-a4c4-6c02-e2b6-284227156c67,c053e996-a4c4-6c02-5970-0aafbba3032c,83,Hep A  ped/adol  2 dose,136.00
2025-02-21T02:39:53Z,c053e996-a4c4-6c02-e2b6-284227156c67,c053e996-a4c4-6c02-70c4-e004fb48384b,20,DTaP,136.00
2025-08-22T02:39:53Z,c053e996-a4c4-6c02-e2b6-284227156c67,c053e996-a4c4-6c02-2042-5d8a07b975f6,140,Influenza  split virus  trivalent  PF,136.00
2026-02-20T02:39:53Z,c053e996-a4c4-6c02-e2b6-284227156c67,c053e996-a4c4-6c02-4430-6d73db5bcb78,83,Hep A  ped/adol  2 dose,136.00
2026-08-21T02:39:53Z,c053e996-a4c4-6c02-e2b6-284227156c67,c053e996-a4c4-6c02-10d6-11423b43617a,140,Influenza  split virus  trivalent  PF,136.00
2017-06-26T02:28:54Z,80fcbdbc-e907-9bd5-2644-ad9ef5d6545b,80fcbdbc-e907-9bd5-5fa0-da41bea0f148,140,Influenza  split virus  trivalent  PF,136.00
2018-07-02T02:28:54Z,80fcbdbc-e907-9bd5-2644-ad9ef5d6545b,80fcbdbc-e907-9bd5-5527-ddd72c1050ae,140,Influenza  split virus  trivalent  PF,136.00
2018-07-02T02:28:54Z,80fcbdbc-e907-9bd5-2644-ad9ef5d6545b,80fcbdbc-e907-9bd5-5527-ddd72c1050ae,113,Td (adult)  5 Lf tetanus toxoid  preservative free  adsorbed,136.00
2017-02-04T16:47:43Z,35b353dd-402b-571a-d67a-af0a104d0854,35b353dd-402b-571a-2bd7-97e26d8874a7,140,Influenza  split virus  trivalent  PF,136.00
2018-02-10T16:47:43Z,35b353dd-402b-571a-d67a-af0a104d0854,35b353dd-402b-571a-8e83-9996ecf9ae79,140,Influenza  split virus  trivalent  PF,136.00
2018-05-12T16:47:43Z,35b353dd-402b-571a-d67a-af0a104d0854,35b353dd-402b-571a-3ca5-5d1134014fc4,140,Influenza  split virus  trivalent  PF,136.00
2019-03-25T02:28:54Z,80fcbdbc-e907-9bd5-2644-ad9ef5d6545b,80fcbdbc-e907-9bd5-b879-e415f5713fb0,140,Influenza  split virus  trivalent  PF,136.00
2020-07-13T02:28:54Z,80fcbdbc-e907-9bd5-2644-ad9ef5d6545b,80fcbdbc-e907-9bd5-297e-c939bd3e4710,140,Influenza  split virus  trivalent  PF,136.00
2021-03-01T02:28:54Z,80fcbdbc-e907-9bd5-2644-ad9ef5d6545b,80fcbdbc-e907-9bd5-4c8d-bb8a763651b1,208,COVID-19  mRNA  LNP-S  PF  30 mcg/0.3 mL dose,136.00
2021-03-22T02:28:54Z,80fcbdbc-e907-9bd5-2644-ad9ef5d6545b,80fcbdbc-e907-9bd5-4dd2-799f4d73f6f9,208,COVID-19  mRNA  LNP-S  PF  30 mcg/0.3 mL dose,136.00
2021-07-19T02:28:54Z,80fcbdbc-e907-9bd5-2644-ad9ef5d6545b,80fcbdbc-e907-9bd5-716d-8efbb4649808,140,Influenza  split virus  trivalent  PF,136.00
2017-06-04T02:07:40Z,bff9d9d5-ee3d-d852-9c67-36d8361a4a4a,bff9d9d5-ee3d-d852-088a-be9fbf3025e6,140,Influenza  split virus  trivalent  PF,136.00
2020-02-22T16:47:43Z,35b353dd-402b-571a-d67a-af0a104d0854,35b353dd-402b-571a-2d67-bec407187c87,140,Influenza  split virus  trivalent  PF,136.00
2022-07-25T02:28:54Z,80fcbdbc-e907-9bd5-2644-ad9ef5d6545b,80fcbdbc-e907-9bd5-d7bc-e005a0237d6e,140,Influenza  split virus  trivalent  PF,136.00
2020-12-26T16:47:43Z,35b353dd-402b-571a-d67a-af0a104d0854,35b353dd-402b-571a-2312-ebd3a961dd10,140,Influenza  split virus  trivalent  PF,136.00
2023-07-31T02:28:54Z,80fcbdbc-e907-9bd5-2644-ad9ef5d6545b,80fcbdbc-e907-9bd5-b68f-7ffe79d48f29,140,Influenza  split virus  trivalent  PF,136.00
2021-02-27T16:47:43Z,35b353dd-402b-571a-d67a-af0a104d0854,35b353dd-402b-571a-68fe-db0671b9a4f8,207,COVID-19  mRNA  LNP-S  PF  100 mcg/0.5mL dose or 50 mcg/0.25mL dose,136.00
2021-03-27T16:47:43Z,35b353dd-402b-571a-d67a-af0a104d0854,35b353dd-402b-571a-5d2a-a3d0c2a27461,207,COVID-19  mRNA  LNP-S  PF  100 mcg/0.5mL dose or 50 mcg/0.25mL dose,136.00
2018-06-10T02:07:40Z,bff9d9d5-ee3d-d852-9c67-36d8361a4a4a,bff9d9d5-ee3d-d852-69b8-f42ca6f76d64,140,Influenza  split virus  trivalent  PF,136.00
2022-03-05T16:47:43Z,35b353dd-402b-571a-d67a-af0a104d0854,35b353dd-402b-571a-af1d-62772eb19026,140,Influenza  split virus  trivalent  PF,136.00
2019-06-16T02:07:40Z,bff9d9d5-ee3d-d852-9c67-36d8361a4a4a,bff9d9d5-ee3d-d852-1b1d-e6ea087d934a,140,Influenza  split virus  trivalent  PF,136.00
2024-08-05T02:28:54Z,80fcbdbc-e907-9bd5-2644-ad9ef5d6545b,80fcbdbc-e907-9bd5-9cc0-e0feadc4d665,140,Influenza  split virus  trivalent  PF,136.00
2020-06-21T02:07:40Z,bff9d9d5-ee3d-d852-9c67-36d8361a4a4a,bff9d9d5-ee3d-d852-4a72-0524c2d99c02,140,Influenza  split virus  trivalent  PF,136.00
2023-03-11T16:47:43Z,35b353dd-402b-571a-d67a-af0a104d0854,35b353dd-402b-571a-fd15-f312fd619439,140,Influenza  split virus  trivalent  PF,136.00
2021-03-21T02:07:40Z,bff9d9d5-ee3d-d852-9c67-36d8361a4a4a,bff9d9d5-ee3d-d852-2035-2bbddd762ba4,208,COVID-19  mRNA  LNP-S  PF  30 mcg/0.3 mL dose,136.00
2021-04-11T02:07:40Z,bff9d9d5-ee3d-d852-9c67-36d8361a4a4a,bff9d9d5-ee3d-d852-52a0-921de8db0b1f,208,COVID-19  mRNA  LNP-S  PF  30 mcg/0.3 mL dose,136.00
2023-05-13T16:47:43Z,35b353dd-402b-571a-d67a-af0a104d0854,35b353dd-402b-571a-8e8d-7008b7ce9bb7,140,Influenza  split virus  trivalent  PF,136.00
2025-08-11T02:28:54Z,80fcbdbc-e907-9bd5-2644-ad9ef5d6545b,80fcbdbc-e907-9bd5-79d9-c8af2f0a8b55,140,Influenza  split virus  trivalent  PF,136.00
2021-06-27T02:07:40Z,bff9d9d5-ee3d-d852-9c67-36d8361a4a4a,bff9d9d5-ee3d-d852-8d41-ef016c21680b,140,Influenza  split virus  trivalent  PF,136.00
2026-08-17T02:28:54Z,80fcbdbc-e907-9bd5-2644-ad9ef5d6545b,80fcbdbc-e907-9bd5-18a8-03bb3c1b12b0,140,Influenza  split virus  trivalent  PF,136.00
2024-04-06T16:47:43Z,35b353dd-402b-571a-d67a-af0a104d0854,35b353dd-402b-571a-5022-380de270e581,140,Influenza  split virus  trivalent  PF,136.00
2022-07-03T02:07:40Z,bff9d9d5-ee3d-d852-9c67-36d8361a4a4a,bff9d9d5-ee3d-d852-bf77-5751e595f2bd,140,Influenza  split virus  trivalent  PF,136.00
2024-11-02T16:47:43Z,35b353dd-402b-571a-d67a-af0a104d0854,35b353dd-402b-571a-2f70-f4f4cc7dd7db,113,Td (adult)  5 Lf tetanus toxoid  preservative free  adsorbed,136.00
2023-07-09T02:07:40Z,bff9d9d5-ee3d-d852-9c67-36d8361a4a4a,bff9d9d5-ee3d-d852-a522-55178479bbb7,140,Influenza  split virus  trivalent  PF,136.00
2025-03-29T16:47:43Z,35b353dd-402b-571a-d67a-af0a104d0854,35b353dd-402b-571a-cce7-5ec516705517,140,Influenza  split virus  trivalent  PF,136.00
2024-07-14T02:07:40Z,bff9d9d5-ee3d-d852-9c67-36d8361a4a4a,bff9d9d5-ee3d-d852-85b5-df3cc576ed3b,140,Influenza  split virus  trivalent  PF,136.00
2026-03-28T16:47:43Z,35b353dd-402b-571a-d67a-af0a104d0854,35b353dd-402b-571a-9bc3-81fdbb2b0256,140,Influenza  split virus  trivalent  PF,136.00
2025-07-20T02:07:40Z,bff9d9d5-ee3d-d852-9c67-36d8361a4a4a,bff9d9d5-ee3d-d852-52e8-1f403c343b5c,140,Influenza  split virus  trivalent  PF,136.00
2026-07-26T02:07:40Z,bff9d9d5-ee3d-d852-9c67-36d8361a4a4a,bff9d9d5-ee3d-d852-1164-3aad8fc231c8,140,Influenza  split virus  trivalent  PF,136.00
2026-07-26T02:07:40Z,bff9d9d5-ee3d-d852-9c67-36d8361a4a4a,bff9d9d5-ee3d-d852-1164-3aad8fc231c8,113,Td (adult)  5 Lf tetanus toxoid  preservative free  adsorbed,136.00
2016-10-25T11:16:09Z,947c82ee-1735-c9ed-8210-38cb93d8070c,947c82ee-1735-c9ed-7a12-d8b0d927d420,49,Hib (PRP-OMP),136.00
2016-10-25T11:16:09Z,947c82ee-1735-c9ed-8210-38cb93d8070c,947c82ee-1735-c9ed-7a12-d8b0d927d420,119,rotavirus  monovalent,136.00
2016-10-25T11:16:09Z,947c82ee-1735-c9ed-8210-38cb93d8070c,947c82ee-1735-c9ed-7a12-d8b0d927d420,10,IPV,136.00
2016-10-25T11:16:09Z,947c82ee-1735-c9ed-8210-38cb93d8070c,947c82ee-1735-c9ed-7a12-d8b0d927d420,20,DTaP,136.00
2016-10-25T11:16:09Z,947c82ee-1735-c9ed-8210-38cb93d8070c,947c82ee-1735-c9ed-7a12-d8b0d927d420,133,Pneumococcal conjugate PCV 13,136.00
2017-01-24T11:16:09Z,947c82ee-1735-c9ed-8210-38cb93d8070c,947c82ee-1735-c9ed-ba51-2284d941909a,10,IPV,136.00
2017-01-24T11:16:09Z,947c82ee-1735-c9ed-8210-38cb93d8070c,947c82ee-1735-c9ed-ba51-2284d941909a,140,Influenza  split virus  trivalent  PF,136.00
2017-01-24T11:16:09Z,947c82ee-1735-c9ed-8210-38cb93d8070c,947c82ee-1735-c9ed-ba51-2284d941909a,20,DTaP,136.00
2017-01-24T11:16:09Z,947c82ee-1735-c9ed-8210-38cb93d8070c,947c82ee-1735-c9ed-ba51-2284d941909a,133,Pneumococcal conjugate PCV 13,136.00
2017-01-24T11:16:09Z,947c82ee-1735-c9ed-8210-38cb93d8070c,947c82ee-1735-c9ed-ba51-2284d941909a,08,Hep B  adolescent or pediatric,136.00
2017-07-25T11:16:09Z,947c82ee-1735-c9ed-8210-38cb93d8070c,947c82ee-1735-c9ed-da8e-4ba869c07291,49,Hib (PRP-OMP),136.00
2017-07-25T11:16:09Z,947c82ee-1735-c9ed-8210-38cb93d8070c,947c82ee-1735-c9ed-da8e-4ba869c07291,21,varicella,136.00
2017-07-25T11:16:09Z,947c82ee-1735-c9ed-8210-38cb93d8070c,947c82ee-1735-c9ed-da8e-4ba869c07291,03,MMR,136.00
2017-07-25T11:16:09Z,947c82ee-1735-c9ed-8210-38cb93d8070c,947c82ee-1735-c9ed-da8e-4ba869c07291,133,Pneumococcal conjugate PCV 13,136.00
2017-07-25T11:16:09Z,947c82ee-1735-c9ed-8210-38cb93d8070c,947c82ee-1735-c9ed-da8e-4ba869c07291,83,Hep A  ped/adol  2 dose,136.00
2017-10-24T11:16:09Z,947c82ee-1735-c9ed-8210-38cb93d8070c,947c82ee-1735-c9ed-7893-b911c847031d,20,DTaP,136.00
2018-04-24T11:16:09Z,947c82ee-1735-c9ed-8210-38cb93d8070c,947c82ee-1735-c9ed-69a7-9d62ac5d6232,140,Influenza  split virus  trivalent  PF,136.00
2018-10-23T11:16:09Z,947c82ee-1735-c9ed-8210-38cb93d8070c,947c82ee-1735-c9ed-a074-4229c847a0a3,83,Hep A  ped/adol  2 dose,136.00
2019-04-23T11:16:09Z,947c82ee-1735-c9ed-8210-38cb93d8070c,947c82ee-1735-c9ed-4eeb-33189a258cf5,140,Influenza  split virus  trivalent  PF,136.00
2020-04-21T11:16:09Z,947c82ee-1735-c9ed-8210-38cb93d8070c,947c82ee-1735-c9ed-ccb1-c09147eab0d3,140,Influenza  split virus  trivalent  PF,136.00
2021-04-27T11:16:09Z,947c82ee-1735-c9ed-8210-38cb93d8070c,947c82ee-1735-c9ed-f1e0-0759369f2e60,21,varicella,136.00
2021-04-27T11:16:09Z,947c82ee-1735-c9ed-8210-38cb93d8070c,947c82ee-1735-c9ed-f1e0-0759369f2e60,10,IPV,136.00
2021-04-27T11:16:09Z,947c82ee-1735-c9ed-8210-38cb93d8070c,947c82ee-1735-c9ed-f1e0-0759369f2e60,140,Influenza  split virus  trivalent  PF,136.00
2021-04-27T11:16:09Z,947c82ee-1735-c9ed-8210-38cb93d8070c,947c82ee-1735-c9ed-f1e0-0759369f2e60,20,DTaP,136.00
2021-04-27T11:16:09Z,947c82ee-1735-c9ed-8210-38cb93d8070c,947c82ee-1735-c9ed-f1e0-0759369f2e60,03,MMR,136.00
2022-05-03T11:16:09Z,947c82ee-1735-c9ed-8210-38cb93d8070c,947c82ee-1735-c9ed-9858-5e61f7fa12ac,140,Influenza  split virus  trivalent  PF,136.00
2023-05-09T11:16:09Z,947c82ee-1735-c9ed-8210-38cb93d8070c,947c82ee-1735-c9ed-797a-f61b93809a67,140,Influenza  split virus  trivalent  PF,136.00
2024-05-14T11:16:09Z,947c82ee-1735-c9ed-8210-38cb93d8070c,947c82ee-1735-c9ed-61c3-baef1fb3235e,140,Influenza  split virus  trivalent  PF,136.00
2017-05-06T14:17:29Z,2c167999-289d-95fa-5c27-7d8b8d35348c,2c167999-289d-95fa-b19c-f0475ebb7001,140,Influenza  split virus  trivalent  PF,136.00
2018-05-12T14:17:29Z,2c167999-289d-95fa-5c27-7d8b8d35348c,2c167999-289d-95fa-019c-f9724d05ce59,140,Influenza  split virus  trivalent  PF,136.00
2019-05-18T14:17:29Z,2c167999-289d-95fa-5c27-7d8b8d35348c,2c167999-289d-95fa-81b8-75b395eb6846,140,Influenza  split virus  trivalent  PF,136.00
2020-05-23T14:17:29Z,2c167999-289d-95fa-5c27-7d8b8d35348c,2c167999-289d-95fa-31a6-87017717981c,140,Influenza  split virus  trivalent  PF,136.00
2021-05-29T14:17:29Z,2c167999-289d-95fa-5c27-7d8b8d35348c,2c167999-289d-95fa-e12a-9f85d4183074,140,Influenza  split virus  trivalent  PF,136.00
2025-05-20T11:16:09Z,947c82ee-1735-c9ed-8210-38cb93d8070c,947c82ee-1735-c9ed-ede7-535be8d91097,140,Influenza  split virus  trivalent  PF,136.00
2022-06-04T14:17:29Z,2c167999-289d-95fa-5c27-7d8b8d35348c,2c167999-289d-95fa-17fa-2d913a361b0c,140,Influenza  split virus  trivalent  PF,136.00
2026-05-26T11:16:09Z,947c82ee-1735-c9ed-8210-38cb93d8070c,947c82ee-1735-c9ed-3548-a74bb4e22ea1,140,Influenza  split virus  trivalent  PF,136.00
2023-06-10T14:17:29Z,2c167999-289d-95fa-5c27-7d8b8d35348c,2c167999-289d-95fa-376f-07c4f3d9304d,140,Influenza  split virus  trivalent  PF,136.00
2024-06-15T14:17:29Z,2c167999-289d-95fa-5c27-7d8b8d35348c,2c167999-289d-95fa-5462-796b75ac0a66,121,zoster vaccine  live,136.00
2024-06-15T14:17:29Z,2c167999-289d-95fa-5c27-7d8b8d35348c,2c167999-289d-95fa-5462-796b75ac0a66,140,Influenza  split virus  trivalent  PF,136.00
2025-06-21T14:17:29Z,2c167999-289d-95fa-5c27-7d8b8d35348c,2c167999-289d-95fa-1427-45fb46cb5b4a,121,zoster vaccine  live,136.00
2025-06-21T14:17:29Z,2c167999-289d-95fa-5c27-7d8b8d35348c,2c167999-289d-95fa-1427-45fb46cb5b4a,140,Influenza  split virus  trivalent  PF,136.00
2025-06-21T14:17:29Z,2c167999-289d-95fa-5c27-7d8b8d35348c,2c167999-289d-95fa-1427-45fb46cb5b4a,113,Td (adult)  5 Lf tetanus toxoid  preservative free  adsorbed,136.00
2026-06-27T14:17:29Z,2c167999-289d-95fa-5c27-7d8b8d35348c,2c167999-289d-95fa-5056-bd6b381dbbcc,140,Influenza  split virus  trivalent  PF,136.00
2026-05-13T17:33:41Z,d15b23ed-02d5-3e28-efbd-2604425317c5,d15b23ed-02d5-3e28-2117-053e9f36e7c6,08,Hep B  adolescent or pediatric,136.00
2026-06-17T17:33:41Z,d15b23ed-02d5-3e28-efbd-2604425317c5,d15b23ed-02d5-3e28-5465-acca64fccc96,08,Hep B  adolescent or pediatric,136.00
2026-08-19T17:33:41Z,d15b23ed-02d5-3e28-efbd-2604425317c5,d15b23ed-02d5-3e28-f999-bceeaa78e2bc,49,Hib (PRP-OMP),136.00
2026-08-19T17:33:41Z,d15b23ed-02d5-3e28-efbd-2604425317c5,d15b23ed-02d5-3e28-f999-bceeaa78e2bc,119,rotavirus  monovalent,136.00
2026-08-19T17:33:41Z,d15b23ed-02d5-3e28-efbd-2604425317c5,d15b23ed-02d5-3e28-f999-bceeaa78e2bc,10,IPV,136.00
2026-08-19T17:33:41Z,d15b23ed-02d5-3e28-efbd-2604425317c5,d15b23ed-02d5-3e28-f999-bceeaa78e2bc,20,DTaP,136.00
2026-08-19T17:33:41Z,d15b23ed-02d5-3e28-efbd-2604425317c5,d15b23ed-02d5-3e28-f999-bceeaa78e2bc,133,Pneumococcal conjugate PCV 13,136.00
2017-04-24T08:17:08Z,c0a47dee-cc72-29ce-df5a-ea6d306c36a4,c0a47dee-cc72-29ce-a8b6-f32f3cc1754f,140,Influenza  split virus  trivalent  PF,136.00
2018-05-07T08:17:08Z,c0a47dee-cc72-29ce-df5a-ea6d306c36a4,c0a47dee-cc72-29ce-eee1-a7f77c053de4,140,Influenza  split virus  trivalent  PF,136.00
2018-05-07T08:17:08Z,c0a47dee-cc72-29ce-df5a-ea6d306c36a4,c0a47dee-cc72-29ce-eee1-a7f77c053de4,113,Td (adult)  5 Lf tetanus toxoid  preservative free  adsorbed,136.00
2021-04-12T08:17:08Z,c0a47dee-cc72-29ce-df5a-ea6d306c36a4,c0a47dee-cc72-29ce-4b7d-7236fe5cefe9,207,COVID-19  mRNA  LNP-S  PF  100 mcg/0.5mL dose or 50 mcg/0.25mL dose,136.00
2021-05-10T08:17:08Z,c0a47dee-cc72-29ce-df5a-ea6d306c36a4,c0a47dee-cc72-29ce-dc50-0865ca286def,140,Influenza  split virus  trivalent  PF,136.00
2021-05-10T08:17:08Z,c0a47dee-cc72-29ce-df5a-ea6d306c36a4,c0a47dee-cc72-29ce-dc50-0865ca286def,207,COVID-19  mRNA  LNP-S  PF  100 mcg/0.5mL dose or 50 mcg/0.25mL dose,136.00
2024-05-13T08:17:08Z,c0a47dee-cc72-29ce-df5a-ea6d306c36a4,c0a47dee-cc72-29ce-8dc7-e554cfdfc5af,140,Influenza  split virus  trivalent  PF,136.00
2017-08-16T15:31:39Z,5ba0a3f3-32f7-02b1-ec6a-8f568923954c,5ba0a3f3-32f7-02b1-7009-7262a79bd761,140,Influenza  split virus  trivalent  PF,136.00
2020-08-19T15:31:39Z,5ba0a3f3-32f7-02b1-ec6a-8f568923954c,5ba0a3f3-32f7-02b1-ceb6-73ee077c8763,140,Influenza  split virus  trivalent  PF,136.00
2020-08-19T15:31:39Z,5ba0a3f3-32f7-02b1-ec6a-8f568923954c,5ba0a3f3-32f7-02b1-ceb6-73ee077c8763,113,Td (adult)  5 Lf tetanus toxoid  preservative free  adsorbed,136.00
2020-08-19T15:31:39Z,5ba0a3f3-32f7-02b1-ec6a-8f568923954c,5ba0a3f3-32f7-02b1-ceb6-73ee077c8763,43,Hep B  adult,136.00
2020-08-19T15:31:39Z,5ba0a3f3-32f7-02b1-ec6a-8f568923954c,5ba0a3f3-32f7-02b1-ceb6-73ee077c8763,114,meningococcal MCV4P,136.00
2020-12-02T15:31:39Z,5ba0a3f3-32f7-02b1-ec6a-8f568923954c,5ba0a3f3-32f7-02b1-094a-fd50edae50dc,140,Influenza  split virus  trivalent  PF,136.00
2020-12-02T15:31:39Z,5ba0a3f3-32f7-02b1-ec6a-8f568923954c,5ba0a3f3-32f7-02b1-094a-fd50edae50dc,43,Hep B  adult,136.00
2020-12-09T15:31:39Z,5ba0a3f3-32f7-02b1-ec6a-8f568923954c,5ba0a3f3-32f7-02b1-3e80-c7af7a3c41af,140,Influenza  split virus  trivalent  PF,136.00
2020-12-09T15:31:39Z,5ba0a3f3-32f7-02b1-ec6a-8f568923954c,5ba0a3f3-32f7-02b1-3e80-c7af7a3c41af,43,Hep B  adult,136.00
2021-05-12T15:31:39Z,5ba0a3f3-32f7-02b1-ec6a-8f568923954c,5ba0a3f3-32f7-02b1-756b-d2b2346ec0a0,207,COVID-19  mRNA  LNP-S  PF  100 mcg/0.5mL dose or 50 mcg/0.25mL dose,136.00
2021-06-09T15:31:39Z,5ba0a3f3-32f7-02b1-ec6a-8f568923954c,5ba0a3f3-32f7-02b1-bdcd-f94e03f552dd,207,COVID-19  mRNA  LNP-S  PF  100 mcg/0.5mL dose or 50 mcg/0.25mL dose,136.00
2023-08-23T15:31:39Z,5ba0a3f3-32f7-02b1-ec6a-8f568923954c,5ba0a3f3-32f7-02b1-8a3f-8aad1288116f,140,Influenza  split virus  trivalent  PF,136.00
2026-08-26T15:31:39Z,5ba0a3f3-32f7-02b1-ec6a-8f568923954c,5ba0a3f3-32f7-02b1-904a-6393ae53909e,140,Influenza  split virus  trivalent  PF,136.00
2017-06-13T17:12:50Z,9661a432-4630-2cd9-142c-386845fae837,9661a432-4630-2cd9-90ee-4f956bdf0308,140,Influenza  split virus  trivalent  PF,136.00
2018-06-19T17:12:50Z,9661a432-4630-2cd9-142c-386845fae837,9661a432-4630-2cd9-09a6-17bb08da6e1c,140,Influenza  split virus  trivalent  PF,136.00
2018-06-19T17:12:50Z,9661a432-4630-2cd9-142c-386845fae837,9661a432-4630-2cd9-09a6-17bb08da6e1c,52,Hep A  adult,136.00
2019-06-25T17:12:50Z,9661a432-4630-2cd9-142c-386845fae837,9661a432-4630-2cd9-9770-d95d5a8abd5b,140,Influenza  split virus  trivalent  PF,136.00
2019-06-25T17:12:50Z,9661a432-4630-2cd9-142c-386845fae837,9661a432-4630-2cd9-9770-d95d5a8abd5b,113,Td (adult)  5 Lf tetanus toxoid  preservative free  adsorbed,136.00
2019-06-25T17:12:50Z,9661a432-4630-2cd9-142c-386845fae837,9661a432-4630-2cd9-9770-d95d5a8abd5b,52,Hep A  adult,136.00
2018-04-27T01:10:28Z,922fb35e-148d-9e82-7e65-bfa05e3b3515,922fb35e-148d-9e82-4ecc-146e6bd40444,140,Influenza  split virus  trivalent  PF,136.00
2018-04-27T01:10:28Z,922fb35e-148d-9e82-7e65-bfa05e3b3515,922fb35e-148d-9e82-4ecc-146e6bd40444,113,Td (adult)  5 Lf tetanus toxoid  preservative free  adsorbed,136.00
2020-06-30T17:12:50Z,9661a432-4630-2cd9-142c-386845fae837,9661a432-4630-2cd9-81e8-607cb51f35e7,140,Influenza  split virus  trivalent  PF,136.00
2021-05-04T17:12:50Z,9661a432-4630-2cd9-142c-386845fae837,9661a432-4630-2cd9-43ad-549ecddd03cd,208,COVID-19  mRNA  LNP-S  PF  30 mcg/0.3 mL dose,136.00
2021-05-25T17:12:50Z,9661a432-4630-2cd9-142c-386845fae837,9661a432-4630-2cd9-6d7c-5e8e00042f01,208,COVID-19  mRNA  LNP-S  PF  30 mcg/0.3 mL dose,136.00
2021-07-06T17:12:50Z,9661a432-4630-2cd9-142c-386845fae837,9661a432-4630-2cd9-1113-12a398b3137d,140,Influenza  split virus  trivalent  PF,136.00
2019-05-03T01:10:28Z,922fb35e-148d-9e82-7e65-bfa05e3b3515,922fb35e-148d-9e82-57c5-9b25e938d207,140,Influenza  split virus  trivalent  PF,136.00
2020-05-08T01:10:28Z,922fb35e-148d-9e82-7e65-bfa05e3b3515,922fb35e-148d-9e82-a359-3cbf34bac77e,140,Influenza  split virus  trivalent  PF,136.00
2020-06-26T01:10:28Z,922fb35e-148d-9e82-7e65-bfa05e3b3515,922fb35e-148d-9e82-023f-c244909ce9c1,140,Influenza  split virus  trivalent  PF,136.00
2022-02-01T17:12:50Z,9661a432-4630-2cd9-142c-386845fae837,9661a432-4630-2cd9-1f09-aa2473cd5cf7,140,Influenza  split virus  trivalent  PF,136.00
2022-05-20T01:10:28Z,922fb35e-148d-9e82-7e65-bfa05e3b3515,922fb35e-148d-9e82-dde9-aa9219a801c8,140,Influenza  split virus  trivalent  PF,136.00
2023-07-18T17:12:50Z,9661a432-4630-2cd9-142c-386845fae837,9661a432-4630-2cd9-e227-f9442b1833be,140,Influenza  split virus  trivalent  PF,136.00
2024-07-23T17:12:50Z,9661a432-4630-2cd9-142c-386845fae837,9661a432-4630-2cd9-e76d-d516d5ced61d,140,Influenza  split virus  trivalent  PF,136.00
2025-07-29T17:12:50Z,9661a432-4630-2cd9-142c-386845fae837,9661a432-4630-2cd9-fcbc-723842f5a8dd,140,Influenza  split virus  trivalent  PF,136.00
2026-08-04T17:12:50Z,9661a432-4630-2cd9-142c-386845fae837,9661a432-4630-2cd9-716e-2eca6e91897d,140,Influenza  split virus  trivalent  PF,136.00
2023-05-26T01:10:28Z,922fb35e-148d-9e82-7e65-bfa05e3b3515,922fb35e-148d-9e82-b1bd-41e6918238ff,140,Influenza  split virus  trivalent  PF,136.00
2024-05-31T01:10:28Z,922fb35e-148d-9e82-7e65-bfa05e3b3515,922fb35e-148d-9e82-db14-9a78b3b243c1,140,Influenza  split virus  trivalent  PF,136.00
2025-06-06T01:10:28Z,922fb35e-148d-9e82-7e65-bfa05e3b3515,922fb35e-148d-9e82-289a-63e7b05c47fe,140,Influenza  split virus  trivalent  PF,136.00
2026-06-12T01:10:28Z,922fb35e-148d-9e82-7e65-bfa05e3b3515,922fb35e-148d-9e82-fcb9-3224ffc37ae1,140,Influenza  split virus  trivalent  PF,136.00
2016-12-24T03:53:24Z,f95a6723-14a5-c4b6-78df-fa97f7ab361c,f95a6723-14a5-c4b6-cade-790b7ebd56ee,140,Influenza  split virus  trivalent  PF,136.00
2017-12-30T03:53:24Z,f95a6723-14a5-c4b6-78df-fa97f7ab361c,f95a6723-14a5-c4b6-a71a-a8af4345111b,140,Influenza  split virus  trivalent  PF,136.00
2017-12-30T03:53:24Z,f95a6723-14a5-c4b6-78df-fa97f7ab361c,f95a6723-14a5-c4b6-a71a-a8af4345111b,113,Td (adult)  5 Lf tetanus toxoid  preservative free  adsorbed,136.00
2019-01-05T03:53:24Z,f95a6723-14a5-c4b6-78df-fa97f7ab361c,f95a6723-14a5-c4b6-3c7e-d9c41e3a0289,140,Influenza  split virus  trivalent  PF,136.00
2020-01-11T03:53:24Z,f95a6723-14a5-c4b6-78df-fa97f7ab361c,f95a6723-14a5-c4b6-1fe6-5f2cb12e0074,140,Influenza  split virus  trivalent  PF,136.00
2021-01-16T03:53:24Z,f95a6723-14a5-c4b6-78df-fa97f7ab361c,f95a6723-14a5-c4b6-0e5f-112ee7e36ebf,140,Influenza  split virus  trivalent  PF,136.00
2021-08-07T03:53:24Z,f95a6723-14a5-c4b6-78df-fa97f7ab361c,f95a6723-14a5-c4b6-fa85-8bb486d00707,208,COVID-19  mRNA  LNP-S  PF  30 mcg/0.3 mL dose,136.00
2021-08-28T03:53:24Z,f95a6723-14a5-c4b6-78df-fa97f7ab361c,f95a6723-14a5-c4b6-67b6-23ffb7ddfab6,208,COVID-19  mRNA  LNP-S  PF  30 mcg/0.3 mL dose,136.00
2022-01-22T03:53:24Z,f95a6723-14a5-c4b6-78df-fa97f7ab361c,f95a6723-14a5-c4b6-9273-f3997afef4da,140,Influenza  split virus  trivalent  PF,136.00
2023-01-28T03:53:24Z,f95a6723-14a5-c4b6-78df-fa97f7ab361c,f95a6723-14a5-c4b6-d99d-10fdc4ee9e0d,140,Influenza  split virus  trivalent  PF,136.00
2024-02-03T03:53:24Z,f95a6723-14a5-c4b6-78df-fa97f7ab361c,f95a6723-14a5-c4b6-6aee-0225b2fd56c7,140,Influenza  split virus  trivalent  PF,136.00
2025-02-08T03:53:24Z,f95a6723-14a5-c4b6-78df-fa97f7ab361c,f95a6723-14a5-c4b6-f224-5fb2e524e8ac,140,Influenza  split virus  trivalent  PF,136.00
2026-02-14T03:53:24Z,f95a6723-14a5-c4b6-78df-fa97f7ab361c,f95a6723-14a5-c4b6-a697-e34ff43a2a11,140,Influenza  split virus  trivalent  PF,136.00
2017-09-18T09:02:05Z,7b06ee52-df9a-8487-0be6-dff27cc7d519,7b06ee52-df9a-8487-f4db-0fff6a0a7686,140,Influenza  split virus  trivalent  PF,136.00
2017-09-18T09:02:05Z,7b06ee52-df9a-8487-0be6-dff27cc7d519,7b06ee52-df9a-8487-f4db-0fff6a0a7686,114,meningococcal MCV4P,136.00
2018-09-24T09:02:05Z,7b06ee52-df9a-8487-0be6-dff27cc7d519,7b06ee52-df9a-8487-3f14-da72e48b41d1,140,Influenza  split virus  trivalent  PF,136.00
2019-09-30T09:02:05Z,7b06ee52-df9a-8487-0be6-dff27cc7d519,7b06ee52-df9a-8487-4ceb-76cd7a818c4c,140,Influenza  split virus  trivalent  PF,136.00
2020-10-05T09:02:05Z,7b06ee52-df9a-8487-0be6-dff27cc7d519,7b06ee52-df9a-8487-1a42-fc88825cb8bc,140,Influenza  split virus  trivalent  PF,136.00
2023-10-09T09:02:05Z,7b06ee52-df9a-8487-0be6-dff27cc7d519,7b06ee52-df9a-8487-3979-5fd68a6edced,140,Influenza  split virus  trivalent  PF,136.00
2023-10-09T09:02:05Z,7b06ee52-df9a-8487-0be6-dff27cc7d519,7b06ee52-df9a-8487-3979-5fd68a6edced,113,Td (adult)  5 Lf tetanus toxoid  preservative free  adsorbed,136.00
2023-10-09T09:02:05Z,7b06ee52-df9a-8487-0be6-dff27cc7d519,7b06ee52-df9a-8487-3979-5fd68a6edced,43,Hep B  adult,136.00
2023-10-09T09:02:05Z,7b06ee52-df9a-8487-0be6-dff27cc7d519,7b06ee52-df9a-8487-3979-5fd68a6edced,114,meningococcal MCV4P,136.00
2017-02-19T20:20:24Z,4aaa0001-3832-cc52-e2f3-47aad08f4284,4aaa0001-3832-cc52-17d0-53bcfe860d79,115,Tdap,136.00
2017-02-19T20:20:24Z,4aaa0001-3832-cc52-e2f3-47aad08f4284,4aaa0001-3832-cc52-17d0-53bcfe860d79,140,Influenza  split virus  trivalent  PF,136.00
2017-02-19T20:20:24Z,4aaa0001-3832-cc52-e2f3-47aad08f4284,4aaa0001-3832-cc52-17d0-53bcfe860d79,62,HPV  quadrivalent,136.00
2017-02-19T20:20:24Z,4aaa0001-3832-cc52-e2f3-47aad08f4284,4aaa0001-3832-cc52-17d0-53bcfe860d79,114,meningococcal MCV4P,136.00
2018-02-25T20:20:24Z,4aaa0001-3832-cc52-e2f3-47aad08f4284,4aaa0001-3832-cc52-dad8-70a801ef5860,140,Influenza  split virus  trivalent  PF,136.00
2018-02-25T20:20:24Z,4aaa0001-3832-cc52-e2f3-47aad08f4284,4aaa0001-3832-cc52-dad8-70a801ef5860,62,HPV  quadrivalent,136.00
2019-03-03T20:20:24Z,4aaa0001-3832-cc52-e2f3-47aad08f4284,4aaa0001-3832-cc52-d156-eb321de8e88d,140,Influenza  split virus  trivalent  PF,136.00
2019-03-03T20:20:24Z,4aaa0001-3832-cc52-e2f3-47aad08f4284,4aaa0001-3832-cc52-d156-eb321de8e88d,62,HPV  quadrivalent,136.00
2020-03-08T20:20:24Z,4aaa0001-3832-cc52-e2f3-47aad08f4284,4aaa0001-3832-cc52-3dab-731795cc06b5,140,Influenza  split virus  trivalent  PF,136.00
2018-06-20T01:13:31Z,b6a1cac9-8873-36a7-e726-4aad8a07d44d,b6a1cac9-8873-36a7-4cf6-3c63d81b6c85,140,Influenza  split virus  trivalent  PF,136.00
2019-01-02T01:13:31Z,b6a1cac9-8873-36a7-e726-4aad8a07d44d,b6a1cac9-8873-36a7-8923-c606579758d3,140,Influenza  split virus  trivalent  PF,136.00
2021-03-14T20:20:24Z,4aaa0001-3832-cc52-e2f3-47aad08f4284,4aaa0001-3832-cc52-2182-8b2c4cc79297,140,Influenza  split virus  trivalent  PF,136.00
2021-08-08T20:20:24Z,4aaa0001-3832-cc52-e2f3-47aad08f4284,4aaa0001-3832-cc52-0de6-aa12c86131b2,207,COVID-19  mRNA  LNP-S  PF  100 mcg/0.5mL dose or 50 mcg/0.25mL dose,136.00
2021-09-05T20:20:24Z,4aaa0001-3832-cc52-e2f3-47aad08f4284,4aaa0001-3832-cc52-5252-81b8599b03d3,207,COVID-19  mRNA  LNP-S  PF  100 mcg/0.5mL dose or 50 mcg/0.25mL dose,136.00
2022-03-20T20:20:24Z,4aaa0001-3832-cc52-e2f3-47aad08f4284,4aaa0001-3832-cc52-84c0-f1c82da06d7f,140,Influenza  split virus  trivalent  PF,136.00
2022-03-20T20:20:24Z,4aaa0001-3832-cc52-e2f3-47aad08f4284,4aaa0001-3832-cc52-84c0-f1c82da06d7f,114,meningococcal MCV4P,136.00
2021-04-14T01:13:31Z,b6a1cac9-8873-36a7-e726-4aad8a07d44d,b6a1cac9-8873-36a7-2f28-e489bbf0cf21,207,COVID-19  mRNA  LNP-S  PF  100 mcg/0.5mL dose or 50 mcg/0.25mL dose,136.00
2021-05-12T01:13:31Z,b6a1cac9-8873-36a7-e726-4aad8a07d44d,b6a1cac9-8873-36a7-3d9a-fddd307d5d1a,207,COVID-19  mRNA  LNP-S  PF  100 mcg/0.5mL dose or 50 mcg/0.25mL dose,136.00
2021-06-23T01:13:31Z,b6a1cac9-8873-36a7-e726-4aad8a07d44d,b6a1cac9-8873-36a7-3e95-28cba1f659d1,140,Influenza  split virus  trivalent  PF,136.00
2022-11-06T20:20:24Z,4aaa0001-3832-cc52-e2f3-47aad08f4284,4aaa0001-3832-cc52-9fcc-6ae4160379ac,140,Influenza  split virus  trivalent  PF,136.00
2024-06-26T01:13:31Z,b6a1cac9-8873-36a7-e726-4aad8a07d44d,b6a1cac9-8873-36a7-f6a2-9ff1e861518f,140,Influenza  split virus  trivalent  PF,136.00
2024-06-26T01:13:31Z,b6a1cac9-8873-36a7-e726-4aad8a07d44d,b6a1cac9-8873-36a7-f6a2-9ff1e861518f,113,Td (adult)  5 Lf tetanus toxoid  preservative free  adsorbed,136.00
2024-11-20T01:13:31Z,b6a1cac9-8873-36a7-e726-4aad8a07d44d,b6a1cac9-8873-36a7-6a80-daa500e4b95d,140,Influenza  split virus  trivalent  PF,136.00
2025-02-26T01:13:31Z,b6a1cac9-8873-36a7-e726-4aad8a07d44d,b6a1cac9-8873-36a7-e43d-2efe0b5bcfc3,140,Influenza  split virus  trivalent  PF,136.00
2024-03-31T20:20:24Z,4aaa0001-3832-cc52-e2f3-47aad08f4284,4aaa0001-3832-cc52-bb4f-e1ccb2819204,140,Influenza  split virus  trivalent  PF,136.00
2025-04-06T20:20:24Z,4aaa0001-3832-cc52-e2f3-47aad08f4284,4aaa0001-3832-cc52-a8af-64695e4bb31e,140,Influenza  split virus  trivalent  PF,136.00
2017-08-30T08:16:28Z,f32a088b-988b-d7d5-008b-89ea4ed1fc48,f32a088b-988b-d7d5-e641-9c381616f4dd,115,Tdap,136.00
2017-08-30T08:16:28Z,f32a088b-988b-d7d5-008b-89ea4ed1fc48,f32a088b-988b-d7d5-e641-9c381616f4dd,140,Influenza  split virus  trivalent  PF,136.00
2017-08-30T08:16:28Z,f32a088b-988b-d7d5-008b-89ea4ed1fc48,f32a088b-988b-d7d5-e641-9c381616f4dd,62,HPV  quadrivalent,136.00
2017-08-30T08:16:28Z,f32a088b-988b-d7d5-008b-89ea4ed1fc48,f32a088b-988b-d7d5-e641-9c381616f4dd,114,meningococcal MCV4P,136.00
2018-01-31T08:16:28Z,f32a088b-988b-d7d5-008b-89ea4ed1fc48,f32a088b-988b-d7d5-268b-5899f922401b,62,HPV  quadrivalent,136.00
2018-07-25T08:16:28Z,f32a088b-988b-d7d5-008b-89ea4ed1fc48,f32a088b-988b-d7d5-0c77-387f13c46594,140,Influenza  split virus  trivalent  PF,136.00
2018-07-25T08:16:28Z,f32a088b-988b-d7d5-008b-89ea4ed1fc48,f32a088b-988b-d7d5-0c77-387f13c46594,62,HPV  quadrivalent,136.00
2019-09-11T08:16:28Z,f32a088b-988b-d7d5-008b-89ea4ed1fc48,f32a088b-988b-d7d5-0814-92fa891e3649,140,Influenza  split virus  trivalent  PF,136.00
2020-09-16T08:16:28Z,f32a088b-988b-d7d5-008b-89ea4ed1fc48,f32a088b-988b-d7d5-cc1e-8ca77332d58c,140,Influenza  split virus  trivalent  PF,136.00
2021-06-09T08:16:28Z,f32a088b-988b-d7d5-008b-89ea4ed1fc48,f32a088b-988b-d7d5-e9a4-bdcb0d6b3eb8,208,COVID-19  mRNA  LNP-S  PF  30 mcg/0.3 mL dose,136.00
2021-06-30T08:16:28Z,f32a088b-988b-d7d5-008b-89ea4ed1fc48,f32a088b-988b-d7d5-0a9a-26cb4402c112,208,COVID-19  mRNA  LNP-S  PF  30 mcg/0.3 mL dose,136.00
2021-09-22T08:16:28Z,f32a088b-988b-d7d5-008b-89ea4ed1fc48,f32a088b-988b-d7d5-90c8-2a7db414e3af,140,Influenza  split virus  trivalent  PF,136.00
2022-09-28T08:16:28Z,f32a088b-988b-d7d5-008b-89ea4ed1fc48,f32a088b-988b-d7d5-e366-31ac3abfd846,140,Influenza  split virus  trivalent  PF,136.00
2022-09-28T08:16:28Z,f32a088b-988b-d7d5-008b-89ea4ed1fc48,f32a088b-988b-d7d5-e366-31ac3abfd846,114,meningococcal MCV4P,136.00
2023-10-04T08:16:28Z,f32a088b-988b-d7d5-008b-89ea4ed1fc48,f32a088b-988b-d7d5-190a-034f5309d42c,140,Influenza  split virus  trivalent  PF,136.00
2024-10-09T08:16:28Z,f32a088b-988b-d7d5-008b-89ea4ed1fc48,f32a088b-988b-d7d5-167a-a56bc87c149c,140,Influenza  split virus  trivalent  PF,136.00
2025-10-15T08:16:28Z,f32a088b-988b-d7d5-008b-89ea4ed1fc48,f32a088b-988b-d7d5-39aa-6f86b7a383ed,140,Influenza  split virus  trivalent  PF,136.00
2017-02-22T11:41:36Z,d20bc0bc-3051-ae6f-f391-ceec7ec0370f,d20bc0bc-3051-ae6f-aca1-1ec380d209cb,140,Influenza  split virus  trivalent  PF,136.00
2018-03-21T11:41:36Z,d20bc0bc-3051-ae6f-f391-ceec7ec0370f,d20bc0bc-3051-ae6f-b67c-7c2534f9c19f,140,Influenza  split virus  trivalent  PF,136.00
2019-03-27T11:41:36Z,d20bc0bc-3051-ae6f-f391-ceec7ec0370f,d20bc0bc-3051-ae6f-6362-d23526db5498,140,Influenza  split virus  trivalent  PF,136.00
2020-04-01T11:41:36Z,d20bc0bc-3051-ae6f-f391-ceec7ec0370f,d20bc0bc-3051-ae6f-9086-d4368a580342,140,Influenza  split virus  trivalent  PF,136.00
2021-04-07T11:41:36Z,d20bc0bc-3051-ae6f-f391-ceec7ec0370f,d20bc0bc-3051-ae6f-c91e-7c8a6d0b3a62,115,Tdap,136.00
2021-04-07T11:41:36Z,d20bc0bc-3051-ae6f-f391-ceec7ec0370f,d20bc0bc-3051-ae6f-c91e-7c8a6d0b3a62,140,Influenza  split virus  trivalent  PF,136.00
2021-04-07T11:41:36Z,d20bc0bc-3051-ae6f-f391-ceec7ec0370f,d20bc0bc-3051-ae6f-c91e-7c8a6d0b3a62,62,HPV  quadrivalent,136.00
2021-04-07T11:41:36Z,d20bc0bc-3051-ae6f-f391-ceec7ec0370f,d20bc0bc-3051-ae6f-c91e-7c8a6d0b3a62,114,meningococcal MCV4P,136.00
2022-04-13T11:41:36Z,d20bc0bc-3051-ae6f-f391-ceec7ec0370f,d20bc0bc-3051-ae6f-98c8-07216cc83315,140,Influenza  split virus  trivalent  PF,136.00
2022-04-13T11:41:36Z,d20bc0bc-3051-ae6f-f391-ceec7ec0370f,d20bc0bc-3051-ae6f-98c8-07216cc83315,62,HPV  quadrivalent,136.00
2023-04-19T11:41:36Z,d20bc0bc-3051-ae6f-f391-ceec7ec0370f,d20bc0bc-3051-ae6f-1d6e-9a1ba7cf42c7,140,Influenza  split virus  trivalent  PF,136.00
2023-04-19T11:41:36Z,d20bc0bc-3051-ae6f-f391-ceec7ec0370f,d20bc0bc-3051-ae6f-1d6e-9a1ba7cf42c7,62,HPV  quadrivalent,136.00
2024-04-24T11:41:36Z,d20bc0bc-3051-ae6f-f391-ceec7ec0370f,d20bc0bc-3051-ae6f-36f4-cb96225503e9,140,Influenza  split virus  trivalent  PF,136.00
2025-04-30T11:41:36Z,d20bc0bc-3051-ae6f-f391-ceec7ec0370f,d20bc0bc-3051-ae6f-26dc-39ec9c1e7a83,140,Influenza  split virus  trivalent  PF,136.00
2026-05-06T11:41:36Z,d20bc0bc-3051-ae6f-f391-ceec7ec0370f,d20bc0bc-3051-ae6f-14e5-eaf6764e345e,140,Influenza  split virus  trivalent  PF,136.00
2026-05-06T11:41:36Z,d20bc0bc-3051-ae6f-f391-ceec7ec0370f,d20bc0bc-3051-ae6f-14e5-eaf6764e345e,114,meningococcal MCV4P,136.00
2025-02-23T06:17:02Z,7512bbb4-b22b-0979-6edc-389e16607ac7,7512bbb4-b22b-0979-f6c8-54e7105cf950,08,Hep B  adolescent or pediatric,136.00
2025-03-30T06:17:02Z,7512bbb4-b22b-0979-6edc-389e16607ac7,7512bbb4-b22b-0979-4c7a-78f3dc6e0c2e,08,Hep B  adolescent or pediatric,136.00
2025-06-01T06:17:02Z,7512bbb4-b22b-0979-6edc-389e16607ac7,7512bbb4-b22b-0979-a5b0-c21f1fac4d0c,49,Hib (PRP-OMP),136.00
2025-06-01T06:17:02Z,7512bbb4-b22b-0979-6edc-389e16607ac7,7512bbb4-b22b-0979-a5b0-c21f1fac4d0c,119,rotavirus  monovalent,136.00
2025-06-01T06:17:02Z,7512bbb4-b22b-0979-6edc-389e16607ac7,7512bbb4-b22b-0979-a5b0-c21f1fac4d0c,10,IPV,136.00
2025-06-01T06:17:02Z,7512bbb4-b22b-0979-6edc-389e16607ac7,7512bbb4-b22b-0979-a5b0-c21f1fac4d0c,20,DTaP,136.00
2025-06-01T06:17:02Z,7512bbb4-b22b-0979-6edc-389e16607ac7,7512bbb4-b22b-0979-a5b0-c21f1fac4d0c,133,Pneumococcal conjugate PCV 13,136.00
2025-08-03T06:17:02Z,7512bbb4-b22b-0979-6edc-389e16607ac7,7512bbb4-b22b-0979-efb1-b29b03393e01,49,Hib (PRP-OMP),136.00
2025-08-03T06:17:02Z,7512bbb4-b22b-0979-6edc-389e16607ac7,7512bbb4-b22b-0979-efb1-b29b03393e01,119,rotavirus  monovalent,136.00
2025-08-03T06:17:02Z,7512bbb4-b22b-0979-6edc-389e16607ac7,7512bbb4-b22b-0979-efb1-b29b03393e01,10,IPV,136.00
2025-08-03T06:17:02Z,7512bbb4-b22b-0979-6edc-389e16607ac7,7512bbb4-b22b-0979-efb1-b29b03393e01,20,DTaP,136.00
2025-08-03T06:17:02Z,7512bbb4-b22b-0979-6edc-389e16607ac7,7512bbb4-b22b-0979-efb1-b29b03393e01,133,Pneumococcal conjugate PCV 13,136.00
2025-11-02T06:17:02Z,7512bbb4-b22b-0979-6edc-389e16607ac7,7512bbb4-b22b-0979-dd47-1aaa49d49f04,10,IPV,136.00
2025-11-02T06:17:02Z,7512bbb4-b22b-0979-6edc-389e16607ac7,7512bbb4-b22b-0979-dd47-1aaa49d49f04,140,Influenza  split virus  trivalent  PF,136.00
2025-11-02T06:17:02Z,7512bbb4-b22b-0979-6edc-389e16607ac7,7512bbb4-b22b-0979-dd47-1aaa49d49f04,20,DTaP,136.00
2025-11-02T06:17:02Z,7512bbb4-b22b-0979-6edc-389e16607ac7,7512bbb4-b22b-0979-dd47-1aaa49d49f04,133,Pneumococcal conjugate PCV 13,136.00
2025-11-02T06:17:02Z,7512bbb4-b22b-0979-6edc-389e16607ac7,7512bbb4-b22b-0979-dd47-1aaa49d49f04,08,Hep B  adolescent or pediatric,136.00
2026-05-03T06:17:02Z,7512bbb4-b22b-0979-6edc-389e16607ac7,7512bbb4-b22b-0979-d1db-7a335173f6ca,49,Hib (PRP-OMP),136.00
2026-05-03T06:17:02Z,7512bbb4-b22b-0979-6edc-389e16607ac7,7512bbb4-b22b-0979-d1db-7a335173f6ca,21,varicella,136.00
2026-05-03T06:17:02Z,7512bbb4-b22b-0979-6edc-389e16607ac7,7512bbb4-b22b-0979-d1db-7a335173f6ca,03,MMR,136.00
2026-05-03T06:17:02Z,7512bbb4-b22b-0979-6edc-389e16607ac7,7512bbb4-b22b-0979-d1db-7a335173f6ca,133,Pneumococcal conjugate PCV 13,136.00
2026-05-03T06:17:02Z,7512bbb4-b22b-0979-6edc-389e16607ac7,7512bbb4-b22b-0979-d1db-7a335173f6ca,83,Hep A  ped/adol  2 dose,136.00
2026-08-02T06:17:02Z,7512bbb4-b22b-0979-6edc-389e16607ac7,7512bbb4-b22b-0979-04bb-509a75b207a9,20,DTaP,136.00
2017-01-10T22:22:55Z,080b069b-5108-46b6-ecef-6aacd3b9ef3f,080b069b-5108-46b6-f071-7a4b07253626,121,zoster vaccine  live,136.00
2017-01-10T22:22:55Z,080b069b-5108-46b6-ecef-6aacd3b9ef3f,080b069b-5108-46b6-f071-7a4b07253626,140,Influenza  split virus  trivalent  PF,136.00
2018-01-16T22:22:55Z,080b069b-5108-46b6-ecef-6aacd3b9ef3f,080b069b-5108-46b6-4d25-70bf998824a1,121,zoster vaccine  live,136.00
2018-01-16T22:22:55Z,080b069b-5108-46b6-ecef-6aacd3b9ef3f,080b069b-5108-46b6-4d25-70bf998824a1,140,Influenza  split virus  trivalent  PF,136.00
2018-01-16T22:22:55Z,080b069b-5108-46b6-ecef-6aacd3b9ef3f,080b069b-5108-46b6-4d25-70bf998824a1,113,Td (adult)  5 Lf tetanus toxoid  preservative free  adsorbed,136.00
2017-03-16T10:53:11Z,5c39a9da-6fb0-3cbb-0181-add875529d46,5c39a9da-6fb0-3cbb-9446-f792dbb34cea,140,Influenza  split virus  trivalent  PF,136.00
2018-01-04T10:53:11Z,5c39a9da-6fb0-3cbb-0181-add875529d46,5c39a9da-6fb0-3cbb-1fec-3cad5ad19812,140,Influenza  split virus  trivalent  PF,136.00
2019-01-22T22:22:55Z,080b069b-5108-46b6-ecef-6aacd3b9ef3f,080b069b-5108-46b6-8737-eb303fc94271,140,Influenza  split virus  trivalent  PF,136.00
2019-03-28T10:53:11Z,5c39a9da-6fb0-3cbb-0181-add875529d46,5c39a9da-6fb0-3cbb-1a5d-b471d3770f58,140,Influenza  split virus  trivalent  PF,136.00
2020-04-02T10:53:11Z,5c39a9da-6fb0-3cbb-0181-add875529d46,5c39a9da-6fb0-3cbb-617d-30f62b1ae1b4,140,Influenza  split virus  trivalent  PF,136.00
2019-12-10T22:22:55Z,080b069b-5108-46b6-ecef-6aacd3b9ef3f,080b069b-5108-46b6-53e8-542c6d0d941c,140,Influenza  split virus  trivalent  PF,136.00
2021-02-02T22:22:55Z,080b069b-5108-46b6-ecef-6aacd3b9ef3f,080b069b-5108-46b6-4e5e-07b57dd35af5,140,Influenza  split virus  trivalent  PF,136.00
2021-09-14T22:22:55Z,080b069b-5108-46b6-ecef-6aacd3b9ef3f,080b069b-5108-46b6-c708-1ce188024b45,207,COVID-19  mRNA  LNP-S  PF  100 mcg/0.5mL dose or 50 mcg/0.25mL dose,136.00
2021-10-12T22:22:55Z,080b069b-5108-46b6-ecef-6aacd3b9ef3f,080b069b-5108-46b6-fc07-bd864540588a,207,COVID-19  mRNA  LNP-S  PF  100 mcg/0.5mL dose or 50 mcg/0.25mL dose,136.00
2022-02-08T22:22:55Z,080b069b-5108-46b6-ecef-6aacd3b9ef3f,080b069b-5108-46b6-87d5-f8d50ccb49f0,140,Influenza  split virus  trivalent  PF,136.00
2023-02-14T22:22:55Z,080b069b-5108-46b6-ecef-6aacd3b9ef3f,080b069b-5108-46b6-8ec3-8261b73d47ab,140,Influenza  split virus  trivalent  PF,136.00
2024-02-20T22:22:55Z,080b069b-5108-46b6-ecef-6aacd3b9ef3f,080b069b-5108-46b6-50b7-ea13d11c6aee,140,Influenza  split virus  trivalent  PF,136.00
2025-02-25T22:22:55Z,080b069b-5108-46b6-ecef-6aacd3b9ef3f,080b069b-5108-46b6-576a-a4c6f899fcb1,140,Influenza  split virus  trivalent  PF,136.00
2026-03-03T22:22:55Z,080b069b-5108-46b6-ecef-6aacd3b9ef3f,080b069b-5108-46b6-f007-537fb2217fb7,140,Influenza  split virus  trivalent  PF,136.00
2022-04-07T10:53:11Z,5c39a9da-6fb0-3cbb-0181-add875529d46,5c39a9da-6fb0-3cbb-fd7e-6293bd1a2614,115,Tdap,136.00
2022-04-07T10:53:11Z,5c39a9da-6fb0-3cbb-0181-add875529d46,5c39a9da-6fb0-3cbb-fd7e-6293bd1a2614,140,Influenza  split virus  trivalent  PF,136.00
2022-04-07T10:53:11Z,5c39a9da-6fb0-3cbb-0181-add875529d46,5c39a9da-6fb0-3cbb-fd7e-6293bd1a2614,62,HPV  quadrivalent,136.00
2022-04-07T10:53:11Z,5c39a9da-6fb0-3cbb-0181-add875529d46,5c39a9da-6fb0-3cbb-fd7e-6293bd1a2614,114,meningococcal MCV4P,136.00
2023-04-13T10:53:11Z,5c39a9da-6fb0-3cbb-0181-add875529d46,5c39a9da-6fb0-3cbb-8894-f8b38e05a6f3,140,Influenza  split virus  trivalent  PF,136.00
2023-04-13T10:53:11Z,5c39a9da-6fb0-3cbb-0181-add875529d46,5c39a9da-6fb0-3cbb-8894-f8b38e05a6f3,62,HPV  quadrivalent,136.00
2023-05-11T10:53:11Z,5c39a9da-6fb0-3cbb-0181-add875529d46,5c39a9da-6fb0-3cbb-ff49-b85f9e440b0a,207,COVID-19  mRNA  LNP-S  PF  100 mcg/0.5mL dose or 50 mcg/0.25mL dose,136.00
2023-06-08T10:53:11Z,5c39a9da-6fb0-3cbb-0181-add875529d46,5c39a9da-6fb0-3cbb-eece-757baf0667af,207,COVID-19  mRNA  LNP-S  PF  100 mcg/0.5mL dose or 50 mcg/0.25mL dose,136.00
2024-04-18T10:53:11Z,5c39a9da-6fb0-3cbb-0181-add875529d46,5c39a9da-6fb0-3cbb-65e2-567da565db60,140,Influenza  split virus  trivalent  PF,136.00
2024-04-18T10:53:11Z,5c39a9da-6fb0-3cbb-0181-add875529d46,5c39a9da-6fb0-3cbb-65e2-567da565db60,62,HPV  quadrivalent,136.00
2025-04-24T10:53:11Z,5c39a9da-6fb0-3cbb-0181-add875529d46,5c39a9da-6fb0-3cbb-84e4-d4f01e4a0353,140,Influenza  split virus  trivalent  PF,136.00
2026-04-09T10:53:11Z,5c39a9da-6fb0-3cbb-0181-add875529d46,5c39a9da-6fb0-3cbb-2dcf-109f77e14b4c,140,Influenza  split virus  trivalent  PF,136.00
2008-03-21T17:51:43Z,f999ef25-a612-87c9-206f-aacc9d469dc8,f999ef25-a612-87c9-78cc-65b1f6ab7486,140,Influenza  split virus  trivalent  PF,136.00
2017-07-20T03:59:29Z,6aed9210-c500-4375-b0fc-3374c40b8591,6aed9210-c500-4375-df07-4b2093d61730,140,Influenza  split virus  trivalent  PF,136.00
2018-07-26T03:59:29Z,6aed9210-c500-4375-b0fc-3374c40b8591,6aed9210-c500-4375-ed3f-ed628b161286,140,Influenza  split virus  trivalent  PF,136.00
2019-08-01T03:59:29Z,6aed9210-c500-4375-b0fc-3374c40b8591,6aed9210-c500-4375-308c-8f4e665e1a1a,140,Influenza  split virus  trivalent  PF,136.00
2020-08-06T03:59:29Z,6aed9210-c500-4375-b0fc-3374c40b8591,6aed9210-c500-4375-6edf-31f5793268c6,140,Influenza  split virus  trivalent  PF,136.00
2009-10-02T17:51:43Z,f999ef25-a612-87c9-206f-aacc9d469dc8,f999ef25-a612-87c9-01d1-e703179df6bf,140,Influenza  split virus  trivalent  PF,136.00
2021-08-12T03:59:29Z,6aed9210-c500-4375-b0fc-3374c40b8591,6aed9210-c500-4375-972e-6acaee9b12b5,140,Influenza  split virus  trivalent  PF,136.00
2021-08-12T03:59:29Z,6aed9210-c500-4375-b0fc-3374c40b8591,6aed9210-c500-4375-972e-6acaee9b12b5,212,COVID-19 vaccine  vector-nr  rS-Ad26  PF  0.5 mL,136.00
2022-02-10T03:59:29Z,6aed9210-c500-4375-b0fc-3374c40b8591,6aed9210-c500-4375-1447-57b890e520f3,140,Influenza  split virus  trivalent  PF,136.00
2010-12-10T17:51:43Z,f999ef25-a612-87c9-206f-aacc9d469dc8,f999ef25-a612-87c9-1870-60b352fcb4f0,140,Influenza  split virus  trivalent  PF,136.00
2023-08-24T03:59:29Z,6aed9210-c500-4375-b0fc-3374c40b8591,6aed9210-c500-4375-0de1-d13e4c9e232b,140,Influenza  split virus  trivalent  PF,136.00
2024-08-29T03:59:29Z,6aed9210-c500-4375-b0fc-3374c40b8591,6aed9210-c500-4375-666f-517070946714,140,Influenza  split virus  trivalent  PF,136.00
2011-12-16T17:51:43Z,f999ef25-a612-87c9-206f-aacc9d469dc8,f999ef25-a612-87c9-c3c8-42ee780b0fe4,140,Influenza  split virus  trivalent  PF,136.00
2025-09-04T03:59:29Z,6aed9210-c500-4375-b0fc-3374c40b8591,6aed9210-c500-4375-4f75-a4efa80c3355,140,Influenza  split virus  trivalent  PF,136.00
2026-09-10T03:59:29Z,6aed9210-c500-4375-b0fc-3374c40b8591,6aed9210-c500-4375-9bf9-c43e9e3e04bc,140,Influenza  split virus  trivalent  PF,136.00
2026-09-10T03:59:29Z,6aed9210-c500-4375-b0fc-3374c40b8591,6aed9210-c500-4375-9bf9-c43e9e3e04bc,113,Td (adult)  5 Lf tetanus toxoid  preservative free  adsorbed,136.00
2012-10-05T17:51:43Z,f999ef25-a612-87c9-206f-aacc9d469dc8,f999ef25-a612-87c9-e8d7-45d3a95d2010,140,Influenza  split virus  trivalent  PF,136.00
2013-12-06T17:51:43Z,f999ef25-a612-87c9-206f-aacc9d469dc8,f999ef25-a612-87c9-be0c-01177c504f2b,140,Influenza  split virus  trivalent  PF,136.00
2015-01-09T17:51:43Z,f999ef25-a612-87c9-206f-aacc9d469dc8,f999ef25-a612-87c9-6c40-1401e40393d8,140,Influenza  split virus  trivalent  PF,136.00
2016-10-12T17:25:33Z,79021b82-f370-50bb-c5a1-7333816d683f,79021b82-f370-50bb-d96f-a45c913fd0f2,140,Influenza  split virus  trivalent  PF,136.00
2017-06-21T17:25:33Z,79021b82-f370-50bb-c5a1-7333816d683f,79021b82-f370-50bb-a182-31f7e8e38690,21,varicella,136.00
2017-06-21T17:25:33Z,79021b82-f370-50bb-c5a1-7333816d683f,79021b82-f370-50bb-a182-31f7e8e38690,10,IPV,136.00
2017-06-21T17:25:33Z,79021b82-f370-50bb-c5a1-7333816d683f,79021b82-f370-50bb-a182-31f7e8e38690,20,DTaP,136.00
2017-06-21T17:25:33Z,79021b82-f370-50bb-c5a1-7333816d683f,79021b82-f370-50bb-a182-31f7e8e38690,03,MMR,136.00
2018-02-28T17:25:33Z,79021b82-f370-50bb-c5a1-7333816d683f,79021b82-f370-50bb-d8dd-61867d73dfb2,140,Influenza  split virus  trivalent  PF,136.00
2019-03-06T17:25:33Z,79021b82-f370-50bb-c5a1-7333816d683f,79021b82-f370-50bb-ffe3-926f0338f86d,140,Influenza  split virus  trivalent  PF,136.00
2019-10-23T17:25:33Z,79021b82-f370-50bb-c5a1-7333816d683f,79021b82-f370-50bb-f3aa-6955d447bccd,140,Influenza  split virus  trivalent  PF,136.00
2016-01-15T17:51:43Z,f999ef25-a612-87c9-206f-aacc9d469dc8,f999ef25-a612-87c9-7556-d976bb49dbe9,140,Influenza  split virus  trivalent  PF,136.00
2021-03-17T17:25:33Z,79021b82-f370-50bb-c5a1-7333816d683f,79021b82-f370-50bb-16e0-ed172c5aefe8,140,Influenza  split virus  trivalent  PF,136.00
2017-01-20T17:51:43Z,f999ef25-a612-87c9-206f-aacc9d469dc8,f999ef25-a612-87c9-0c51-928f3d8517f8,140,Influenza  split virus  trivalent  PF,136.00
2017-01-20T17:51:43Z,f999ef25-a612-87c9-206f-aacc9d469dc8,f999ef25-a612-87c9-0c51-928f3d8517f8,113,Td (adult)  5 Lf tetanus toxoid  preservative free  adsorbed,136.00
2022-03-23T17:25:33Z,79021b82-f370-50bb-c5a1-7333816d683f,79021b82-f370-50bb-a972-ab01b48b5155,140,Influenza  split virus  trivalent  PF,136.00
2018-01-26T17:51:43Z,f999ef25-a612-87c9-206f-aacc9d469dc8,f999ef25-a612-87c9-8545-5168285de4af,140,Influenza  split virus  trivalent  PF,136.00
2023-03-29T17:25:33Z,79021b82-f370-50bb-c5a1-7333816d683f,79021b82-f370-50bb-4d16-0b80d21d87c5,140,Influenza  split virus  trivalent  PF,136.00
2024-04-03T17:25:33Z,79021b82-f370-50bb-c5a1-7333816d683f,79021b82-f370-50bb-6027-fa9d255b8ff6,115,Tdap,136.00
2024-04-03T17:25:33Z,79021b82-f370-50bb-c5a1-7333816d683f,79021b82-f370-50bb-6027-fa9d255b8ff6,140,Influenza  split virus  trivalent  PF,136.00
2024-04-03T17:25:33Z,79021b82-f370-50bb-c5a1-7333816d683f,79021b82-f370-50bb-6027-fa9d255b8ff6,62,HPV  quadrivalent,136.00
2024-04-03T17:25:33Z,79021b82-f370-50bb-c5a1-7333816d683f,79021b82-f370-50bb-6027-fa9d255b8ff6,114,meningococcal MCV4P,136.00
2024-05-29T17:25:33Z,79021b82-f370-50bb-c5a1-7333816d683f,79021b82-f370-50bb-b15b-1f3c89c43127,62,HPV  quadrivalent,136.00
2025-04-02T17:25:33Z,79021b82-f370-50bb-c5a1-7333816d683f,79021b82-f370-50bb-4c4f-e5e4683cd402,212,COVID-19 vaccine  vector-nr  rS-Ad26  PF  0.5 mL,136.00
2017-06-01T12:50:56Z,6f45f2e9-a617-570a-8867-dec1260088bb,6f45f2e9-a617-570a-cca8-860319c5102a,140,Influenza  split virus  trivalent  PF,136.00
2018-06-07T12:50:56Z,6f45f2e9-a617-570a-8867-dec1260088bb,6f45f2e9-a617-570a-7a92-257c7df7c0ba,21,varicella,136.00
2018-06-07T12:50:56Z,6f45f2e9-a617-570a-8867-dec1260088bb,6f45f2e9-a617-570a-7a92-257c7df7c0ba,10,IPV,136.00
2018-06-07T12:50:56Z,6f45f2e9-a617-570a-8867-dec1260088bb,6f45f2e9-a617-570a-7a92-257c7df7c0ba,140,Influenza  split virus  trivalent  PF,136.00
2018-06-07T12:50:56Z,6f45f2e9-a617-570a-8867-dec1260088bb,6f45f2e9-a617-570a-7a92-257c7df7c0ba,20,DTaP,136.00
2018-06-07T12:50:56Z,6f45f2e9-a617-570a-8867-dec1260088bb,6f45f2e9-a617-570a-7a92-257c7df7c0ba,03,MMR,136.00
2019-06-13T12:50:56Z,6f45f2e9-a617-570a-8867-dec1260088bb,6f45f2e9-a617-570a-c2bc-bf3a9df656c6,140,Influenza  split virus  trivalent  PF,136.00
2020-06-18T12:50:56Z,6f45f2e9-a617-570a-8867-dec1260088bb,6f45f2e9-a617-570a-21d1-4bffd4945f87,140,Influenza  split virus  trivalent  PF,136.00
2025-04-09T17:25:33Z,79021b82-f370-50bb-c5a1-7333816d683f,79021b82-f370-50bb-9805-08e4a7e9acd8,140,Influenza  split virus  trivalent  PF,136.00
2025-04-09T17:25:33Z,79021b82-f370-50bb-c5a1-7333816d683f,79021b82-f370-50bb-9805-08e4a7e9acd8,62,HPV  quadrivalent,136.00
2021-06-24T12:50:56Z,6f45f2e9-a617-570a-8867-dec1260088bb,6f45f2e9-a617-570a-f9e3-5ce7b36b5384,140,Influenza  split virus  trivalent  PF,136.00
2022-06-30T12:50:56Z,6f45f2e9-a617-570a-8867-dec1260088bb,6f45f2e9-a617-570a-33bd-34d51f355e39,140,Influenza  split virus  trivalent  PF,136.00
2026-04-15T17:25:33Z,79021b82-f370-50bb-c5a1-7333816d683f,79021b82-f370-50bb-de3f-fa4df86ce5cb,140,Influenza  split virus  trivalent  PF,136.00
2023-07-06T12:50:56Z,6f45f2e9-a617-570a-8867-dec1260088bb,6f45f2e9-a617-570a-d11e-a68f575d91fc,140,Influenza  split virus  trivalent  PF,136.00
2024-07-11T12:50:56Z,6f45f2e9-a617-570a-8867-dec1260088bb,6f45f2e9-a617-570a-0d4a-189f070aff2c,115,Tdap,136.00
2024-07-11T12:50:56Z,6f45f2e9-a617-570a-8867-dec1260088bb,6f45f2e9-a617-570a-0d4a-189f070aff2c,140,Influenza  split virus  trivalent  PF,136.00
2024-07-11T12:50:56Z,6f45f2e9-a617-570a-8867-dec1260088bb,6f45f2e9-a617-570a-0d4a-189f070aff2c,62,HPV  quadrivalent,136.00
2024-07-11T12:50:56Z,6f45f2e9-a617-570a-8867-dec1260088bb,6f45f2e9-a617-570a-0d4a-189f070aff2c,114,meningococcal MCV4P,136.00
2025-07-17T12:50:56Z,6f45f2e9-a617-570a-8867-dec1260088bb,6f45f2e9-a617-570a-75d0-323680e78f05,140,Influenza  split virus  trivalent  PF,136.00
2025-07-17T12:50:56Z,6f45f2e9-a617-570a-8867-dec1260088bb,6f45f2e9-a617-570a-75d0-323680e78f05,62,HPV  quadrivalent,136.00
2026-07-23T12:50:56Z,6f45f2e9-a617-570a-8867-dec1260088bb,6f45f2e9-a617-570a-c567-c9f7052a9865,140,Influenza  split virus  trivalent  PF,136.00
2026-07-23T12:50:56Z,6f45f2e9-a617-570a-8867-dec1260088bb,6f45f2e9-a617-570a-c567-c9f7052a9865,62,HPV  quadrivalent,136.00
2017-03-26T17:07:18Z,26aa011e-0d75-d1a3-3c5a-560a9450cc9d,26aa011e-0d75-d1a3-98e4-5122ba454d93,140,Influenza  split virus  trivalent  PF,136.00
2018-04-01T17:07:18Z,26aa011e-0d75-d1a3-3c5a-560a9450cc9d,26aa011e-0d75-d1a3-d077-e49efd9c083e,140,Influenza  split virus  trivalent  PF,136.00
2019-04-07T17:07:18Z,26aa011e-0d75-d1a3-3c5a-560a9450cc9d,26aa011e-0d75-d1a3-7830-7d5a105075da,140,Influenza  split virus  trivalent  PF,136.00
2020-04-12T17:07:18Z,26aa011e-0d75-d1a3-3c5a-560a9450cc9d,26aa011e-0d75-d1a3-1135-9d9a9011bde7,140,Influenza  split virus  trivalent  PF,136.00
2021-04-18T17:07:18Z,26aa011e-0d75-d1a3-3c5a-560a9450cc9d,26aa011e-0d75-d1a3-97b7-6896567e847a,115,Tdap,136.00
2021-04-18T17:07:18Z,26aa011e-0d75-d1a3-3c5a-560a9450cc9d,26aa011e-0d75-d1a3-97b7-6896567e847a,140,Influenza  split virus  trivalent  PF,136.00
2021-04-18T17:07:18Z,26aa011e-0d75-d1a3-3c5a-560a9450cc9d,26aa011e-0d75-d1a3-97b7-6896567e847a,62,HPV  quadrivalent,136.00
2021-04-18T17:07:18Z,26aa011e-0d75-d1a3-3c5a-560a9450cc9d,26aa011e-0d75-d1a3-97b7-6896567e847a,114,meningococcal MCV4P,136.00
2017-04-09T04:54:20Z,a2fb233f-60e0-b477-cd38-af3923f792a3,a2fb233f-60e0-b477-148a-8ccafc2fbcb2,140,Influenza  split virus  trivalent  PF,136.00
2022-04-24T17:07:18Z,26aa011e-0d75-d1a3-3c5a-560a9450cc9d,26aa011e-0d75-d1a3-da78-980e1d086bad,140,Influenza  split virus  trivalent  PF,136.00
2022-04-24T17:07:18Z,26aa011e-0d75-d1a3-3c5a-560a9450cc9d,26aa011e-0d75-d1a3-da78-980e1d086bad,62,HPV  quadrivalent,136.00
2022-05-15T17:07:18Z,26aa011e-0d75-d1a3-3c5a-560a9450cc9d,26aa011e-0d75-d1a3-3621-f10e4be45729,208,COVID-19  mRNA  LNP-S  PF  30 mcg/0.3 mL dose,136.00
2022-06-05T17:07:18Z,26aa011e-0d75-d1a3-3c5a-560a9450cc9d,26aa011e-0d75-d1a3-8a4d-1ed3b5af9998,208,COVID-19  mRNA  LNP-S  PF  30 mcg/0.3 mL dose,136.00
2018-04-15T04:54:20Z,a2fb233f-60e0-b477-cd38-af3923f792a3,a2fb233f-60e0-b477-31d0-fffa7095c548,140,Influenza  split virus  trivalent  PF,136.00
2023-04-30T17:07:18Z,26aa011e-0d75-d1a3-3c5a-560a9450cc9d,26aa011e-0d75-d1a3-3d4a-9e2ceeb63dc2,140,Influenza  split virus  trivalent  PF,136.00
2023-04-30T17:07:18Z,26aa011e-0d75-d1a3-3c5a-560a9450cc9d,26aa011e-0d75-d1a3-3d4a-9e2ceeb63dc2,62,HPV  quadrivalent,136.00
2024-05-05T17:07:18Z,26aa011e-0d75-d1a3-3c5a-560a9450cc9d,26aa011e-0d75-d1a3-807f-7e77ef575a7e,140,Influenza  split virus  trivalent  PF,136.00
2019-04-21T04:54:20Z,a2fb233f-60e0-b477-cd38-af3923f792a3,a2fb233f-60e0-b477-a9d4-1c6549469d7e,140,Influenza  split virus  trivalent  PF,136.00
2017-01-06T21:30:01Z,75d6a35c-c2e1-5b9f-e7f8-6a5b05af8fc8,75d6a35c-c2e1-5b9f-e732-2efa21dfd7da,140,Influenza  split virus  trivalent  PF,136.00
2020-04-26T04:54:20Z,a2fb233f-60e0-b477-cd38-af3923f792a3,a2fb233f-60e0-b477-952c-a51d9d0f33fe,140,Influenza  split virus  trivalent  PF,136.00
2025-05-11T17:07:18Z,26aa011e-0d75-d1a3-3c5a-560a9450cc9d,26aa011e-0d75-d1a3-33ac-19bcc8500b39,140,Influenza  split virus  trivalent  PF,136.00
2021-01-10T04:54:20Z,a2fb233f-60e0-b477-cd38-af3923f792a3,a2fb233f-60e0-b477-6356-9a0a5318d8bc,208,COVID-19  mRNA  LNP-S  PF  30 mcg/0.3 mL dose,136.00
2021-01-31T04:54:20Z,a2fb233f-60e0-b477-cd38-af3923f792a3,a2fb233f-60e0-b477-a2db-bc5c39d34c74,208,COVID-19  mRNA  LNP-S  PF  30 mcg/0.3 mL dose,136.00
2018-01-12T21:30:01Z,75d6a35c-c2e1-5b9f-e7f8-6a5b05af8fc8,75d6a35c-c2e1-5b9f-d5ae-b7385ec834e7,21,varicella,136.00
2018-01-12T21:30:01Z,75d6a35c-c2e1-5b9f-e7f8-6a5b05af8fc8,75d6a35c-c2e1-5b9f-d5ae-b7385ec834e7,10,IPV,136.00
2018-01-12T21:30:01Z,75d6a35c-c2e1-5b9f-e7f8-6a5b05af8fc8,75d6a35c-c2e1-5b9f-d5ae-b7385ec834e7,140,Influenza  split virus  trivalent  PF,136.00
2018-01-12T21:30:01Z,75d6a35c-c2e1-5b9f-e7f8-6a5b05af8fc8,75d6a35c-c2e1-5b9f-d5ae-b7385ec834e7,20,DTaP,136.00
2018-01-12T21:30:01Z,75d6a35c-c2e1-5b9f-e7f8-6a5b05af8fc8,75d6a35c-c2e1-5b9f-d5ae-b7385ec834e7,03,MMR,136.00
2026-05-17T17:07:18Z,26aa011e-0d75-d1a3-3c5a-560a9450cc9d,26aa011e-0d75-d1a3-5816-8edc738fd7b1,140,Influenza  split virus  trivalent  PF,136.00
2026-05-17T17:07:18Z,26aa011e-0d75-d1a3-3c5a-560a9450cc9d,26aa011e-0d75-d1a3-5816-8edc738fd7b1,114,meningococcal MCV4P,136.00
2021-05-02T04:54:20Z,a2fb233f-60e0-b477-cd38-af3923f792a3,a2fb233f-60e0-b477-157b-76fc84dc78b6,140,Influenza  split virus  trivalent  PF,136.00
2019-01-18T21:30:01Z,75d6a35c-c2e1-5b9f-e7f8-6a5b05af8fc8,75d6a35c-c2e1-5b9f-33c1-8f457e074094,140,Influenza  split virus  trivalent  PF,136.00
2020-01-24T21:30:01Z,75d6a35c-c2e1-5b9f-e7f8-6a5b05af8fc8,75d6a35c-c2e1-5b9f-1dc5-8ff42425457d,140,Influenza  split virus  trivalent  PF,136.00
2021-01-29T21:30:01Z,75d6a35c-c2e1-5b9f-e7f8-6a5b05af8fc8,75d6a35c-c2e1-5b9f-51ee-1d8f0a5fe179,140,Influenza  split virus  trivalent  PF,136.00
2022-05-08T04:54:20Z,a2fb233f-60e0-b477-cd38-af3923f792a3,a2fb233f-60e0-b477-7f1f-48e7d88c80e0,140,Influenza  split virus  trivalent  PF,136.00
2022-02-04T21:30:01Z,75d6a35c-c2e1-5b9f-e7f8-6a5b05af8fc8,75d6a35c-c2e1-5b9f-c17e-ffb360ae0704,140,Influenza  split virus  trivalent  PF,136.00
2023-02-10T21:30:01Z,75d6a35c-c2e1-5b9f-e7f8-6a5b05af8fc8,75d6a35c-c2e1-5b9f-902d-6bb210ce8c16,140,Influenza  split virus  trivalent  PF,136.00
2024-02-16T21:30:01Z,75d6a35c-c2e1-5b9f-e7f8-6a5b05af8fc8,75d6a35c-c2e1-5b9f-63b1-6658f6864650,115,Tdap,136.00
2024-02-16T21:30:01Z,75d6a35c-c2e1-5b9f-e7f8-6a5b05af8fc8,75d6a35c-c2e1-5b9f-63b1-6658f6864650,140,Influenza  split virus  trivalent  PF,136.00
2024-02-16T21:30:01Z,75d6a35c-c2e1-5b9f-e7f8-6a5b05af8fc8,75d6a35c-c2e1-5b9f-63b1-6658f6864650,62,HPV  quadrivalent,136.00
2024-02-16T21:30:01Z,75d6a35c-c2e1-5b9f-e7f8-6a5b05af8fc8,75d6a35c-c2e1-5b9f-63b1-6658f6864650,114,meningococcal MCV4P,136.00
2023-05-14T04:54:20Z,a2fb233f-60e0-b477-cd38-af3923f792a3,a2fb233f-60e0-b477-de5d-41f81a87b86a,140,Influenza  split virus  trivalent  PF,136.00
2023-05-14T04:54:20Z,a2fb233f-60e0-b477-cd38-af3923f792a3,a2fb233f-60e0-b477-de5d-41f81a87b86a,113,Td (adult)  5 Lf tetanus toxoid  preservative free  adsorbed,136.00
2025-02-14T21:30:01Z,75d6a35c-c2e1-5b9f-e7f8-6a5b05af8fc8,75d6a35c-c2e1-5b9f-5386-eb4eaab8b988,208,COVID-19  mRNA  LNP-S  PF  30 mcg/0.3 mL dose,136.00
2025-02-21T21:30:01Z,75d6a35c-c2e1-5b9f-e7f8-6a5b05af8fc8,75d6a35c-c2e1-5b9f-f8a7-bc556b70d787,140,Influenza  split virus  trivalent  PF,136.00
2025-02-21T21:30:01Z,75d6a35c-c2e1-5b9f-e7f8-6a5b05af8fc8,75d6a35c-c2e1-5b9f-f8a7-bc556b70d787,62,HPV  quadrivalent,136.00
2025-03-07T21:30:01Z,75d6a35c-c2e1-5b9f-e7f8-6a5b05af8fc8,75d6a35c-c2e1-5b9f-3c31-8eada3029af2,208,COVID-19  mRNA  LNP-S  PF  30 mcg/0.3 mL dose,136.00
2024-05-19T04:54:20Z,a2fb233f-60e0-b477-cd38-af3923f792a3,a2fb233f-60e0-b477-07e5-19ad8fb5410e,140,Influenza  split virus  trivalent  PF,136.00
2025-05-25T04:54:20Z,a2fb233f-60e0-b477-cd38-af3923f792a3,a2fb233f-60e0-b477-20a7-597075510211,140,Influenza  split virus  trivalent  PF,136.00
2025-04-11T21:30:01Z,75d6a35c-c2e1-5b9f-e7f8-6a5b05af8fc8,75d6a35c-c2e1-5b9f-3584-27f8fa0d8d8b,62,HPV  quadrivalent,136.00
2026-02-27T21:30:01Z,75d6a35c-c2e1-5b9f-e7f8-6a5b05af8fc8,75d6a35c-c2e1-5b9f-4ce7-67288c5293bd,140,Influenza  split virus  trivalent  PF,136.00
2025-12-21T04:54:20Z,a2fb233f-60e0-b477-cd38-af3923f792a3,a2fb233f-60e0-b477-e665-a02be3efa60e,140,Influenza  split virus  trivalent  PF,136.00
2017-08-20T11:00:02Z,5e7ebf2c-22ec-a89b-53ab-38edddd81be9,5e7ebf2c-22ec-a89b-b78f-f1f0ea271f44,140,Influenza  split virus  trivalent  PF,136.00
2019-08-25T11:00:02Z,5e7ebf2c-22ec-a89b-53ab-38edddd81be9,5e7ebf2c-22ec-a89b-8076-c12331d770e4,140,Influenza  split virus  trivalent  PF,136.00
2021-05-23T11:00:02Z,5e7ebf2c-22ec-a89b-53ab-38edddd81be9,5e7ebf2c-22ec-a89b-b77e-bf6bb1d4a3e3,140,Influenza  split virus  trivalent  PF,136.00
2021-08-29T11:00:02Z,5e7ebf2c-22ec-a89b-53ab-38edddd81be9,5e7ebf2c-22ec-a89b-8e79-3aa37caf6a42,140,Influenza  split virus  trivalent  PF,136.00
2023-06-11T11:00:02Z,5e7ebf2c-22ec-a89b-53ab-38edddd81be9,5e7ebf2c-22ec-a89b-026c-e9380afe51fa,140,Influenza  split virus  trivalent  PF,136.00
2023-06-18T11:00:02Z,5e7ebf2c-22ec-a89b-53ab-38edddd81be9,5e7ebf2c-22ec-a89b-d3bd-54611e620de1,140,Influenza  split virus  trivalent  PF,136.00
2023-08-06T11:00:02Z,5e7ebf2c-22ec-a89b-53ab-38edddd81be9,5e7ebf2c-22ec-a89b-aa3e-00beb3310428,121,zoster vaccine  live,136.00
2024-07-21T11:00:02Z,5e7ebf2c-22ec-a89b-53ab-38edddd81be9,5e7ebf2c-22ec-a89b-66f1-a7126467a857,121,zoster vaccine  live,136.00
2024-07-21T11:00:02Z,5e7ebf2c-22ec-a89b-53ab-38edddd81be9,5e7ebf2c-22ec-a89b-66f1-a7126467a857,140,Influenza  split virus  trivalent  PF,136.00
2024-08-18T11:00:02Z,5e7ebf2c-22ec-a89b-53ab-38edddd81be9,5e7ebf2c-22ec-a89b-c637-05519fd7b63d,113,Td (adult)  5 Lf tetanus toxoid  preservative free  adsorbed,136.00
2025-08-24T11:00:02Z,5e7ebf2c-22ec-a89b-53ab-38edddd81be9,5e7ebf2c-22ec-a89b-b23a-a8caa5fcdf67,140,Influenza  split virus  trivalent  PF,136.00
2026-08-30T11:00:02Z,5e7ebf2c-22ec-a89b-53ab-38edddd81be9,5e7ebf2c-22ec-a89b-b041-3dec92661fb6,140,Influenza  split virus  trivalent  PF,136.00
2018-03-10T10:19:36Z,47d390c6-a1a2-1a80-dd1d-9722c7b24159,47d390c6-a1a2-1a80-504d-5053b5cde19c,140,Influenza  split virus  trivalent  PF,136.00
2019-03-16T10:19:36Z,47d390c6-a1a2-1a80-dd1d-9722c7b24159,47d390c6-a1a2-1a80-6fbb-6d3705d2983f,140,Influenza  split virus  trivalent  PF,136.00
2020-03-21T10:19:36Z,47d390c6-a1a2-1a80-dd1d-9722c7b24159,47d390c6-a1a2-1a80-b250-0fb76ea3c017,115,Tdap,136.00
2020-03-21T10:19:36Z,47d390c6-a1a2-1a80-dd1d-9722c7b24159,47d390c6-a1a2-1a80-b250-0fb76ea3c017,140,Influenza  split virus  trivalent  PF,136.00
2020-03-21T10:19:36Z,47d390c6-a1a2-1a80-dd1d-9722c7b24159,47d390c6-a1a2-1a80-b250-0fb76ea3c017,62,HPV  quadrivalent,136.00
2020-03-21T10:19:36Z,47d390c6-a1a2-1a80-dd1d-9722c7b24159,47d390c6-a1a2-1a80-b250-0fb76ea3c017,114,meningococcal MCV4P,136.00
2021-03-27T10:19:36Z,47d390c6-a1a2-1a80-dd1d-9722c7b24159,47d390c6-a1a2-1a80-6b01-44cb777ca6f7,140,Influenza  split virus  trivalent  PF,136.00
2021-03-27T10:19:36Z,47d390c6-a1a2-1a80-dd1d-9722c7b24159,47d390c6-a1a2-1a80-6b01-44cb777ca6f7,62,HPV  quadrivalent,136.00
2022-04-02T10:19:36Z,47d390c6-a1a2-1a80-dd1d-9722c7b24159,47d390c6-a1a2-1a80-3570-b3c4ec7c5dd8,140,Influenza  split virus  trivalent  PF,136.00
2022-04-02T10:19:36Z,47d390c6-a1a2-1a80-dd1d-9722c7b24159,47d390c6-a1a2-1a80-3570-b3c4ec7c5dd8,62,HPV  quadrivalent,136.00
2023-04-08T10:19:36Z,47d390c6-a1a2-1a80-dd1d-9722c7b24159,47d390c6-a1a2-1a80-0543-04158e846490,140,Influenza  split virus  trivalent  PF,136.00
2024-04-13T10:19:36Z,47d390c6-a1a2-1a80-dd1d-9722c7b24159,47d390c6-a1a2-1a80-d65b-9c0998f3cd5a,140,Influenza  split virus  trivalent  PF,136.00
2025-04-19T10:19:36Z,47d390c6-a1a2-1a80-dd1d-9722c7b24159,47d390c6-a1a2-1a80-47b2-c69bbe781534,140,Influenza  split virus  trivalent  PF,136.00
2025-04-19T10:19:36Z,47d390c6-a1a2-1a80-dd1d-9722c7b24159,47d390c6-a1a2-1a80-47b2-c69bbe781534,114,meningococcal MCV4P,136.00
2026-04-11T10:19:36Z,47d390c6-a1a2-1a80-dd1d-9722c7b24159,47d390c6-a1a2-1a80-3f13-82abd72f8b8f,140,Influenza  split virus  trivalent  PF,136.00
2016-10-16T13:49:24Z,d3cb6736-0991-40ed-a220-7c714aba4c37,d3cb6736-0991-40ed-b604-95379c9d30b3,140,Influenza  split virus  trivalent  PF,136.00
2019-04-28T13:49:24Z,d3cb6736-0991-40ed-a220-7c714aba4c37,d3cb6736-0991-40ed-c5a9-5c4a691a537f,140,Influenza  split virus  trivalent  PF,136.00
2019-10-20T13:49:24Z,d3cb6736-0991-40ed-a220-7c714aba4c37,d3cb6736-0991-40ed-c872-1632b84018bc,140,Influenza  split virus  trivalent  PF,136.00
2021-04-18T13:49:24Z,d3cb6736-0991-40ed-a220-7c714aba4c37,d3cb6736-0991-40ed-5676-665518fac2b6,208,COVID-19  mRNA  LNP-S  PF  30 mcg/0.3 mL dose,136.00
2021-05-09T13:49:24Z,d3cb6736-0991-40ed-a220-7c714aba4c37,d3cb6736-0991-40ed-9709-201f55dc630c,208,COVID-19  mRNA  LNP-S  PF  30 mcg/0.3 mL dose,136.00
2016-11-19T19:25:10Z,2de4dd0d-f665-8a2e-4c6b-997735e14ace,2de4dd0d-f665-8a2e-cde1-a6ed15a87167,140,Influenza  split virus  trivalent  PF,136.00
2022-08-07T13:49:24Z,d3cb6736-0991-40ed-a220-7c714aba4c37,d3cb6736-0991-40ed-7986-c3f267413402,140,Influenza  split virus  trivalent  PF,136.00
2022-08-07T13:49:24Z,d3cb6736-0991-40ed-a220-7c714aba4c37,d3cb6736-0991-40ed-7986-c3f267413402,52,Hep A  adult,136.00
2017-11-25T19:25:10Z,2de4dd0d-f665-8a2e-4c6b-997735e14ace,2de4dd0d-f665-8a2e-3997-478f2cc7f4aa,140,Influenza  split virus  trivalent  PF,136.00
2018-06-09T19:25:10Z,2de4dd0d-f665-8a2e-4c6b-997735e14ace,2de4dd0d-f665-8a2e-15cb-e4ef536f2c30,140,Influenza  split virus  trivalent  PF,136.00
2024-08-11T13:49:24Z,d3cb6736-0991-40ed-a220-7c714aba4c37,d3cb6736-0991-40ed-e653-9088496d19b3,140,Influenza  split virus  trivalent  PF,136.00
2024-08-11T13:49:24Z,d3cb6736-0991-40ed-a220-7c714aba4c37,d3cb6736-0991-40ed-e653-9088496d19b3,113,Td (adult)  5 Lf tetanus toxoid  preservative free  adsorbed,136.00
2024-08-11T13:49:24Z,d3cb6736-0991-40ed-a220-7c714aba4c37,d3cb6736-0991-40ed-e653-9088496d19b3,52,Hep A  adult,136.00
2018-12-01T19:25:10Z,2de4dd0d-f665-8a2e-4c6b-997735e14ace,2de4dd0d-f665-8a2e-8beb-4bff6d98af6a,114,meningococcal MCV4P,136.00
2017-07-31T03:06:00Z,d57841fa-c9e2-a3d1-0e78-09bdbe4eed66,d57841fa-c9e2-a3d1-752a-19800862ef01,140,Influenza  split virus  trivalent  PF,136.00
2019-12-07T19:25:10Z,2de4dd0d-f665-8a2e-4c6b-997735e14ace,2de4dd0d-f665-8a2e-60de-8421f2897af4,140,Influenza  split virus  trivalent  PF,136.00
2025-10-12T13:49:24Z,d3cb6736-0991-40ed-a220-7c714aba4c37,d3cb6736-0991-40ed-abe9-9dc67904893b,140,Influenza  split virus  trivalent  PF,136.00
2020-12-12T19:25:10Z,2de4dd0d-f665-8a2e-4c6b-997735e14ace,2de4dd0d-f665-8a2e-27fd-9928dda0051a,140,Influenza  split virus  trivalent  PF,136.00
2018-08-06T03:06:00Z,d57841fa-c9e2-a3d1-0e78-09bdbe4eed66,d57841fa-c9e2-a3d1-82d1-ea5008a3fc03,140,Influenza  split virus  trivalent  PF,136.00
2019-08-12T03:06:00Z,d57841fa-c9e2-a3d1-0e78-09bdbe4eed66,d57841fa-c9e2-a3d1-c5fa-63b5f8ed15d1,140,Influenza  split virus  trivalent  PF,136.00
2021-10-16T19:25:10Z,2de4dd0d-f665-8a2e-4c6b-997735e14ace,2de4dd0d-f665-8a2e-4d59-3d9d8a8c598d,208,COVID-19  mRNA  LNP-S  PF  30 mcg/0.3 mL dose,136.00
2026-08-16T13:49:24Z,d3cb6736-0991-40ed-a220-7c714aba4c37,d3cb6736-0991-40ed-9138-27481ca5630b,140,Influenza  split virus  trivalent  PF,136.00
2021-11-06T19:25:10Z,2de4dd0d-f665-8a2e-4c6b-997735e14ace,2de4dd0d-f665-8a2e-6dc9-b53d9960103b,208,COVID-19  mRNA  LNP-S  PF  30 mcg/0.3 mL dose,136.00
2021-12-18T19:25:10Z,2de4dd0d-f665-8a2e-4c6b-997735e14ace,2de4dd0d-f665-8a2e-2f00-aeab6864b4cd,140,Influenza  split virus  trivalent  PF,136.00
2024-12-21T19:25:10Z,2de4dd0d-f665-8a2e-4c6b-997735e14ace,2de4dd0d-f665-8a2e-3a61-c271c1363ea6,140,Influenza  split virus  trivalent  PF,136.00
2024-12-21T19:25:10Z,2de4dd0d-f665-8a2e-4c6b-997735e14ace,2de4dd0d-f665-8a2e-3a61-c271c1363ea6,113,Td (adult)  5 Lf tetanus toxoid  preservative free  adsorbed,136.00
2024-12-21T19:25:10Z,2de4dd0d-f665-8a2e-4c6b-997735e14ace,2de4dd0d-f665-8a2e-3a61-c271c1363ea6,43,Hep B  adult,136.00
2024-12-21T19:25:10Z,2de4dd0d-f665-8a2e-4c6b-997735e14ace,2de4dd0d-f665-8a2e-3a61-c271c1363ea6,114,meningococcal MCV4P,136.00
2020-08-17T03:06:00Z,d57841fa-c9e2-a3d1-0e78-09bdbe4eed66,d57841fa-c9e2-a3d1-25ab-033cc59c4fcf,140,Influenza  split virus  trivalent  PF,136.00
2021-04-12T03:06:00Z,d57841fa-c9e2-a3d1-0e78-09bdbe4eed66,d57841fa-c9e2-a3d1-7502-217bc6efeb51,208,COVID-19  mRNA  LNP-S  PF  30 mcg/0.3 mL dose,136.00
2021-05-03T03:06:00Z,d57841fa-c9e2-a3d1-0e78-09bdbe4eed66,d57841fa-c9e2-a3d1-5c1e-2bcbc79f9dc6,208,COVID-19  mRNA  LNP-S  PF  30 mcg/0.3 mL dose,136.00
2021-08-23T03:06:00Z,d57841fa-c9e2-a3d1-0e78-09bdbe4eed66,d57841fa-c9e2-a3d1-e03c-df3231fe7ce8,140,Influenza  split virus  trivalent  PF,136.00
2022-08-29T03:06:00Z,d57841fa-c9e2-a3d1-0e78-09bdbe4eed66,d57841fa-c9e2-a3d1-4bcb-723f8eddf328,140,Influenza  split virus  trivalent  PF,136.00
2023-09-04T03:06:00Z,d57841fa-c9e2-a3d1-0e78-09bdbe4eed66,d57841fa-c9e2-a3d1-72a9-1b2c9fb3a6cf,140,Influenza  split virus  trivalent  PF,136.00
2024-09-09T03:06:00Z,d57841fa-c9e2-a3d1-0e78-09bdbe4eed66,d57841fa-c9e2-a3d1-5171-15879ad63f79,140,Influenza  split virus  trivalent  PF,136.00
2025-09-15T03:06:00Z,d57841fa-c9e2-a3d1-0e78-09bdbe4eed66,d57841fa-c9e2-a3d1-1a35-2d2fba6f2db3,140,Influenza  split virus  trivalent  PF,136.00
2026-09-21T03:06:00Z,d57841fa-c9e2-a3d1-0e78-09bdbe4eed66,d57841fa-c9e2-a3d1-f8ce-6d62a773b0e3,140,Influenza  split virus  trivalent  PF,136.00
2026-09-21T03:06:00Z,d57841fa-c9e2-a3d1-0e78-09bdbe4eed66,d57841fa-c9e2-a3d1-f8ce-6d62a773b0e3,113,Td (adult)  5 Lf tetanus toxoid  preservative free  adsorbed,136.00
2016-12-23T19:08:24Z,7c913488-8c54-7aa0-a452-83dbc3ad8377,7c913488-8c54-7aa0-774c-ebcb85a35126,21,varicella,136.00
2016-12-23T19:08:24Z,7c913488-8c54-7aa0-a452-83dbc3ad8377,7c913488-8c54-7aa0-774c-ebcb85a35126,10,IPV,136.00
2016-12-23T19:08:24Z,7c913488-8c54-7aa0-a452-83dbc3ad8377,7c913488-8c54-7aa0-774c-ebcb85a35126,140,Influenza  split virus  trivalent  PF,136.00
2016-12-23T19:08:24Z,7c913488-8c54-7aa0-a452-83dbc3ad8377,7c913488-8c54-7aa0-774c-ebcb85a35126,20,DTaP,136.00
2016-12-23T19:08:24Z,7c913488-8c54-7aa0-a452-83dbc3ad8377,7c913488-8c54-7aa0-774c-ebcb85a35126,03,MMR,136.00
2017-12-29T19:08:24Z,7c913488-8c54-7aa0-a452-83dbc3ad8377,7c913488-8c54-7aa0-7259-e3273f0dc952,140,Influenza  split virus  trivalent  PF,136.00
2019-01-04T19:08:24Z,7c913488-8c54-7aa0-a452-83dbc3ad8377,7c913488-8c54-7aa0-6273-1f14e59f26b2,140,Influenza  split virus  trivalent  PF,136.00
2020-01-10T19:08:24Z,7c913488-8c54-7aa0-a452-83dbc3ad8377,7c913488-8c54-7aa0-ca9f-604a0190e594,140,Influenza  split virus  trivalent  PF,136.00
2021-01-15T19:08:24Z,7c913488-8c54-7aa0-a452-83dbc3ad8377,7c913488-8c54-7aa0-5966-0a24106303bf,140,Influenza  split virus  trivalent  PF,136.00
2022-01-21T19:08:24Z,7c913488-8c54-7aa0-a452-83dbc3ad8377,7c913488-8c54-7aa0-6de4-96836dd1d263,140,Influenza  split virus  trivalent  PF,136.00
2023-01-27T19:08:24Z,7c913488-8c54-7aa0-a452-83dbc3ad8377,7c913488-8c54-7aa0-2bce-e0bbb4ccaa83,115,Tdap,136.00
2023-01-27T19:08:24Z,7c913488-8c54-7aa0-a452-83dbc3ad8377,7c913488-8c54-7aa0-2bce-e0bbb4ccaa83,140,Influenza  split virus  trivalent  PF,136.00
2023-01-27T19:08:24Z,7c913488-8c54-7aa0-a452-83dbc3ad8377,7c913488-8c54-7aa0-2bce-e0bbb4ccaa83,62,HPV  quadrivalent,136.00
2023-01-27T19:08:24Z,7c913488-8c54-7aa0-a452-83dbc3ad8377,7c913488-8c54-7aa0-2bce-e0bbb4ccaa83,114,meningococcal MCV4P,136.00
2024-02-02T19:08:24Z,7c913488-8c54-7aa0-a452-83dbc3ad8377,7c913488-8c54-7aa0-0ce8-7a86c8e75731,140,Influenza  split virus  trivalent  PF,136.00
2024-02-02T19:08:24Z,7c913488-8c54-7aa0-a452-83dbc3ad8377,7c913488-8c54-7aa0-0ce8-7a86c8e75731,62,HPV  quadrivalent,136.00
2024-03-15T19:08:24Z,7c913488-8c54-7aa0-a452-83dbc3ad8377,7c913488-8c54-7aa0-c654-ec6424f7b8eb,212,COVID-19 vaccine  vector-nr  rS-Ad26  PF  0.5 mL,136.00
2025-02-07T19:08:24Z,7c913488-8c54-7aa0-a452-83dbc3ad8377,7c913488-8c54-7aa0-67bc-bfc9c86341fe,140,Influenza  split virus  trivalent  PF,136.00
2025-02-07T19:08:24Z,7c913488-8c54-7aa0-a452-83dbc3ad8377,7c913488-8c54-7aa0-67bc-bfc9c86341fe,62,HPV  quadrivalent,136.00
2026-02-13T19:08:24Z,7c913488-8c54-7aa0-a452-83dbc3ad8377,7c913488-8c54-7aa0-fbce-e698584bf07b,140,Influenza  split virus  trivalent  PF,136.00
2017-05-29T07:34:19Z,dd9da64b-7b38-4f91-e75d-b1268dde60d4,dd9da64b-7b38-4f91-90bb-c752eee3f2dc,140,Influenza  split virus  trivalent  PF,136.00
2016-11-22T04:13:59Z,7811dc30-8c86-8164-6c33-6b6f464745ef,7811dc30-8c86-8164-7a3a-706709e6678f,140,Influenza  split virus  trivalent  PF,136.00
2018-06-04T07:34:19Z,dd9da64b-7b38-4f91-e75d-b1268dde60d4,dd9da64b-7b38-4f91-52d8-694047424334,140,Influenza  split virus  trivalent  PF,136.00
2018-06-04T07:34:19Z,dd9da64b-7b38-4f91-e75d-b1268dde60d4,dd9da64b-7b38-4f91-52d8-694047424334,113,Td (adult)  5 Lf tetanus toxoid  preservative free  adsorbed,136.00
2017-11-28T04:13:59Z,7811dc30-8c86-8164-6c33-6b6f464745ef,7811dc30-8c86-8164-d0a3-6e16ebe524a0,140,Influenza  split virus  trivalent  PF,136.00
2019-06-10T07:34:19Z,dd9da64b-7b38-4f91-e75d-b1268dde60d4,dd9da64b-7b38-4f91-3b34-1c90027832dc,140,Influenza  split virus  trivalent  PF,136.00
2020-06-15T07:34:19Z,dd9da64b-7b38-4f91-e75d-b1268dde60d4,dd9da64b-7b38-4f91-b284-51c8b60035c8,140,Influenza  split virus  trivalent  PF,136.00
2021-01-25T07:34:19Z,dd9da64b-7b38-4f91-e75d-b1268dde60d4,dd9da64b-7b38-4f91-8a91-90cd63f7774e,208,COVID-19  mRNA  LNP-S  PF  30 mcg/0.3 mL dose,136.00
2021-02-15T07:34:19Z,dd9da64b-7b38-4f91-e75d-b1268dde60d4,dd9da64b-7b38-4f91-0c98-a011d2fdf652,208,COVID-19  mRNA  LNP-S  PF  30 mcg/0.3 mL dose,136.00
2021-06-21T07:34:19Z,dd9da64b-7b38-4f91-e75d-b1268dde60d4,dd9da64b-7b38-4f91-83f3-02757a913747,140,Influenza  split virus  trivalent  PF,136.00
2018-12-04T04:13:59Z,7811dc30-8c86-8164-6c33-6b6f464745ef,7811dc30-8c86-8164-d496-e62226582424,140,Influenza  split virus  trivalent  PF,136.00
2022-06-27T07:34:19Z,dd9da64b-7b38-4f91-e75d-b1268dde60d4,dd9da64b-7b38-4f91-4a75-0f67b09fd4dc,140,Influenza  split virus  trivalent  PF,136.00
2019-12-10T04:13:59Z,7811dc30-8c86-8164-6c33-6b6f464745ef,7811dc30-8c86-8164-b6b8-061557939871,140,Influenza  split virus  trivalent  PF,136.00
2023-07-03T07:34:19Z,dd9da64b-7b38-4f91-e75d-b1268dde60d4,dd9da64b-7b38-4f91-5d7c-68ff7c49c98e,140,Influenza  split virus  trivalent  PF,136.00
2024-07-08T07:34:19Z,dd9da64b-7b38-4f91-e75d-b1268dde60d4,dd9da64b-7b38-4f91-6008-5451e8bd6976,140,Influenza  split virus  trivalent  PF,136.00
2020-12-15T04:13:59Z,7811dc30-8c86-8164-6c33-6b6f464745ef,7811dc30-8c86-8164-55d3-50361191726a,121,zoster vaccine  live,136.00
2020-12-15T04:13:59Z,7811dc30-8c86-8164-6c33-6b6f464745ef,7811dc30-8c86-8164-55d3-50361191726a,140,Influenza  split virus  trivalent  PF,136.00
2021-04-06T04:13:59Z,7811dc30-8c86-8164-6c33-6b6f464745ef,7811dc30-8c86-8164-741f-9627a380143a,207,COVID-19  mRNA  LNP-S  PF  100 mcg/0.5mL dose or 50 mcg/0.25mL dose,136.00
2021-05-04T04:13:59Z,7811dc30-8c86-8164-6c33-6b6f464745ef,7811dc30-8c86-8164-3503-6296a567922f,207,COVID-19  mRNA  LNP-S  PF  100 mcg/0.5mL dose or 50 mcg/0.25mL dose,136.00
2025-07-14T07:34:19Z,dd9da64b-7b38-4f91-e75d-b1268dde60d4,dd9da64b-7b38-4f91-1304-0c491ffbb377,140,Influenza  split virus  trivalent  PF,136.00
2021-12-21T04:13:59Z,7811dc30-8c86-8164-6c33-6b6f464745ef,7811dc30-8c86-8164-fa9e-c2f7931982cd,121,zoster vaccine  live,136.00
2021-12-21T04:13:59Z,7811dc30-8c86-8164-6c33-6b6f464745ef,7811dc30-8c86-8164-fa9e-c2f7931982cd,140,Influenza  split virus  trivalent  PF,136.00
2021-12-21T04:13:59Z,7811dc30-8c86-8164-6c33-6b6f464745ef,7811dc30-8c86-8164-fa9e-c2f7931982cd,113,Td (adult)  5 Lf tetanus toxoid  preservative free  adsorbed,136.00
2026-07-20T07:34:19Z,dd9da64b-7b38-4f91-e75d-b1268dde60d4,dd9da64b-7b38-4f91-d52c-a69b4423a72b,140,Influenza  split virus  trivalent  PF,136.00
2022-12-27T04:13:59Z,7811dc30-8c86-8164-6c33-6b6f464745ef,7811dc30-8c86-8164-894f-dc4f9cc27c2d,140,Influenza  split virus  trivalent  PF,136.00
2017-03-10T00:42:43Z,322ab5c6-5846-ac1e-38cc-48b8cb441e20,322ab5c6-5846-ac1e-8cc7-2499328e706c,140,Influenza  split virus  trivalent  PF,136.00
2024-01-02T04:13:59Z,7811dc30-8c86-8164-6c33-6b6f464745ef,7811dc30-8c86-8164-a48d-8869788f1e41,140,Influenza  split virus  trivalent  PF,136.00
2018-03-16T00:42:43Z,322ab5c6-5846-ac1e-38cc-48b8cb441e20,322ab5c6-5846-ac1e-1ee1-bc131d2b96ab,140,Influenza  split virus  trivalent  PF,136.00
2019-03-22T00:42:43Z,322ab5c6-5846-ac1e-38cc-48b8cb441e20,322ab5c6-5846-ac1e-3770-e5f6e5dce7cd,140,Influenza  split virus  trivalent  PF,136.00
2020-03-27T00:42:43Z,322ab5c6-5846-ac1e-38cc-48b8cb441e20,322ab5c6-5846-ac1e-c1c4-035e030202a9,140,Influenza  split virus  trivalent  PF,136.00
2025-01-07T04:13:59Z,7811dc30-8c86-8164-6c33-6b6f464745ef,7811dc30-8c86-8164-127c-484379353fcf,140,Influenza  split virus  trivalent  PF,136.00
2021-04-02T00:42:43Z,322ab5c6-5846-ac1e-38cc-48b8cb441e20,322ab5c6-5846-ac1e-2f80-6274e682dae9,140,Influenza  split virus  trivalent  PF,136.00
2021-07-23T00:42:43Z,322ab5c6-5846-ac1e-38cc-48b8cb441e20,322ab5c6-5846-ac1e-0db8-0aa4745a011c,207,COVID-19  mRNA  LNP-S  PF  100 mcg/0.5mL dose or 50 mcg/0.25mL dose,136.00
2021-08-20T00:42:43Z,322ab5c6-5846-ac1e-38cc-48b8cb441e20,322ab5c6-5846-ac1e-5ce8-37b0c8291a16,207,COVID-19  mRNA  LNP-S  PF  100 mcg/0.5mL dose or 50 mcg/0.25mL dose,136.00
2022-04-08T00:42:43Z,322ab5c6-5846-ac1e-38cc-48b8cb441e20,322ab5c6-5846-ac1e-a8d1-f3e1d33aa390,140,Influenza  split virus  trivalent  PF,136.00
2023-04-14T00:42:43Z,322ab5c6-5846-ac1e-38cc-48b8cb441e20,322ab5c6-5846-ac1e-f3aa-8626154ce479,140,Influenza  split virus  trivalent  PF,136.00
2024-04-19T00:42:43Z,322ab5c6-5846-ac1e-38cc-48b8cb441e20,322ab5c6-5846-ac1e-e539-f2debd30bc43,140,Influenza  split virus  trivalent  PF,136.00
2026-01-13T04:13:59Z,7811dc30-8c86-8164-6c33-6b6f464745ef,7811dc30-8c86-8164-8955-045b5dbd7788,140,Influenza  split virus  trivalent  PF,136.00
2025-04-25T00:42:43Z,322ab5c6-5846-ac1e-38cc-48b8cb441e20,322ab5c6-5846-ac1e-7c42-b477136ce1eb,140,Influenza  split virus  trivalent  PF,136.00
2026-05-01T00:42:43Z,322ab5c6-5846-ac1e-38cc-48b8cb441e20,322ab5c6-5846-ac1e-b342-21728760bf74,140,Influenza  split virus  trivalent  PF,136.00
2026-05-01T00:42:43Z,322ab5c6-5846-ac1e-38cc-48b8cb441e20,322ab5c6-5846-ac1e-b342-21728760bf74,113,Td (adult)  5 Lf tetanus toxoid  preservative free  adsorbed,136.00
2017-05-19T17:51:43Z,05cc86a0-2d98-b046-790a-211fd9e1ea92,05cc86a0-2d98-b046-aadf-a62b9e132f6b,140,Influenza  split virus  trivalent  PF,136.00
2017-05-19T17:51:43Z,05cc86a0-2d98-b046-790a-211fd9e1ea92,05cc86a0-2d98-b046-aadf-a62b9e132f6b,113,Td (adult)  5 Lf tetanus toxoid  preservative free  adsorbed,136.00
2018-05-25T17:51:43Z,05cc86a0-2d98-b046-790a-211fd9e1ea92,05cc86a0-2d98-b046-d70d-b6d4f7dde3b6,140,Influenza  split virus  trivalent  PF,136.00
2019-05-31T17:51:43Z,05cc86a0-2d98-b046-790a-211fd9e1ea92,05cc86a0-2d98-b046-2c56-1cf7cf8e8320,140,Influenza  split virus  trivalent  PF,136.00
2020-06-05T17:51:43Z,05cc86a0-2d98-b046-790a-211fd9e1ea92,05cc86a0-2d98-b046-e4b9-66895ca42725,140,Influenza  split virus  trivalent  PF,136.00
2021-06-11T17:51:43Z,05cc86a0-2d98-b046-790a-211fd9e1ea92,05cc86a0-2d98-b046-a742-384a6835566c,140,Influenza  split virus  trivalent  PF,136.00
2022-06-17T17:51:43Z,05cc86a0-2d98-b046-790a-211fd9e1ea92,05cc86a0-2d98-b046-b12f-92119ed048cd,140,Influenza  split virus  trivalent  PF,136.00
2023-06-23T17:51:43Z,05cc86a0-2d98-b046-790a-211fd9e1ea92,05cc86a0-2d98-b046-5a2f-971335689333,140,Influenza  split virus  trivalent  PF,136.00
2024-06-28T17:51:43Z,05cc86a0-2d98-b046-790a-211fd9e1ea92,05cc86a0-2d98-b046-40c5-49f5acd6be81,140,Influenza  split virus  trivalent  PF,136.00
2025-07-04T17:51:43Z,05cc86a0-2d98-b046-790a-211fd9e1ea92,05cc86a0-2d98-b046-05a9-9e7a92f7dff4,140,Influenza  split virus  trivalent  PF,136.00
2026-07-10T17:51:43Z,05cc86a0-2d98-b046-790a-211fd9e1ea92,05cc86a0-2d98-b046-c0f1-dac51423ff49,140,Influenza  split virus  trivalent  PF,136.00
