START,STOP,PATIENT,PAYER,ENCOUNTER,CODE,DESCRIPTION,BASE_COST,PAYER_COVERAGE,DISPENSES,TOTALCOST,REASONCODE,REASONDESCRIPTION
2019-11-13T11:15:11Z,2020-01-07T11:15:11Z,aee7bbe1-0c45-c028-1e62-1f4cdb30c273,b046940f-1664-3047-bca7-dfa76be352a4,aee7bbe1-0c45-c028-00c6-a8d629cc445b,313820,Acetaminophen 160 MG Chewable Tablet,81.03,0.00,1,81.03,,
2021-07-31T11:43:19Z,2021-08-08T19:43:19Z,aee7bbe1-0c45-c028-1e62-1f4cdb30c273,b046940f-1664-3047-bca7-dfa76be352a4,aee7bbe1-0c45-c028-dd01-57fc9e070dc2,834061,Penicillin V Potassium 250 MG Oral Tablet,164.00,0.00,1,164.00,43878008,Streptococcal sore throat (disorder)
2023-01-19T13:32:56Z,2023-01-19T13:32:56Z,aee7bbe1-0c45-c028-1e62-1f4cdb30c273,b046940f-1664-3047-bca7-dfa76be352a4,aee7bbe1-0c45-c028-0ab7-623f61d32a2e,1535362,sodium fluoride 0.0272 MG/MG Oral Gel,129.94,0.00,1,129.94,103697008,Patient referral for dental care (procedure)
2025-02-06T13:09:08Z,2025-02-06T13:09:08Z,aee7bbe1-0c45-c028-1e62-1f4cdb30c273,b046940f-1664-3047-bca7-dfa76be352a4,aee7bbe1-0c45-c028-3f33-0eec69163400,1535362,sodium fluoride 0.0272 MG/MG Oral Gel,129.94,0.00,1,129.94,66383009,Gingivitis (disorder)
2026-02-12T13:21:24Z,2026-02-12T13:21:24Z,aee7bbe1-0c45-c028-1e62-1f4cdb30c273,b046940f-1664-3047-bca7-dfa76be352a4,aee7bbe1-0c45-c028-08fa-41713747ff1a,1535362,sodium fluoride 0.0272 MG/MG Oral Gel,129.94,0.00,1,129.94,103697008,Patient referral for dental care (procedure)
2017-01-26T10:35:01Z,2017-01-26T10:35:01Z,5e688e99-61b3-5c88-3f60-21df8aaced27,df166300-5a78-3502-a46a-832842197811,5e688e99-61b3-5c88-c619-366b2af04bb0,1535362,sodium fluoride 0.0272 MG/MG Oral Gel,129.94,79.94,1,129.94,103697008,Patient referral for dental care (procedure)
2018-07-02T06:37:15Z,2018-07-18T06:37:15Z,76b20010-c318-5754-8c85-983aa538522f,d31fccc3-1767-390d-966a-22a5156f4219,76b20010-c318-5754-8283-493693157ccd,313782,Acetaminophen 325 MG Oral Tablet,45.86,36.69,1,45.86,10509002,Acute bronchitis (disorder)
2019-02-07T10:46:03Z,2019-02-07T10:46:03Z,5e688e99-61b3-5c88-3f60-21df8aaced27,df166300-5a78-3502-a46a-832842197811,5e688e99-61b3-5c88-d530-4e1d22c89571,1535362,sodium fluoride 0.0272 MG/MG Oral Gel,129.94,79.94,1,129.94,103697008,Patient referral for dental care (procedure)
2020-02-20T07:40:43Z,2020-02-29T07:40:43Z,5e688e99-61b3-5c88-3f60-21df8aaced27,df166300-5a78-3502-a46a-832842197811,5e688e99-61b3-5c88-aaf8-102a81e34532,313782,Acetaminophen 325 MG Oral Tablet,117.20,67.20,1,117.20,10509002,Acute bronchitis (disorder)
2022-10-20T08:04:35Z,2022-10-29T08:04:35Z,5e688e99-61b3-5c88-3f60-21df8aaced27,df166300-5a78-3502-a46a-832842197811,5e688e99-61b3-5c88-1ad2-bb5dc4254422,313782,Acetaminophen 325 MG Oral Tablet,183.45,133.45,1,183.45,10509002,Acute bronchitis (disorder)
2022-07-26T06:17:07Z,2022-08-09T06:17:07Z,76b20010-c318-5754-8c85-983aa538522f,d31fccc3-1767-390d-966a-22a5156f4219,76b20010-c318-5754-622a-e41e1985aeef,308192,Amoxicillin 500 MG Oral Tablet,142.56,0.00,1,142.56,,
2022-07-26T06:17:07Z,2022-08-09T06:17:07Z,76b20010-c318-5754-8c85-983aa538522f,d31fccc3-1767-390d-966a-22a5156f4219,76b20010-c318-5754-622a-e41e1985aeef,198405,Ibuprofen 100 MG Oral Tablet,108.56,0.00,1,108.56,,
2025-01-17T06:17:07Z,2025-01-31T06:17:07Z,76b20010-c318-5754-8c85-983aa538522f,d31fccc3-1767-390d-966a-22a5156f4219,76b20010-c318-5754-0497-211daff5cf73,308192,Amoxicillin 500 MG Oral Tablet,8.67,0.00,1,8.67,,
2025-01-17T06:17:07Z,2025-01-31T06:17:07Z,76b20010-c318-5754-8c85-983aa538522f,d31fccc3-1767-390d-966a-22a5156f4219,76b20010-c318-5754-0497-211daff5cf73,313820,Acetaminophen 160 MG Chewable Tablet,73.79,0.00,1,73.79,,
2026-03-23T11:30:21Z,2026-03-23T11:30:21Z,76b20010-c318-5754-8c85-983aa538522f,d31fccc3-1767-390d-966a-22a5156f4219,76b20010-c318-5754-92f6-be8b3353608c,1535362,sodium fluoride 0.0272 MG/MG Oral Gel,129.94,0.00,1,129.94,103697008,Patient referral for dental care (procedure)
2018-09-17T09:06:16Z,2018-10-07T09:06:16Z,46976cf7-b0bf-be20-39a5-9f425a52886d,26aab0cd-6aba-3e1b-ac5b-05c8867e762c,46976cf7-b0bf-be20-1475-2a206b56b616,313782,Acetaminophen 325 MG Oral Tablet,61.43,0.00,1,61.43,10509002,Acute bronchitis (disorder)
2018-10-12T10:43:43Z,2018-10-12T10:43:43Z,46976cf7-b0bf-be20-39a5-9f425a52886d,26aab0cd-6aba-3e1b-ac5b-05c8867e762c,46976cf7-b0bf-be20-4fdd-7e5e2a058119,1535362,sodium fluoride 0.0272 MG/MG Oral Gel,129.94,77.96,1,129.94,103697008,Patient referral for dental care (procedure)
2020-01-22T08:02:49Z,2020-02-05T08:02:49Z,46976cf7-b0bf-be20-39a5-9f425a52886d,26aab0cd-6aba-3e1b-ac5b-05c8867e762c,46976cf7-b0bf-be20-dbe8-ab15ac0bb83a,313782,Acetaminophen 325 MG Oral Tablet,105.76,0.00,1,105.76,,
2021-09-13T08:02:49Z,2022-09-08T08:02:49Z,46976cf7-b0bf-be20-39a5-9f425a52886d,26aab0cd-6aba-3e1b-ac5b-05c8867e762c,46976cf7-b0bf-be20-563f-0beb8d5b4dbd,749762,{7 (ethinyl estradiol 0.01 MG Oral Tablet) / 84 (ethinyl estradiol 0.03 MG / levonorgestrel 0.15 MG Oral Tablet) } Pack [Seasonique],764.40,0.00,12,9172.80,,
2022-03-07T08:02:49Z,2022-04-12T08:02:49Z,46976cf7-b0bf-be20-39a5-9f425a52886d,26aab0cd-6aba-3e1b-ac5b-05c8867e762c,46976cf7-b0bf-be20-311e-72a75a684a58,849574,Naproxen sodium 220 MG Oral Tablet,168.16,0.00,1,168.16,,
2022-09-16T09:25:38Z,2022-09-18T07:25:38Z,46976cf7-b0bf-be20-39a5-9f425a52886d,26aab0cd-6aba-3e1b-ac5b-05c8867e762c,46976cf7-b0bf-be20-eeae-62fb2a92fd08,197511,ciprofloxacin 250 MG Oral Tablet,129.94,0.00,1,129.94,307426000,Acute infective cystitis (disorder)
2024-08-28T08:02:49Z,2025-08-23T08:02:49Z,46976cf7-b0bf-be20-39a5-9f425a52886d,26aab0cd-6aba-3e1b-ac5b-05c8867e762c,46976cf7-b0bf-be20-7ccf-fee241781ae1,749762,{7 (ethinyl estradiol 0.01 MG Oral Tablet) / 84 (ethinyl estradiol 0.03 MG / levonorgestrel 0.15 MG Oral Tablet) } Pack [Seasonique],229.32,96.48,12,2751.84,,
2025-08-23T08:02:49Z,2026-08-18T08:02:49Z,46976cf7-b0bf-be20-39a5-9f425a52886d,26aab0cd-6aba-3e1b-ac5b-05c8867e762c,46976cf7-b0bf-be20-567a-82d2d523c386,748879,{21 (ethinyl estradiol 0.03 MG / levonorgestrel 0.15 MG Oral Tablet) / 7 (inert ingredients 1 MG Oral Tablet) } Pack [Levora 0.15/30 28 Day],229.32,0.00,12,2751.84,,
2026-08-18T08:02:49Z,,46976cf7-b0bf-be20-39a5-9f425a52886d,26aab0cd-6aba-3e1b-ac5b-05c8867e762c,46976cf7-b0bf-be20-b834-102b8ce61a13,748856,{24 (drospirenone 3 MG / ethinyl estradiol 0.02 MG Oral Tablet) / 4 (inert ingredients 1 MG Oral Tablet) } Pack [Yaz 28 Day],229.32,0.00,1,229.32,,
2026-08-19T08:02:49Z,2026-09-02T08:02:49Z,46976cf7-b0bf-be20-39a5-9f425a52886d,26aab0cd-6aba-3e1b-ac5b-05c8867e762c,46976cf7-b0bf-be20-68c7-037c735971c9,308182,Amoxicillin 250 MG Oral Capsule,73.26,0.00,1,73.26,,
2026-08-19T08:02:49Z,2026-09-02T08:02:49Z,46976cf7-b0bf-be20-39a5-9f425a52886d,26aab0cd-6aba-3e1b-ac5b-05c8867e762c,46976cf7-b0bf-be20-68c7-037c735971c9,313782,Acetaminophen 325 MG Oral Tablet,183.45,0.00,1,183.45,,
2017-03-21T21:52:16Z,2017-03-21T21:52:16Z,4f083ce3-f12b-bb4b-7353-e17f0cd55b0a,26aab0cd-6aba-3e1b-ac5b-05c8867e762c,4f083ce3-f12b-bb4b-c029-f35cbc5a15f5,1535362,sodium fluoride 0.0272 MG/MG Oral Gel,129.94,0.00,1,129.94,103697008,Patient referral for dental care (procedure)
1999-10-29T02:14:47Z,2000-10-23T02:14:47Z,aa616abe-1761-0c9a-7959-07544679dafd,e03e23c9-4df1-3eb6-a62d-f70f02301496,aa616abe-1761-0c9a-2e33-490e2200cb0a,749882,{7 (inert ingredients 1 MG Oral Tablet) / 21 (mestranol 0.05 MG / norethindrone 1 MG Oral Tablet) } Pack [Norinyl 1+50 28 Day],351.99,0.00,12,4223.88,,
2000-10-23T02:14:47Z,2001-10-18T02:14:47Z,aa616abe-1761-0c9a-7959-07544679dafd,e03e23c9-4df1-3eb6-a62d-f70f02301496,aa616abe-1761-0c9a-77b8-1e4b78c87b9e,749882,{7 (inert ingredients 1 MG Oral Tablet) / 21 (mestranol 0.05 MG / norethindrone 1 MG Oral Tablet) } Pack [Norinyl 1+50 28 Day],580.47,0.00,12,6965.64,,
2021-08-03T16:39:27Z,2021-08-12T02:39:27Z,4f083ce3-f12b-bb4b-7353-e17f0cd55b0a,26aab0cd-6aba-3e1b-ac5b-05c8867e762c,4f083ce3-f12b-bb4b-8782-9b9bdd52136e,834102,Penicillin V Potassium 500 MG Oral Tablet,12.85,0.00,1,12.85,43878008,Streptococcal sore throat (disorder)
2022-03-14T17:33:31Z,2022-04-03T17:33:31Z,4f083ce3-f12b-bb4b-7353-e17f0cd55b0a,26aab0cd-6aba-3e1b-ac5b-05c8867e762c,4f083ce3-f12b-bb4b-b961-5fe00d23e0c9,849574,Naproxen sodium 220 MG Oral Tablet,91.72,0.00,1,91.72,,
2022-04-13T13:39:27Z,2022-04-27T04:39:27Z,4f083ce3-f12b-bb4b-7353-e17f0cd55b0a,26aab0cd-6aba-3e1b-ac5b-05c8867e762c,4f083ce3-f12b-bb4b-bcd3-5c2155f4804f,834102,Penicillin V Potassium 500 MG Oral Tablet,130.72,78.43,1,130.72,43878008,Streptococcal sore throat (disorder)
2003-03-22T02:14:47Z,2004-03-16T02:14:47Z,aa616abe-1761-0c9a-7959-07544679dafd,df166300-5a78-3502-a46a-832842197811,aa616abe-1761-0c9a-d110-fec41638a191,1367439,21 DAY ethinyl estradiol 0.000625 MG/HR / etonogestrel 0.005 MG/HR Vaginal System [NuvaRing],469.56,419.56,12,5634.72,,
2004-03-16T02:14:47Z,2005-03-11T02:14:47Z,aa616abe-1761-0c9a-7959-07544679dafd,e03e23c9-4df1-3eb6-a62d-f70f02301496,aa616abe-1761-0c9a-d5b7-f3ea21b1e6a6,751905,{7 (ethinyl estradiol 0.035 MG / norgestimate 0.18 MG Oral Tablet) / 7 (ethinyl estradiol 0.035 MG / norgestimate 0.215 MG Oral Tablet) / 7 (ethinyl estradiol 0.035 MG / norgestimate 0.25 MG Oral Tablet) / 7 (inert ingredients 1 MG Oral Tablet) } Pack [Trinessa 28 Day],233.62,0.00,12,2803.44,,
2004-07-14T02:41:45Z,2004-09-03T12:16:45Z,aa616abe-1761-0c9a-7959-07544679dafd,e03e23c9-4df1-3eb6-a62d-f70f02301496,aa616abe-1761-0c9a-9881-d9f029e5bb2c,310965,Ibuprofen 200 MG Oral Tablet,100.99,0.00,1,100.99,,
2004-07-21T05:16:45Z,2004-08-18T02:14:47Z,aa616abe-1761-0c9a-7959-07544679dafd,e03e23c9-4df1-3eb6-a62d-f70f02301496,aa616abe-1761-0c9a-d339-7c01bb6d840e,861467,Meperidine Hydrochloride 50 MG Oral Tablet,35.29,0.00,1,35.29,,
2024-04-02T19:18:30Z,2024-04-02T19:18:30Z,4f083ce3-f12b-bb4b-7353-e17f0cd55b0a,26aab0cd-6aba-3e1b-ac5b-05c8867e762c,4f083ce3-f12b-bb4b-68ad-d5a84a50edc3,1535362,sodium fluoride 0.0272 MG/MG Oral Gel,129.94,0.00,1,129.94,103697008,Patient referral for dental care (procedure)
2005-03-11T02:14:47Z,2006-03-10T11:09:32Z,aa616abe-1761-0c9a-7959-07544679dafd,e03e23c9-4df1-3eb6-a62d-f70f02301496,aa616abe-1761-0c9a-2866-c52fc0b56081,807283,levonorgestrel 0.000833 MG/HR Intrauterine System [Mirena],10.00,0.00,12,120.00,,
2007-03-05T11:09:32Z,2008-02-28T11:09:32Z,aa616abe-1761-0c9a-7959-07544679dafd,d31fccc3-1767-390d-966a-22a5156f4219,aa616abe-1761-0c9a-b64c-2804ff8bce9a,751905,{7 (ethinyl estradiol 0.035 MG / norgestimate 0.18 MG Oral Tablet) / 7 (ethinyl estradiol 0.035 MG / norgestimate 0.215 MG Oral Tablet) / 7 (ethinyl estradiol 0.035 MG / norgestimate 0.25 MG Oral Tablet) / 7 (inert ingredients 1 MG Oral Tablet) } Pack [Trinessa 28 Day],229.32,0.00,12,2751.84,,
2007-10-17T12:16:45Z,2007-12-18T12:16:45Z,aa616abe-1761-0c9a-7959-07544679dafd,d31fccc3-1767-390d-966a-22a5156f4219,aa616abe-1761-0c9a-c11f-7b768adc707c,313782,Acetaminophen 325 MG Oral Tablet,183.45,97.23,2,366.90,,
2008-02-28T11:09:32Z,,aa616abe-1761-0c9a-7959-07544679dafd,d31fccc3-1767-390d-966a-22a5156f4219,aa616abe-1761-0c9a-c32d-8f22e34992e6,751905,{7 (ethinyl estradiol 0.035 MG / norgestimate 0.18 MG Oral Tablet) / 7 (ethinyl estradiol 0.035 MG / norgestimate 0.215 MG Oral Tablet) / 7 (ethinyl estradiol 0.035 MG / norgestimate 0.25 MG Oral Tablet) / 7 (inert ingredients 1 MG Oral Tablet) } Pack [Trinessa 28 Day],721.76,0.00,10,7217.60,,
2008-12-12T02:14:47Z,2008-12-12T02:14:47Z,aa616abe-1761-0c9a-7959-07544679dafd,d31fccc3-1767-390d-966a-22a5156f4219,aa616abe-1761-0c9a-8916-6b477592f2b5,1659131,piperacillin 2000 MG / tazobactam 250 MG Injection,129.94,103.95,1,129.94,91302008,Sepsis (disorder)
2008-12-12T02:14:47Z,2008-12-12T02:14:47Z,aa616abe-1761-0c9a-7959-07544679dafd,d31fccc3-1767-390d-966a-22a5156f4219,aa616abe-1761-0c9a-8916-6b477592f2b5,1807510,150 ML vancomycin 5 MG/ML Injection,129.94,103.95,1,129.94,91302008,Sepsis (disorder)
2016-08-23T10:34:52Z,2017-08-29T10:34:52Z,46ee9d82-b52c-856d-069b-5064ff052225,a735bf55-83e9-331a-899d-a82a60b9f60c,46ee9d82-b52c-856d-aedd-20bf3251457c,835603,tramadol hydrochloride 50 MG Oral Tablet,129.94,103.95,3,389.82,,
2017-08-29T10:34:52Z,2018-09-04T10:34:52Z,46ee9d82-b52c-856d-069b-5064ff052225,a735bf55-83e9-331a-899d-a82a60b9f60c,46ee9d82-b52c-856d-6470-e0f1615ed001,835603,tramadol hydrochloride 50 MG Oral Tablet,129.94,0.00,3,389.82,,
2018-09-04T10:34:52Z,2019-09-10T10:34:52Z,46ee9d82-b52c-856d-069b-5064ff052225,a735bf55-83e9-331a-899d-a82a60b9f60c,46ee9d82-b52c-856d-b4b5-ba3c58b5e017,835603,tramadol hydrochloride 50 MG Oral Tablet,129.94,103.95,3,389.82,,
2018-09-18T13:44:46Z,2018-09-18T13:44:46Z,46ee9d82-b52c-856d-069b-5064ff052225,a735bf55-83e9-331a-899d-a82a60b9f60c,46ee9d82-b52c-856d-5773-5dfa12e4eafb,1535362,sodium fluoride 0.0272 MG/MG Oral Gel,129.94,129.94,1,129.94,66383009,Gingivitis (disorder)
2018-11-20T10:34:52Z,2019-11-15T10:34:52Z,46ee9d82-b52c-856d-069b-5064ff052225,a735bf55-83e9-331a-899d-a82a60b9f60c,46ee9d82-b52c-856d-cc20-57d2d486e757,757594,{28 (norethindrone 0.35 MG Oral Tablet) } Pack [Jolivette 28 Day],620.73,620.73,12,7448.76,,
2019-09-10T10:34:52Z,2020-09-15T10:34:52Z,46ee9d82-b52c-856d-069b-5064ff052225,a735bf55-83e9-331a-899d-a82a60b9f60c,46ee9d82-b52c-856d-0564-b1f4bbc5806c,835603,tramadol hydrochloride 50 MG Oral Tablet,129.94,0.00,3,389.82,,
2019-11-15T10:34:52Z,2020-11-09T10:34:52Z,46ee9d82-b52c-856d-069b-5064ff052225,a735bf55-83e9-331a-899d-a82a60b9f60c,46ee9d82-b52c-856d-b185-3049d9684275,757594,{28 (norethindrone 0.35 MG Oral Tablet) } Pack [Jolivette 28 Day],229.32,183.46,12,2751.84,,
2020-09-15T10:34:52Z,2021-09-21T10:34:52Z,46ee9d82-b52c-856d-069b-5064ff052225,a735bf55-83e9-331a-899d-a82a60b9f60c,46ee9d82-b52c-856d-02ee-19fd7bbbc223,835603,tramadol hydrochloride 50 MG Oral Tablet,129.94,0.00,3,389.82,,
2021-09-21T10:34:52Z,2022-09-27T10:34:52Z,46ee9d82-b52c-856d-069b-5064ff052225,a735bf55-83e9-331a-899d-a82a60b9f60c,46ee9d82-b52c-856d-e798-ead21797e52b,835603,tramadol hydrochloride 50 MG Oral Tablet,129.94,0.00,3,389.82,,
2021-10-05T14:40:37Z,2021-10-05T14:40:37Z,46ee9d82-b52c-856d-069b-5064ff052225,a735bf55-83e9-331a-899d-a82a60b9f60c,46ee9d82-b52c-856d-2648-587cd6b9186e,1535362,sodium fluoride 0.0272 MG/MG Oral Gel,129.94,103.95,1,129.94,66383009,Gingivitis (disorder)
2021-11-04T10:34:52Z,2022-10-30T10:34:52Z,46ee9d82-b52c-856d-069b-5064ff052225,a735bf55-83e9-331a-899d-a82a60b9f60c,46ee9d82-b52c-856d-4ed3-2217d1c1b289,749762,{7 (ethinyl estradiol 0.01 MG Oral Tablet) / 84 (ethinyl estradiol 0.03 MG / levonorgestrel 0.15 MG Oral Tablet) } Pack [Seasonique],304.51,243.61,12,3654.12,,
2022-09-27T10:34:52Z,2023-10-03T10:34:52Z,46ee9d82-b52c-856d-069b-5064ff052225,a735bf55-83e9-331a-899d-a82a60b9f60c,46ee9d82-b52c-856d-ca13-b3800ca1de06,835603,tramadol hydrochloride 50 MG Oral Tablet,129.94,0.00,3,389.82,,
2023-10-03T10:34:52Z,2024-10-08T10:34:52Z,46ee9d82-b52c-856d-069b-5064ff052225,a735bf55-83e9-331a-899d-a82a60b9f60c,46ee9d82-b52c-856d-3f04-41558d73340b,835603,tramadol hydrochloride 50 MG Oral Tablet,129.94,0.00,3,389.82,,
2024-10-08T10:34:52Z,2025-10-14T10:34:52Z,46ee9d82-b52c-856d-069b-5064ff052225,a735bf55-83e9-331a-899d-a82a60b9f60c,46ee9d82-b52c-856d-3ef1-6d98b7e50e5f,835603,tramadol hydrochloride 50 MG Oral Tablet,129.94,103.95,3,389.82,,
2025-10-14T10:34:52Z,,46ee9d82-b52c-856d-069b-5064ff052225,a735bf55-83e9-331a-899d-a82a60b9f60c,46ee9d82-b52c-856d-45b8-afe9a54d216d,835603,tramadol hydrochloride 50 MG Oral Tablet,129.94,0.00,3,389.82,,
2025-10-28T13:42:57Z,2025-10-28T13:42:57Z,46ee9d82-b52c-856d-069b-5064ff052225,a735bf55-83e9-331a-899d-a82a60b9f60c,46ee9d82-b52c-856d-0cf9-ecf4d2e27889,1535362,sodium fluoride 0.0272 MG/MG Oral Gel,129.94,103.95,1,129.94,66383009,Gingivitis (disorder)
1978-05-15T02:28:54Z,1978-11-25T02:28:54Z,c86c400e-ff88-a1e3-2e23-caa4d8311f47,a735bf55-83e9-331a-899d-a82a60b9f60c,c86c400e-ff88-a1e3-b490-9787d167c247,197591,Diazepam 5 MG Oral Tablet,5.12,0.00,6,30.72,128613002,Seizure disorder (disorder)
1978-05-29T04:52:36Z,1978-05-29T04:52:36Z,c86c400e-ff88-a1e3-2e23-caa4d8311f47,a735bf55-83e9-331a-899d-a82a60b9f60c,c86c400e-ff88-a1e3-da34-06d00ec566c0,1535362,sodium fluoride 0.0272 MG/MG Oral Gel,129.94,103.95,1,129.94,103697008,Patient referral for dental care (procedure)
1981-05-18T02:28:54Z,1981-11-23T02:28:54Z,c86c400e-ff88-a1e3-2e23-caa4d8311f47,a735bf55-83e9-331a-899d-a82a60b9f60c,c86c400e-ff88-a1e3-a94f-25b749d02737,308971,carbamazepine 20 MG/ML Oral Suspension [Tegretol],720.89,390.31,6,4325.34,128613002,Seizure disorder (disorder)
1981-06-01T07:50:08Z,1981-06-01T07:50:08Z,c86c400e-ff88-a1e3-2e23-caa4d8311f47,a735bf55-83e9-331a-899d-a82a60b9f60c,c86c400e-ff88-a1e3-073a-a2ade5f109e4,1535362,sodium fluoride 0.0272 MG/MG Oral Gel,129.94,103.95,1,129.94,66383009,Gingivitis (disorder)
1984-03-11T02:51:07Z,1984-05-28T02:28:54Z,c86c400e-ff88-a1e3-2e23-caa4d8311f47,a735bf55-83e9-331a-899d-a82a60b9f60c,c86c400e-ff88-a1e3-f493-6f70524b4d17,309097,Cefuroxime 250 MG Oral Tablet,213.34,0.00,7,1493.38,,
1984-03-11T02:51:07Z,,c86c400e-ff88-a1e3-2e23-caa4d8311f47,a735bf55-83e9-331a-899d-a82a60b9f60c,c86c400e-ff88-a1e3-f493-6f70524b4d17,861467,Meperidine Hydrochloride 50 MG Oral Tablet,113.00,74.67,100,11300.00,,
1984-03-11T02:51:07Z,1984-05-28T02:28:54Z,c86c400e-ff88-a1e3-2e23-caa4d8311f47,a735bf55-83e9-331a-899d-a82a60b9f60c,c86c400e-ff88-a1e3-f493-6f70524b4d17,313782,Acetaminophen 325 MG Oral Tablet,88.34,70.67,2,176.68,,
1984-05-21T02:28:54Z,1985-01-08T02:28:54Z,c86c400e-ff88-a1e3-2e23-caa4d8311f47,a735bf55-83e9-331a-899d-a82a60b9f60c,c86c400e-ff88-a1e3-7fcc-d6d28897606c,204892,clonazePAM 0.25 MG Oral Tablet,4.15,3.32,7,29.05,128613002,Seizure disorder (disorder)
1987-03-09T02:28:54Z,,c86c400e-ff88-a1e3-2e23-caa4d8311f47,a735bf55-83e9-331a-899d-a82a60b9f60c,c86c400e-ff88-a1e3-6965-43c6146881f0,197591,Diazepam 5 MG Oral Tablet,2.21,0.00,10,22.10,128613002,Seizure disorder (disorder)
1987-05-01T04:31:47Z,,c86c400e-ff88-a1e3-2e23-caa4d8311f47,a735bf55-83e9-331a-899d-a82a60b9f60c,c86c400e-ff88-a1e3-cd0b-493be6ab2d0e,308971,carbamazepine 20 MG/ML Oral Suspension [Tegretol],151.28,121.02,8,1210.24,128613002,Seizure disorder (disorder)
2015-01-20T05:06:17Z,,e74367bd-7385-97dc-2c7f-251b4cd9fe29,df166300-5a78-3502-a46a-832842197811,e74367bd-7385-97dc-0cfb-95059e89cf0e,864706,methadone hydrochloride 10 MG Oral Tablet,129.94,79.94,142,18451.48,5602001,Opioid abuse
2015-10-24T00:11:11Z,2016-10-29T00:11:11Z,e74367bd-7385-97dc-2c7f-251b4cd9fe29,df166300-5a78-3502-a46a-832842197811,e74367bd-7385-97dc-08a7-e88585c79bde,1049625,Acetaminophen 325 MG / Oxycodone Hydrochloride 10 MG Oral Tablet [Percocet],129.94,79.94,3,389.82,,
2015-10-24T00:11:11Z,2016-10-29T00:11:11Z,e74367bd-7385-97dc-2c7f-251b4cd9fe29,df166300-5a78-3502-a46a-832842197811,e74367bd-7385-97dc-08a7-e88585c79bde,1049504,Abuse-Deterrent 12 HR Oxycodone Hydrochloride 10 MG Extended Release Oral Tablet [Oxycontin],129.94,79.94,3,389.82,,
2015-10-24T00:11:11Z,2016-10-29T00:11:11Z,e74367bd-7385-97dc-2c7f-251b4cd9fe29,df166300-5a78-3502-a46a-832842197811,e74367bd-7385-97dc-08a7-e88585c79bde,351266,buprenorphine 2 MG / naloxone 0.5 MG Sublingual Tablet,129.94,79.94,3,389.82,5602001,Opioid abuse
2015-10-24T00:11:11Z,2016-10-29T00:11:11Z,e74367bd-7385-97dc-2c7f-251b4cd9fe29,df166300-5a78-3502-a46a-832842197811,e74367bd-7385-97dc-08a7-e88585c79bde,1860491,12 HR Hydrocodone Bitartrate 10 MG Extended Release Oral Capsule,129.94,79.94,3,389.82,,
2016-10-29T00:11:11Z,2017-11-04T00:11:11Z,e74367bd-7385-97dc-2c7f-251b4cd9fe29,df166300-5a78-3502-a46a-832842197811,e74367bd-7385-97dc-0b93-081f6a5b9f01,1049625,Acetaminophen 325 MG / Oxycodone Hydrochloride 10 MG Oral Tablet [Percocet],129.94,0.00,3,389.82,,
2016-10-29T00:11:11Z,2017-11-04T00:11:11Z,e74367bd-7385-97dc-2c7f-251b4cd9fe29,df166300-5a78-3502-a46a-832842197811,e74367bd-7385-97dc-0b93-081f6a5b9f01,1049504,Abuse-Deterrent 12 HR Oxycodone Hydrochloride 10 MG Extended Release Oral Tablet [Oxycontin],129.94,59.88,3,389.82,,
2016-10-29T00:11:11Z,2017-11-04T00:11:11Z,e74367bd-7385-97dc-2c7f-251b4cd9fe29,df166300-5a78-3502-a46a-832842197811,e74367bd-7385-97dc-0b93-081f6a5b9f01,351266,buprenorphine 2 MG / naloxone 0.5 MG Sublingual Tablet,129.94,79.94,3,389.82,5602001,Opioid abuse
2016-10-29T00:11:11Z,2017-11-04T00:11:11Z,e74367bd-7385-97dc-2c7f-251b4cd9fe29,df166300-5a78-3502-a46a-832842197811,e74367bd-7385-97dc-0b93-081f6a5b9f01,1860491,12 HR Hydrocodone Bitartrate 10 MG Extended Release Oral Capsule,129.94,79.94,3,389.82,,
2017-07-28T02:01:41Z,2017-07-28T02:34:41Z,e74367bd-7385-97dc-2c7f-251b4cd9fe29,df166300-5a78-3502-a46a-832842197811,e74367bd-7385-97dc-2dbc-e856a50a95bc,597195,Carboplatin 10 MG/ML Injectable Solution,0.50,0.00,1,0.50,254837009,Malignant neoplasm of breast (disorder)
2017-08-19T02:34:41Z,2017-08-19T03:24:41Z,e74367bd-7385-97dc-2c7f-251b4cd9fe29,df166300-5a78-3502-a46a-832842197811,e74367bd-7385-97dc-3456-dae570743856,597195,Carboplatin 10 MG/ML Injectable Solution,0.50,0.00,1,0.50,254837009,Malignant neoplasm of breast (disorder)
2017-09-09T20:24:41Z,2017-09-09T22:10:41Z,e74367bd-7385-97dc-2c7f-251b4cd9fe29,df166300-5a78-3502-a46a-832842197811,e74367bd-7385-97dc-32cb-b445bc293b60,597195,Carboplatin 10 MG/ML Injectable Solution,0.50,0.00,1,0.50,254837009,Malignant neoplasm of breast (disorder)
2017-09-29T22:10:41Z,2017-09-29T23:42:41Z,e74367bd-7385-97dc-2c7f-251b4cd9fe29,df166300-5a78-3502-a46a-832842197811,e74367bd-7385-97dc-4ff4-bab72ed97e11,597195,Carboplatin 10 MG/ML Injectable Solution,0.50,0.00,1,0.50,254837009,Malignant neoplasm of breast (disorder)
2017-10-21T05:42:41Z,2017-10-21T07:14:41Z,e74367bd-7385-97dc-2c7f-251b4cd9fe29,a735bf55-83e9-331a-899d-a82a60b9f60c,e74367bd-7385-97dc-131b-a944969d238c,597195,Carboplatin 10 MG/ML Injectable Solution,0.50,0.00,1,0.50,254837009,Malignant neoplasm of breast (disorder)
2017-11-04T00:11:11Z,2018-04-21T00:11:11Z,e74367bd-7385-97dc-2c7f-251b4cd9fe29,a735bf55-83e9-331a-899d-a82a60b9f60c,e74367bd-7385-97dc-3742-640001f3abd9,1049625,Acetaminophen 325 MG / Oxycodone Hydrochloride 10 MG Oral Tablet [Percocet],129.94,103.95,3,389.82,,
2017-11-04T00:11:11Z,2018-04-21T00:11:11Z,e74367bd-7385-97dc-2c7f-251b4cd9fe29,a735bf55-83e9-331a-899d-a82a60b9f60c,e74367bd-7385-97dc-3742-640001f3abd9,1049504,Abuse-Deterrent 12 HR Oxycodone Hydrochloride 10 MG Extended Release Oral Tablet [Oxycontin],129.94,103.95,3,389.82,,
2017-11-04T00:11:11Z,2018-04-21T00:11:11Z,e74367bd-7385-97dc-2c7f-251b4cd9fe29,a735bf55-83e9-331a-899d-a82a60b9f60c,e74367bd-7385-97dc-3742-640001f3abd9,351266,buprenorphine 2 MG / naloxone 0.5 MG Sublingual Tablet,129.94,103.95,3,389.82,5602001,Opioid abuse
2017-11-04T00:11:11Z,2018-04-21T00:11:11Z,e74367bd-7385-97dc-2c7f-251b4cd9fe29,a735bf55-83e9-331a-899d-a82a60b9f60c,e74367bd-7385-97dc-3742-640001f3abd9,1860491,12 HR Hydrocodone Bitartrate 10 MG Extended Release Oral Capsule,129.94,103.95,3,389.82,,
2017-11-10T15:14:41Z,2017-11-10T16:28:41Z,e74367bd-7385-97dc-2c7f-251b4cd9fe29,a735bf55-83e9-331a-899d-a82a60b9f60c,e74367bd-7385-97dc-d811-126763612a70,597195,Carboplatin 10 MG/ML Injectable Solution,0.50,0.40,1,0.50,254837009,Malignant neoplasm of breast (disorder)
2017-12-01T03:28:41Z,2017-12-01T04:45:41Z,e74367bd-7385-97dc-2c7f-251b4cd9fe29,a735bf55-83e9-331a-899d-a82a60b9f60c,e74367bd-7385-97dc-c997-b77eddd78e58,597195,Carboplatin 10 MG/ML Injectable Solution,0.50,0.40,1,0.50,254837009,Malignant neoplasm of breast (disorder)
2017-12-21T19:45:41Z,2017-12-21T20:25:41Z,e74367bd-7385-97dc-2c7f-251b4cd9fe29,a735bf55-83e9-331a-899d-a82a60b9f60c,e74367bd-7385-97dc-1750-79fa715c3508,597195,Carboplatin 10 MG/ML Injectable Solution,0.50,0.40,1,0.50,254837009,Malignant neoplasm of breast (disorder)
2017-12-26T14:25:41Z,2017-12-26T14:25:41Z,e74367bd-7385-97dc-2c7f-251b4cd9fe29,a735bf55-83e9-331a-899d-a82a60b9f60c,e74367bd-7385-97dc-577b-21fb5c3515d5,727762,5 ML fulvestrant 50 MG/ML Prefilled Syringe,103.64,82.91,1,103.64,254837009,Malignant neoplasm of breast (disorder)
2017-12-26T14:25:41Z,2017-12-26T14:25:41Z,e74367bd-7385-97dc-2c7f-251b4cd9fe29,a735bf55-83e9-331a-899d-a82a60b9f60c,e74367bd-7385-97dc-577b-21fb5c3515d5,1946840,abemaciclib 100 MG Oral Tablet [Verzenio],117.93,94.34,1,117.93,254837009,Malignant neoplasm of breast (disorder)
2018-04-21T00:11:11Z,2018-04-28T00:11:11Z,e74367bd-7385-97dc-2c7f-251b4cd9fe29,a735bf55-83e9-331a-899d-a82a60b9f60c,e74367bd-7385-97dc-c474-9f0d8fec22a5,1049625,Acetaminophen 325 MG / Oxycodone Hydrochloride 10 MG Oral Tablet [Percocet],129.94,103.95,3,389.82,,
2018-04-21T00:11:11Z,2018-04-28T00:11:11Z,e74367bd-7385-97dc-2c7f-251b4cd9fe29,a735bf55-83e9-331a-899d-a82a60b9f60c,e74367bd-7385-97dc-c474-9f0d8fec22a5,1049504,Abuse-Deterrent 12 HR Oxycodone Hydrochloride 10 MG Extended Release Oral Tablet [Oxycontin],129.94,103.95,3,389.82,,
2018-04-21T00:11:11Z,2018-04-28T00:11:11Z,e74367bd-7385-97dc-2c7f-251b4cd9fe29,a735bf55-83e9-331a-899d-a82a60b9f60c,e74367bd-7385-97dc-c474-9f0d8fec22a5,351266,buprenorphine 2 MG / naloxone 0.5 MG Sublingual Tablet,129.94,103.95,3,389.82,5602001,Opioid abuse
2018-04-21T00:11:11Z,2018-04-28T00:11:11Z,e74367bd-7385-97dc-2c7f-251b4cd9fe29,a735bf55-83e9-331a-899d-a82a60b9f60c,e74367bd-7385-97dc-c474-9f0d8fec22a5,1860491,12 HR Hydrocodone Bitartrate 10 MG Extended Release Oral Capsule,129.94,103.95,3,389.82,,
2018-04-28T00:11:11Z,2018-05-05T00:11:11Z,e74367bd-7385-97dc-2c7f-251b4cd9fe29,a735bf55-83e9-331a-899d-a82a60b9f60c,e74367bd-7385-97dc-ceca-19c1a0516570,1049625,Acetaminophen 325 MG / Oxycodone Hydrochloride 10 MG Oral Tablet [Percocet],129.94,103.95,3,389.82,,
2018-04-28T00:11:11Z,2018-05-05T00:11:11Z,e74367bd-7385-97dc-2c7f-251b4cd9fe29,a735bf55-83e9-331a-899d-a82a60b9f60c,e74367bd-7385-97dc-ceca-19c1a0516570,1049504,Abuse-Deterrent 12 HR Oxycodone Hydrochloride 10 MG Extended Release Oral Tablet [Oxycontin],129.94,103.95,3,389.82,,
2018-04-28T00:11:11Z,2018-05-05T00:11:11Z,e74367bd-7385-97dc-2c7f-251b4cd9fe29,a735bf55-83e9-331a-899d-a82a60b9f60c,e74367bd-7385-97dc-ceca-19c1a0516570,351266,buprenorphine 2 MG / naloxone 0.5 MG Sublingual Tablet,129.94,103.95,3,389.82,5602001,Opioid abuse
2018-04-28T00:11:11Z,2018-05-05T00:11:11Z,e74367bd-7385-97dc-2c7f-251b4cd9fe29,a735bf55-83e9-331a-899d-a82a60b9f60c,e74367bd-7385-97dc-ceca-19c1a0516570,1860491,12 HR Hydrocodone Bitartrate 10 MG Extended Release Oral Capsule,129.94,103.95,3,389.82,,
2018-05-05T00:11:11Z,2018-11-10T00:11:11Z,e74367bd-7385-97dc-2c7f-251b4cd9fe29,a735bf55-83e9-331a-899d-a82a60b9f60c,e74367bd-7385-97dc-1fb6-445865d66461,1049625,Acetaminophen 325 MG / Oxycodone Hydrochloride 10 MG Oral Tablet [Percocet],129.94,103.95,3,389.82,,
2018-05-05T00:11:11Z,2018-11-10T00:11:11Z,e74367bd-7385-97dc-2c7f-251b4cd9fe29,a735bf55-83e9-331a-899d-a82a60b9f60c,e74367bd-7385-97dc-1fb6-445865d66461,1049504,Abuse-Deterrent 12 HR Oxycodone Hydrochloride 10 MG Extended Release Oral Tablet [Oxycontin],129.94,103.95,3,389.82,,
2018-05-05T00:11:11Z,2018-11-10T00:11:11Z,e74367bd-7385-97dc-2c7f-251b4cd9fe29,a735bf55-83e9-331a-899d-a82a60b9f60c,e74367bd-7385-97dc-1fb6-445865d66461,351266,buprenorphine 2 MG / naloxone 0.5 MG Sublingual Tablet,129.94,103.95,3,389.82,5602001,Opioid abuse
2018-05-05T00:11:11Z,2018-11-10T00:11:11Z,e74367bd-7385-97dc-2c7f-251b4cd9fe29,a735bf55-83e9-331a-899d-a82a60b9f60c,e74367bd-7385-97dc-1fb6-445865d66461,1860491,12 HR Hydrocodone Bitartrate 10 MG Extended Release Oral Capsule,129.94,103.95,3,389.82,,
2018-11-10T00:11:11Z,2019-11-16T00:11:11Z,e74367bd-7385-97dc-2c7f-251b4cd9fe29,d18ef2e6-ef40-324c-be54-34a5ee865625,e74367bd-7385-97dc-555c-e2627ea3e38d,1049625,Acetaminophen 325 MG / Oxycodone Hydrochloride 10 MG Oral Tablet [Percocet],129.94,94.94,3,389.82,,
2018-11-10T00:11:11Z,2019-11-16T00:11:11Z,e74367bd-7385-97dc-2c7f-251b4cd9fe29,d18ef2e6-ef40-324c-be54-34a5ee865625,e74367bd-7385-97dc-555c-e2627ea3e38d,1049504,Abuse-Deterrent 12 HR Oxycodone Hydrochloride 10 MG Extended Release Oral Tablet [Oxycontin],129.94,94.94,3,389.82,,
2018-11-10T00:11:11Z,2019-11-16T00:11:11Z,e74367bd-7385-97dc-2c7f-251b4cd9fe29,d18ef2e6-ef40-324c-be54-34a5ee865625,e74367bd-7385-97dc-555c-e2627ea3e38d,351266,buprenorphine 2 MG / naloxone 0.5 MG Sublingual Tablet,129.94,94.94,3,389.82,5602001,Opioid abuse
2018-11-10T00:11:11Z,2019-11-16T00:11:11Z,e74367bd-7385-97dc-2c7f-251b4cd9fe29,d18ef2e6-ef40-324c-be54-34a5ee865625,e74367bd-7385-97dc-555c-e2627ea3e38d,1860491,12 HR Hydrocodone Bitartrate 10 MG Extended Release Oral Capsule,129.94,94.94,3,389.82,,
2019-11-16T00:11:11Z,2020-11-21T00:11:11Z,e74367bd-7385-97dc-2c7f-251b4cd9fe29,d18ef2e6-ef40-324c-be54-34a5ee865625,e74367bd-7385-97dc-7629-b7bc23ee8b5a,1049625,Acetaminophen 325 MG / Oxycodone Hydrochloride 10 MG Oral Tablet [Percocet],129.94,94.94,3,389.82,,
2019-11-16T00:11:11Z,2020-11-21T00:11:11Z,e74367bd-7385-97dc-2c7f-251b4cd9fe29,d18ef2e6-ef40-324c-be54-34a5ee865625,e74367bd-7385-97dc-7629-b7bc23ee8b5a,1049504,Abuse-Deterrent 12 HR Oxycodone Hydrochloride 10 MG Extended Release Oral Tablet [Oxycontin],129.94,94.94,3,389.82,,
2023-03-10T10:41:30Z,2024-03-04T10:41:30Z,eb5910f1-26e6-bc6f-b300-716eae678d6f,734afbd6-4794-363b-9bc0-6a3981533ed5,eb5910f1-26e6-bc6f-2182-1a66cd026a33,978950,{5 (dienogest 2 MG / estradiol valerate 2 MG Oral Tablet) / 17 (dienogest 3 MG / estradiol valerate 2 MG Oral Tablet) / 2 (estradiol valerate 1 MG Oral Tablet) / 2 (estradiol valerate 3 MG Oral Tablet) / 2 (inert ingredients 1 MG Oral Tablet) } Pack [Natazia 28 Day],307.98,0.00,12,3695.76,,
2019-11-16T00:11:11Z,2020-11-21T00:11:11Z,e74367bd-7385-97dc-2c7f-251b4cd9fe29,d18ef2e6-ef40-324c-be54-34a5ee865625,e74367bd-7385-97dc-7629-b7bc23ee8b5a,351266,buprenorphine 2 MG / naloxone 0.5 MG Sublingual Tablet,129.94,94.94,3,389.82,5602001,Opioid abuse
2019-11-16T00:11:11Z,2020-11-21T00:11:11Z,e74367bd-7385-97dc-2c7f-251b4cd9fe29,d18ef2e6-ef40-324c-be54-34a5ee865625,e74367bd-7385-97dc-7629-b7bc23ee8b5a,1860491,12 HR Hydrocodone Bitartrate 10 MG Extended Release Oral Capsule,129.94,94.94,3,389.82,,
2020-11-21T00:11:11Z,2020-12-12T00:11:11Z,e74367bd-7385-97dc-2c7f-251b4cd9fe29,d18ef2e6-ef40-324c-be54-34a5ee865625,e74367bd-7385-97dc-e42d-ed634729eb51,1049625,Acetaminophen 325 MG / Oxycodone Hydrochloride 10 MG Oral Tablet [Percocet],129.94,94.94,3,389.82,,
2020-11-21T00:11:11Z,2020-12-12T00:11:11Z,e74367bd-7385-97dc-2c7f-251b4cd9fe29,d18ef2e6-ef40-324c-be54-34a5ee865625,e74367bd-7385-97dc-e42d-ed634729eb51,1049504,Abuse-Deterrent 12 HR Oxycodone Hydrochloride 10 MG Extended Release Oral Tablet [Oxycontin],129.94,94.94,3,389.82,,
2020-11-21T00:11:11Z,2020-12-12T00:11:11Z,e74367bd-7385-97dc-2c7f-251b4cd9fe29,d18ef2e6-ef40-324c-be54-34a5ee865625,e74367bd-7385-97dc-e42d-ed634729eb51,351266,buprenorphine 2 MG / naloxone 0.5 MG Sublingual Tablet,129.94,94.94,3,389.82,5602001,Opioid abuse
2023-07-18T13:21:32Z,2023-07-18T13:21:32Z,eb5910f1-26e6-bc6f-b300-716eae678d6f,8fa6c185-e44e-3e34-8bd8-39be8694f4ce,eb5910f1-26e6-bc6f-062c-7e18d6608c51,1535362,sodium fluoride 0.0272 MG/MG Oral Gel,129.94,0.00,1,129.94,66383009,Gingivitis (disorder)
2020-11-21T00:11:11Z,2020-12-12T00:11:11Z,e74367bd-7385-97dc-2c7f-251b4cd9fe29,d18ef2e6-ef40-324c-be54-34a5ee865625,e74367bd-7385-97dc-e42d-ed634729eb51,1860491,12 HR Hydrocodone Bitartrate 10 MG Extended Release Oral Capsule,129.94,94.94,3,389.82,,
2020-12-12T00:11:11Z,2020-12-19T00:11:11Z,e74367bd-7385-97dc-2c7f-251b4cd9fe29,d18ef2e6-ef40-324c-be54-34a5ee865625,e74367bd-7385-97dc-576b-ed8421294502,1049625,Acetaminophen 325 MG / Oxycodone Hydrochloride 10 MG Oral Tablet [Percocet],129.94,94.94,3,389.82,,
2020-12-12T00:11:11Z,2020-12-19T00:11:11Z,e74367bd-7385-97dc-2c7f-251b4cd9fe29,d18ef2e6-ef40-324c-be54-34a5ee865625,e74367bd-7385-97dc-576b-ed8421294502,1049504,Abuse-Deterrent 12 HR Oxycodone Hydrochloride 10 MG Extended Release Oral Tablet [Oxycontin],129.94,94.94,3,389.82,,
2020-12-12T00:11:11Z,2020-12-19T00:11:11Z,e74367bd-7385-97dc-2c7f-251b4cd9fe29,d18ef2e6-ef40-324c-be54-34a5ee865625,e74367bd-7385-97dc-576b-ed8421294502,351266,buprenorphine 2 MG / naloxone 0.5 MG Sublingual Tablet,129.94,94.94,3,389.82,5602001,Opioid abuse
2020-12-12T00:11:11Z,2020-12-19T00:11:11Z,e74367bd-7385-97dc-2c7f-251b4cd9fe29,d18ef2e6-ef40-324c-be54-34a5ee865625,e74367bd-7385-97dc-576b-ed8421294502,1860491,12 HR Hydrocodone Bitartrate 10 MG Extended Release Oral Capsule,129.94,94.94,3,389.82,,
2020-12-19T00:11:11Z,2021-11-27T00:11:11Z,e74367bd-7385-97dc-2c7f-251b4cd9fe29,d18ef2e6-ef40-324c-be54-34a5ee865625,e74367bd-7385-97dc-93ab-972d51af815a,1049625,Acetaminophen 325 MG / Oxycodone Hydrochloride 10 MG Oral Tablet [Percocet],129.94,94.94,3,389.82,,
2020-12-19T00:11:11Z,2021-11-27T00:11:11Z,e74367bd-7385-97dc-2c7f-251b4cd9fe29,d18ef2e6-ef40-324c-be54-34a5ee865625,e74367bd-7385-97dc-93ab-972d51af815a,1049504,Abuse-Deterrent 12 HR Oxycodone Hydrochloride 10 MG Extended Release Oral Tablet [Oxycontin],129.94,94.94,3,389.82,,
2020-12-19T00:11:11Z,2021-11-27T00:11:11Z,e74367bd-7385-97dc-2c7f-251b4cd9fe29,d18ef2e6-ef40-324c-be54-34a5ee865625,e74367bd-7385-97dc-93ab-972d51af815a,351266,buprenorphine 2 MG / naloxone 0.5 MG Sublingual Tablet,129.94,94.94,3,389.82,5602001,Opioid abuse
2020-12-19T00:11:11Z,2021-11-27T00:11:11Z,e74367bd-7385-97dc-2c7f-251b4cd9fe29,d18ef2e6-ef40-324c-be54-34a5ee865625,e74367bd-7385-97dc-93ab-972d51af815a,1860491,12 HR Hydrocodone Bitartrate 10 MG Extended Release Oral Capsule,129.94,94.94,3,389.82,,
2020-12-26T02:46:24Z,2020-12-26T02:46:24Z,e74367bd-7385-97dc-2c7f-251b4cd9fe29,d18ef2e6-ef40-324c-be54-34a5ee865625,e74367bd-7385-97dc-6298-2d3b33772469,1535362,sodium fluoride 0.0272 MG/MG Oral Gel,129.94,94.94,1,129.94,103697008,Patient referral for dental care (procedure)
2021-07-05T00:11:11Z,,e74367bd-7385-97dc-2c7f-251b4cd9fe29,d18ef2e6-ef40-324c-be54-34a5ee865625,e74367bd-7385-97dc-43b6-e29823d0357c,849574,Naproxen sodium 220 MG Oral Tablet,168.16,133.16,64,10762.24,239872002,Osteoarthritis of hip (disorder)
2021-11-27T00:11:11Z,2022-12-03T00:11:11Z,e74367bd-7385-97dc-2c7f-251b4cd9fe29,d18ef2e6-ef40-324c-be54-34a5ee865625,e74367bd-7385-97dc-c7a9-427c91265ff8,1049625,Acetaminophen 325 MG / Oxycodone Hydrochloride 10 MG Oral Tablet [Percocet],129.94,94.94,3,389.82,,
2021-11-27T00:11:11Z,2022-12-03T00:11:11Z,e74367bd-7385-97dc-2c7f-251b4cd9fe29,d18ef2e6-ef40-324c-be54-34a5ee865625,e74367bd-7385-97dc-c7a9-427c91265ff8,1049504,Abuse-Deterrent 12 HR Oxycodone Hydrochloride 10 MG Extended Release Oral Tablet [Oxycontin],129.94,94.94,3,389.82,,
2021-11-27T00:11:11Z,2022-12-03T00:11:11Z,e74367bd-7385-97dc-2c7f-251b4cd9fe29,d18ef2e6-ef40-324c-be54-34a5ee865625,e74367bd-7385-97dc-c7a9-427c91265ff8,351266,buprenorphine 2 MG / naloxone 0.5 MG Sublingual Tablet,129.94,94.94,3,389.82,5602001,Opioid abuse
2021-11-27T00:11:11Z,2022-12-03T00:11:11Z,e74367bd-7385-97dc-2c7f-251b4cd9fe29,d18ef2e6-ef40-324c-be54-34a5ee865625,e74367bd-7385-97dc-c7a9-427c91265ff8,1860491,12 HR Hydrocodone Bitartrate 10 MG Extended Release Oral Capsule,129.94,94.94,3,389.82,,
2022-12-03T00:11:11Z,2023-12-09T00:11:11Z,e74367bd-7385-97dc-2c7f-251b4cd9fe29,d18ef2e6-ef40-324c-be54-34a5ee865625,e74367bd-7385-97dc-c8cb-70575f06ecdf,1049625,Acetaminophen 325 MG / Oxycodone Hydrochloride 10 MG Oral Tablet [Percocet],129.94,94.94,3,389.82,,
2022-12-03T00:11:11Z,2023-12-09T00:11:11Z,e74367bd-7385-97dc-2c7f-251b4cd9fe29,d18ef2e6-ef40-324c-be54-34a5ee865625,e74367bd-7385-97dc-c8cb-70575f06ecdf,1049504,Abuse-Deterrent 12 HR Oxycodone Hydrochloride 10 MG Extended Release Oral Tablet [Oxycontin],129.94,94.94,3,389.82,,
2022-12-03T00:11:11Z,2023-12-09T00:11:11Z,e74367bd-7385-97dc-2c7f-251b4cd9fe29,d18ef2e6-ef40-324c-be54-34a5ee865625,e74367bd-7385-97dc-c8cb-70575f06ecdf,351266,buprenorphine 2 MG / naloxone 0.5 MG Sublingual Tablet,129.94,94.94,3,389.82,5602001,Opioid abuse
2022-12-03T00:11:11Z,2023-12-09T00:11:11Z,e74367bd-7385-97dc-2c7f-251b4cd9fe29,d18ef2e6-ef40-324c-be54-34a5ee865625,e74367bd-7385-97dc-c8cb-70575f06ecdf,1860491,12 HR Hydrocodone Bitartrate 10 MG Extended Release Oral Capsule,129.94,94.94,3,389.82,,
2023-12-09T00:11:11Z,2024-12-14T00:11:11Z,e74367bd-7385-97dc-2c7f-251b4cd9fe29,df166300-5a78-3502-a46a-832842197811,e74367bd-7385-97dc-e62d-e0bf441b5467,1049625,Acetaminophen 325 MG / Oxycodone Hydrochloride 10 MG Oral Tablet [Percocet],129.94,0.00,3,389.82,,
2023-12-09T00:11:11Z,2024-12-14T00:11:11Z,e74367bd-7385-97dc-2c7f-251b4cd9fe29,df166300-5a78-3502-a46a-832842197811,e74367bd-7385-97dc-e62d-e0bf441b5467,1049504,Abuse-Deterrent 12 HR Oxycodone Hydrochloride 10 MG Extended Release Oral Tablet [Oxycontin],129.94,59.88,3,389.82,,
2023-12-09T00:11:11Z,2024-12-14T00:11:11Z,e74367bd-7385-97dc-2c7f-251b4cd9fe29,df166300-5a78-3502-a46a-832842197811,e74367bd-7385-97dc-e62d-e0bf441b5467,351266,buprenorphine 2 MG / naloxone 0.5 MG Sublingual Tablet,129.94,79.94,3,389.82,5602001,Opioid abuse
2023-12-09T00:11:11Z,2024-12-14T00:11:11Z,e74367bd-7385-97dc-2c7f-251b4cd9fe29,df166300-5a78-3502-a46a-832842197811,e74367bd-7385-97dc-e62d-e0bf441b5467,1860491,12 HR Hydrocodone Bitartrate 10 MG Extended Release Oral Capsule,129.94,79.94,3,389.82,,
2024-12-14T00:11:11Z,2025-12-20T00:11:11Z,e74367bd-7385-97dc-2c7f-251b4cd9fe29,df166300-5a78-3502-a46a-832842197811,e74367bd-7385-97dc-4eda-1b5933ff14fb,1049625,Acetaminophen 325 MG / Oxycodone Hydrochloride 10 MG Oral Tablet [Percocet],129.94,0.00,3,389.82,,
2024-12-14T00:11:11Z,2025-12-20T00:11:11Z,e74367bd-7385-97dc-2c7f-251b4cd9fe29,df166300-5a78-3502-a46a-832842197811,e74367bd-7385-97dc-4eda-1b5933ff14fb,1049504,Abuse-Deterrent 12 HR Oxycodone Hydrochloride 10 MG Extended Release Oral Tablet [Oxycontin],129.94,59.88,3,389.82,,
2024-12-14T00:11:11Z,2025-12-20T00:11:11Z,e74367bd-7385-97dc-2c7f-251b4cd9fe29,df166300-5a78-3502-a46a-832842197811,e74367bd-7385-97dc-4eda-1b5933ff14fb,351266,buprenorphine 2 MG / naloxone 0.5 MG Sublingual Tablet,129.94,79.94,3,389.82,5602001,Opioid abuse
2024-12-14T00:11:11Z,2025-12-20T00:11:11Z,e74367bd-7385-97dc-2c7f-251b4cd9fe29,df166300-5a78-3502-a46a-832842197811,e74367bd-7385-97dc-4eda-1b5933ff14fb,1860491,12 HR Hydrocodone Bitartrate 10 MG Extended Release Oral Capsule,129.94,79.94,3,389.82,,
2026-05-03T12:54:17Z,2026-05-04T10:04:17Z,eb5910f1-26e6-bc6f-b300-716eae678d6f,8fa6c185-e44e-3e34-8bd8-39be8694f4ce,eb5910f1-26e6-bc6f-0fc6-03aa86d562f8,1648755,nitrofurantoin  macrocrystals 25 MG / nitrofurantoin  monohydrate 75 MG Oral Capsule,129.94,90.96,1,129.94,307426000,Acute infective cystitis (disorder)
2025-12-20T00:11:11Z,,e74367bd-7385-97dc-2c7f-251b4cd9fe29,d18ef2e6-ef40-324c-be54-34a5ee865625,e74367bd-7385-97dc-7874-814440428c0e,1049625,Acetaminophen 325 MG / Oxycodone Hydrochloride 10 MG Oral Tablet [Percocet],129.94,94.94,3,389.82,,
2025-12-20T00:11:11Z,,e74367bd-7385-97dc-2c7f-251b4cd9fe29,d18ef2e6-ef40-324c-be54-34a5ee865625,e74367bd-7385-97dc-7874-814440428c0e,1049504,Abuse-Deterrent 12 HR Oxycodone Hydrochloride 10 MG Extended Release Oral Tablet [Oxycontin],129.94,94.94,3,389.82,,
2025-12-20T00:11:11Z,,e74367bd-7385-97dc-2c7f-251b4cd9fe29,d18ef2e6-ef40-324c-be54-34a5ee865625,e74367bd-7385-97dc-7874-814440428c0e,351266,buprenorphine 2 MG / naloxone 0.5 MG Sublingual Tablet,129.94,94.94,3,389.82,5602001,Opioid abuse
2025-12-20T00:11:11Z,,e74367bd-7385-97dc-2c7f-251b4cd9fe29,d18ef2e6-ef40-324c-be54-34a5ee865625,e74367bd-7385-97dc-7874-814440428c0e,1860491,12 HR Hydrocodone Bitartrate 10 MG Extended Release Oral Capsule,129.94,94.94,3,389.82,,
2026-07-21T10:41:30Z,,eb5910f1-26e6-bc6f-b300-716eae678d6f,8fa6c185-e44e-3e34-8bd8-39be8694f4ce,eb5910f1-26e6-bc6f-459c-4b3ad6141b9b,1367439,21 DAY ethinyl estradiol 0.000625 MG/HR / etonogestrel 0.005 MG/HR Vaginal System [NuvaRing],764.40,764.40,2,1528.80,,
2026-01-03T02:59:42Z,2026-01-03T02:59:42Z,e74367bd-7385-97dc-2c7f-251b4cd9fe29,d18ef2e6-ef40-324c-be54-34a5ee865625,e74367bd-7385-97dc-c8ff-8f26a144aaac,1535362,sodium fluoride 0.0272 MG/MG Oral Gel,129.94,94.94,1,129.94,103697008,Patient referral for dental care (procedure)
2026-07-21T15:54:10Z,2026-07-21T15:54:10Z,eb5910f1-26e6-bc6f-b300-716eae678d6f,8fa6c185-e44e-3e34-8bd8-39be8694f4ce,eb5910f1-26e6-bc6f-a303-c4d46276450d,1535362,sodium fluoride 0.0272 MG/MG Oral Gel,129.94,129.94,1,129.94,66383009,Gingivitis (disorder)
1958-12-17T04:31:26Z,1959-07-14T04:31:26Z,150a8a76-1563-717e-bf0f-f52045675f46,e03e23c9-4df1-3eb6-a62d-f70f02301496,150a8a76-1563-717e-2423-3781349cce3e,197591,Diazepam 5 MG Oral Tablet,2.21,0.00,6,13.26,128613002,Seizure disorder (disorder)
1960-03-28T02:28:54Z,1960-11-10T04:08:11Z,150a8a76-1563-717e-bf0f-f52045675f46,a735bf55-83e9-331a-899d-a82a60b9f60c,150a8a76-1563-717e-e14f-e86e2e470152,308971,carbamazepine 20 MG/ML Oral Suspension [Tegretol],1470.80,1176.64,7,10295.60,128613002,Seizure disorder (disorder)
1961-04-03T02:28:54Z,1961-12-17T04:21:15Z,150a8a76-1563-717e-bf0f-f52045675f46,a735bf55-83e9-331a-899d-a82a60b9f60c,150a8a76-1563-717e-d544-bdfcfe26bee1,308971,carbamazepine 20 MG/ML Oral Suspension [Tegretol],69.62,55.70,8,556.96,128613002,Seizure disorder (disorder)
1961-05-11T00:28:54Z,1961-05-23T16:28:54Z,150a8a76-1563-717e-bf0f-f52045675f46,a735bf55-83e9-331a-899d-a82a60b9f60c,150a8a76-1563-717e-478b-b9313cb2683a,834061,Penicillin V Potassium 250 MG Oral Tablet,70.44,56.35,1,70.44,43878008,Streptococcal sore throat (disorder)
1961-12-23T12:28:54Z,1962-01-03T12:28:54Z,150a8a76-1563-717e-bf0f-f52045675f46,a735bf55-83e9-331a-899d-a82a60b9f60c,150a8a76-1563-717e-6896-c315a29ed414,562251,Amoxicillin 250 MG / Clavulanate 125 MG Oral Tablet,49.34,39.47,1,49.34,444814009,Viral sinusitis (disorder)
1962-04-09T02:28:54Z,1962-10-08T02:28:54Z,150a8a76-1563-717e-bf0f-f52045675f46,a735bf55-83e9-331a-899d-a82a60b9f60c,150a8a76-1563-717e-855a-ac586004dec0,204892,clonazePAM 0.25 MG Oral Tablet,14.44,0.00,6,86.64,128613002,Seizure disorder (disorder)
1962-04-23T08:26:22Z,1962-04-23T08:26:22Z,150a8a76-1563-717e-bf0f-f52045675f46,a735bf55-83e9-331a-899d-a82a60b9f60c,150a8a76-1563-717e-89b3-bf55afe29671,1535362,sodium fluoride 0.0272 MG/MG Oral Gel,129.94,103.95,1,129.94,103697008,Patient referral for dental care (procedure)
1963-04-15T02:28:54Z,1963-09-18T02:28:54Z,150a8a76-1563-717e-bf0f-f52045675f46,a735bf55-83e9-331a-899d-a82a60b9f60c,150a8a76-1563-717e-c073-2d27fd0a3d25,197591,Diazepam 5 MG Oral Tablet,2.38,0.00,5,11.90,128613002,Seizure disorder (disorder)
1964-04-20T02:28:54Z,1964-10-25T02:28:54Z,150a8a76-1563-717e-bf0f-f52045675f46,a735bf55-83e9-331a-899d-a82a60b9f60c,150a8a76-1563-717e-d49d-d12f2e7538cb,308971,carbamazepine 20 MG/ML Oral Suspension [Tegretol],271.20,30.56,6,1627.20,128613002,Seizure disorder (disorder)
1964-09-14T02:28:54Z,1964-09-22T02:28:54Z,150a8a76-1563-717e-bf0f-f52045675f46,a735bf55-83e9-331a-899d-a82a60b9f60c,150a8a76-1563-717e-5573-67e8d9c0cb8f,313782,Acetaminophen 325 MG Oral Tablet,45.86,36.69,1,45.86,10509002,Acute bronchitis (disorder)
1965-04-26T02:28:54Z,,150a8a76-1563-717e-bf0f-f52045675f46,a735bf55-83e9-331a-899d-a82a60b9f60c,150a8a76-1563-717e-ab08-3a56b44ffcb7,204892,clonazePAM 0.25 MG Oral Tablet,5.91,0.00,12,70.92,128613002,Seizure disorder (disorder)
1965-05-10T08:26:19Z,1965-05-10T08:26:19Z,150a8a76-1563-717e-bf0f-f52045675f46,a735bf55-83e9-331a-899d-a82a60b9f60c,150a8a76-1563-717e-37a5-5d7a688264f6,1535362,sodium fluoride 0.0272 MG/MG Oral Gel,129.94,103.95,1,129.94,66383009,Gingivitis (disorder)
2014-05-01T21:00:10Z,,6fbddf55-7096-b883-7cd3-260f27953080,df166300-5a78-3502-a46a-832842197811,6fbddf55-7096-b883-719e-18f4b739e31a,106258,Hydrocortisone 10 MG/ML Topical Cream,183.45,133.45,151,27700.95,40275004,Contact dermatitis (disorder)
2014-05-16T19:23:43Z,,6fbddf55-7096-b883-7cd3-260f27953080,df166300-5a78-3502-a46a-832842197811,6fbddf55-7096-b883-bc8e-8194527aa771,311372,Loratadine 10 MG Oral Tablet,94.04,44.04,150,14106.00,,
2014-05-16T19:23:43Z,,6fbddf55-7096-b883-7cd3-260f27953080,df166300-5a78-3502-a46a-832842197811,6fbddf55-7096-b883-bc8e-8194527aa771,1870230,NDA020800 0.3 ML Epinephrine 1 MG/ML Auto-Injector,120.95,70.95,150,18142.50,,
2017-10-11T00:12:20Z,2017-10-25T00:12:20Z,6fbddf55-7096-b883-7cd3-260f27953080,df166300-5a78-3502-a46a-832842197811,6fbddf55-7096-b883-0169-e6b767a67e41,1043400,Acetaminophen 21.7 MG/ML / Dextromethorphan Hydrobromide 1 MG/ML / doxylamine succinate 0.417 MG/ML Oral Solution,61.15,11.15,1,61.15,10509002,Acute bronchitis (disorder)
2018-07-26T20:32:00Z,2019-07-21T20:32:00Z,6fbddf55-7096-b883-7cd3-260f27953080,df166300-5a78-3502-a46a-832842197811,6fbddf55-7096-b883-f1f8-59906e83ccd4,1534809,168 HR Ethinyl Estradiol 0.00146 MG/HR / norelgestromin 0.00625 MG/HR Transdermal System,764.40,614.40,12,9172.80,,
2018-11-19T17:24:59Z,2018-12-02T17:24:59Z,6fbddf55-7096-b883-7cd3-260f27953080,df166300-5a78-3502-a46a-832842197811,6fbddf55-7096-b883-6d2c-4248634cfeb5,313782,Acetaminophen 325 MG Oral Tablet,141.16,91.16,1,141.16,10509002,Acute bronchitis (disorder)
2019-07-21T20:32:00Z,2019-08-07T00:20:40Z,6fbddf55-7096-b883-7cd3-260f27953080,df166300-5a78-3502-a46a-832842197811,6fbddf55-7096-b883-dfd8-2c1062293ba4,1856546,levonorgestrel 0.000729 MG/HR Intrauterine System [Kyleena],11.19,0.00,1,11.19,,
2021-07-14T07:32:02Z,2022-07-09T07:32:02Z,6fbddf55-7096-b883-7cd3-260f27953080,df166300-5a78-3502-a46a-832842197811,6fbddf55-7096-b883-5caa-c9f02dca2eb0,1367439,21 DAY ethinyl estradiol 0.000625 MG/HR / etonogestrel 0.005 MG/HR Vaginal System [NuvaRing],527.29,477.29,12,6327.48,,
2022-07-09T07:32:02Z,2023-07-04T07:32:02Z,6fbddf55-7096-b883-7cd3-260f27953080,df166300-5a78-3502-a46a-832842197811,6fbddf55-7096-b883-45f3-b1324cd848a7,749762,{7 (ethinyl estradiol 0.01 MG Oral Tablet) / 84 (ethinyl estradiol 0.03 MG / levonorgestrel 0.15 MG Oral Tablet) } Pack [Seasonique],764.40,614.40,12,9172.80,,
2022-09-14T00:00:10Z,2022-09-27T00:00:10Z,6fbddf55-7096-b883-7cd3-260f27953080,df166300-5a78-3502-a46a-832842197811,6fbddf55-7096-b883-ee15-6bc42b3d0a8a,313782,Acetaminophen 325 MG Oral Tablet,54.50,4.50,1,54.50,10509002,Acute bronchitis (disorder)
2023-07-26T05:03:45Z,2023-07-26T05:03:45Z,6fbddf55-7096-b883-7cd3-260f27953080,df166300-5a78-3502-a46a-832842197811,6fbddf55-7096-b883-a7e6-12bec9351b6d,1535362,sodium fluoride 0.0272 MG/MG Oral Gel,129.94,79.94,1,129.94,103697008,Patient referral for dental care (procedure)
2023-08-30T00:00:10Z,2024-08-24T00:00:10Z,6fbddf55-7096-b883-7cd3-260f27953080,df166300-5a78-3502-a46a-832842197811,6fbddf55-7096-b883-7305-9b721983d08a,978950,{5 (dienogest 2 MG / estradiol valerate 2 MG Oral Tablet) / 17 (dienogest 3 MG / estradiol valerate 2 MG Oral Tablet) / 2 (estradiol valerate 1 MG Oral Tablet) / 2 (estradiol valerate 3 MG Oral Tablet) / 2 (inert ingredients 1 MG Oral Tablet) } Pack [Natazia 28 Day],229.32,179.32,12,2751.84,,
2024-08-24T00:00:10Z,2025-08-19T00:28:57Z,6fbddf55-7096-b883-7cd3-260f27953080,df166300-5a78-3502-a46a-832842197811,6fbddf55-7096-b883-f118-3cfc6b3d45b6,389221,Etonogestrel 68 MG Drug Implant,23.28,0.00,12,279.36,,
2025-08-19T00:28:57Z,2026-08-14T00:28:57Z,6fbddf55-7096-b883-7cd3-260f27953080,df166300-5a78-3502-a46a-832842197811,6fbddf55-7096-b883-5b9a-562e926fba52,831533,{28 (norethindrone 0.35 MG Oral Tablet) } Pack [Errin 28 Day],764.40,714.40,12,9172.80,,
2026-08-14T00:28:57Z,,6fbddf55-7096-b883-7cd3-260f27953080,df166300-5a78-3502-a46a-832842197811,6fbddf55-7096-b883-8041-43c63de558c8,831533,{28 (norethindrone 0.35 MG Oral Tablet) } Pack [Errin 28 Day],471.68,321.68,1,471.68,,
2003-01-04T03:25:26Z,,14a5a697-29a3-48b2-969a-3ceefe74a700,e03e23c9-4df1-3eb6-a62d-f70f02301496,14a5a697-29a3-48b2-75a3-6266a9bba886,310325,ferrous sulfate 325 MG Oral Tablet,0.15,0.00,289,43.35,,
2014-09-04T16:04:21Z,2014-09-15T16:04:21Z,d3727ff2-5d7b-347f-d78c-edc4323cf890,e03e23c9-4df1-3eb6-a62d-f70f02301496,d3727ff2-5d7b-347f-0d6d-c991651bf028,1043400,Acetaminophen 21.7 MG/ML / Dextromethorphan Hydrobromide 1 MG/ML / doxylamine succinate 0.417 MG/ML Oral Solution,61.15,0.00,1,61.15,10509002,Acute bronchitis (disorder)
1999-11-12T17:51:43Z,,ba419d35-0dfe-8af7-347c-eebf02485a56,d18ef2e6-ef40-324c-be54-34a5ee865625,ba419d35-0dfe-8af7-65b8-9a3fe449f4d2,309362,Clopidogrel 75 MG Oral Tablet,971.58,936.58,259,251639.22,,
1999-11-12T17:51:43Z,,ba419d35-0dfe-8af7-347c-eebf02485a56,d18ef2e6-ef40-324c-be54-34a5ee865625,ba419d35-0dfe-8af7-65b8-9a3fe449f4d2,312961,Simvastatin 20 MG Oral Tablet,151.97,116.97,259,39360.23,,
1999-11-12T17:51:43Z,,ba419d35-0dfe-8af7-347c-eebf02485a56,d18ef2e6-ef40-324c-be54-34a5ee865625,ba419d35-0dfe-8af7-65b8-9a3fe449f4d2,866412,24 HR metoprolol succinate 100 MG Extended Release Oral Tablet,129.94,94.94,259,33654.46,,
1999-11-12T17:51:43Z,,ba419d35-0dfe-8af7-347c-eebf02485a56,d18ef2e6-ef40-324c-be54-34a5ee865625,ba419d35-0dfe-8af7-65b8-9a3fe449f4d2,705129,Nitroglycerin 0.4 MG/ACTUAT Mucosal Spray,50.98,15.98,259,13203.82,,
2011-02-25T17:51:43Z,2011-04-01T17:51:43Z,ba419d35-0dfe-8af7-347c-eebf02485a56,d18ef2e6-ef40-324c-be54-34a5ee865625,ba419d35-0dfe-8af7-d2fe-0cc4eea4554a,314076,lisinopril 10 MG Oral Tablet,0.91,0.00,1,0.91,59621000,Essential hypertension (disorder)
2019-07-04T18:36:11Z,2019-07-04T18:36:11Z,d3727ff2-5d7b-347f-d78c-edc4323cf890,e03e23c9-4df1-3eb6-a62d-f70f02301496,d3727ff2-5d7b-347f-d2cb-94afc9f17e1c,1535362,sodium fluoride 0.0272 MG/MG Oral Gel,129.94,0.00,1,129.94,103697008,Patient referral for dental care (procedure)
2020-03-01T06:50:58Z,2020-03-17T06:50:58Z,d3727ff2-5d7b-347f-d78c-edc4323cf890,e03e23c9-4df1-3eb6-a62d-f70f02301496,d3727ff2-5d7b-347f-aafb-3f2d1ce18de5,562251,Amoxicillin 250 MG / Clavulanate 125 MG Oral Tablet,868.76,0.00,1,868.76,444814009,Viral sinusitis (disorder)
2011-04-01T17:51:43Z,2011-05-27T17:51:43Z,ba419d35-0dfe-8af7-347c-eebf02485a56,d18ef2e6-ef40-324c-be54-34a5ee865625,ba419d35-0dfe-8af7-9a5a-a913ace6d42e,314076,lisinopril 10 MG Oral Tablet,0.91,0.00,1,0.91,59621000,Essential hypertension (disorder)
2011-04-15T19:46:58Z,2011-04-15T19:46:58Z,ba419d35-0dfe-8af7-347c-eebf02485a56,d18ef2e6-ef40-324c-be54-34a5ee865625,ba419d35-0dfe-8af7-cb8f-3240d92b7bae,1535362,sodium fluoride 0.0272 MG/MG Oral Gel,129.94,94.94,1,129.94,103697008,Patient referral for dental care (procedure)
2021-08-07T15:50:58Z,2021-09-03T15:50:58Z,d3727ff2-5d7b-347f-d78c-edc4323cf890,e03e23c9-4df1-3eb6-a62d-f70f02301496,d3727ff2-5d7b-347f-abdd-bed9e0e72341,310965,Ibuprofen 200 MG Oral Tablet,47.50,0.00,1,47.50,,
2022-12-10T17:47:58Z,,d3727ff2-5d7b-347f-d78c-edc4323cf890,e03e23c9-4df1-3eb6-a62d-f70f02301496,d3727ff2-5d7b-347f-e5ee-114831403b1b,308971,carbamazepine 20 MG/ML Oral Suspension [Tegretol],837.88,0.00,13,10892.44,128613002,Seizure disorder (disorder)
2011-05-27T17:51:43Z,2011-06-10T17:51:43Z,ba419d35-0dfe-8af7-347c-eebf02485a56,d18ef2e6-ef40-324c-be54-34a5ee865625,ba419d35-0dfe-8af7-a588-cf5d770354e8,314076,lisinopril 10 MG Oral Tablet,0.91,0.00,1,0.91,59621000,Essential hypertension (disorder)
2018-01-20T04:43:31Z,2018-01-20T04:43:31Z,14a5a697-29a3-48b2-969a-3ceefe74a700,a735bf55-83e9-331a-899d-a82a60b9f60c,14a5a697-29a3-48b2-217d-a087719fc18b,1535362,sodium fluoride 0.0272 MG/MG Oral Gel,129.94,103.95,1,129.94,66383009,Gingivitis (disorder)
2011-06-10T17:51:43Z,2011-07-01T17:51:43Z,ba419d35-0dfe-8af7-347c-eebf02485a56,d18ef2e6-ef40-324c-be54-34a5ee865625,ba419d35-0dfe-8af7-181c-63e158f00f1b,314076,lisinopril 10 MG Oral Tablet,0.91,0.00,1,0.91,59621000,Essential hypertension (disorder)
2011-07-01T17:51:43Z,2011-07-29T17:51:43Z,ba419d35-0dfe-8af7-347c-eebf02485a56,d18ef2e6-ef40-324c-be54-34a5ee865625,ba419d35-0dfe-8af7-d626-f49d9afe203b,314076,lisinopril 10 MG Oral Tablet,0.91,0.00,1,0.91,59621000,Essential hypertension (disorder)
2011-07-15T22:27:43Z,2011-07-15T22:27:43Z,ba419d35-0dfe-8af7-347c-eebf02485a56,d18ef2e6-ef40-324c-be54-34a5ee865625,ba419d35-0dfe-8af7-b0bb-68158c0b8c64,1535362,sodium fluoride 0.0272 MG/MG Oral Gel,129.94,94.94,1,129.94,66383009,Gingivitis (disorder)
2011-07-29T17:51:43Z,2011-10-21T17:51:43Z,ba419d35-0dfe-8af7-347c-eebf02485a56,d18ef2e6-ef40-324c-be54-34a5ee865625,ba419d35-0dfe-8af7-dfcf-7660fa821b5c,314076,lisinopril 10 MG Oral Tablet,0.91,0.00,1,0.91,59621000,Essential hypertension (disorder)
2011-10-21T17:51:43Z,2011-12-09T17:51:43Z,ba419d35-0dfe-8af7-347c-eebf02485a56,d18ef2e6-ef40-324c-be54-34a5ee865625,ba419d35-0dfe-8af7-c3a6-1194349a2881,314076,lisinopril 10 MG Oral Tablet,0.91,0.00,1,0.91,59621000,Essential hypertension (disorder)
2011-12-09T17:51:43Z,2012-02-17T17:51:43Z,ba419d35-0dfe-8af7-347c-eebf02485a56,d18ef2e6-ef40-324c-be54-34a5ee865625,ba419d35-0dfe-8af7-4169-a5e8302f0e8b,314076,lisinopril 10 MG Oral Tablet,0.91,0.00,1,0.91,59621000,Essential hypertension (disorder)
2020-12-07T03:44:23Z,2020-12-07T03:44:23Z,14a5a697-29a3-48b2-969a-3ceefe74a700,a735bf55-83e9-331a-899d-a82a60b9f60c,14a5a697-29a3-48b2-bafb-9be69572b007,854235,0.4 ML Enoxaparin sodium 100 MG/ML Prefilled Syringe,4.63,3.70,1,4.63,,
2020-12-07T03:44:23Z,2020-12-07T03:44:23Z,14a5a697-29a3-48b2-969a-3ceefe74a700,a735bf55-83e9-331a-899d-a82a60b9f60c,14a5a697-29a3-48b2-bafb-9be69572b007,198440,Acetaminophen 500 MG Oral Tablet,0.01,0.01,1,0.01,,
2020-12-08T03:44:23Z,2020-12-08T03:44:23Z,14a5a697-29a3-48b2-969a-3ceefe74a700,a735bf55-83e9-331a-899d-a82a60b9f60c,14a5a697-29a3-48b2-bafb-9be69572b007,854235,0.4 ML Enoxaparin sodium 100 MG/ML Prefilled Syringe,4.63,3.70,1,4.63,,
2020-12-08T03:44:23Z,2020-12-08T03:44:23Z,14a5a697-29a3-48b2-969a-3ceefe74a700,a735bf55-83e9-331a-899d-a82a60b9f60c,14a5a697-29a3-48b2-bafb-9be69572b007,198440,Acetaminophen 500 MG Oral Tablet,0.01,0.01,1,0.01,,
2020-12-09T03:44:23Z,2020-12-09T03:44:23Z,14a5a697-29a3-48b2-969a-3ceefe74a700,a735bf55-83e9-331a-899d-a82a60b9f60c,14a5a697-29a3-48b2-bafb-9be69572b007,854235,0.4 ML Enoxaparin sodium 100 MG/ML Prefilled Syringe,17.26,13.81,1,17.26,,
2020-12-09T03:44:23Z,2020-12-09T03:44:23Z,14a5a697-29a3-48b2-969a-3ceefe74a700,a735bf55-83e9-331a-899d-a82a60b9f60c,14a5a697-29a3-48b2-bafb-9be69572b007,198440,Acetaminophen 500 MG Oral Tablet,0.02,0.02,1,0.02,,
2020-12-10T03:44:23Z,2020-12-10T03:44:23Z,14a5a697-29a3-48b2-969a-3ceefe74a700,a735bf55-83e9-331a-899d-a82a60b9f60c,14a5a697-29a3-48b2-bafb-9be69572b007,854235,0.4 ML Enoxaparin sodium 100 MG/ML Prefilled Syringe,4.63,3.70,1,4.63,,
2020-12-10T03:44:23Z,2020-12-10T03:44:23Z,14a5a697-29a3-48b2-969a-3ceefe74a700,a735bf55-83e9-331a-899d-a82a60b9f60c,14a5a697-29a3-48b2-bafb-9be69572b007,198440,Acetaminophen 500 MG Oral Tablet,0.01,0.01,1,0.01,,
2020-12-11T03:44:23Z,2020-12-11T03:44:23Z,14a5a697-29a3-48b2-969a-3ceefe74a700,a735bf55-83e9-331a-899d-a82a60b9f60c,14a5a697-29a3-48b2-bafb-9be69572b007,854235,0.4 ML Enoxaparin sodium 100 MG/ML Prefilled Syringe,9.28,7.42,1,9.28,,
2020-12-11T03:44:23Z,2020-12-11T03:44:23Z,14a5a697-29a3-48b2-969a-3ceefe74a700,a735bf55-83e9-331a-899d-a82a60b9f60c,14a5a697-29a3-48b2-bafb-9be69572b007,198440,Acetaminophen 500 MG Oral Tablet,0.03,0.02,1,0.03,,
2020-12-12T03:44:23Z,2020-12-12T03:44:23Z,14a5a697-29a3-48b2-969a-3ceefe74a700,a735bf55-83e9-331a-899d-a82a60b9f60c,14a5a697-29a3-48b2-bafb-9be69572b007,854235,0.4 ML Enoxaparin sodium 100 MG/ML Prefilled Syringe,10.42,8.34,1,10.42,,
2020-12-12T03:44:23Z,2020-12-12T03:44:23Z,14a5a697-29a3-48b2-969a-3ceefe74a700,a735bf55-83e9-331a-899d-a82a60b9f60c,14a5a697-29a3-48b2-bafb-9be69572b007,198440,Acetaminophen 500 MG Oral Tablet,0.01,0.01,1,0.01,,
2020-12-13T03:44:23Z,2020-12-13T03:44:23Z,14a5a697-29a3-48b2-969a-3ceefe74a700,a735bf55-83e9-331a-899d-a82a60b9f60c,14a5a697-29a3-48b2-bafb-9be69572b007,854235,0.4 ML Enoxaparin sodium 100 MG/ML Prefilled Syringe,4.63,3.70,1,4.63,,
2020-12-13T03:44:23Z,2020-12-13T03:44:23Z,14a5a697-29a3-48b2-969a-3ceefe74a700,a735bf55-83e9-331a-899d-a82a60b9f60c,14a5a697-29a3-48b2-bafb-9be69572b007,198440,Acetaminophen 500 MG Oral Tablet,0.01,0.01,1,0.01,,
2020-12-14T03:44:23Z,2020-12-14T03:44:23Z,14a5a697-29a3-48b2-969a-3ceefe74a700,a735bf55-83e9-331a-899d-a82a60b9f60c,14a5a697-29a3-48b2-bafb-9be69572b007,854235,0.4 ML Enoxaparin sodium 100 MG/ML Prefilled Syringe,4.63,3.70,1,4.63,,
2020-12-14T03:44:23Z,2020-12-14T03:44:23Z,14a5a697-29a3-48b2-969a-3ceefe74a700,a735bf55-83e9-331a-899d-a82a60b9f60c,14a5a697-29a3-48b2-bafb-9be69572b007,198440,Acetaminophen 500 MG Oral Tablet,0.03,0.02,1,0.03,,
2020-12-15T03:44:23Z,2020-12-15T03:44:23Z,14a5a697-29a3-48b2-969a-3ceefe74a700,a735bf55-83e9-331a-899d-a82a60b9f60c,14a5a697-29a3-48b2-bafb-9be69572b007,854235,0.4 ML Enoxaparin sodium 100 MG/ML Prefilled Syringe,4.63,3.70,1,4.63,,
2020-12-15T03:44:23Z,2020-12-15T03:44:23Z,14a5a697-29a3-48b2-969a-3ceefe74a700,a735bf55-83e9-331a-899d-a82a60b9f60c,14a5a697-29a3-48b2-bafb-9be69572b007,198440,Acetaminophen 500 MG Oral Tablet,0.01,0.01,1,0.01,,
2012-02-17T17:51:43Z,2012-06-15T17:51:43Z,ba419d35-0dfe-8af7-347c-eebf02485a56,d18ef2e6-ef40-324c-be54-34a5ee865625,ba419d35-0dfe-8af7-39a6-33b55ae8f990,314076,lisinopril 10 MG Oral Tablet,0.91,0.00,1,0.91,59621000,Essential hypertension (disorder)
2020-12-16T03:44:23Z,2020-12-16T03:44:23Z,14a5a697-29a3-48b2-969a-3ceefe74a700,a735bf55-83e9-331a-899d-a82a60b9f60c,14a5a697-29a3-48b2-bafb-9be69572b007,854235,0.4 ML Enoxaparin sodium 100 MG/ML Prefilled Syringe,4.63,3.70,1,4.63,,
2020-12-16T03:44:23Z,2020-12-16T03:44:23Z,14a5a697-29a3-48b2-969a-3ceefe74a700,a735bf55-83e9-331a-899d-a82a60b9f60c,14a5a697-29a3-48b2-bafb-9be69572b007,198440,Acetaminophen 500 MG Oral Tablet,0.03,0.02,1,0.03,,
2020-12-17T03:44:23Z,2020-12-17T03:44:23Z,14a5a697-29a3-48b2-969a-3ceefe74a700,a735bf55-83e9-331a-899d-a82a60b9f60c,14a5a697-29a3-48b2-bafb-9be69572b007,854235,0.4 ML Enoxaparin sodium 100 MG/ML Prefilled Syringe,4.63,3.70,1,4.63,,
2020-12-17T03:44:23Z,2020-12-17T03:44:23Z,14a5a697-29a3-48b2-969a-3ceefe74a700,a735bf55-83e9-331a-899d-a82a60b9f60c,14a5a697-29a3-48b2-bafb-9be69572b007,198440,Acetaminophen 500 MG Oral Tablet,0.03,0.02,1,0.03,,
2020-12-18T03:44:23Z,2020-12-18T03:44:23Z,14a5a697-29a3-48b2-969a-3ceefe74a700,a735bf55-83e9-331a-899d-a82a60b9f60c,14a5a697-29a3-48b2-bafb-9be69572b007,854235,0.4 ML Enoxaparin sodium 100 MG/ML Prefilled Syringe,4.63,3.70,1,4.63,,
2020-12-18T03:44:23Z,2020-12-18T03:44:23Z,14a5a697-29a3-48b2-969a-3ceefe74a700,a735bf55-83e9-331a-899d-a82a60b9f60c,14a5a697-29a3-48b2-bafb-9be69572b007,198440,Acetaminophen 500 MG Oral Tablet,0.03,0.02,1,0.03,,
2012-03-09T20:29:54Z,2012-03-09T20:29:54Z,ba419d35-0dfe-8af7-347c-eebf02485a56,d18ef2e6-ef40-324c-be54-34a5ee865625,ba419d35-0dfe-8af7-8e59-4f1c8110d2a3,1535362,sodium fluoride 0.0272 MG/MG Oral Gel,129.94,94.94,1,129.94,66383009,Gingivitis (disorder)
2021-02-06T04:54:37Z,2021-02-06T04:54:37Z,14a5a697-29a3-48b2-969a-3ceefe74a700,a735bf55-83e9-331a-899d-a82a60b9f60c,14a5a697-29a3-48b2-b80d-9247f3839d69,1535362,sodium fluoride 0.0272 MG/MG Oral Gel,129.94,103.95,1,129.94,103697008,Patient referral for dental care (procedure)
2012-06-15T17:51:43Z,2012-06-22T17:51:43Z,ba419d35-0dfe-8af7-347c-eebf02485a56,d18ef2e6-ef40-324c-be54-34a5ee865625,ba419d35-0dfe-8af7-e972-f0cb9c54ff59,314076,lisinopril 10 MG Oral Tablet,0.91,0.00,1,0.91,59621000,Essential hypertension (disorder)
2012-06-22T17:51:43Z,2012-10-19T17:51:43Z,ba419d35-0dfe-8af7-347c-eebf02485a56,d18ef2e6-ef40-324c-be54-34a5ee865625,ba419d35-0dfe-8af7-3c1a-95b9f2e9ce89,314076,lisinopril 10 MG Oral Tablet,0.91,0.00,1,0.91,59621000,Essential hypertension (disorder)
2023-02-18T04:53:56Z,2023-02-18T04:53:56Z,14a5a697-29a3-48b2-969a-3ceefe74a700,a735bf55-83e9-331a-899d-a82a60b9f60c,14a5a697-29a3-48b2-74a4-211cbcf9e8f8,1535362,sodium fluoride 0.0272 MG/MG Oral Gel,129.94,103.95,1,129.94,66383009,Gingivitis (disorder)
2012-10-19T17:51:43Z,2012-11-16T17:51:43Z,ba419d35-0dfe-8af7-347c-eebf02485a56,d18ef2e6-ef40-324c-be54-34a5ee865625,ba419d35-0dfe-8af7-2594-642a0e5abc6d,314076,lisinopril 10 MG Oral Tablet,0.91,0.00,1,0.91,59621000,Essential hypertension (disorder)
2012-11-16T17:51:43Z,2013-05-17T17:51:43Z,ba419d35-0dfe-8af7-347c-eebf02485a56,d18ef2e6-ef40-324c-be54-34a5ee865625,ba419d35-0dfe-8af7-a6bd-f5d8c2999237,314076,lisinopril 10 MG Oral Tablet,0.91,0.00,2,1.82,59621000,Essential hypertension (disorder)
2012-12-07T20:09:19Z,2012-12-07T20:09:19Z,ba419d35-0dfe-8af7-347c-eebf02485a56,d18ef2e6-ef40-324c-be54-34a5ee865625,ba419d35-0dfe-8af7-8019-8e06324d03ac,1535362,sodium fluoride 0.0272 MG/MG Oral Gel,129.94,94.94,1,129.94,103697008,Patient referral for dental care (procedure)
2025-03-01T07:58:33Z,2025-03-01T07:58:33Z,14a5a697-29a3-48b2-969a-3ceefe74a700,a735bf55-83e9-331a-899d-a82a60b9f60c,14a5a697-29a3-48b2-0258-7ac663d4bae7,1535362,sodium fluoride 0.0272 MG/MG Oral Gel,129.94,103.95,1,129.94,66383009,Gingivitis (disorder)
2025-09-13T03:06:59Z,2025-10-16T03:06:59Z,14a5a697-29a3-48b2-969a-3ceefe74a700,a735bf55-83e9-331a-899d-a82a60b9f60c,14a5a697-29a3-48b2-3f23-981757fa2146,310965,Ibuprofen 200 MG Oral Tablet,115.05,92.04,1,115.05,,
2013-05-17T17:51:43Z,2013-06-28T17:51:43Z,ba419d35-0dfe-8af7-347c-eebf02485a56,d18ef2e6-ef40-324c-be54-34a5ee865625,ba419d35-0dfe-8af7-8123-d2bab7186b01,314076,lisinopril 10 MG Oral Tablet,0.91,0.00,1,0.91,59621000,Essential hypertension (disorder)
2013-06-28T17:51:43Z,2013-09-13T17:51:43Z,ba419d35-0dfe-8af7-347c-eebf02485a56,d18ef2e6-ef40-324c-be54-34a5ee865625,ba419d35-0dfe-8af7-85a5-49ded8e8c23d,314076,lisinopril 10 MG Oral Tablet,0.91,0.00,1,0.91,59621000,Essential hypertension (disorder)
2013-09-13T17:51:43Z,2014-07-04T17:51:43Z,ba419d35-0dfe-8af7-347c-eebf02485a56,d18ef2e6-ef40-324c-be54-34a5ee865625,ba419d35-0dfe-8af7-da8a-2be647cd8ad0,314076,lisinopril 10 MG Oral Tablet,0.91,0.00,3,2.73,59621000,Essential hypertension (disorder)
2014-07-04T17:51:43Z,2014-12-05T17:51:43Z,ba419d35-0dfe-8af7-347c-eebf02485a56,d18ef2e6-ef40-324c-be54-34a5ee865625,ba419d35-0dfe-8af7-6cc2-424cd123afe3,314076,lisinopril 10 MG Oral Tablet,0.91,0.00,1,0.91,59621000,Essential hypertension (disorder)
2014-09-14T08:06:28Z,,62f60bdb-cc5c-8305-b98b-f2b229a55eca,b046940f-1664-3047-bca7-dfa76be352a4,62f60bdb-cc5c-8305-f787-bd06c862bad2,856987,Acetaminophen 300 MG / Hydrocodone Bitartrate 5 MG Oral Tablet,1.22,0.00,3,3.66,,
2016-02-24T21:06:28Z,2017-03-01T21:06:28Z,62f60bdb-cc5c-8305-b98b-f2b229a55eca,b046940f-1664-3047-bca7-dfa76be352a4,62f60bdb-cc5c-8305-5255-7425022940b9,993770,Acetaminophen 300 MG / Codeine Phosphate 15 MG Oral Tablet,129.94,129.94,3,389.82,,
2016-02-24T21:06:28Z,2017-03-01T21:06:28Z,62f60bdb-cc5c-8305-b98b-f2b229a55eca,b046940f-1664-3047-bca7-dfa76be352a4,62f60bdb-cc5c-8305-5255-7425022940b9,1049504,Abuse-Deterrent 12 HR Oxycodone Hydrochloride 10 MG Extended Release Oral Tablet [Oxycontin],129.94,129.94,3,389.82,,
2016-02-24T21:06:28Z,2017-03-01T21:06:28Z,62f60bdb-cc5c-8305-b98b-f2b229a55eca,b046940f-1664-3047-bca7-dfa76be352a4,62f60bdb-cc5c-8305-5255-7425022940b9,245134,72 HR Fentanyl 0.025 MG/HR Transdermal System,129.94,129.94,3,389.82,,
2017-03-01T21:06:28Z,2018-03-07T21:06:28Z,62f60bdb-cc5c-8305-b98b-f2b229a55eca,b046940f-1664-3047-bca7-dfa76be352a4,62f60bdb-cc5c-8305-c6f7-e880755ad7f2,993770,Acetaminophen 300 MG / Codeine Phosphate 15 MG Oral Tablet,129.94,90.96,3,389.82,,
2017-03-01T21:06:28Z,2018-03-07T21:06:28Z,62f60bdb-cc5c-8305-b98b-f2b229a55eca,b046940f-1664-3047-bca7-dfa76be352a4,62f60bdb-cc5c-8305-c6f7-e880755ad7f2,1049504,Abuse-Deterrent 12 HR Oxycodone Hydrochloride 10 MG Extended Release Oral Tablet [Oxycontin],129.94,90.96,3,389.82,,
2017-03-01T21:06:28Z,2018-03-07T21:06:28Z,62f60bdb-cc5c-8305-b98b-f2b229a55eca,b046940f-1664-3047-bca7-dfa76be352a4,62f60bdb-cc5c-8305-c6f7-e880755ad7f2,245134,72 HR Fentanyl 0.025 MG/HR Transdermal System,129.94,90.96,3,389.82,,
2017-03-15T23:56:06Z,2017-03-15T23:56:06Z,62f60bdb-cc5c-8305-b98b-f2b229a55eca,b046940f-1664-3047-bca7-dfa76be352a4,62f60bdb-cc5c-8305-102f-d385a431b8fc,1535362,sodium fluoride 0.0272 MG/MG Oral Gel,129.94,90.96,1,129.94,103697008,Patient referral for dental care (procedure)
2017-09-23T18:07:02Z,2018-09-18T18:07:02Z,62f60bdb-cc5c-8305-b98b-f2b229a55eca,b046940f-1664-3047-bca7-dfa76be352a4,62f60bdb-cc5c-8305-24d0-4ce537812fd4,751905,{7 (ethinyl estradiol 0.035 MG / norgestimate 0.18 MG Oral Tablet) / 7 (ethinyl estradiol 0.035 MG / norgestimate 0.215 MG Oral Tablet) / 7 (ethinyl estradiol 0.035 MG / norgestimate 0.25 MG Oral Tablet) / 7 (inert ingredients 1 MG Oral Tablet) } Pack [Trinessa 28 Day],764.40,764.40,12,9172.80,,
2018-03-07T21:06:28Z,2019-03-13T21:06:28Z,62f60bdb-cc5c-8305-b98b-f2b229a55eca,b046940f-1664-3047-bca7-dfa76be352a4,62f60bdb-cc5c-8305-9ee6-277e49380106,993770,Acetaminophen 300 MG / Codeine Phosphate 15 MG Oral Tablet,129.94,0.00,3,389.82,,
2018-03-07T21:06:28Z,2019-03-13T21:06:28Z,62f60bdb-cc5c-8305-b98b-f2b229a55eca,b046940f-1664-3047-bca7-dfa76be352a4,62f60bdb-cc5c-8305-9ee6-277e49380106,1049504,Abuse-Deterrent 12 HR Oxycodone Hydrochloride 10 MG Extended Release Oral Tablet [Oxycontin],129.94,0.00,3,389.82,,
2018-03-07T21:06:28Z,2019-03-13T21:06:28Z,62f60bdb-cc5c-8305-b98b-f2b229a55eca,b046940f-1664-3047-bca7-dfa76be352a4,62f60bdb-cc5c-8305-9ee6-277e49380106,245134,72 HR Fentanyl 0.025 MG/HR Transdermal System,129.94,0.00,3,389.82,,
2014-12-05T17:51:43Z,2015-02-06T17:51:43Z,ba419d35-0dfe-8af7-347c-eebf02485a56,d18ef2e6-ef40-324c-be54-34a5ee865625,ba419d35-0dfe-8af7-5879-b70d70b59072,314076,lisinopril 10 MG Oral Tablet,0.91,0.00,1,0.91,59621000,Essential hypertension (disorder)
2019-03-13T21:06:28Z,2020-03-18T21:06:28Z,62f60bdb-cc5c-8305-b98b-f2b229a55eca,b046940f-1664-3047-bca7-dfa76be352a4,62f60bdb-cc5c-8305-7f47-8241cd1ae208,993770,Acetaminophen 300 MG / Codeine Phosphate 15 MG Oral Tablet,129.94,0.00,3,389.82,,
2019-03-13T21:06:28Z,2020-03-18T21:06:28Z,62f60bdb-cc5c-8305-b98b-f2b229a55eca,b046940f-1664-3047-bca7-dfa76be352a4,62f60bdb-cc5c-8305-7f47-8241cd1ae208,1049504,Abuse-Deterrent 12 HR Oxycodone Hydrochloride 10 MG Extended Release Oral Tablet [Oxycontin],129.94,0.00,3,389.82,,
2019-03-13T21:06:28Z,2020-03-18T21:06:28Z,62f60bdb-cc5c-8305-b98b-f2b229a55eca,b046940f-1664-3047-bca7-dfa76be352a4,62f60bdb-cc5c-8305-7f47-8241cd1ae208,245134,72 HR Fentanyl 0.025 MG/HR Transdermal System,129.94,0.00,3,389.82,,
2020-03-18T21:06:28Z,2021-03-24T21:06:28Z,62f60bdb-cc5c-8305-b98b-f2b229a55eca,b046940f-1664-3047-bca7-dfa76be352a4,62f60bdb-cc5c-8305-6b74-352a4b35b527,993770,Acetaminophen 300 MG / Codeine Phosphate 15 MG Oral Tablet,129.94,129.94,3,389.82,,
2020-03-18T21:06:28Z,2021-03-24T21:06:28Z,62f60bdb-cc5c-8305-b98b-f2b229a55eca,b046940f-1664-3047-bca7-dfa76be352a4,62f60bdb-cc5c-8305-6b74-352a4b35b527,1049504,Abuse-Deterrent 12 HR Oxycodone Hydrochloride 10 MG Extended Release Oral Tablet [Oxycontin],129.94,129.94,3,389.82,,
2020-03-18T21:06:28Z,2021-03-24T21:06:28Z,62f60bdb-cc5c-8305-b98b-f2b229a55eca,b046940f-1664-3047-bca7-dfa76be352a4,62f60bdb-cc5c-8305-6b74-352a4b35b527,245134,72 HR Fentanyl 0.025 MG/HR Transdermal System,129.94,129.94,3,389.82,,
2015-02-06T17:51:43Z,2015-02-27T17:51:43Z,ba419d35-0dfe-8af7-347c-eebf02485a56,d18ef2e6-ef40-324c-be54-34a5ee865625,ba419d35-0dfe-8af7-1976-aae5489c8464,314076,lisinopril 10 MG Oral Tablet,0.91,0.00,1,0.91,59621000,Essential hypertension (disorder)
2020-09-07T18:07:02Z,2021-09-02T18:07:02Z,62f60bdb-cc5c-8305-b98b-f2b229a55eca,b046940f-1664-3047-bca7-dfa76be352a4,62f60bdb-cc5c-8305-5dc3-3f64a4b6fbdc,978950,{5 (dienogest 2 MG / estradiol valerate 2 MG Oral Tablet) / 17 (dienogest 3 MG / estradiol valerate 2 MG Oral Tablet) / 2 (estradiol valerate 1 MG Oral Tablet) / 2 (estradiol valerate 3 MG Oral Tablet) / 2 (inert ingredients 1 MG Oral Tablet) } Pack [Natazia 28 Day],263.69,263.69,12,3164.28,,
2015-02-27T17:51:43Z,2015-03-06T17:51:43Z,ba419d35-0dfe-8af7-347c-eebf02485a56,d18ef2e6-ef40-324c-be54-34a5ee865625,ba419d35-0dfe-8af7-6ee0-fc9795d627bd,314076,lisinopril 10 MG Oral Tablet,0.91,0.00,1,0.91,59621000,Essential hypertension (disorder)
2015-03-06T17:51:43Z,2015-03-13T17:51:43Z,ba419d35-0dfe-8af7-347c-eebf02485a56,d18ef2e6-ef40-324c-be54-34a5ee865625,ba419d35-0dfe-8af7-61cf-27101222b651,314076,lisinopril 10 MG Oral Tablet,0.91,0.00,1,0.91,59621000,Essential hypertension (disorder)
2021-03-24T21:06:28Z,2022-03-30T21:06:28Z,62f60bdb-cc5c-8305-b98b-f2b229a55eca,b046940f-1664-3047-bca7-dfa76be352a4,62f60bdb-cc5c-8305-048d-7aec8b7f32c5,993770,Acetaminophen 300 MG / Codeine Phosphate 15 MG Oral Tablet,129.94,0.00,3,389.82,,
2021-03-24T21:06:28Z,2022-03-30T21:06:28Z,62f60bdb-cc5c-8305-b98b-f2b229a55eca,b046940f-1664-3047-bca7-dfa76be352a4,62f60bdb-cc5c-8305-048d-7aec8b7f32c5,1049504,Abuse-Deterrent 12 HR Oxycodone Hydrochloride 10 MG Extended Release Oral Tablet [Oxycontin],129.94,0.00,3,389.82,,
2021-03-24T21:06:28Z,2022-03-30T21:06:28Z,62f60bdb-cc5c-8305-b98b-f2b229a55eca,b046940f-1664-3047-bca7-dfa76be352a4,62f60bdb-cc5c-8305-048d-7aec8b7f32c5,245134,72 HR Fentanyl 0.025 MG/HR Transdermal System,129.94,0.00,3,389.82,,
2015-03-13T17:51:43Z,2015-03-20T17:51:43Z,ba419d35-0dfe-8af7-347c-eebf02485a56,d18ef2e6-ef40-324c-be54-34a5ee865625,ba419d35-0dfe-8af7-e2f8-0a8d22b70ab1,314076,lisinopril 10 MG Oral Tablet,0.91,0.00,1,0.91,59621000,Essential hypertension (disorder)
2015-03-20T17:51:43Z,2015-03-27T17:51:43Z,ba419d35-0dfe-8af7-347c-eebf02485a56,d18ef2e6-ef40-324c-be54-34a5ee865625,ba419d35-0dfe-8af7-16a6-794b84fbacae,314076,lisinopril 10 MG Oral Tablet,0.91,0.00,1,0.91,59621000,Essential hypertension (disorder)
2015-03-27T17:51:43Z,2015-04-03T17:51:43Z,ba419d35-0dfe-8af7-347c-eebf02485a56,d18ef2e6-ef40-324c-be54-34a5ee865625,ba419d35-0dfe-8af7-9a6d-67ccb6149e88,314076,lisinopril 10 MG Oral Tablet,0.91,0.00,1,0.91,59621000,Essential hypertension (disorder)
2015-04-03T17:51:43Z,2015-04-10T17:51:43Z,ba419d35-0dfe-8af7-347c-eebf02485a56,d18ef2e6-ef40-324c-be54-34a5ee865625,ba419d35-0dfe-8af7-1a2d-b16636b60f1a,314076,lisinopril 10 MG Oral Tablet,0.91,0.00,1,0.91,59621000,Essential hypertension (disorder)
2015-04-10T17:51:43Z,2015-04-17T17:51:43Z,ba419d35-0dfe-8af7-347c-eebf02485a56,d18ef2e6-ef40-324c-be54-34a5ee865625,ba419d35-0dfe-8af7-2e91-f645494202be,314076,lisinopril 10 MG Oral Tablet,0.91,0.00,1,0.91,59621000,Essential hypertension (disorder)
2015-04-17T17:51:43Z,2015-04-24T17:51:43Z,ba419d35-0dfe-8af7-347c-eebf02485a56,d18ef2e6-ef40-324c-be54-34a5ee865625,ba419d35-0dfe-8af7-0f0a-7190d5469514,314076,lisinopril 10 MG Oral Tablet,0.91,0.00,1,0.91,59621000,Essential hypertension (disorder)
2015-04-24T17:51:43Z,2015-05-01T17:51:43Z,ba419d35-0dfe-8af7-347c-eebf02485a56,d18ef2e6-ef40-324c-be54-34a5ee865625,ba419d35-0dfe-8af7-819d-94043554c851,314076,lisinopril 10 MG Oral Tablet,0.91,0.00,1,0.91,59621000,Essential hypertension (disorder)
2015-05-01T17:51:43Z,2015-05-08T17:51:43Z,ba419d35-0dfe-8af7-347c-eebf02485a56,d18ef2e6-ef40-324c-be54-34a5ee865625,ba419d35-0dfe-8af7-c389-ae6becb70c68,314076,lisinopril 10 MG Oral Tablet,0.91,0.00,1,0.91,59621000,Essential hypertension (disorder)
2015-05-08T17:51:43Z,2015-05-15T17:51:43Z,ba419d35-0dfe-8af7-347c-eebf02485a56,d18ef2e6-ef40-324c-be54-34a5ee865625,ba419d35-0dfe-8af7-3dea-66d094bd4121,314076,lisinopril 10 MG Oral Tablet,0.91,0.00,1,0.91,59621000,Essential hypertension (disorder)
2015-05-15T17:51:43Z,2015-07-10T17:51:43Z,ba419d35-0dfe-8af7-347c-eebf02485a56,d18ef2e6-ef40-324c-be54-34a5ee865625,ba419d35-0dfe-8af7-08d5-dcf2afac98c3,314076,lisinopril 10 MG Oral Tablet,0.91,0.00,1,0.91,59621000,Essential hypertension (disorder)
2015-05-22T18:00:11Z,2015-06-07T18:00:11Z,ba419d35-0dfe-8af7-347c-eebf02485a56,d18ef2e6-ef40-324c-be54-34a5ee865625,ba419d35-0dfe-8af7-21fb-a2cf7cc093d9,313782,Acetaminophen 325 MG Oral Tablet,89.69,54.69,1,89.69,10509002,Acute bronchitis (disorder)
2021-04-08T00:16:11Z,2021-04-08T00:16:11Z,62f60bdb-cc5c-8305-b98b-f2b229a55eca,b046940f-1664-3047-bca7-dfa76be352a4,62f60bdb-cc5c-8305-5d3e-154d1cc4bb55,1535362,sodium fluoride 0.0272 MG/MG Oral Gel,129.94,0.00,1,129.94,66383009,Gingivitis (disorder)
2021-09-02T18:07:02Z,2022-08-28T18:26:38Z,62f60bdb-cc5c-8305-b98b-f2b229a55eca,b046940f-1664-3047-bca7-dfa76be352a4,62f60bdb-cc5c-8305-bad0-e555264508c3,1000126,1 ML medroxyprogesterone acetate 150 MG/ML Injection,10.19,7.13,12,122.28,,
2022-03-30T21:06:28Z,2023-04-05T21:06:28Z,62f60bdb-cc5c-8305-b98b-f2b229a55eca,b046940f-1664-3047-bca7-dfa76be352a4,62f60bdb-cc5c-8305-e397-a55fd4c02a78,993770,Acetaminophen 300 MG / Codeine Phosphate 15 MG Oral Tablet,129.94,90.96,3,389.82,,
2022-03-30T21:06:28Z,2023-04-05T21:06:28Z,62f60bdb-cc5c-8305-b98b-f2b229a55eca,b046940f-1664-3047-bca7-dfa76be352a4,62f60bdb-cc5c-8305-e397-a55fd4c02a78,1049504,Abuse-Deterrent 12 HR Oxycodone Hydrochloride 10 MG Extended Release Oral Tablet [Oxycontin],129.94,90.96,3,389.82,,
2022-03-30T21:06:28Z,2023-04-05T21:06:28Z,62f60bdb-cc5c-8305-b98b-f2b229a55eca,b046940f-1664-3047-bca7-dfa76be352a4,62f60bdb-cc5c-8305-e397-a55fd4c02a78,245134,72 HR Fentanyl 0.025 MG/HR Transdermal System,129.94,90.96,3,389.82,,
2022-08-28T18:26:38Z,2023-08-23T18:26:38Z,62f60bdb-cc5c-8305-b98b-f2b229a55eca,b046940f-1664-3047-bca7-dfa76be352a4,62f60bdb-cc5c-8305-b19e-ecd378256c9c,978950,{5 (dienogest 2 MG / estradiol valerate 2 MG Oral Tablet) / 17 (dienogest 3 MG / estradiol valerate 2 MG Oral Tablet) / 2 (estradiol valerate 1 MG Oral Tablet) / 2 (estradiol valerate 3 MG Oral Tablet) / 2 (inert ingredients 1 MG Oral Tablet) } Pack [Natazia 28 Day],229.32,160.52,12,2751.84,,
2015-07-10T17:51:43Z,2015-09-04T17:51:43Z,ba419d35-0dfe-8af7-347c-eebf02485a56,d18ef2e6-ef40-324c-be54-34a5ee865625,ba419d35-0dfe-8af7-29fd-3762be44e3c8,314076,lisinopril 10 MG Oral Tablet,0.91,0.00,1,0.91,59621000,Essential hypertension (disorder)
2023-04-05T21:06:28Z,2024-04-10T21:06:28Z,62f60bdb-cc5c-8305-b98b-f2b229a55eca,b046940f-1664-3047-bca7-dfa76be352a4,62f60bdb-cc5c-8305-54e5-d4d561f3b64a,993770,Acetaminophen 300 MG / Codeine Phosphate 15 MG Oral Tablet,129.94,90.96,3,389.82,,
2023-04-05T21:06:28Z,2024-04-10T21:06:28Z,62f60bdb-cc5c-8305-b98b-f2b229a55eca,b046940f-1664-3047-bca7-dfa76be352a4,62f60bdb-cc5c-8305-54e5-d4d561f3b64a,1049504,Abuse-Deterrent 12 HR Oxycodone Hydrochloride 10 MG Extended Release Oral Tablet [Oxycontin],129.94,90.96,3,389.82,,
2023-04-05T21:06:28Z,2024-04-10T21:06:28Z,62f60bdb-cc5c-8305-b98b-f2b229a55eca,b046940f-1664-3047-bca7-dfa76be352a4,62f60bdb-cc5c-8305-54e5-d4d561f3b64a,245134,72 HR Fentanyl 0.025 MG/HR Transdermal System,129.94,90.96,3,389.82,,
2023-08-23T18:26:38Z,2024-08-17T18:26:38Z,62f60bdb-cc5c-8305-b98b-f2b229a55eca,b046940f-1664-3047-bca7-dfa76be352a4,62f60bdb-cc5c-8305-1877-906ba170bf38,749762,{7 (ethinyl estradiol 0.01 MG Oral Tablet) / 84 (ethinyl estradiol 0.03 MG / levonorgestrel 0.15 MG Oral Tablet) } Pack [Seasonique],764.40,535.08,12,9172.80,,
2024-04-10T21:06:28Z,2025-04-16T21:06:28Z,62f60bdb-cc5c-8305-b98b-f2b229a55eca,b046940f-1664-3047-bca7-dfa76be352a4,62f60bdb-cc5c-8305-fb14-92575fc7a606,993770,Acetaminophen 300 MG / Codeine Phosphate 15 MG Oral Tablet,129.94,0.00,3,389.82,,
2024-04-10T21:06:28Z,2025-04-16T21:06:28Z,62f60bdb-cc5c-8305-b98b-f2b229a55eca,b046940f-1664-3047-bca7-dfa76be352a4,62f60bdb-cc5c-8305-fb14-92575fc7a606,1049504,Abuse-Deterrent 12 HR Oxycodone Hydrochloride 10 MG Extended Release Oral Tablet [Oxycontin],129.94,0.00,3,389.82,,
2024-04-10T21:06:28Z,2025-04-16T21:06:28Z,62f60bdb-cc5c-8305-b98b-f2b229a55eca,b046940f-1664-3047-bca7-dfa76be352a4,62f60bdb-cc5c-8305-fb14-92575fc7a606,245134,72 HR Fentanyl 0.025 MG/HR Transdermal System,129.94,0.00,3,389.82,,
2024-08-17T18:26:38Z,2025-08-12T18:26:38Z,62f60bdb-cc5c-8305-b98b-f2b229a55eca,b046940f-1664-3047-bca7-dfa76be352a4,62f60bdb-cc5c-8305-ed06-36f60aea3c71,749762,{7 (ethinyl estradiol 0.01 MG Oral Tablet) / 84 (ethinyl estradiol 0.03 MG / levonorgestrel 0.15 MG Oral Tablet) } Pack [Seasonique],229.32,160.52,12,2751.84,,
2015-09-04T17:51:43Z,2015-10-30T17:51:43Z,ba419d35-0dfe-8af7-347c-eebf02485a56,d18ef2e6-ef40-324c-be54-34a5ee865625,ba419d35-0dfe-8af7-0936-a919a5c247e3,314076,lisinopril 10 MG Oral Tablet,0.91,0.00,1,0.91,59621000,Essential hypertension (disorder)
2015-10-30T17:51:43Z,2016-01-01T17:51:43Z,ba419d35-0dfe-8af7-347c-eebf02485a56,d18ef2e6-ef40-324c-be54-34a5ee865625,ba419d35-0dfe-8af7-a02b-9b70990d3637,314076,lisinopril 10 MG Oral Tablet,0.91,0.00,1,0.91,59621000,Essential hypertension (disorder)
2015-11-20T21:00:05Z,2015-11-20T21:00:05Z,ba419d35-0dfe-8af7-347c-eebf02485a56,d18ef2e6-ef40-324c-be54-34a5ee865625,ba419d35-0dfe-8af7-e47d-9a857249a136,1535362,sodium fluoride 0.0272 MG/MG Oral Gel,129.94,94.94,1,129.94,103697008,Patient referral for dental care (procedure)
2016-01-01T17:51:43Z,2016-02-12T17:51:43Z,ba419d35-0dfe-8af7-347c-eebf02485a56,d18ef2e6-ef40-324c-be54-34a5ee865625,ba419d35-0dfe-8af7-3f3d-7d9b689f28a0,314076,lisinopril 10 MG Oral Tablet,0.91,0.00,1,0.91,59621000,Essential hypertension (disorder)
2025-04-16T21:06:28Z,2025-12-31T21:06:28Z,62f60bdb-cc5c-8305-b98b-f2b229a55eca,b046940f-1664-3047-bca7-dfa76be352a4,62f60bdb-cc5c-8305-72bf-784c7e902da8,993770,Acetaminophen 300 MG / Codeine Phosphate 15 MG Oral Tablet,129.94,90.96,3,389.82,,
2025-04-16T21:06:28Z,2025-12-31T21:06:28Z,62f60bdb-cc5c-8305-b98b-f2b229a55eca,b046940f-1664-3047-bca7-dfa76be352a4,62f60bdb-cc5c-8305-72bf-784c7e902da8,1049504,Abuse-Deterrent 12 HR Oxycodone Hydrochloride 10 MG Extended Release Oral Tablet [Oxycontin],129.94,90.96,3,389.82,,
2025-04-16T21:06:28Z,2025-12-31T21:06:28Z,62f60bdb-cc5c-8305-b98b-f2b229a55eca,b046940f-1664-3047-bca7-dfa76be352a4,62f60bdb-cc5c-8305-72bf-784c7e902da8,245134,72 HR Fentanyl 0.025 MG/HR Transdermal System,129.94,90.96,3,389.82,,
2025-04-30T23:48:17Z,2025-04-30T23:48:17Z,62f60bdb-cc5c-8305-b98b-f2b229a55eca,b046940f-1664-3047-bca7-dfa76be352a4,62f60bdb-cc5c-8305-fd24-62a19aab76c8,1535362,sodium fluoride 0.0272 MG/MG Oral Gel,129.94,90.96,1,129.94,66383009,Gingivitis (disorder)
2016-01-22T21:41:24Z,2016-01-22T21:41:24Z,ba419d35-0dfe-8af7-347c-eebf02485a56,d18ef2e6-ef40-324c-be54-34a5ee865625,ba419d35-0dfe-8af7-88cc-7f05bd94e86a,1535362,sodium fluoride 0.0272 MG/MG Oral Gel,129.94,94.94,1,129.94,103697008,Patient referral for dental care (procedure)
2025-08-12T18:26:38Z,2026-08-07T18:26:38Z,62f60bdb-cc5c-8305-b98b-f2b229a55eca,b046940f-1664-3047-bca7-dfa76be352a4,62f60bdb-cc5c-8305-5205-f23fc428df9d,748879,{21 (ethinyl estradiol 0.03 MG / levonorgestrel 0.15 MG Oral Tablet) / 7 (inert ingredients 1 MG Oral Tablet) } Pack [Levora 0.15/30 28 Day],550.50,385.35,12,6606.00,,
2016-02-12T17:51:43Z,2016-03-11T17:51:43Z,ba419d35-0dfe-8af7-347c-eebf02485a56,d18ef2e6-ef40-324c-be54-34a5ee865625,ba419d35-0dfe-8af7-b869-49ff6751524a,314076,lisinopril 10 MG Oral Tablet,0.91,0.00,1,0.91,59621000,Essential hypertension (disorder)
2025-12-31T21:06:28Z,2026-04-22T21:06:28Z,62f60bdb-cc5c-8305-b98b-f2b229a55eca,b046940f-1664-3047-bca7-dfa76be352a4,62f60bdb-cc5c-8305-92b9-4998c85ee124,993770,Acetaminophen 300 MG / Codeine Phosphate 15 MG Oral Tablet,129.94,0.00,3,389.82,,
2025-12-31T21:06:28Z,2026-04-22T21:06:28Z,62f60bdb-cc5c-8305-b98b-f2b229a55eca,b046940f-1664-3047-bca7-dfa76be352a4,62f60bdb-cc5c-8305-92b9-4998c85ee124,1049504,Abuse-Deterrent 12 HR Oxycodone Hydrochloride 10 MG Extended Release Oral Tablet [Oxycontin],129.94,0.00,3,389.82,,
2025-12-31T21:06:28Z,2026-04-22T21:06:28Z,62f60bdb-cc5c-8305-b98b-f2b229a55eca,b046940f-1664-3047-bca7-dfa76be352a4,62f60bdb-cc5c-8305-92b9-4998c85ee124,245134,72 HR Fentanyl 0.025 MG/HR Transdermal System,129.94,0.00,3,389.82,,
2016-03-11T17:51:43Z,2016-04-01T17:51:43Z,ba419d35-0dfe-8af7-347c-eebf02485a56,d18ef2e6-ef40-324c-be54-34a5ee865625,ba419d35-0dfe-8af7-cc9b-46f1d4a2c7df,314076,lisinopril 10 MG Oral Tablet,0.91,0.00,1,0.91,59621000,Essential hypertension (disorder)
2016-04-01T17:51:43Z,2016-05-06T17:51:43Z,ba419d35-0dfe-8af7-347c-eebf02485a56,d18ef2e6-ef40-324c-be54-34a5ee865625,ba419d35-0dfe-8af7-047f-80210ef85b3a,314076,lisinopril 10 MG Oral Tablet,0.91,0.00,1,0.91,59621000,Essential hypertension (disorder)
2026-04-22T21:06:28Z,,62f60bdb-cc5c-8305-b98b-f2b229a55eca,b046940f-1664-3047-bca7-dfa76be352a4,62f60bdb-cc5c-8305-6aac-d3a307437284,993770,Acetaminophen 300 MG / Codeine Phosphate 15 MG Oral Tablet,129.94,90.96,3,389.82,,
2026-04-22T21:06:28Z,,62f60bdb-cc5c-8305-b98b-f2b229a55eca,b046940f-1664-3047-bca7-dfa76be352a4,62f60bdb-cc5c-8305-6aac-d3a307437284,1049504,Abuse-Deterrent 12 HR Oxycodone Hydrochloride 10 MG Extended Release Oral Tablet [Oxycontin],129.94,90.96,3,389.82,,
2016-04-08T01:00:00Z,2016-04-17T01:00:00Z,ba419d35-0dfe-8af7-347c-eebf02485a56,d18ef2e6-ef40-324c-be54-34a5ee865625,ba419d35-0dfe-8af7-8d2a-b5e824b729ca,313782,Acetaminophen 325 MG Oral Tablet,174.47,139.47,1,174.47,10509002,Acute bronchitis (disorder)
2026-04-22T21:06:28Z,,62f60bdb-cc5c-8305-b98b-f2b229a55eca,b046940f-1664-3047-bca7-dfa76be352a4,62f60bdb-cc5c-8305-6aac-d3a307437284,245134,72 HR Fentanyl 0.025 MG/HR Transdermal System,129.94,90.96,3,389.82,,
2016-04-08T23:41:10Z,2016-04-08T23:41:10Z,ba419d35-0dfe-8af7-347c-eebf02485a56,d18ef2e6-ef40-324c-be54-34a5ee865625,ba419d35-0dfe-8af7-d740-115d981309ca,1535362,sodium fluoride 0.0272 MG/MG Oral Gel,129.94,94.94,1,129.94,66383009,Gingivitis (disorder)
2016-05-06T17:51:43Z,2016-05-27T17:51:43Z,ba419d35-0dfe-8af7-347c-eebf02485a56,d18ef2e6-ef40-324c-be54-34a5ee865625,ba419d35-0dfe-8af7-302b-64e120fd2747,314076,lisinopril 10 MG Oral Tablet,0.91,0.00,1,0.91,59621000,Essential hypertension (disorder)
2016-05-27T17:51:43Z,2016-06-24T17:51:43Z,ba419d35-0dfe-8af7-347c-eebf02485a56,d18ef2e6-ef40-324c-be54-34a5ee865625,ba419d35-0dfe-8af7-4f75-3b227ab884c4,314076,lisinopril 10 MG Oral Tablet,0.91,0.00,1,0.91,59621000,Essential hypertension (disorder)
2014-04-01T12:11:12Z,,982750f4-569b-5949-196b-60699bdda3fb,734afbd6-4794-363b-9bc0-6a3981533ed5,982750f4-569b-5949-12ce-eb5cf486b449,856987,Acetaminophen 300 MG / Hydrocodone Bitartrate 5 MG Oral Tablet,1.22,0.98,3,3.66,,
2016-06-22T03:17:39Z,2017-06-28T03:17:39Z,982750f4-569b-5949-196b-60699bdda3fb,734afbd6-4794-363b-9bc0-6a3981533ed5,982750f4-569b-5949-74c8-9bc54bd01c48,1049625,Acetaminophen 325 MG / Oxycodone Hydrochloride 10 MG Oral Tablet [Percocet],129.94,103.95,3,389.82,,
2016-06-22T03:17:39Z,2017-06-28T03:17:39Z,982750f4-569b-5949-196b-60699bdda3fb,734afbd6-4794-363b-9bc0-6a3981533ed5,982750f4-569b-5949-74c8-9bc54bd01c48,209387,Acetaminophen 325 MG Oral Tablet [Tylenol],129.94,103.95,3,389.82,,
2016-06-22T03:17:39Z,2017-06-28T03:17:39Z,982750f4-569b-5949-196b-60699bdda3fb,734afbd6-4794-363b-9bc0-6a3981533ed5,982750f4-569b-5949-74c8-9bc54bd01c48,835603,tramadol hydrochloride 50 MG Oral Tablet,129.94,103.95,3,389.82,,
2016-08-19T04:32:51Z,2017-08-14T04:32:51Z,982750f4-569b-5949-196b-60699bdda3fb,734afbd6-4794-363b-9bc0-6a3981533ed5,982750f4-569b-5949-73f7-9abe84e4bbf8,831533,{28 (norethindrone 0.35 MG Oral Tablet) } Pack [Errin 28 Day],378.91,303.13,12,4546.92,,
2016-06-24T17:51:43Z,2016-07-15T17:51:43Z,ba419d35-0dfe-8af7-347c-eebf02485a56,d18ef2e6-ef40-324c-be54-34a5ee865625,ba419d35-0dfe-8af7-8de5-66f19a384486,314076,lisinopril 10 MG Oral Tablet,0.91,0.00,1,0.91,59621000,Essential hypertension (disorder)
2017-06-28T03:17:39Z,2018-07-04T03:17:39Z,982750f4-569b-5949-196b-60699bdda3fb,734afbd6-4794-363b-9bc0-6a3981533ed5,982750f4-569b-5949-491c-caa820b70a88,1049625,Acetaminophen 325 MG / Oxycodone Hydrochloride 10 MG Oral Tablet [Percocet],129.94,103.95,3,389.82,,
2017-06-28T03:17:39Z,2018-07-04T03:17:39Z,982750f4-569b-5949-196b-60699bdda3fb,734afbd6-4794-363b-9bc0-6a3981533ed5,982750f4-569b-5949-491c-caa820b70a88,209387,Acetaminophen 325 MG Oral Tablet [Tylenol],129.94,103.95,3,389.82,,
2017-06-28T03:17:39Z,2018-07-04T03:17:39Z,982750f4-569b-5949-196b-60699bdda3fb,734afbd6-4794-363b-9bc0-6a3981533ed5,982750f4-569b-5949-491c-caa820b70a88,835603,tramadol hydrochloride 50 MG Oral Tablet,129.94,103.95,3,389.82,,
2016-07-15T17:51:43Z,2016-08-19T17:51:43Z,ba419d35-0dfe-8af7-347c-eebf02485a56,d18ef2e6-ef40-324c-be54-34a5ee865625,ba419d35-0dfe-8af7-04b8-c53474e28fc5,314076,lisinopril 10 MG Oral Tablet,0.91,0.00,1,0.91,59621000,Essential hypertension (disorder)
2017-07-12T06:18:23Z,2017-07-12T06:18:23Z,982750f4-569b-5949-196b-60699bdda3fb,734afbd6-4794-363b-9bc0-6a3981533ed5,982750f4-569b-5949-2d9b-f243fbb2f4c1,1535362,sodium fluoride 0.0272 MG/MG Oral Gel,129.94,103.95,1,129.94,103697008,Patient referral for dental care (procedure)
2017-08-14T04:32:51Z,2018-06-20T03:17:39Z,982750f4-569b-5949-196b-60699bdda3fb,734afbd6-4794-363b-9bc0-6a3981533ed5,982750f4-569b-5949-f434-dc3625d6937f,1856546,levonorgestrel 0.000729 MG/HR Intrauterine System [Kyleena],11.28,9.02,10,112.80,,
2016-08-19T17:51:43Z,2016-08-26T17:51:43Z,ba419d35-0dfe-8af7-347c-eebf02485a56,d18ef2e6-ef40-324c-be54-34a5ee865625,ba419d35-0dfe-8af7-a097-76939bd7478b,314076,lisinopril 10 MG Oral Tablet,0.91,0.00,1,0.91,59621000,Essential hypertension (disorder)
2016-08-26T17:51:43Z,2016-09-23T17:51:43Z,ba419d35-0dfe-8af7-347c-eebf02485a56,d18ef2e6-ef40-324c-be54-34a5ee865625,ba419d35-0dfe-8af7-3655-5fedce4ae514,314076,lisinopril 10 MG Oral Tablet,0.91,0.00,1,0.91,59621000,Essential hypertension (disorder)
2018-07-04T03:17:39Z,2019-07-10T03:17:39Z,982750f4-569b-5949-196b-60699bdda3fb,734afbd6-4794-363b-9bc0-6a3981533ed5,982750f4-569b-5949-83db-42935be8223a,1049625,Acetaminophen 325 MG / Oxycodone Hydrochloride 10 MG Oral Tablet [Percocet],129.94,103.95,3,389.82,,
2018-07-04T03:17:39Z,2019-07-10T03:17:39Z,982750f4-569b-5949-196b-60699bdda3fb,734afbd6-4794-363b-9bc0-6a3981533ed5,982750f4-569b-5949-83db-42935be8223a,209387,Acetaminophen 325 MG Oral Tablet [Tylenol],129.94,103.95,3,389.82,,
2018-07-04T03:17:39Z,2019-07-10T03:17:39Z,982750f4-569b-5949-196b-60699bdda3fb,734afbd6-4794-363b-9bc0-6a3981533ed5,982750f4-569b-5949-83db-42935be8223a,835603,tramadol hydrochloride 50 MG Oral Tablet,129.94,103.95,3,389.82,,
2016-09-23T17:51:43Z,2016-11-04T17:51:43Z,ba419d35-0dfe-8af7-347c-eebf02485a56,d18ef2e6-ef40-324c-be54-34a5ee865625,ba419d35-0dfe-8af7-f5ee-bc9bbfe0969f,314076,lisinopril 10 MG Oral Tablet,0.91,0.00,1,0.91,59621000,Essential hypertension (disorder)
2018-07-18T05:52:26Z,2018-07-18T05:52:26Z,982750f4-569b-5949-196b-60699bdda3fb,734afbd6-4794-363b-9bc0-6a3981533ed5,982750f4-569b-5949-b6c2-516367a990b3,1535362,sodium fluoride 0.0272 MG/MG Oral Gel,129.94,103.95,1,129.94,66383009,Gingivitis (disorder)
2016-10-14T18:29:09Z,2016-10-14T18:29:09Z,ba419d35-0dfe-8af7-347c-eebf02485a56,d18ef2e6-ef40-324c-be54-34a5ee865625,ba419d35-0dfe-8af7-61db-735e0a9f4143,108515,1 ML tacrolimus 5 MG/ML Injection [Prograf],129.94,94.94,1,129.94,698306007,Awaiting transplantation of kidney (situation)
2016-10-15T19:41:31Z,2016-10-15T19:41:31Z,ba419d35-0dfe-8af7-347c-eebf02485a56,d18ef2e6-ef40-324c-be54-34a5ee865625,ba419d35-0dfe-8af7-61db-735e0a9f4143,108515,1 ML tacrolimus 5 MG/ML Injection [Prograf],129.94,94.94,1,129.94,161665007,History of renal transplant (situation)
2016-10-16T20:34:16Z,2016-10-16T20:34:16Z,ba419d35-0dfe-8af7-347c-eebf02485a56,d18ef2e6-ef40-324c-be54-34a5ee865625,ba419d35-0dfe-8af7-61db-735e0a9f4143,108515,1 ML tacrolimus 5 MG/ML Injection [Prograf],129.94,94.94,1,129.94,161665007,History of renal transplant (situation)
2016-10-17T21:30:04Z,2016-10-17T21:30:04Z,ba419d35-0dfe-8af7-347c-eebf02485a56,d18ef2e6-ef40-324c-be54-34a5ee865625,ba419d35-0dfe-8af7-61db-735e0a9f4143,108515,1 ML tacrolimus 5 MG/ML Injection [Prograf],129.94,94.94,1,129.94,161665007,History of renal transplant (situation)
2016-10-18T22:20:13Z,2016-10-18T22:20:13Z,ba419d35-0dfe-8af7-347c-eebf02485a56,d18ef2e6-ef40-324c-be54-34a5ee865625,ba419d35-0dfe-8af7-61db-735e0a9f4143,108515,1 ML tacrolimus 5 MG/ML Injection [Prograf],129.94,94.94,1,129.94,161665007,History of renal transplant (situation)
2016-10-19T22:52:09Z,2016-10-19T22:52:09Z,ba419d35-0dfe-8af7-347c-eebf02485a56,d18ef2e6-ef40-324c-be54-34a5ee865625,ba419d35-0dfe-8af7-61db-735e0a9f4143,108515,1 ML tacrolimus 5 MG/ML Injection [Prograf],129.94,94.94,1,129.94,161665007,History of renal transplant (situation)
2016-10-19T23:40:24Z,2016-11-04T17:51:43Z,ba419d35-0dfe-8af7-347c-eebf02485a56,d18ef2e6-ef40-324c-be54-34a5ee865625,ba419d35-0dfe-8af7-61db-735e0a9f4143,1664463,24 HR tacrolimus 1 MG Extended Release Oral Tablet [Envarsus],129.94,94.94,1,129.94,161665007,History of renal transplant (situation)
2016-11-04T17:51:43Z,2016-11-18T18:24:45Z,ba419d35-0dfe-8af7-347c-eebf02485a56,d18ef2e6-ef40-324c-be54-34a5ee865625,ba419d35-0dfe-8af7-4d35-cd4dbac7c890,1664463,24 HR tacrolimus 1 MG Extended Release Oral Tablet [Envarsus],129.94,94.94,1,129.94,161665007,History of renal transplant (situation)
2016-11-04T17:51:43Z,2017-07-21T17:51:43Z,ba419d35-0dfe-8af7-347c-eebf02485a56,d18ef2e6-ef40-324c-be54-34a5ee865625,ba419d35-0dfe-8af7-4d35-cd4dbac7c890,314076,lisinopril 10 MG Oral Tablet,0.91,0.00,2,1.82,59621000,Essential hypertension (disorder)
2019-07-10T03:17:39Z,2020-07-15T03:17:39Z,982750f4-569b-5949-196b-60699bdda3fb,734afbd6-4794-363b-9bc0-6a3981533ed5,982750f4-569b-5949-d533-2a21da404479,1049625,Acetaminophen 325 MG / Oxycodone Hydrochloride 10 MG Oral Tablet [Percocet],129.94,103.95,3,389.82,,
2019-07-10T03:17:39Z,2020-07-15T03:17:39Z,982750f4-569b-5949-196b-60699bdda3fb,734afbd6-4794-363b-9bc0-6a3981533ed5,982750f4-569b-5949-d533-2a21da404479,209387,Acetaminophen 325 MG Oral Tablet [Tylenol],129.94,103.95,3,389.82,,
2019-07-10T03:17:39Z,2020-07-15T03:17:39Z,982750f4-569b-5949-196b-60699bdda3fb,734afbd6-4794-363b-9bc0-6a3981533ed5,982750f4-569b-5949-d533-2a21da404479,835603,tramadol hydrochloride 50 MG Oral Tablet,129.94,103.95,3,389.82,,
2016-11-18T18:24:45Z,2017-07-21T17:51:43Z,ba419d35-0dfe-8af7-347c-eebf02485a56,d18ef2e6-ef40-324c-be54-34a5ee865625,ba419d35-0dfe-8af7-7761-b954ad4a8184,1431987,24 HR tacrolimus 5 MG Extended Release Oral Capsule [Astagraf],129.94,94.94,2,259.88,161665007,History of renal transplant (situation)
2016-11-18T18:24:45Z,2016-11-18T18:24:45Z,ba419d35-0dfe-8af7-347c-eebf02485a56,d18ef2e6-ef40-324c-be54-34a5ee865625,ba419d35-0dfe-8af7-7761-b954ad4a8184,108515,1 ML tacrolimus 5 MG/ML Injection [Prograf],129.94,94.94,1,129.94,161665007,History of renal transplant (situation)
2020-04-18T03:17:39Z,2021-04-16T14:10:49Z,982750f4-569b-5949-196b-60699bdda3fb,734afbd6-4794-363b-9bc0-6a3981533ed5,982750f4-569b-5949-1de3-a352d077172c,1605257,levonorgestrel 0.000813 MG/HR Intrauterine System [Liletta],407.68,0.00,12,4892.16,,
2016-11-25T19:50:58Z,2016-11-25T19:50:58Z,ba419d35-0dfe-8af7-347c-eebf02485a56,d18ef2e6-ef40-324c-be54-34a5ee865625,ba419d35-0dfe-8af7-b8ce-dac12b60326a,108515,1 ML tacrolimus 5 MG/ML Injection [Prograf],129.94,94.94,1,129.94,161665007,History of renal transplant (situation)
2016-12-02T21:07:04Z,2016-12-02T21:07:04Z,ba419d35-0dfe-8af7-347c-eebf02485a56,d18ef2e6-ef40-324c-be54-34a5ee865625,ba419d35-0dfe-8af7-ada4-3275207f926e,108515,1 ML tacrolimus 5 MG/ML Injection [Prograf],129.94,94.94,1,129.94,161665007,History of renal transplant (situation)
2020-07-15T03:17:39Z,2021-07-21T03:17:39Z,982750f4-569b-5949-196b-60699bdda3fb,734afbd6-4794-363b-9bc0-6a3981533ed5,982750f4-569b-5949-646b-419ea1413b53,1049625,Acetaminophen 325 MG / Oxycodone Hydrochloride 10 MG Oral Tablet [Percocet],129.94,103.95,3,389.82,,
2020-07-15T03:17:39Z,2021-07-21T03:17:39Z,982750f4-569b-5949-196b-60699bdda3fb,734afbd6-4794-363b-9bc0-6a3981533ed5,982750f4-569b-5949-646b-419ea1413b53,209387,Acetaminophen 325 MG Oral Tablet [Tylenol],129.94,103.95,3,389.82,,
2020-07-15T03:17:39Z,2021-07-21T03:17:39Z,982750f4-569b-5949-196b-60699bdda3fb,734afbd6-4794-363b-9bc0-6a3981533ed5,982750f4-569b-5949-646b-419ea1413b53,835603,tramadol hydrochloride 50 MG Oral Tablet,129.94,103.95,3,389.82,,
2016-12-09T22:25:13Z,2016-12-09T22:25:13Z,ba419d35-0dfe-8af7-347c-eebf02485a56,d18ef2e6-ef40-324c-be54-34a5ee865625,ba419d35-0dfe-8af7-6a68-b923f97a077e,108515,1 ML tacrolimus 5 MG/ML Injection [Prograf],129.94,94.94,1,129.94,161665007,History of renal transplant (situation)
2016-12-17T00:08:33Z,2016-12-17T00:08:33Z,ba419d35-0dfe-8af7-347c-eebf02485a56,d18ef2e6-ef40-324c-be54-34a5ee865625,ba419d35-0dfe-8af7-3067-e32ae732289c,108515,1 ML tacrolimus 5 MG/ML Injection [Prograf],129.94,94.94,1,129.94,161665007,History of renal transplant (situation)
2017-07-21T17:51:43Z,2018-07-27T17:51:43Z,ba419d35-0dfe-8af7-347c-eebf02485a56,d18ef2e6-ef40-324c-be54-34a5ee865625,ba419d35-0dfe-8af7-62aa-55ac2414463f,1431987,24 HR tacrolimus 5 MG Extended Release Oral Capsule [Astagraf],129.94,94.94,4,519.76,161665007,History of renal transplant (situation)
2017-07-21T17:51:43Z,2018-07-27T17:51:43Z,ba419d35-0dfe-8af7-347c-eebf02485a56,d18ef2e6-ef40-324c-be54-34a5ee865625,ba419d35-0dfe-8af7-62aa-55ac2414463f,314076,lisinopril 10 MG Oral Tablet,0.91,0.00,4,3.64,59621000,Essential hypertension (disorder)
2018-07-27T17:51:43Z,2019-08-02T17:51:43Z,ba419d35-0dfe-8af7-347c-eebf02485a56,d18ef2e6-ef40-324c-be54-34a5ee865625,ba419d35-0dfe-8af7-7efd-4faaffb2f6ed,1431987,24 HR tacrolimus 5 MG Extended Release Oral Capsule [Astagraf],129.94,94.94,4,519.76,161665007,History of renal transplant (situation)
2018-07-27T17:51:43Z,2019-08-02T17:51:43Z,ba419d35-0dfe-8af7-347c-eebf02485a56,d18ef2e6-ef40-324c-be54-34a5ee865625,ba419d35-0dfe-8af7-7efd-4faaffb2f6ed,314076,lisinopril 10 MG Oral Tablet,0.91,0.00,4,3.64,59621000,Essential hypertension (disorder)
2021-07-21T03:17:39Z,2022-07-27T03:17:39Z,982750f4-569b-5949-196b-60699bdda3fb,734afbd6-4794-363b-9bc0-6a3981533ed5,982750f4-569b-5949-588b-7f19533f9ce3,1049625,Acetaminophen 325 MG / Oxycodone Hydrochloride 10 MG Oral Tablet [Percocet],129.94,0.00,3,389.82,,
2018-08-10T20:26:48Z,2018-08-10T20:26:48Z,ba419d35-0dfe-8af7-347c-eebf02485a56,d18ef2e6-ef40-324c-be54-34a5ee865625,ba419d35-0dfe-8af7-60e5-d7c117b81773,1535362,sodium fluoride 0.0272 MG/MG Oral Gel,129.94,94.94,1,129.94,66383009,Gingivitis (disorder)
2021-07-21T03:17:39Z,2022-07-27T03:17:39Z,982750f4-569b-5949-196b-60699bdda3fb,734afbd6-4794-363b-9bc0-6a3981533ed5,982750f4-569b-5949-588b-7f19533f9ce3,209387,Acetaminophen 325 MG Oral Tablet [Tylenol],129.94,0.00,3,389.82,,
2019-08-02T17:51:43Z,2020-08-07T17:51:43Z,ba419d35-0dfe-8af7-347c-eebf02485a56,d18ef2e6-ef40-324c-be54-34a5ee865625,ba419d35-0dfe-8af7-e865-1035479e58ea,1431987,24 HR tacrolimus 5 MG Extended Release Oral Capsule [Astagraf],129.94,94.94,4,519.76,161665007,History of renal transplant (situation)
2019-08-02T17:51:43Z,2020-08-07T17:51:43Z,ba419d35-0dfe-8af7-347c-eebf02485a56,d18ef2e6-ef40-324c-be54-34a5ee865625,ba419d35-0dfe-8af7-e865-1035479e58ea,314076,lisinopril 10 MG Oral Tablet,0.91,0.00,4,3.64,59621000,Essential hypertension (disorder)
2019-08-16T20:49:42Z,2019-08-16T20:49:42Z,ba419d35-0dfe-8af7-347c-eebf02485a56,d18ef2e6-ef40-324c-be54-34a5ee865625,ba419d35-0dfe-8af7-a846-ae77e48803b0,1535362,sodium fluoride 0.0272 MG/MG Oral Gel,129.94,94.94,1,129.94,66383009,Gingivitis (disorder)
2021-07-21T03:17:39Z,2022-07-27T03:17:39Z,982750f4-569b-5949-196b-60699bdda3fb,734afbd6-4794-363b-9bc0-6a3981533ed5,982750f4-569b-5949-588b-7f19533f9ce3,835603,tramadol hydrochloride 50 MG Oral Tablet,129.94,0.00,3,389.82,,
2020-08-07T17:51:43Z,,ba419d35-0dfe-8af7-347c-eebf02485a56,df166300-5a78-3502-a46a-832842197811,ba419d35-0dfe-8af7-bd4a-a866b6d5232a,1431987,24 HR tacrolimus 5 MG Extended Release Oral Capsule [Astagraf],129.94,76.12,2,259.88,161665007,History of renal transplant (situation)
2020-08-07T17:51:43Z,,ba419d35-0dfe-8af7-347c-eebf02485a56,df166300-5a78-3502-a46a-832842197811,ba419d35-0dfe-8af7-bd4a-a866b6d5232a,314076,lisinopril 10 MG Oral Tablet,0.91,0.00,2,1.82,59621000,Essential hypertension (disorder)
2020-08-21T21:35:11Z,2020-08-21T21:35:11Z,ba419d35-0dfe-8af7-347c-eebf02485a56,df166300-5a78-3502-a46a-832842197811,ba419d35-0dfe-8af7-f604-d59e82fcdad7,1535362,sodium fluoride 0.0272 MG/MG Oral Gel,129.94,79.94,1,129.94,66383009,Gingivitis (disorder)
2022-07-27T03:17:39Z,2023-08-02T03:17:39Z,982750f4-569b-5949-196b-60699bdda3fb,734afbd6-4794-363b-9bc0-6a3981533ed5,982750f4-569b-5949-4720-0774e84d338e,1049625,Acetaminophen 325 MG / Oxycodone Hydrochloride 10 MG Oral Tablet [Percocet],129.94,129.94,3,389.82,,
2022-07-27T03:17:39Z,2023-08-02T03:17:39Z,982750f4-569b-5949-196b-60699bdda3fb,734afbd6-4794-363b-9bc0-6a3981533ed5,982750f4-569b-5949-4720-0774e84d338e,209387,Acetaminophen 325 MG Oral Tablet [Tylenol],129.94,129.94,3,389.82,,
2022-07-27T03:17:39Z,2023-08-02T03:17:39Z,982750f4-569b-5949-196b-60699bdda3fb,734afbd6-4794-363b-9bc0-6a3981533ed5,982750f4-569b-5949-4720-0774e84d338e,835603,tramadol hydrochloride 50 MG Oral Tablet,129.94,129.94,3,389.82,,
2022-07-27T03:17:39Z,2023-08-02T03:17:39Z,982750f4-569b-5949-196b-60699bdda3fb,734afbd6-4794-363b-9bc0-6a3981533ed5,982750f4-569b-5949-4720-0774e84d338e,860975,24 HR Metformin hydrochloride 500 MG Extended Release Oral Tablet,1.45,1.45,12,17.40,44054006,Diabetes mellitus type 2 (disorder)
2022-08-03T03:17:39Z,2023-08-12T04:06:22Z,982750f4-569b-5949-196b-60699bdda3fb,734afbd6-4794-363b-9bc0-6a3981533ed5,982750f4-569b-5949-af3d-ee59d3cde0d6,1605257,levonorgestrel 0.000813 MG/HR Intrauterine System [Liletta],761.34,761.34,12,9136.08,,
2022-08-03T04:32:16Z,,982750f4-569b-5949-196b-60699bdda3fb,734afbd6-4794-363b-9bc0-6a3981533ed5,982750f4-569b-5949-794f-27f6959e9b05,2001499,Vitamin B12 5 MG/ML Injectable Solution,5.04,5.04,50,252.00,,
2023-08-02T03:17:39Z,2024-08-07T03:17:39Z,982750f4-569b-5949-196b-60699bdda3fb,734afbd6-4794-363b-9bc0-6a3981533ed5,982750f4-569b-5949-7f77-69ead626c618,1049625,Acetaminophen 325 MG / Oxycodone Hydrochloride 10 MG Oral Tablet [Percocet],129.94,0.00,3,389.82,,
2023-08-02T03:17:39Z,2024-08-07T03:17:39Z,982750f4-569b-5949-196b-60699bdda3fb,734afbd6-4794-363b-9bc0-6a3981533ed5,982750f4-569b-5949-7f77-69ead626c618,209387,Acetaminophen 325 MG Oral Tablet [Tylenol],129.94,0.00,3,389.82,,
2023-08-02T03:17:39Z,2024-08-07T03:17:39Z,982750f4-569b-5949-196b-60699bdda3fb,734afbd6-4794-363b-9bc0-6a3981533ed5,982750f4-569b-5949-7f77-69ead626c618,835603,tramadol hydrochloride 50 MG Oral Tablet,129.94,0.00,3,389.82,,
2023-08-02T03:17:39Z,2024-08-07T03:17:39Z,982750f4-569b-5949-196b-60699bdda3fb,734afbd6-4794-363b-9bc0-6a3981533ed5,982750f4-569b-5949-7f77-69ead626c618,860975,24 HR Metformin hydrochloride 500 MG Extended Release Oral Tablet,6.72,0.00,12,80.64,44054006,Diabetes mellitus type 2 (disorder)
2024-08-07T03:17:39Z,2025-08-13T03:17:39Z,982750f4-569b-5949-196b-60699bdda3fb,0133f751-9229-3cfd-815f-b6d4979bdd6a,982750f4-569b-5949-3661-c255f6ae22a1,1049625,Acetaminophen 325 MG / Oxycodone Hydrochloride 10 MG Oral Tablet [Percocet],129.94,0.00,3,389.82,,
2024-08-07T03:17:39Z,2025-08-13T03:17:39Z,982750f4-569b-5949-196b-60699bdda3fb,0133f751-9229-3cfd-815f-b6d4979bdd6a,982750f4-569b-5949-3661-c255f6ae22a1,209387,Acetaminophen 325 MG Oral Tablet [Tylenol],129.94,0.00,3,389.82,,
2024-08-07T03:17:39Z,2025-08-13T03:17:39Z,982750f4-569b-5949-196b-60699bdda3fb,0133f751-9229-3cfd-815f-b6d4979bdd6a,982750f4-569b-5949-3661-c255f6ae22a1,835603,tramadol hydrochloride 50 MG Oral Tablet,129.94,0.00,3,389.82,,
2024-08-07T03:17:39Z,2025-08-13T03:17:39Z,982750f4-569b-5949-196b-60699bdda3fb,0133f751-9229-3cfd-815f-b6d4979bdd6a,982750f4-569b-5949-3661-c255f6ae22a1,860975,24 HR Metformin hydrochloride 500 MG Extended Release Oral Tablet,3.69,0.00,12,44.28,44054006,Diabetes mellitus type 2 (disorder)
2024-08-14T03:17:39Z,2025-08-09T03:39:01Z,982750f4-569b-5949-196b-60699bdda3fb,0133f751-9229-3cfd-815f-b6d4979bdd6a,982750f4-569b-5949-d44e-5333c5b8fde6,389221,Etonogestrel 68 MG Drug Implant,13.12,0.00,12,157.44,,
2024-08-21T05:56:46Z,2024-08-21T05:56:46Z,982750f4-569b-5949-196b-60699bdda3fb,0133f751-9229-3cfd-815f-b6d4979bdd6a,982750f4-569b-5949-6b67-a5b8aee48d2d,1535362,sodium fluoride 0.0272 MG/MG Oral Gel,129.94,129.94,1,129.94,66383009,Gingivitis (disorder)
2025-08-13T03:17:39Z,2026-08-19T03:17:39Z,982750f4-569b-5949-196b-60699bdda3fb,0133f751-9229-3cfd-815f-b6d4979bdd6a,982750f4-569b-5949-047f-cd58d46fbb77,1049625,Acetaminophen 325 MG / Oxycodone Hydrochloride 10 MG Oral Tablet [Percocet],129.94,0.00,3,389.82,,
2025-08-13T03:17:39Z,2026-08-19T03:17:39Z,982750f4-569b-5949-196b-60699bdda3fb,0133f751-9229-3cfd-815f-b6d4979bdd6a,982750f4-569b-5949-047f-cd58d46fbb77,209387,Acetaminophen 325 MG Oral Tablet [Tylenol],129.94,0.00,3,389.82,,
2025-08-13T03:17:39Z,2026-08-19T03:17:39Z,982750f4-569b-5949-196b-60699bdda3fb,0133f751-9229-3cfd-815f-b6d4979bdd6a,982750f4-569b-5949-047f-cd58d46fbb77,835603,tramadol hydrochloride 50 MG Oral Tablet,129.94,0.00,3,389.82,,
2025-08-13T03:17:39Z,2026-08-19T03:17:39Z,982750f4-569b-5949-196b-60699bdda3fb,0133f751-9229-3cfd-815f-b6d4979bdd6a,982750f4-569b-5949-047f-cd58d46fbb77,860975,24 HR Metformin hydrochloride 500 MG Extended Release Oral Tablet,3.29,0.00,12,39.48,44054006,Diabetes mellitus type 2 (disorder)
2025-08-20T03:17:39Z,2026-08-15T03:17:39Z,982750f4-569b-5949-196b-60699bdda3fb,0133f751-9229-3cfd-815f-b6d4979bdd6a,982750f4-569b-5949-e4d5-bb4354827650,748962,{28 (norethindrone 0.35 MG Oral Tablet) } Pack [Camila 28 Day],764.40,0.00,12,9172.80,,
2026-08-19T03:17:39Z,,982750f4-569b-5949-196b-60699bdda3fb,8fa6c185-e44e-3e34-8bd8-39be8694f4ce,982750f4-569b-5949-e4ed-84146926558f,1049625,Acetaminophen 325 MG / Oxycodone Hydrochloride 10 MG Oral Tablet [Percocet],129.94,0.00,3,389.82,,
2026-08-19T03:17:39Z,,982750f4-569b-5949-196b-60699bdda3fb,8fa6c185-e44e-3e34-8bd8-39be8694f4ce,982750f4-569b-5949-e4ed-84146926558f,209387,Acetaminophen 325 MG Oral Tablet [Tylenol],129.94,0.00,3,389.82,,
2026-08-19T03:17:39Z,,982750f4-569b-5949-196b-60699bdda3fb,8fa6c185-e44e-3e34-8bd8-39be8694f4ce,982750f4-569b-5949-e4ed-84146926558f,835603,tramadol hydrochloride 50 MG Oral Tablet,129.94,0.00,3,389.82,,
2026-08-19T03:17:39Z,,982750f4-569b-5949-196b-60699bdda3fb,8fa6c185-e44e-3e34-8bd8-39be8694f4ce,982750f4-569b-5949-e4ed-84146926558f,860975,24 HR Metformin hydrochloride 500 MG Extended Release Oral Tablet,7.45,0.00,1,7.45,44054006,Diabetes mellitus type 2 (disorder)
2015-01-28T15:50:58Z,,0f1067c3-9151-8829-56cd-2eff898db59c,e03e23c9-4df1-3eb6-a62d-f70f02301496,0f1067c3-9151-8829-f312-1f546ea9ed47,665078,Loratadine 5 MG Chewable Tablet,256.47,0.00,142,36418.74,,
2015-01-31T08:29:17Z,,0f1067c3-9151-8829-56cd-2eff898db59c,e03e23c9-4df1-3eb6-a62d-f70f02301496,0f1067c3-9151-8829-c23d-03d660036fc7,1870230,NDA020800 0.3 ML Epinephrine 1 MG/ML Auto-Injector,87.33,0.00,142,12400.86,,
2018-09-06T15:50:58Z,2018-09-22T15:50:58Z,0f1067c3-9151-8829-56cd-2eff898db59c,e03e23c9-4df1-3eb6-a62d-f70f02301496,0f1067c3-9151-8829-47e7-2e4a2b992f3e,313820,Acetaminophen 160 MG Chewable Tablet,45.86,0.00,1,45.86,,
2019-03-28T10:50:58Z,2019-04-19T10:50:58Z,0f1067c3-9151-8829-56cd-2eff898db59c,e03e23c9-4df1-3eb6-a62d-f70f02301496,0f1067c3-9151-8829-5199-f3432095d706,562251,Amoxicillin 250 MG / Clavulanate 125 MG Oral Tablet,45.86,0.00,1,45.86,444814009,Viral sinusitis (disorder)
2020-07-09T19:18:12Z,2020-07-09T19:18:12Z,0f1067c3-9151-8829-56cd-2eff898db59c,e03e23c9-4df1-3eb6-a62d-f70f02301496,0f1067c3-9151-8829-6105-be996d48a929,1535362,sodium fluoride 0.0272 MG/MG Oral Gel,129.94,0.00,1,129.94,103697008,Patient referral for dental care (procedure)
2024-06-12T15:50:58Z,2025-06-07T15:50:58Z,0f1067c3-9151-8829-56cd-2eff898db59c,df166300-5a78-3502-a46a-832842197811,0f1067c3-9151-8829-27eb-8309d61c76bc,749762,{7 (ethinyl estradiol 0.01 MG Oral Tablet) / 84 (ethinyl estradiol 0.03 MG / levonorgestrel 0.15 MG Oral Tablet) } Pack [Seasonique],229.32,179.32,12,2751.84,,
2025-06-07T15:50:58Z,2026-06-02T15:50:58Z,0f1067c3-9151-8829-56cd-2eff898db59c,e03e23c9-4df1-3eb6-a62d-f70f02301496,0f1067c3-9151-8829-19cd-e106b8c82f16,749762,{7 (ethinyl estradiol 0.01 MG Oral Tablet) / 84 (ethinyl estradiol 0.03 MG / levonorgestrel 0.15 MG Oral Tablet) } Pack [Seasonique],764.40,0.00,12,9172.80,,
2025-08-14T18:25:18Z,2025-08-14T18:25:18Z,0f1067c3-9151-8829-56cd-2eff898db59c,df166300-5a78-3502-a46a-832842197811,0f1067c3-9151-8829-509a-237ba67519d9,1535362,sodium fluoride 0.0272 MG/MG Oral Gel,129.94,79.94,1,129.94,103697008,Patient referral for dental care (procedure)
2025-10-13T17:18:42Z,2025-10-15T00:18:42Z,0f1067c3-9151-8829-56cd-2eff898db59c,df166300-5a78-3502-a46a-832842197811,0f1067c3-9151-8829-5151-1385c17feef0,197454,cephalexin 500 MG Oral Tablet,129.94,79.94,1,129.94,307426000,Acute infective cystitis (disorder)
2026-06-02T15:50:58Z,,0f1067c3-9151-8829-56cd-2eff898db59c,df166300-5a78-3502-a46a-832842197811,0f1067c3-9151-8829-a72b-810268cecd7e,1367439,21 DAY ethinyl estradiol 0.000625 MG/HR / etonogestrel 0.005 MG/HR Vaginal System [NuvaRing],755.78,705.78,4,3023.12,,
2024-03-13T02:39:53Z,2024-03-27T02:39:53Z,c053e996-a4c4-6c02-e2b6-284227156c67,0133f751-9229-3cfd-815f-b6d4979bdd6a,c053e996-a4c4-6c02-42a8-fb57793861c5,308192,Amoxicillin 500 MG Oral Tablet,19.27,0.00,1,19.27,,
2024-03-13T02:39:53Z,2024-03-27T02:39:53Z,c053e996-a4c4-6c02-e2b6-284227156c67,0133f751-9229-3cfd-815f-b6d4979bdd6a,c053e996-a4c4-6c02-42a8-fb57793861c5,313820,Acetaminophen 160 MG Chewable Tablet,45.86,0.00,1,45.86,,
2024-03-26T14:18:23Z,,c053e996-a4c4-6c02-e2b6-284227156c67,0133f751-9229-3cfd-815f-b6d4979bdd6a,c053e996-a4c4-6c02-0f55-5ea916cf168d,997488,Fexofenadine hydrochloride 30 MG Oral Tablet,214.03,0.00,30,6420.90,,
2024-03-26T14:18:23Z,,c053e996-a4c4-6c02-e2b6-284227156c67,0133f751-9229-3cfd-815f-b6d4979bdd6a,c053e996-a4c4-6c02-0f55-5ea916cf168d,1870230,NDA020800 0.3 ML Epinephrine 1 MG/ML Auto-Injector,143.83,0.00,30,4314.90,,
2025-04-19T02:39:53Z,2025-05-03T02:39:53Z,c053e996-a4c4-6c02-e2b6-284227156c67,734afbd6-4794-363b-9bc0-6a3981533ed5,c053e996-a4c4-6c02-21b5-a4c83d3610ab,308192,Amoxicillin 500 MG Oral Tablet,58.77,0.00,1,58.77,,
2025-04-19T02:39:53Z,2025-05-03T02:39:53Z,c053e996-a4c4-6c02-e2b6-284227156c67,734afbd6-4794-363b-9bc0-6a3981533ed5,c053e996-a4c4-6c02-21b5-a4c83d3610ab,313820,Acetaminophen 160 MG Chewable Tablet,69.54,0.00,1,69.54,,
2011-05-30T02:28:54Z,,80fcbdbc-e907-9bd5-2644-ad9ef5d6545b,26aab0cd-6aba-3e1b-ac5b-05c8867e762c,80fcbdbc-e907-9bd5-bc57-880002ffbcfa,309362,Clopidogrel 75 MG Oral Tablet,45.86,0.00,186,8529.96,,
2011-05-30T02:28:54Z,,80fcbdbc-e907-9bd5-2644-ad9ef5d6545b,26aab0cd-6aba-3e1b-ac5b-05c8867e762c,80fcbdbc-e907-9bd5-bc57-880002ffbcfa,312961,Simvastatin 20 MG Oral Tablet,138.15,0.00,1,138.15,,
2011-05-30T02:28:54Z,,80fcbdbc-e907-9bd5-2644-ad9ef5d6545b,26aab0cd-6aba-3e1b-ac5b-05c8867e762c,80fcbdbc-e907-9bd5-bc57-880002ffbcfa,866412,24 HR metoprolol succinate 100 MG Extended Release Oral Tablet,129.94,0.00,186,24168.84,,
2011-05-30T02:28:54Z,,80fcbdbc-e907-9bd5-2644-ad9ef5d6545b,26aab0cd-6aba-3e1b-ac5b-05c8867e762c,80fcbdbc-e907-9bd5-bc57-880002ffbcfa,705129,Nitroglycerin 0.4 MG/ACTUAT Mucosal Spray,29.11,0.00,186,5414.46,,
2016-06-20T02:28:54Z,2017-06-26T02:28:54Z,80fcbdbc-e907-9bd5-2644-ad9ef5d6545b,a735bf55-83e9-331a-899d-a82a60b9f60c,80fcbdbc-e907-9bd5-f921-0039fd47ec69,310798,Hydrochlorothiazide 25 MG Oral Tablet,0.45,0.36,4,1.80,59621000,Essential hypertension (disorder)
2016-06-20T02:28:54Z,2017-06-26T02:28:54Z,80fcbdbc-e907-9bd5-2644-ad9ef5d6545b,a735bf55-83e9-331a-899d-a82a60b9f60c,80fcbdbc-e907-9bd5-f921-0039fd47ec69,314076,lisinopril 10 MG Oral Tablet,0.91,0.73,4,3.64,59621000,Essential hypertension (disorder)
2016-06-20T02:28:54Z,2017-06-26T02:28:54Z,80fcbdbc-e907-9bd5-2644-ad9ef5d6545b,a735bf55-83e9-331a-899d-a82a60b9f60c,80fcbdbc-e907-9bd5-f921-0039fd47ec69,308136,amLODIPine 2.5 MG Oral Tablet,0.91,0.73,4,3.64,59621000,Essential hypertension (disorder)
2017-06-26T02:28:54Z,2018-07-02T02:28:54Z,80fcbdbc-e907-9bd5-2644-ad9ef5d6545b,a735bf55-83e9-331a-899d-a82a60b9f60c,80fcbdbc-e907-9bd5-5fa0-da41bea0f148,310798,Hydrochlorothiazide 25 MG Oral Tablet,0.45,0.00,4,1.80,59621000,Essential hypertension (disorder)
2017-06-26T02:28:54Z,2018-07-02T02:28:54Z,80fcbdbc-e907-9bd5-2644-ad9ef5d6545b,a735bf55-83e9-331a-899d-a82a60b9f60c,80fcbdbc-e907-9bd5-5fa0-da41bea0f148,314076,lisinopril 10 MG Oral Tablet,0.91,0.00,4,3.64,59621000,Essential hypertension (disorder)
2017-06-26T02:28:54Z,2018-07-02T02:28:54Z,80fcbdbc-e907-9bd5-2644-ad9ef5d6545b,a735bf55-83e9-331a-899d-a82a60b9f60c,80fcbdbc-e907-9bd5-5fa0-da41bea0f148,308136,amLODIPine 2.5 MG Oral Tablet,1.37,0.00,4,5.48,59621000,Essential hypertension (disorder)
2017-07-10T05:17:04Z,2017-07-10T05:17:04Z,80fcbdbc-e907-9bd5-2644-ad9ef5d6545b,a735bf55-83e9-331a-899d-a82a60b9f60c,80fcbdbc-e907-9bd5-694d-fd9dee2b3ac8,1535362,sodium fluoride 0.0272 MG/MG Oral Gel,129.94,103.95,1,129.94,66383009,Gingivitis (disorder)
1987-10-10T16:47:43Z,,35b353dd-402b-571a-d67a-af0a104d0854,b046940f-1664-3047-bca7-dfa76be352a4,35b353dd-402b-571a-3105-2598735757a0,866412,24 HR metoprolol succinate 100 MG Extended Release Oral Tablet,129.94,0.00,474,61591.56,,
1987-10-10T16:47:43Z,,35b353dd-402b-571a-d67a-af0a104d0854,b046940f-1664-3047-bca7-dfa76be352a4,35b353dd-402b-571a-3105-2598735757a0,705129,Nitroglycerin 0.4 MG/ACTUAT Mucosal Spray,139.08,0.00,474,65923.92,,
2016-01-30T16:47:43Z,2017-02-04T16:47:43Z,35b353dd-402b-571a-d67a-af0a104d0854,a735bf55-83e9-331a-899d-a82a60b9f60c,35b353dd-402b-571a-a5e6-3699802ec07e,310798,Hydrochlorothiazide 25 MG Oral Tablet,0.45,0.36,4,1.80,59621000,Essential hypertension (disorder)
2018-07-02T02:28:54Z,2019-03-22T11:40:43Z,80fcbdbc-e907-9bd5-2644-ad9ef5d6545b,a735bf55-83e9-331a-899d-a82a60b9f60c,80fcbdbc-e907-9bd5-5527-ddd72c1050ae,310798,Hydrochlorothiazide 25 MG Oral Tablet,0.45,0.00,2,0.90,59621000,Essential hypertension (disorder)
2018-07-02T02:28:54Z,2019-03-22T11:40:43Z,80fcbdbc-e907-9bd5-2644-ad9ef5d6545b,a735bf55-83e9-331a-899d-a82a60b9f60c,80fcbdbc-e907-9bd5-5527-ddd72c1050ae,314076,lisinopril 10 MG Oral Tablet,0.91,0.00,2,1.82,59621000,Essential hypertension (disorder)
2018-07-02T02:28:54Z,2019-03-22T11:40:43Z,80fcbdbc-e907-9bd5-2644-ad9ef5d6545b,a735bf55-83e9-331a-899d-a82a60b9f60c,80fcbdbc-e907-9bd5-5527-ddd72c1050ae,308136,amLODIPine 2.5 MG Oral Tablet,0.91,0.00,2,1.82,59621000,Essential hypertension (disorder)
2018-08-21T03:12:53Z,2018-10-21T03:12:53Z,80fcbdbc-e907-9bd5-2644-ad9ef5d6545b,a735bf55-83e9-331a-899d-a82a60b9f60c,80fcbdbc-e907-9bd5-1986-d261d296416b,310965,Ibuprofen 200 MG Oral Tablet,84.55,67.64,2,169.10,,
2017-02-04T16:47:43Z,2018-02-10T16:47:43Z,35b353dd-402b-571a-d67a-af0a104d0854,a735bf55-83e9-331a-899d-a82a60b9f60c,35b353dd-402b-571a-2bd7-97e26d8874a7,310798,Hydrochlorothiazide 25 MG Oral Tablet,0.69,0.00,4,2.76,59621000,Essential hypertension (disorder)
2018-02-10T16:47:43Z,2018-05-12T16:47:43Z,35b353dd-402b-571a-d67a-af0a104d0854,a735bf55-83e9-331a-899d-a82a60b9f60c,35b353dd-402b-571a-8e83-9996ecf9ae79,310798,Hydrochlorothiazide 25 MG Oral Tablet,0.87,0.00,1,0.87,59621000,Essential hypertension (disorder)
2019-03-13T11:40:43Z,2019-03-22T11:40:43Z,80fcbdbc-e907-9bd5-2644-ad9ef5d6545b,a735bf55-83e9-331a-899d-a82a60b9f60c,80fcbdbc-e907-9bd5-fa92-06a4c3b27ce5,1043400,Acetaminophen 21.7 MG/ML / Dextromethorphan Hydrobromide 1 MG/ML / doxylamine succinate 0.417 MG/ML Oral Solution,183.45,0.00,1,183.45,10509002,Acute bronchitis (disorder)
2018-02-24T19:38:01Z,2018-02-24T19:38:01Z,35b353dd-402b-571a-d67a-af0a104d0854,a735bf55-83e9-331a-899d-a82a60b9f60c,35b353dd-402b-571a-b64e-c83574111f4c,1535362,sodium fluoride 0.0272 MG/MG Oral Gel,129.94,103.95,1,129.94,66383009,Gingivitis (disorder)
2019-03-22T11:40:43Z,2019-03-25T02:28:54Z,80fcbdbc-e907-9bd5-2644-ad9ef5d6545b,a735bf55-83e9-331a-899d-a82a60b9f60c,80fcbdbc-e907-9bd5-fa92-06a4c3b27ce5,310798,Hydrochlorothiazide 25 MG Oral Tablet,0.45,0.36,1,0.45,59621000,Essential hypertension (disorder)
2019-03-22T11:40:43Z,2019-03-25T02:28:54Z,80fcbdbc-e907-9bd5-2644-ad9ef5d6545b,a735bf55-83e9-331a-899d-a82a60b9f60c,80fcbdbc-e907-9bd5-fa92-06a4c3b27ce5,314076,lisinopril 10 MG Oral Tablet,0.91,0.73,1,0.91,59621000,Essential hypertension (disorder)
2019-03-22T11:40:43Z,2019-03-25T02:28:54Z,80fcbdbc-e907-9bd5-2644-ad9ef5d6545b,a735bf55-83e9-331a-899d-a82a60b9f60c,80fcbdbc-e907-9bd5-fa92-06a4c3b27ce5,308136,amLODIPine 2.5 MG Oral Tablet,0.91,0.73,1,0.91,59621000,Essential hypertension (disorder)
2018-05-12T16:47:43Z,2018-05-19T16:47:43Z,35b353dd-402b-571a-d67a-af0a104d0854,a735bf55-83e9-331a-899d-a82a60b9f60c,35b353dd-402b-571a-3ca5-5d1134014fc4,310798,Hydrochlorothiazide 25 MG Oral Tablet,0.91,0.73,1,0.91,59621000,Essential hypertension (disorder)
2019-03-25T02:28:54Z,2019-07-08T02:28:54Z,80fcbdbc-e907-9bd5-2644-ad9ef5d6545b,a735bf55-83e9-331a-899d-a82a60b9f60c,80fcbdbc-e907-9bd5-b879-e415f5713fb0,310798,Hydrochlorothiazide 25 MG Oral Tablet,0.45,0.36,1,0.45,59621000,Essential hypertension (disorder)
2019-03-25T02:28:54Z,2019-07-08T02:28:54Z,80fcbdbc-e907-9bd5-2644-ad9ef5d6545b,a735bf55-83e9-331a-899d-a82a60b9f60c,80fcbdbc-e907-9bd5-b879-e415f5713fb0,314076,lisinopril 10 MG Oral Tablet,0.91,0.73,1,0.91,59621000,Essential hypertension (disorder)
2019-03-25T02:28:54Z,2019-07-08T02:28:54Z,80fcbdbc-e907-9bd5-2644-ad9ef5d6545b,a735bf55-83e9-331a-899d-a82a60b9f60c,80fcbdbc-e907-9bd5-b879-e415f5713fb0,308136,amLODIPine 2.5 MG Oral Tablet,1.37,1.10,1,1.37,59621000,Essential hypertension (disorder)
2018-05-19T16:47:43Z,2018-05-26T16:47:43Z,35b353dd-402b-571a-d67a-af0a104d0854,a735bf55-83e9-331a-899d-a82a60b9f60c,35b353dd-402b-571a-c331-e47d27d6e154,310798,Hydrochlorothiazide 25 MG Oral Tablet,0.45,0.36,1,0.45,59621000,Essential hypertension (disorder)
2019-07-08T02:28:54Z,2020-07-13T02:28:54Z,80fcbdbc-e907-9bd5-2644-ad9ef5d6545b,a735bf55-83e9-331a-899d-a82a60b9f60c,80fcbdbc-e907-9bd5-6b0f-381536eaeb73,310798,Hydrochlorothiazide 25 MG Oral Tablet,0.45,0.36,4,1.80,59621000,Essential hypertension (disorder)
2019-07-08T02:28:54Z,2020-07-13T02:28:54Z,80fcbdbc-e907-9bd5-2644-ad9ef5d6545b,a735bf55-83e9-331a-899d-a82a60b9f60c,80fcbdbc-e907-9bd5-6b0f-381536eaeb73,314076,lisinopril 10 MG Oral Tablet,0.91,0.73,4,3.64,59621000,Essential hypertension (disorder)
2018-05-26T16:47:43Z,2018-06-09T16:47:43Z,35b353dd-402b-571a-d67a-af0a104d0854,a735bf55-83e9-331a-899d-a82a60b9f60c,35b353dd-402b-571a-393b-e3377632d933,310798,Hydrochlorothiazide 25 MG Oral Tablet,0.45,0.36,1,0.45,59621000,Essential hypertension (disorder)
2019-07-08T02:28:54Z,2020-07-13T02:28:54Z,80fcbdbc-e907-9bd5-2644-ad9ef5d6545b,a735bf55-83e9-331a-899d-a82a60b9f60c,80fcbdbc-e907-9bd5-6b0f-381536eaeb73,308136,amLODIPine 2.5 MG Oral Tablet,1.37,1.10,4,5.48,59621000,Essential hypertension (disorder)
2018-06-09T16:47:43Z,2019-02-16T16:47:43Z,35b353dd-402b-571a-d67a-af0a104d0854,a735bf55-83e9-331a-899d-a82a60b9f60c,35b353dd-402b-571a-10a5-311a7a625dd0,310798,Hydrochlorothiazide 25 MG Oral Tablet,0.91,0.73,2,1.82,59621000,Essential hypertension (disorder)
2020-07-13T02:28:54Z,2021-07-19T02:28:54Z,80fcbdbc-e907-9bd5-2644-ad9ef5d6545b,a735bf55-83e9-331a-899d-a82a60b9f60c,80fcbdbc-e907-9bd5-297e-c939bd3e4710,310798,Hydrochlorothiazide 25 MG Oral Tablet,0.45,0.00,4,1.80,59621000,Essential hypertension (disorder)
2020-07-13T02:28:54Z,2021-07-19T02:28:54Z,80fcbdbc-e907-9bd5-2644-ad9ef5d6545b,a735bf55-83e9-331a-899d-a82a60b9f60c,80fcbdbc-e907-9bd5-297e-c939bd3e4710,314076,lisinopril 10 MG Oral Tablet,0.91,0.00,4,3.64,59621000,Essential hypertension (disorder)
2020-07-13T02:28:54Z,2021-07-19T02:28:54Z,80fcbdbc-e907-9bd5-2644-ad9ef5d6545b,a735bf55-83e9-331a-899d-a82a60b9f60c,80fcbdbc-e907-9bd5-297e-c939bd3e4710,308136,amLODIPine 2.5 MG Oral Tablet,0.91,0.00,4,3.64,59621000,Essential hypertension (disorder)
2018-06-23T18:48:06Z,2018-06-23T18:48:06Z,35b353dd-402b-571a-d67a-af0a104d0854,a735bf55-83e9-331a-899d-a82a60b9f60c,35b353dd-402b-571a-977a-99410adeaf62,1535362,sodium fluoride 0.0272 MG/MG Oral Gel,129.94,103.95,1,129.94,66383009,Gingivitis (disorder)
2021-07-19T02:28:54Z,2022-07-25T02:28:54Z,80fcbdbc-e907-9bd5-2644-ad9ef5d6545b,a735bf55-83e9-331a-899d-a82a60b9f60c,80fcbdbc-e907-9bd5-716d-8efbb4649808,310798,Hydrochlorothiazide 25 MG Oral Tablet,0.54,0.43,4,2.16,59621000,Essential hypertension (disorder)
2021-07-19T02:28:54Z,2022-07-25T02:28:54Z,80fcbdbc-e907-9bd5-2644-ad9ef5d6545b,a735bf55-83e9-331a-899d-a82a60b9f60c,80fcbdbc-e907-9bd5-716d-8efbb4649808,314076,lisinopril 10 MG Oral Tablet,0.91,0.73,4,3.64,59621000,Essential hypertension (disorder)
2021-07-19T02:28:54Z,2022-07-25T02:28:54Z,80fcbdbc-e907-9bd5-2644-ad9ef5d6545b,a735bf55-83e9-331a-899d-a82a60b9f60c,80fcbdbc-e907-9bd5-716d-8efbb4649808,308136,amLODIPine 2.5 MG Oral Tablet,0.91,0.73,4,3.64,59621000,Essential hypertension (disorder)
2021-08-22T18:03:48Z,2021-08-23T04:03:48Z,80fcbdbc-e907-9bd5-2644-ad9ef5d6545b,a735bf55-83e9-331a-899d-a82a60b9f60c,80fcbdbc-e907-9bd5-26e0-2c4926a6ae31,309309,ciprofloxacin 500 MG Oral Tablet,129.94,103.95,1,129.94,307426000,Acute infective cystitis (disorder)
2019-02-16T16:47:43Z,2020-02-22T16:47:43Z,35b353dd-402b-571a-d67a-af0a104d0854,a735bf55-83e9-331a-899d-a82a60b9f60c,35b353dd-402b-571a-81ce-70d836dd2464,310798,Hydrochlorothiazide 25 MG Oral Tablet,0.45,0.00,4,1.80,59621000,Essential hypertension (disorder)
2019-08-31T18:07:35Z,2019-09-02T12:07:35Z,35b353dd-402b-571a-d67a-af0a104d0854,a735bf55-83e9-331a-899d-a82a60b9f60c,35b353dd-402b-571a-5e20-0f9c1f62610a,1648756,nitrofurantoin  macrocrystals 25 MG / nitrofurantoin  monohydrate 75 MG [Macrobid],129.94,103.95,1,129.94,307426000,Acute infective cystitis (disorder)
2022-07-25T02:28:54Z,2023-07-31T02:28:54Z,80fcbdbc-e907-9bd5-2644-ad9ef5d6545b,a735bf55-83e9-331a-899d-a82a60b9f60c,80fcbdbc-e907-9bd5-d7bc-e005a0237d6e,310798,Hydrochlorothiazide 25 MG Oral Tablet,0.65,0.52,4,2.60,59621000,Essential hypertension (disorder)
2020-02-22T16:47:43Z,2020-12-26T16:47:43Z,35b353dd-402b-571a-d67a-af0a104d0854,a735bf55-83e9-331a-899d-a82a60b9f60c,35b353dd-402b-571a-2d67-bec407187c87,310798,Hydrochlorothiazide 25 MG Oral Tablet,0.45,0.00,3,1.35,59621000,Essential hypertension (disorder)
2022-07-25T02:28:54Z,2023-07-31T02:28:54Z,80fcbdbc-e907-9bd5-2644-ad9ef5d6545b,a735bf55-83e9-331a-899d-a82a60b9f60c,80fcbdbc-e907-9bd5-d7bc-e005a0237d6e,314076,lisinopril 10 MG Oral Tablet,0.91,0.73,4,3.64,59621000,Essential hypertension (disorder)
2022-07-25T02:28:54Z,2023-07-31T02:28:54Z,80fcbdbc-e907-9bd5-2644-ad9ef5d6545b,a735bf55-83e9-331a-899d-a82a60b9f60c,80fcbdbc-e907-9bd5-d7bc-e005a0237d6e,308136,amLODIPine 2.5 MG Oral Tablet,0.91,0.73,4,3.64,59621000,Essential hypertension (disorder)
2022-08-08T04:36:04Z,2022-08-08T04:36:04Z,80fcbdbc-e907-9bd5-2644-ad9ef5d6545b,a735bf55-83e9-331a-899d-a82a60b9f60c,80fcbdbc-e907-9bd5-f53e-bd2ab96cb335,1535362,sodium fluoride 0.0272 MG/MG Oral Gel,129.94,103.95,1,129.94,66383009,Gingivitis (disorder)
2020-12-26T16:47:43Z,2021-02-20T16:47:43Z,35b353dd-402b-571a-d67a-af0a104d0854,a735bf55-83e9-331a-899d-a82a60b9f60c,35b353dd-402b-571a-2312-ebd3a961dd10,310798,Hydrochlorothiazide 25 MG Oral Tablet,0.78,0.00,1,0.78,59621000,Essential hypertension (disorder)
2021-01-09T19:53:57Z,2021-01-09T19:53:57Z,35b353dd-402b-571a-d67a-af0a104d0854,a735bf55-83e9-331a-899d-a82a60b9f60c,35b353dd-402b-571a-1778-cc886eef3349,1535362,sodium fluoride 0.0272 MG/MG Oral Gel,129.94,103.95,1,129.94,66383009,Gingivitis (disorder)
2023-07-31T02:28:54Z,2024-08-05T02:28:54Z,80fcbdbc-e907-9bd5-2644-ad9ef5d6545b,a735bf55-83e9-331a-899d-a82a60b9f60c,80fcbdbc-e907-9bd5-b68f-7ffe79d48f29,310798,Hydrochlorothiazide 25 MG Oral Tablet,0.45,0.00,4,1.80,59621000,Essential hypertension (disorder)
2023-07-31T02:28:54Z,2024-08-05T02:28:54Z,80fcbdbc-e907-9bd5-2644-ad9ef5d6545b,a735bf55-83e9-331a-899d-a82a60b9f60c,80fcbdbc-e907-9bd5-b68f-7ffe79d48f29,314076,lisinopril 10 MG Oral Tablet,0.91,0.00,4,3.64,59621000,Essential hypertension (disorder)
2023-07-31T02:28:54Z,2024-08-05T02:28:54Z,80fcbdbc-e907-9bd5-2644-ad9ef5d6545b,a735bf55-83e9-331a-899d-a82a60b9f60c,80fcbdbc-e907-9bd5-b68f-7ffe79d48f29,308136,amLODIPine 2.5 MG Oral Tablet,1.37,0.00,4,5.48,59621000,Essential hypertension (disorder)
2023-08-21T02:28:54Z,2026-08-20T02:28:54Z,80fcbdbc-e907-9bd5-2644-ad9ef5d6545b,a735bf55-83e9-331a-899d-a82a60b9f60c,80fcbdbc-e907-9bd5-4e8b-4ea931455537,314231,Simvastatin 10 MG Oral Tablet,0.45,0.36,10,4.50,55822004,Hyperlipidemia (disorder)
2021-02-20T16:47:43Z,2021-02-27T16:47:43Z,35b353dd-402b-571a-d67a-af0a104d0854,a735bf55-83e9-331a-899d-a82a60b9f60c,35b353dd-402b-571a-d49d-fc52f5c6fb64,310798,Hydrochlorothiazide 25 MG Oral Tablet,0.45,0.36,1,0.45,59621000,Essential hypertension (disorder)
2024-01-18T02:39:44Z,2024-01-18T02:39:44Z,80fcbdbc-e907-9bd5-2644-ad9ef5d6545b,a735bf55-83e9-331a-899d-a82a60b9f60c,80fcbdbc-e907-9bd5-6e23-f4b80a6ba6e6,212033,aspirin 325 MG Oral Tablet,129.94,103.95,1,129.94,,
2024-01-18T02:39:44Z,2024-01-18T02:39:44Z,80fcbdbc-e907-9bd5-2644-ad9ef5d6545b,a735bf55-83e9-331a-899d-a82a60b9f60c,80fcbdbc-e907-9bd5-6e23-f4b80a6ba6e6,198039,nitroglycerin 0.4 MG Sublingual Tablet,129.94,103.95,1,129.94,,
2021-02-27T16:47:43Z,2022-03-05T16:47:43Z,35b353dd-402b-571a-d67a-af0a104d0854,a735bf55-83e9-331a-899d-a82a60b9f60c,35b353dd-402b-571a-68fe-db0671b9a4f8,310798,Hydrochlorothiazide 25 MG Oral Tablet,0.65,0.52,4,2.60,59621000,Essential hypertension (disorder)
2021-03-13T19:31:55Z,2021-03-13T19:31:55Z,35b353dd-402b-571a-d67a-af0a104d0854,a735bf55-83e9-331a-899d-a82a60b9f60c,35b353dd-402b-571a-3cf4-e8b6183b0f55,1535362,sodium fluoride 0.0272 MG/MG Oral Gel,129.94,103.95,1,129.94,66383009,Gingivitis (disorder)
2021-08-15T19:06:35Z,2021-09-01T19:06:35Z,35b353dd-402b-571a-d67a-af0a104d0854,a735bf55-83e9-331a-899d-a82a60b9f60c,35b353dd-402b-571a-09c3-0aa2fca0b58c,313782,Acetaminophen 325 MG Oral Tablet,183.45,146.76,1,183.45,,
2018-05-29T04:40:41Z,2018-06-22T04:40:41Z,bff9d9d5-ee3d-d852-9c67-36d8361a4a4a,a735bf55-83e9-331a-899d-a82a60b9f60c,bff9d9d5-ee3d-d852-ded9-76fb2f183bdd,310965,Ibuprofen 200 MG Oral Tablet,99.65,0.00,1,99.65,,
2024-01-18T02:39:44Z,2024-01-18T02:39:44Z,80fcbdbc-e907-9bd5-2644-ad9ef5d6545b,a735bf55-83e9-331a-899d-a82a60b9f60c,80fcbdbc-e907-9bd5-6e23-f4b80a6ba6e6,1728805,2 ML morphine sulfate 1 MG/ML Injection,129.94,103.95,1,129.94,,
2024-01-18T02:57:03Z,2024-01-18T02:57:03Z,80fcbdbc-e907-9bd5-2644-ad9ef5d6545b,a735bf55-83e9-331a-899d-a82a60b9f60c,80fcbdbc-e907-9bd5-5d26-d887291beb4e,763138,reteplase 10 UNT Injection,129.94,103.95,1,129.94,,
2022-03-05T16:47:43Z,2023-03-11T16:47:43Z,35b353dd-402b-571a-d67a-af0a104d0854,a735bf55-83e9-331a-899d-a82a60b9f60c,35b353dd-402b-571a-af1d-62772eb19026,310798,Hydrochlorothiazide 25 MG Oral Tablet,0.45,0.00,4,1.80,59621000,Essential hypertension (disorder)
2024-01-18T02:57:03Z,2024-01-18T02:57:03Z,80fcbdbc-e907-9bd5-2644-ad9ef5d6545b,a735bf55-83e9-331a-899d-a82a60b9f60c,80fcbdbc-e907-9bd5-5d26-d887291beb4e,1361048,heparin sodium  porcine 100 UNT/ML Injectable Solution,129.94,103.95,1,129.94,,
2024-01-18T02:57:03Z,2024-01-18T03:27:03Z,80fcbdbc-e907-9bd5-2644-ad9ef5d6545b,a735bf55-83e9-331a-899d-a82a60b9f60c,80fcbdbc-e907-9bd5-5d26-d887291beb4e,1116635,ticagrelor 90 MG Oral Tablet,129.94,103.95,1,129.94,,
2018-07-01T02:07:40Z,2026-08-02T02:07:40Z,bff9d9d5-ee3d-d852-9c67-36d8361a4a4a,a735bf55-83e9-331a-899d-a82a60b9f60c,bff9d9d5-ee3d-d852-3ecb-c4286ccc04ee,314231,Simvastatin 10 MG Oral Tablet,0.30,0.24,10,3.00,55822004,Hyperlipidemia (disorder)
2024-01-18T03:27:03Z,,80fcbdbc-e907-9bd5-2644-ad9ef5d6545b,a735bf55-83e9-331a-899d-a82a60b9f60c,80fcbdbc-e907-9bd5-5d26-d887291beb4e,243670,aspirin 81 MG Oral Tablet,61.15,48.92,33,2017.95,,
2024-01-18T03:27:03Z,,80fcbdbc-e907-9bd5-2644-ad9ef5d6545b,a735bf55-83e9-331a-899d-a82a60b9f60c,80fcbdbc-e907-9bd5-5d26-d887291beb4e,866924,metoprolol tartrate 25 MG Oral Tablet,129.94,103.95,1,129.94,,
2024-01-18T03:27:03Z,,80fcbdbc-e907-9bd5-2644-ad9ef5d6545b,a735bf55-83e9-331a-899d-a82a60b9f60c,80fcbdbc-e907-9bd5-5d26-d887291beb4e,197884,lisinopril 40 MG Oral Tablet,129.94,103.95,1,129.94,,
2024-01-18T03:27:03Z,,80fcbdbc-e907-9bd5-2644-ad9ef5d6545b,a735bf55-83e9-331a-899d-a82a60b9f60c,80fcbdbc-e907-9bd5-5d26-d887291beb4e,855812,prasugrel 10 MG Oral Tablet,129.94,103.95,33,4288.02,,
2023-03-11T16:47:43Z,2023-05-13T16:47:43Z,35b353dd-402b-571a-d67a-af0a104d0854,a735bf55-83e9-331a-899d-a82a60b9f60c,35b353dd-402b-571a-fd15-f312fd619439,310798,Hydrochlorothiazide 25 MG Oral Tablet,0.45,0.00,1,0.45,59621000,Essential hypertension (disorder)
2019-07-01T02:07:40Z,2020-06-30T02:07:40Z,bff9d9d5-ee3d-d852-9c67-36d8361a4a4a,a735bf55-83e9-331a-899d-a82a60b9f60c,bff9d9d5-ee3d-d852-c524-518f8154b056,314231,Simvastatin 10 MG Oral Tablet,0.45,0.36,12,5.40,55822004,Hyperlipidemia (disorder)
2024-08-05T02:28:54Z,2025-08-11T02:28:54Z,80fcbdbc-e907-9bd5-2644-ad9ef5d6545b,a735bf55-83e9-331a-899d-a82a60b9f60c,80fcbdbc-e907-9bd5-9cc0-e0feadc4d665,310798,Hydrochlorothiazide 25 MG Oral Tablet,0.91,0.00,4,3.64,59621000,Essential hypertension (disorder)
2024-08-05T02:28:54Z,2025-08-11T02:28:54Z,80fcbdbc-e907-9bd5-2644-ad9ef5d6545b,a735bf55-83e9-331a-899d-a82a60b9f60c,80fcbdbc-e907-9bd5-9cc0-e0feadc4d665,314076,lisinopril 10 MG Oral Tablet,0.91,0.00,4,3.64,59621000,Essential hypertension (disorder)
2024-08-05T02:28:54Z,2025-08-11T02:28:54Z,80fcbdbc-e907-9bd5-2644-ad9ef5d6545b,a735bf55-83e9-331a-899d-a82a60b9f60c,80fcbdbc-e907-9bd5-9cc0-e0feadc4d665,308136,amLODIPine 2.5 MG Oral Tablet,0.91,0.00,4,3.64,59621000,Essential hypertension (disorder)
2024-08-20T02:28:54Z,2025-08-20T02:28:54Z,80fcbdbc-e907-9bd5-2644-ad9ef5d6545b,a735bf55-83e9-331a-899d-a82a60b9f60c,80fcbdbc-e907-9bd5-4790-4b60a7d967c3,314231,Simvastatin 10 MG Oral Tablet,0.45,0.36,12,5.40,55822004,Hyperlipidemia (disorder)
2020-06-30T02:07:40Z,2021-06-30T02:07:40Z,bff9d9d5-ee3d-d852-9c67-36d8361a4a4a,a735bf55-83e9-331a-899d-a82a60b9f60c,bff9d9d5-ee3d-d852-d2ff-9fda7c66a8ca,314231,Simvastatin 10 MG Oral Tablet,0.45,0.36,12,5.40,55822004,Hyperlipidemia (disorder)
2025-08-11T02:28:54Z,2026-08-17T02:28:54Z,80fcbdbc-e907-9bd5-2644-ad9ef5d6545b,a735bf55-83e9-331a-899d-a82a60b9f60c,80fcbdbc-e907-9bd5-79d9-c8af2f0a8b55,310798,Hydrochlorothiazide 25 MG Oral Tablet,0.45,0.00,4,1.80,59621000,Essential hypertension (disorder)
2025-08-11T02:28:54Z,2026-08-17T02:28:54Z,80fcbdbc-e907-9bd5-2644-ad9ef5d6545b,a735bf55-83e9-331a-899d-a82a60b9f60c,80fcbdbc-e907-9bd5-79d9-c8af2f0a8b55,314076,lisinopril 10 MG Oral Tablet,0.91,0.00,4,3.64,59621000,Essential hypertension (disorder)
2023-05-13T16:47:43Z,2024-03-16T16:47:43Z,35b353dd-402b-571a-d67a-af0a104d0854,a735bf55-83e9-331a-899d-a82a60b9f60c,35b353dd-402b-571a-8e8d-7008b7ce9bb7,310798,Hydrochlorothiazide 25 MG Oral Tablet,0.45,0.36,3,1.35,59621000,Essential hypertension (disorder)
2025-08-11T02:28:54Z,2026-08-17T02:28:54Z,80fcbdbc-e907-9bd5-2644-ad9ef5d6545b,a735bf55-83e9-331a-899d-a82a60b9f60c,80fcbdbc-e907-9bd5-79d9-c8af2f0a8b55,308136,amLODIPine 2.5 MG Oral Tablet,0.91,0.00,4,3.64,59621000,Essential hypertension (disorder)
2025-08-20T02:28:54Z,2026-08-20T02:28:54Z,80fcbdbc-e907-9bd5-2644-ad9ef5d6545b,a735bf55-83e9-331a-899d-a82a60b9f60c,80fcbdbc-e907-9bd5-af77-1a56598134ae,314231,Simvastatin 10 MG Oral Tablet,0.30,0.24,12,3.60,55822004,Hyperlipidemia (disorder)
2021-06-30T02:07:40Z,2022-07-10T02:07:40Z,bff9d9d5-ee3d-d852-9c67-36d8361a4a4a,a735bf55-83e9-331a-899d-a82a60b9f60c,bff9d9d5-ee3d-d852-582f-4d408d48d108,314231,Simvastatin 10 MG Oral Tablet,0.45,0.36,12,5.40,55822004,Hyperlipidemia (disorder)
2024-03-16T16:47:43Z,2024-04-06T16:47:43Z,35b353dd-402b-571a-d67a-af0a104d0854,a735bf55-83e9-331a-899d-a82a60b9f60c,35b353dd-402b-571a-ee7e-8105356795d5,310798,Hydrochlorothiazide 25 MG Oral Tablet,0.45,0.00,1,0.45,59621000,Essential hypertension (disorder)
2026-08-17T02:28:54Z,,80fcbdbc-e907-9bd5-2644-ad9ef5d6545b,a735bf55-83e9-331a-899d-a82a60b9f60c,80fcbdbc-e907-9bd5-18a8-03bb3c1b12b0,310798,Hydrochlorothiazide 25 MG Oral Tablet,0.47,0.00,1,0.47,59621000,Essential hypertension (disorder)
2026-08-17T02:28:54Z,,80fcbdbc-e907-9bd5-2644-ad9ef5d6545b,a735bf55-83e9-331a-899d-a82a60b9f60c,80fcbdbc-e907-9bd5-18a8-03bb3c1b12b0,314076,lisinopril 10 MG Oral Tablet,0.91,0.00,1,0.91,59621000,Essential hypertension (disorder)
2026-08-17T02:28:54Z,,80fcbdbc-e907-9bd5-2644-ad9ef5d6545b,a735bf55-83e9-331a-899d-a82a60b9f60c,80fcbdbc-e907-9bd5-18a8-03bb3c1b12b0,308136,amLODIPine 2.5 MG Oral Tablet,0.91,0.00,1,0.91,59621000,Essential hypertension (disorder)
2021-07-11T05:03:56Z,2021-07-11T05:03:56Z,bff9d9d5-ee3d-d852-9c67-36d8361a4a4a,a735bf55-83e9-331a-899d-a82a60b9f60c,bff9d9d5-ee3d-d852-a961-f30c8c6bcfed,1535362,sodium fluoride 0.0272 MG/MG Oral Gel,129.94,103.95,1,129.94,103697008,Patient referral for dental care (procedure)
2026-08-20T02:28:54Z,,80fcbdbc-e907-9bd5-2644-ad9ef5d6545b,a735bf55-83e9-331a-899d-a82a60b9f60c,80fcbdbc-e907-9bd5-48ff-a8ee1279e706,314231,Simvastatin 10 MG Oral Tablet,0.30,0.24,12,3.60,55822004,Hyperlipidemia (disorder)
2024-04-06T16:47:43Z,2024-07-06T16:47:43Z,35b353dd-402b-571a-d67a-af0a104d0854,a735bf55-83e9-331a-899d-a82a60b9f60c,35b353dd-402b-571a-5022-380de270e581,310798,Hydrochlorothiazide 25 MG Oral Tablet,0.91,0.73,1,0.91,59621000,Essential hypertension (disorder)
2022-07-10T02:07:40Z,2023-07-10T02:07:40Z,bff9d9d5-ee3d-d852-9c67-36d8361a4a4a,a735bf55-83e9-331a-899d-a82a60b9f60c,bff9d9d5-ee3d-d852-21ed-7ecc592f929e,314231,Simvastatin 10 MG Oral Tablet,0.45,0.36,12,5.40,55822004,Hyperlipidemia (disorder)
2024-07-06T16:47:43Z,2024-08-03T16:47:43Z,35b353dd-402b-571a-d67a-af0a104d0854,a735bf55-83e9-331a-899d-a82a60b9f60c,35b353dd-402b-571a-8488-e8bb04157d0f,310798,Hydrochlorothiazide 25 MG Oral Tablet,0.45,0.36,1,0.45,59621000,Essential hypertension (disorder)
2022-07-17T08:22:53Z,2022-07-17T08:22:53Z,bff9d9d5-ee3d-d852-9c67-36d8361a4a4a,a735bf55-83e9-331a-899d-a82a60b9f60c,bff9d9d5-ee3d-d852-491b-b5e4864426c2,1535362,sodium fluoride 0.0272 MG/MG Oral Gel,129.94,103.95,1,129.94,66383009,Gingivitis (disorder)
2024-08-03T16:47:43Z,2024-09-07T16:47:43Z,35b353dd-402b-571a-d67a-af0a104d0854,a735bf55-83e9-331a-899d-a82a60b9f60c,35b353dd-402b-571a-cb6f-7ba98616d6ac,310798,Hydrochlorothiazide 25 MG Oral Tablet,0.47,0.38,1,0.47,59621000,Essential hypertension (disorder)
2024-09-07T16:47:43Z,2024-11-02T16:47:43Z,35b353dd-402b-571a-d67a-af0a104d0854,a735bf55-83e9-331a-899d-a82a60b9f60c,35b353dd-402b-571a-5b22-c15816b3a3d8,310798,Hydrochlorothiazide 25 MG Oral Tablet,0.45,0.36,1,0.45,59621000,Essential hypertension (disorder)
2024-11-02T16:47:43Z,2025-01-04T16:47:43Z,35b353dd-402b-571a-d67a-af0a104d0854,a735bf55-83e9-331a-899d-a82a60b9f60c,35b353dd-402b-571a-2f70-f4f4cc7dd7db,310798,Hydrochlorothiazide 25 MG Oral Tablet,0.49,0.39,1,0.49,59621000,Essential hypertension (disorder)
2025-01-04T16:47:43Z,2025-03-01T16:47:43Z,35b353dd-402b-571a-d67a-af0a104d0854,a735bf55-83e9-331a-899d-a82a60b9f60c,35b353dd-402b-571a-a5ed-fca5fb939aa1,310798,Hydrochlorothiazide 25 MG Oral Tablet,0.45,0.36,1,0.45,59621000,Essential hypertension (disorder)
2025-03-01T16:47:43Z,2025-03-29T16:47:43Z,35b353dd-402b-571a-d67a-af0a104d0854,a735bf55-83e9-331a-899d-a82a60b9f60c,35b353dd-402b-571a-fc88-5acb7d0da393,310798,Hydrochlorothiazide 25 MG Oral Tablet,0.45,0.36,1,0.45,59621000,Essential hypertension (disorder)
2025-03-29T16:47:43Z,2025-05-03T16:47:43Z,35b353dd-402b-571a-d67a-af0a104d0854,a735bf55-83e9-331a-899d-a82a60b9f60c,35b353dd-402b-571a-cce7-5ec516705517,310798,Hydrochlorothiazide 25 MG Oral Tablet,0.45,0.36,1,0.45,59621000,Essential hypertension (disorder)
2023-07-10T02:07:40Z,2024-07-21T02:07:40Z,bff9d9d5-ee3d-d852-9c67-36d8361a4a4a,a735bf55-83e9-331a-899d-a82a60b9f60c,bff9d9d5-ee3d-d852-ef77-1cf7e331f431,314231,Simvastatin 10 MG Oral Tablet,0.30,0.24,12,3.60,55822004,Hyperlipidemia (disorder)
2025-05-03T16:47:43Z,2025-08-30T16:47:43Z,35b353dd-402b-571a-d67a-af0a104d0854,a735bf55-83e9-331a-899d-a82a60b9f60c,35b353dd-402b-571a-5cd2-d7004e5b37e3,310798,Hydrochlorothiazide 25 MG Oral Tablet,0.45,0.36,1,0.45,59621000,Essential hypertension (disorder)
2025-08-30T16:47:43Z,2025-09-06T16:47:43Z,35b353dd-402b-571a-d67a-af0a104d0854,a735bf55-83e9-331a-899d-a82a60b9f60c,35b353dd-402b-571a-4262-5d888363f2b2,310798,Hydrochlorothiazide 25 MG Oral Tablet,0.45,0.36,1,0.45,59621000,Essential hypertension (disorder)
2025-09-06T16:47:43Z,2025-09-27T16:47:43Z,35b353dd-402b-571a-d67a-af0a104d0854,a735bf55-83e9-331a-899d-a82a60b9f60c,35b353dd-402b-571a-7573-96995a4be971,310798,Hydrochlorothiazide 25 MG Oral Tablet,0.45,0.36,1,0.45,59621000,Essential hypertension (disorder)
2025-09-27T16:47:43Z,2026-02-28T16:47:43Z,35b353dd-402b-571a-d67a-af0a104d0854,a735bf55-83e9-331a-899d-a82a60b9f60c,35b353dd-402b-571a-cde4-4f3fc8c82caa,310798,Hydrochlorothiazide 25 MG Oral Tablet,0.45,0.00,1,0.45,59621000,Essential hypertension (disorder)
2026-02-28T16:47:43Z,2026-03-28T16:47:43Z,35b353dd-402b-571a-d67a-af0a104d0854,a735bf55-83e9-331a-899d-a82a60b9f60c,35b353dd-402b-571a-d059-62bdf7124519,310798,Hydrochlorothiazide 25 MG Oral Tablet,0.55,0.44,1,0.55,59621000,Essential hypertension (disorder)
2024-07-21T02:07:40Z,2025-07-21T02:07:40Z,bff9d9d5-ee3d-d852-9c67-36d8361a4a4a,a735bf55-83e9-331a-899d-a82a60b9f60c,bff9d9d5-ee3d-d852-2740-4ce0ce3f694f,314231,Simvastatin 10 MG Oral Tablet,0.30,0.24,12,3.60,55822004,Hyperlipidemia (disorder)
2026-03-28T16:47:43Z,2026-04-04T16:47:43Z,35b353dd-402b-571a-d67a-af0a104d0854,a735bf55-83e9-331a-899d-a82a60b9f60c,35b353dd-402b-571a-9bc3-81fdbb2b0256,310798,Hydrochlorothiazide 25 MG Oral Tablet,0.91,0.73,1,0.91,59621000,Essential hypertension (disorder)
2026-04-04T16:47:43Z,2026-05-30T16:47:43Z,35b353dd-402b-571a-d67a-af0a104d0854,a735bf55-83e9-331a-899d-a82a60b9f60c,35b353dd-402b-571a-32ca-beea150e4d78,310798,Hydrochlorothiazide 25 MG Oral Tablet,0.45,0.36,1,0.45,59621000,Essential hypertension (disorder)
2026-05-30T16:47:43Z,,35b353dd-402b-571a-d67a-af0a104d0854,a735bf55-83e9-331a-899d-a82a60b9f60c,35b353dd-402b-571a-bbf4-7585555e13e3,310798,Hydrochlorothiazide 25 MG Oral Tablet,0.45,0.36,1,0.45,59621000,Essential hypertension (disorder)
2025-07-21T02:07:40Z,2026-08-02T02:07:40Z,bff9d9d5-ee3d-d852-9c67-36d8361a4a4a,a735bf55-83e9-331a-899d-a82a60b9f60c,bff9d9d5-ee3d-d852-be9b-25bd72cd40d4,314231,Simvastatin 10 MG Oral Tablet,0.45,0.36,12,5.40,55822004,Hyperlipidemia (disorder)
2026-08-02T02:07:40Z,,bff9d9d5-ee3d-d852-9c67-36d8361a4a4a,a735bf55-83e9-331a-899d-a82a60b9f60c,bff9d9d5-ee3d-d852-51df-594dbea250b5,314231,Simvastatin 10 MG Oral Tablet,0.30,0.24,12,3.60,55822004,Hyperlipidemia (disorder)
2019-02-01T11:16:09Z,2019-02-15T11:16:09Z,947c82ee-1735-c9ed-8210-38cb93d8070c,26aab0cd-6aba-3e1b-ac5b-05c8867e762c,947c82ee-1735-c9ed-8669-700482e90899,313820,Acetaminophen 160 MG Chewable Tablet,50.32,0.00,1,50.32,,
2012-04-14T15:28:28Z,,2c167999-289d-95fa-5c27-7d8b8d35348c,734afbd6-4794-363b-9bc0-6a3981533ed5,2c167999-289d-95fa-1392-d5b07ea73264,310325,ferrous sulfate 325 MG Oral Tablet,0.15,0.00,176,26.40,,
2016-06-11T14:17:29Z,2017-05-06T14:17:29Z,2c167999-289d-95fa-5c27-7d8b8d35348c,734afbd6-4794-363b-9bc0-6a3981533ed5,2c167999-289d-95fa-b594-4075dbaf4b75,310798,Hydrochlorothiazide 25 MG Oral Tablet,0.45,0.36,3,1.35,59621000,Essential hypertension (disorder)
2016-06-11T14:17:29Z,2017-05-06T14:17:29Z,2c167999-289d-95fa-5c27-7d8b8d35348c,734afbd6-4794-363b-9bc0-6a3981533ed5,2c167999-289d-95fa-b594-4075dbaf4b75,308136,amLODIPine 2.5 MG Oral Tablet,1.01,0.81,3,3.03,59621000,Essential hypertension (disorder)
2017-05-06T14:17:29Z,2018-05-12T14:17:29Z,2c167999-289d-95fa-5c27-7d8b8d35348c,734afbd6-4794-363b-9bc0-6a3981533ed5,2c167999-289d-95fa-b19c-f0475ebb7001,310798,Hydrochlorothiazide 25 MG Oral Tablet,0.45,0.00,4,1.80,59621000,Essential hypertension (disorder)
2017-05-06T14:17:29Z,2018-05-12T14:17:29Z,2c167999-289d-95fa-5c27-7d8b8d35348c,734afbd6-4794-363b-9bc0-6a3981533ed5,2c167999-289d-95fa-b19c-f0475ebb7001,308136,amLODIPine 2.5 MG Oral Tablet,1.35,0.00,4,5.40,59621000,Essential hypertension (disorder)
2018-05-12T14:17:29Z,2019-05-18T14:17:29Z,2c167999-289d-95fa-5c27-7d8b8d35348c,8fa6c185-e44e-3e34-8bd8-39be8694f4ce,2c167999-289d-95fa-019c-f9724d05ce59,310798,Hydrochlorothiazide 25 MG Oral Tablet,0.55,0.00,4,2.20,59621000,Essential hypertension (disorder)
2018-05-12T14:17:29Z,2019-05-18T14:17:29Z,2c167999-289d-95fa-5c27-7d8b8d35348c,8fa6c185-e44e-3e34-8bd8-39be8694f4ce,2c167999-289d-95fa-019c-f9724d05ce59,308136,amLODIPine 2.5 MG Oral Tablet,0.91,0.00,4,3.64,59621000,Essential hypertension (disorder)
2019-05-18T14:17:29Z,2020-05-23T14:17:29Z,2c167999-289d-95fa-5c27-7d8b8d35348c,0133f751-9229-3cfd-815f-b6d4979bdd6a,2c167999-289d-95fa-81b8-75b395eb6846,310798,Hydrochlorothiazide 25 MG Oral Tablet,0.45,0.00,4,1.80,59621000,Essential hypertension (disorder)
2019-05-18T14:17:29Z,2020-05-23T14:17:29Z,2c167999-289d-95fa-5c27-7d8b8d35348c,0133f751-9229-3cfd-815f-b6d4979bdd6a,2c167999-289d-95fa-81b8-75b395eb6846,308136,amLODIPine 2.5 MG Oral Tablet,1.37,0.00,4,5.48,59621000,Essential hypertension (disorder)
2020-05-23T14:17:29Z,2021-05-29T14:17:29Z,2c167999-289d-95fa-5c27-7d8b8d35348c,0133f751-9229-3cfd-815f-b6d4979bdd6a,2c167999-289d-95fa-31a6-87017717981c,310798,Hydrochlorothiazide 25 MG Oral Tablet,0.45,0.00,4,1.80,59621000,Essential hypertension (disorder)
2020-05-23T14:17:29Z,2021-05-29T14:17:29Z,2c167999-289d-95fa-5c27-7d8b8d35348c,0133f751-9229-3cfd-815f-b6d4979bdd6a,2c167999-289d-95fa-31a6-87017717981c,308136,amLODIPine 2.5 MG Oral Tablet,0.91,0.00,4,3.64,59621000,Essential hypertension (disorder)
2020-06-06T17:35:26Z,2020-06-06T17:35:26Z,2c167999-289d-95fa-5c27-7d8b8d35348c,0133f751-9229-3cfd-815f-b6d4979bdd6a,2c167999-289d-95fa-5e3d-85e6d9b61230,1535362,sodium fluoride 0.0272 MG/MG Oral Gel,129.94,0.00,1,129.94,66383009,Gingivitis (disorder)
2021-05-29T14:17:29Z,2022-06-04T14:17:29Z,2c167999-289d-95fa-5c27-7d8b8d35348c,0133f751-9229-3cfd-815f-b6d4979bdd6a,2c167999-289d-95fa-e12a-9f85d4183074,310798,Hydrochlorothiazide 25 MG Oral Tablet,0.91,0.00,4,3.64,59621000,Essential hypertension (disorder)
2021-05-29T14:17:29Z,2022-06-04T14:17:29Z,2c167999-289d-95fa-5c27-7d8b8d35348c,0133f751-9229-3cfd-815f-b6d4979bdd6a,2c167999-289d-95fa-e12a-9f85d4183074,308136,amLODIPine 2.5 MG Oral Tablet,1.37,0.00,4,5.48,59621000,Essential hypertension (disorder)
2021-06-12T17:55:22Z,2021-06-12T17:55:22Z,2c167999-289d-95fa-5c27-7d8b8d35348c,0133f751-9229-3cfd-815f-b6d4979bdd6a,2c167999-289d-95fa-8432-6747d00687c9,1535362,sodium fluoride 0.0272 MG/MG Oral Gel,129.94,0.00,1,129.94,66383009,Gingivitis (disorder)
2022-06-04T14:17:29Z,2023-06-10T14:17:29Z,2c167999-289d-95fa-5c27-7d8b8d35348c,0133f751-9229-3cfd-815f-b6d4979bdd6a,2c167999-289d-95fa-17fa-2d913a361b0c,310798,Hydrochlorothiazide 25 MG Oral Tablet,0.45,0.00,4,1.80,59621000,Essential hypertension (disorder)
2022-06-04T14:17:29Z,2023-06-10T14:17:29Z,2c167999-289d-95fa-5c27-7d8b8d35348c,0133f751-9229-3cfd-815f-b6d4979bdd6a,2c167999-289d-95fa-17fa-2d913a361b0c,308136,amLODIPine 2.5 MG Oral Tablet,1.12,0.00,4,4.48,59621000,Essential hypertension (disorder)
2026-06-02T13:57:16Z,2026-06-02T13:57:16Z,947c82ee-1735-c9ed-8210-38cb93d8070c,26aab0cd-6aba-3e1b-ac5b-05c8867e762c,947c82ee-1735-c9ed-de62-7ee1bf68df90,1535362,sodium fluoride 0.0272 MG/MG Oral Gel,129.94,0.00,1,129.94,66383009,Gingivitis (disorder)
2023-06-10T14:17:29Z,2024-06-15T14:17:29Z,2c167999-289d-95fa-5c27-7d8b8d35348c,0133f751-9229-3cfd-815f-b6d4979bdd6a,2c167999-289d-95fa-376f-07c4f3d9304d,310798,Hydrochlorothiazide 25 MG Oral Tablet,0.45,0.00,4,1.80,59621000,Essential hypertension (disorder)
2023-06-10T14:17:29Z,2024-06-15T14:17:29Z,2c167999-289d-95fa-5c27-7d8b8d35348c,0133f751-9229-3cfd-815f-b6d4979bdd6a,2c167999-289d-95fa-376f-07c4f3d9304d,308136,amLODIPine 2.5 MG Oral Tablet,0.91,0.00,4,3.64,59621000,Essential hypertension (disorder)
2024-06-15T14:17:29Z,2025-06-21T14:17:29Z,2c167999-289d-95fa-5c27-7d8b8d35348c,0133f751-9229-3cfd-815f-b6d4979bdd6a,2c167999-289d-95fa-5462-796b75ac0a66,310798,Hydrochlorothiazide 25 MG Oral Tablet,0.45,0.45,4,1.80,59621000,Essential hypertension (disorder)
2024-06-15T14:17:29Z,2025-06-21T14:17:29Z,2c167999-289d-95fa-5c27-7d8b8d35348c,0133f751-9229-3cfd-815f-b6d4979bdd6a,2c167999-289d-95fa-5462-796b75ac0a66,308136,amLODIPine 2.5 MG Oral Tablet,1.13,1.13,4,4.52,59621000,Essential hypertension (disorder)
2025-06-21T14:17:29Z,2026-06-27T14:17:29Z,2c167999-289d-95fa-5c27-7d8b8d35348c,0133f751-9229-3cfd-815f-b6d4979bdd6a,2c167999-289d-95fa-1427-45fb46cb5b4a,310798,Hydrochlorothiazide 25 MG Oral Tablet,0.50,0.00,4,2.00,59621000,Essential hypertension (disorder)
2025-06-21T14:17:29Z,2026-06-27T14:17:29Z,2c167999-289d-95fa-5c27-7d8b8d35348c,0133f751-9229-3cfd-815f-b6d4979bdd6a,2c167999-289d-95fa-1427-45fb46cb5b4a,308136,amLODIPine 2.5 MG Oral Tablet,1.37,0.00,4,5.48,59621000,Essential hypertension (disorder)
2025-07-05T17:16:49Z,2025-07-05T17:16:49Z,2c167999-289d-95fa-5c27-7d8b8d35348c,0133f751-9229-3cfd-815f-b6d4979bdd6a,2c167999-289d-95fa-62d1-f7d4d54976fb,1535362,sodium fluoride 0.0272 MG/MG Oral Gel,129.94,0.00,1,129.94,66383009,Gingivitis (disorder)
2026-06-27T14:17:29Z,,2c167999-289d-95fa-5c27-7d8b8d35348c,0133f751-9229-3cfd-815f-b6d4979bdd6a,2c167999-289d-95fa-5056-bd6b381dbbcc,310798,Hydrochlorothiazide 25 MG Oral Tablet,0.91,0.00,1,0.91,59621000,Essential hypertension (disorder)
2026-06-27T14:17:29Z,,2c167999-289d-95fa-5c27-7d8b8d35348c,0133f751-9229-3cfd-815f-b6d4979bdd6a,2c167999-289d-95fa-5056-bd6b381dbbcc,308136,amLODIPine 2.5 MG Oral Tablet,0.91,0.00,1,0.91,59621000,Essential hypertension (disorder)
1988-02-24T18:46:21Z,,c0a47dee-cc72-29ce-df5a-ea6d306c36a4,26aab0cd-6aba-3e1b-ac5b-05c8867e762c,c0a47dee-cc72-29ce-f0c9-6c5a92f6c50a,141918,Terfenadine 60 MG Oral Tablet,152.81,0.00,470,71820.70,,
1988-02-24T18:46:21Z,,c0a47dee-cc72-29ce-df5a-ea6d306c36a4,26aab0cd-6aba-3e1b-ac5b-05c8867e762c,c0a47dee-cc72-29ce-f0c9-6c5a92f6c50a,1870230,NDA020800 0.3 ML Epinephrine 1 MG/ML Auto-Injector,126.11,0.00,470,59271.70,,
2017-05-01T08:34:08Z,2017-05-08T08:34:08Z,c0a47dee-cc72-29ce-df5a-ea6d306c36a4,26aab0cd-6aba-3e1b-ac5b-05c8867e762c,c0a47dee-cc72-29ce-ba0a-1c9831c7d13e,1043400,Acetaminophen 21.7 MG/ML / Dextromethorphan Hydrobromide 1 MG/ML / doxylamine succinate 0.417 MG/ML Oral Solution,183.45,0.00,1,183.45,10509002,Acute bronchitis (disorder)
1999-10-09T04:07:46Z,,5ba0a3f3-32f7-02b1-ec6a-8f568923954c,df166300-5a78-3502-a46a-832842197811,5ba0a3f3-32f7-02b1-20e7-c4aad4ebb7ce,997488,Fexofenadine hydrochloride 30 MG Oral Tablet,214.03,164.03,328,70201.84,,
1999-10-09T04:07:46Z,,5ba0a3f3-32f7-02b1-ec6a-8f568923954c,df166300-5a78-3502-a46a-832842197811,5ba0a3f3-32f7-02b1-20e7-c4aad4ebb7ce,1870230,NDA020800 0.3 ML Epinephrine 1 MG/ML Auto-Injector,126.61,76.61,328,41528.08,,
2016-08-12T15:31:39Z,2016-11-25T15:31:39Z,5ba0a3f3-32f7-02b1-ec6a-8f568923954c,df166300-5a78-3502-a46a-832842197811,5ba0a3f3-32f7-02b1-99c1-15b322a8ec62,1860154,Abuse-Deterrent 12 HR Oxycodone Hydrochloride 15 MG Extended Release Oral Tablet,86.34,36.34,3,259.02,,
2017-04-24T15:31:39Z,2017-05-01T15:31:39Z,5ba0a3f3-32f7-02b1-ec6a-8f568923954c,df166300-5a78-3502-a46a-832842197811,5ba0a3f3-32f7-02b1-bb1c-406a3dd6560c,856987,Acetaminophen 300 MG / HYDROcodone Bitartrate 5 MG Oral Tablet,11.72,0.00,1,11.72,,
2017-05-31T15:31:39Z,2017-06-07T15:31:39Z,5ba0a3f3-32f7-02b1-ec6a-8f568923954c,df166300-5a78-3502-a46a-832842197811,5ba0a3f3-32f7-02b1-8fac-52f8decceaf2,856987,Acetaminophen 300 MG / HYDROcodone Bitartrate 5 MG Oral Tablet,25.29,0.00,1,25.29,,
2017-07-07T15:31:39Z,2017-09-29T15:31:39Z,5ba0a3f3-32f7-02b1-ec6a-8f568923954c,df166300-5a78-3502-a46a-832842197811,5ba0a3f3-32f7-02b1-2bbb-492dc30cbeae,1049221,Acetaminophen 325 MG / Oxycodone Hydrochloride 5 MG Oral Tablet,3.97,0.00,2,7.94,,
2017-10-29T15:31:39Z,2017-11-26T15:31:39Z,5ba0a3f3-32f7-02b1-ec6a-8f568923954c,df166300-5a78-3502-a46a-832842197811,5ba0a3f3-32f7-02b1-85d0-777f2c17c271,1049221,Acetaminophen 325 MG / Oxycodone Hydrochloride 5 MG Oral Tablet,3.97,0.00,1,3.97,,
2018-01-16T15:31:39Z,2018-01-30T15:31:39Z,5ba0a3f3-32f7-02b1-ec6a-8f568923954c,df166300-5a78-3502-a46a-832842197811,5ba0a3f3-32f7-02b1-4a3f-e99a48664c97,1860154,Abuse-Deterrent 12 HR Oxycodone Hydrochloride 15 MG Extended Release Oral Tablet,123.22,73.22,1,123.22,,
2018-03-01T15:31:39Z,2018-04-05T15:31:39Z,5ba0a3f3-32f7-02b1-ec6a-8f568923954c,df166300-5a78-3502-a46a-832842197811,5ba0a3f3-32f7-02b1-d129-65b8ca7d3fe8,1049221,Acetaminophen 325 MG / Oxycodone Hydrochloride 5 MG Oral Tablet,3.97,0.00,1,3.97,,
2018-08-03T15:31:39Z,2018-08-24T15:31:39Z,5ba0a3f3-32f7-02b1-ec6a-8f568923954c,df166300-5a78-3502-a46a-832842197811,5ba0a3f3-32f7-02b1-83e6-366a0ee0addb,856987,Acetaminophen 300 MG / HYDROcodone Bitartrate 5 MG Oral Tablet,33.12,0.00,1,33.12,,
2018-09-23T15:31:39Z,2018-10-28T15:31:39Z,5ba0a3f3-32f7-02b1-ec6a-8f568923954c,df166300-5a78-3502-a46a-832842197811,5ba0a3f3-32f7-02b1-3c2c-6494ed201c16,1860154,Abuse-Deterrent 12 HR Oxycodone Hydrochloride 15 MG Extended Release Oral Tablet,123.22,73.22,1,123.22,,
2018-11-27T15:31:39Z,2019-01-29T15:31:39Z,5ba0a3f3-32f7-02b1-ec6a-8f568923954c,df166300-5a78-3502-a46a-832842197811,5ba0a3f3-32f7-02b1-3852-347282d3385b,1049221,Acetaminophen 325 MG / Oxycodone Hydrochloride 5 MG Oral Tablet,3.97,0.00,2,7.94,,
2019-06-28T15:31:39Z,2019-09-20T15:31:39Z,5ba0a3f3-32f7-02b1-ec6a-8f568923954c,df166300-5a78-3502-a46a-832842197811,5ba0a3f3-32f7-02b1-6e63-6f7f679b3212,1049221,Acetaminophen 325 MG / Oxycodone Hydrochloride 5 MG Oral Tablet,3.97,0.00,2,7.94,,
2019-10-20T15:31:39Z,2019-11-24T15:31:39Z,5ba0a3f3-32f7-02b1-ec6a-8f568923954c,df166300-5a78-3502-a46a-832842197811,5ba0a3f3-32f7-02b1-14fc-eaf2a02cc57b,856987,Acetaminophen 300 MG / HYDROcodone Bitartrate 5 MG Oral Tablet,2.60,0.00,1,2.60,,
2019-12-24T15:31:39Z,2019-12-31T15:31:39Z,5ba0a3f3-32f7-02b1-ec6a-8f568923954c,df166300-5a78-3502-a46a-832842197811,5ba0a3f3-32f7-02b1-9ae2-b6dafc3639e0,1860154,Abuse-Deterrent 12 HR Oxycodone Hydrochloride 15 MG Extended Release Oral Tablet,123.22,73.22,1,123.22,,
2020-01-30T15:31:39Z,2020-03-05T15:31:39Z,5ba0a3f3-32f7-02b1-ec6a-8f568923954c,df166300-5a78-3502-a46a-832842197811,5ba0a3f3-32f7-02b1-e517-d92ec0fc3205,1860154,Abuse-Deterrent 12 HR Oxycodone Hydrochloride 15 MG Extended Release Oral Tablet,45.86,0.00,1,45.86,,
2020-02-24T17:12:45Z,2020-06-21T17:12:45Z,5ba0a3f3-32f7-02b1-ec6a-8f568923954c,df166300-5a78-3502-a46a-832842197811,5ba0a3f3-32f7-02b1-9dc7-f7bc6e830918,849574,Naproxen sodium 220 MG Oral Tablet,91.72,41.72,3,275.16,,
2020-12-16T15:31:39Z,2020-12-31T15:31:39Z,5ba0a3f3-32f7-02b1-ec6a-8f568923954c,df166300-5a78-3502-a46a-832842197811,5ba0a3f3-32f7-02b1-1176-43de3ddc69d1,313782,Acetaminophen 325 MG Oral Tablet,45.86,0.00,1,45.86,10509002,Acute bronchitis (disorder)
2021-02-28T15:31:39Z,2021-03-21T15:31:39Z,5ba0a3f3-32f7-02b1-ec6a-8f568923954c,df166300-5a78-3502-a46a-832842197811,5ba0a3f3-32f7-02b1-bcf6-2e7e263fb557,1049221,Acetaminophen 325 MG / Oxycodone Hydrochloride 5 MG Oral Tablet,3.97,0.00,1,3.97,,
2021-04-20T15:31:39Z,2021-05-11T15:31:39Z,5ba0a3f3-32f7-02b1-ec6a-8f568923954c,df166300-5a78-3502-a46a-832842197811,5ba0a3f3-32f7-02b1-c97d-e2df15801d12,1049221,Acetaminophen 325 MG / Oxycodone Hydrochloride 5 MG Oral Tablet,3.97,0.00,1,3.97,,
2021-06-10T15:31:39Z,2021-06-17T15:31:39Z,5ba0a3f3-32f7-02b1-ec6a-8f568923954c,df166300-5a78-3502-a46a-832842197811,5ba0a3f3-32f7-02b1-65c9-62e1493a629e,1049221,Acetaminophen 325 MG / Oxycodone Hydrochloride 5 MG Oral Tablet,3.97,0.00,1,3.97,,
2021-08-16T15:31:39Z,2021-09-20T15:31:39Z,5ba0a3f3-32f7-02b1-ec6a-8f568923954c,df166300-5a78-3502-a46a-832842197811,5ba0a3f3-32f7-02b1-addc-f1fbc842847b,1049221,Acetaminophen 325 MG / Oxycodone Hydrochloride 5 MG Oral Tablet,3.97,0.00,1,3.97,,
2021-10-20T15:31:39Z,2021-10-27T15:31:39Z,5ba0a3f3-32f7-02b1-ec6a-8f568923954c,df166300-5a78-3502-a46a-832842197811,5ba0a3f3-32f7-02b1-136a-e7587aa417e9,1049221,Acetaminophen 325 MG / Oxycodone Hydrochloride 5 MG Oral Tablet,3.97,0.00,1,3.97,,
2022-01-25T15:31:39Z,2022-02-08T15:31:39Z,5ba0a3f3-32f7-02b1-ec6a-8f568923954c,df166300-5a78-3502-a46a-832842197811,5ba0a3f3-32f7-02b1-4514-040966dd4afc,856987,Acetaminophen 300 MG / HYDROcodone Bitartrate 5 MG Oral Tablet,20.93,0.00,1,20.93,,
2022-03-10T15:31:39Z,2022-03-24T15:31:39Z,5ba0a3f3-32f7-02b1-ec6a-8f568923954c,df166300-5a78-3502-a46a-832842197811,5ba0a3f3-32f7-02b1-4798-87f5bb938481,1049221,Acetaminophen 325 MG / Oxycodone Hydrochloride 5 MG Oral Tablet,3.97,0.00,1,3.97,,
2022-05-23T15:31:39Z,2022-06-13T15:31:39Z,5ba0a3f3-32f7-02b1-ec6a-8f568923954c,df166300-5a78-3502-a46a-832842197811,5ba0a3f3-32f7-02b1-ee3b-0779cbf79aac,1049221,Acetaminophen 325 MG / Oxycodone Hydrochloride 5 MG Oral Tablet,3.97,0.00,1,3.97,,
2022-08-12T15:31:39Z,2022-10-07T15:31:39Z,5ba0a3f3-32f7-02b1-ec6a-8f568923954c,df166300-5a78-3502-a46a-832842197811,5ba0a3f3-32f7-02b1-8212-fb1a8827259c,1049221,Acetaminophen 325 MG / Oxycodone Hydrochloride 5 MG Oral Tablet,3.97,0.00,1,3.97,,
2022-11-06T15:31:39Z,2022-11-20T15:31:39Z,5ba0a3f3-32f7-02b1-ec6a-8f568923954c,df166300-5a78-3502-a46a-832842197811,5ba0a3f3-32f7-02b1-860b-166b231f9cbb,856987,Acetaminophen 300 MG / HYDROcodone Bitartrate 5 MG Oral Tablet,24.47,0.00,1,24.47,,
2023-01-03T15:31:39Z,2023-02-28T15:31:39Z,5ba0a3f3-32f7-02b1-ec6a-8f568923954c,df166300-5a78-3502-a46a-832842197811,5ba0a3f3-32f7-02b1-19bb-1aa716480b78,1860154,Abuse-Deterrent 12 HR Oxycodone Hydrochloride 15 MG Extended Release Oral Tablet,99.86,49.86,1,99.86,,
2023-06-28T15:31:39Z,2023-07-12T15:31:39Z,5ba0a3f3-32f7-02b1-ec6a-8f568923954c,df166300-5a78-3502-a46a-832842197811,5ba0a3f3-32f7-02b1-4e12-937518fd83be,1860154,Abuse-Deterrent 12 HR Oxycodone Hydrochloride 15 MG Extended Release Oral Tablet,45.86,0.00,1,45.86,,
2023-08-30T16:54:01Z,,5ba0a3f3-32f7-02b1-ec6a-8f568923954c,df166300-5a78-3502-a46a-832842197811,5ba0a3f3-32f7-02b1-bb6d-eabad0aabca3,2001499,Vitamin B12 5 MG/ML Injectable Solution,5.64,0.00,37,208.68,,
2023-09-13T18:45:24Z,2023-09-13T18:45:24Z,5ba0a3f3-32f7-02b1-ec6a-8f568923954c,df166300-5a78-3502-a46a-832842197811,5ba0a3f3-32f7-02b1-9f8f-24d435e209b4,1535362,sodium fluoride 0.0272 MG/MG Oral Gel,129.94,79.94,1,129.94,66383009,Gingivitis (disorder)
2023-11-09T15:31:39Z,2024-02-01T15:31:39Z,5ba0a3f3-32f7-02b1-ec6a-8f568923954c,df166300-5a78-3502-a46a-832842197811,5ba0a3f3-32f7-02b1-fdcd-3b7e0c545289,856987,Acetaminophen 300 MG / HYDROcodone Bitartrate 5 MG Oral Tablet,9.27,0.00,2,18.54,,
2024-03-02T15:31:39Z,2024-03-23T15:31:39Z,5ba0a3f3-32f7-02b1-ec6a-8f568923954c,df166300-5a78-3502-a46a-832842197811,5ba0a3f3-32f7-02b1-7479-a0442eccd4d5,1860154,Abuse-Deterrent 12 HR Oxycodone Hydrochloride 15 MG Extended Release Oral Tablet,45.86,0.00,1,45.86,,
2024-05-22T15:31:39Z,2024-07-10T15:31:39Z,5ba0a3f3-32f7-02b1-ec6a-8f568923954c,df166300-5a78-3502-a46a-832842197811,5ba0a3f3-32f7-02b1-c467-a13dffe326a2,1049221,Acetaminophen 325 MG / Oxycodone Hydrochloride 5 MG Oral Tablet,3.97,0.00,1,3.97,,
2024-08-09T15:31:39Z,2024-08-30T15:31:39Z,5ba0a3f3-32f7-02b1-ec6a-8f568923954c,df166300-5a78-3502-a46a-832842197811,5ba0a3f3-32f7-02b1-3957-8450ed7d0227,1049221,Acetaminophen 325 MG / Oxycodone Hydrochloride 5 MG Oral Tablet,3.97,0.00,1,3.97,,
2024-12-28T15:31:39Z,2025-01-25T15:31:39Z,5ba0a3f3-32f7-02b1-ec6a-8f568923954c,df166300-5a78-3502-a46a-832842197811,5ba0a3f3-32f7-02b1-305f-db0f1d83f2fb,856987,Acetaminophen 300 MG / HYDROcodone Bitartrate 5 MG Oral Tablet,22.30,0.00,1,22.30,,
2025-02-24T15:31:39Z,2025-03-17T15:31:39Z,5ba0a3f3-32f7-02b1-ec6a-8f568923954c,df166300-5a78-3502-a46a-832842197811,5ba0a3f3-32f7-02b1-761e-71c5b8cf5373,1049221,Acetaminophen 325 MG / Oxycodone Hydrochloride 5 MG Oral Tablet,3.97,0.00,1,3.97,,
2025-05-30T15:31:39Z,2025-06-20T15:31:39Z,5ba0a3f3-32f7-02b1-ec6a-8f568923954c,df166300-5a78-3502-a46a-832842197811,5ba0a3f3-32f7-02b1-0afb-23603f4c6eef,856987,Acetaminophen 300 MG / HYDROcodone Bitartrate 5 MG Oral Tablet,46.72,0.00,1,46.72,,
2025-11-17T15:31:39Z,2025-12-15T15:31:39Z,5ba0a3f3-32f7-02b1-ec6a-8f568923954c,df166300-5a78-3502-a46a-832842197811,5ba0a3f3-32f7-02b1-f44c-80138f830f85,1049221,Acetaminophen 325 MG / Oxycodone Hydrochloride 5 MG Oral Tablet,3.97,0.00,1,3.97,,
2026-01-14T15:31:39Z,2026-03-04T15:31:39Z,5ba0a3f3-32f7-02b1-ec6a-8f568923954c,df166300-5a78-3502-a46a-832842197811,5ba0a3f3-32f7-02b1-3ae0-fd935b12658d,856987,Acetaminophen 300 MG / HYDROcodone Bitartrate 5 MG Oral Tablet,0.91,0.00,1,0.91,,
2026-05-03T15:31:39Z,2026-06-14T15:31:39Z,5ba0a3f3-32f7-02b1-ec6a-8f568923954c,df166300-5a78-3502-a46a-832842197811,5ba0a3f3-32f7-02b1-e3a0-e07a1d98efda,1860154,Abuse-Deterrent 12 HR Oxycodone Hydrochloride 15 MG Extended Release Oral Tablet,123.22,73.22,1,123.22,,
2026-08-13T15:31:39Z,2026-09-10T15:31:39Z,5ba0a3f3-32f7-02b1-ec6a-8f568923954c,df166300-5a78-3502-a46a-832842197811,5ba0a3f3-32f7-02b1-a808-09d693e3f46f,1049221,Acetaminophen 325 MG / Oxycodone Hydrochloride 5 MG Oral Tablet,3.97,0.00,1,3.97,,
2016-06-07T17:12:50Z,2017-06-13T17:12:50Z,9661a432-4630-2cd9-142c-386845fae837,df166300-5a78-3502-a46a-832842197811,9661a432-4630-2cd9-db10-13c32c5002be,314076,lisinopril 10 MG Oral Tablet,0.91,0.00,4,3.64,59621000,Essential hypertension (disorder)
2016-06-07T17:12:50Z,2017-06-13T17:12:50Z,9661a432-4630-2cd9-142c-386845fae837,df166300-5a78-3502-a46a-832842197811,9661a432-4630-2cd9-db10-13c32c5002be,308136,amLODIPine 2.5 MG Oral Tablet,0.91,0.00,4,3.64,59621000,Essential hypertension (disorder)
2017-06-13T17:12:50Z,2018-06-19T17:12:50Z,9661a432-4630-2cd9-142c-386845fae837,df166300-5a78-3502-a46a-832842197811,9661a432-4630-2cd9-90ee-4f956bdf0308,314076,lisinopril 10 MG Oral Tablet,0.91,0.00,4,3.64,59621000,Essential hypertension (disorder)
2017-06-13T17:12:50Z,2018-06-19T17:12:50Z,9661a432-4630-2cd9-142c-386845fae837,df166300-5a78-3502-a46a-832842197811,9661a432-4630-2cd9-90ee-4f956bdf0308,308136,amLODIPine 2.5 MG Oral Tablet,1.37,0.00,4,5.48,59621000,Essential hypertension (disorder)
2016-07-15T01:10:28Z,2017-04-21T01:10:28Z,922fb35e-148d-9e82-7e65-bfa05e3b3515,26aab0cd-6aba-3e1b-ac5b-05c8867e762c,922fb35e-148d-9e82-c41c-f93b01dcd319,351109,budesonide 0.25 MG/ML Inhalation Suspension,129.94,0.00,1,129.94,233678006,Childhood asthma (disorder)
2016-07-15T01:10:28Z,2017-04-21T01:10:28Z,922fb35e-148d-9e82-7e65-bfa05e3b3515,26aab0cd-6aba-3e1b-ac5b-05c8867e762c,922fb35e-148d-9e82-c41c-f93b01dcd319,351137,albuterol 0.21 MG/ML Inhalation Solution,129.94,0.00,1,129.94,233678006,Childhood asthma (disorder)
2018-06-19T17:12:50Z,2019-06-25T17:12:50Z,9661a432-4630-2cd9-142c-386845fae837,df166300-5a78-3502-a46a-832842197811,9661a432-4630-2cd9-09a6-17bb08da6e1c,314076,lisinopril 10 MG Oral Tablet,0.91,0.00,4,3.64,59621000,Essential hypertension (disorder)
2018-06-19T17:12:50Z,2019-06-25T17:12:50Z,9661a432-4630-2cd9-142c-386845fae837,df166300-5a78-3502-a46a-832842197811,9661a432-4630-2cd9-09a6-17bb08da6e1c,308136,amLODIPine 2.5 MG Oral Tablet,1.10,0.00,4,4.40,59621000,Essential hypertension (disorder)
2017-04-21T01:10:28Z,2018-04-27T01:10:28Z,922fb35e-148d-9e82-7e65-bfa05e3b3515,26aab0cd-6aba-3e1b-ac5b-05c8867e762c,922fb35e-148d-9e82-d451-df58c677db57,351109,budesonide 0.25 MG/ML Inhalation Suspension,129.94,0.00,1,129.94,233678006,Childhood asthma (disorder)
2017-04-21T01:10:28Z,2018-04-27T01:10:28Z,922fb35e-148d-9e82-7e65-bfa05e3b3515,26aab0cd-6aba-3e1b-ac5b-05c8867e762c,922fb35e-148d-9e82-d451-df58c677db57,351137,albuterol 0.21 MG/ML Inhalation Solution,129.94,0.00,1,129.94,233678006,Childhood asthma (disorder)
2018-07-03T20:00:20Z,2018-07-03T20:00:20Z,9661a432-4630-2cd9-142c-386845fae837,df166300-5a78-3502-a46a-832842197811,9661a432-4630-2cd9-dbec-9caa62941c3a,1535362,sodium fluoride 0.0272 MG/MG Oral Gel,129.94,79.94,1,129.94,66383009,Gingivitis (disorder)
2019-06-25T17:12:50Z,2020-06-30T17:12:50Z,9661a432-4630-2cd9-142c-386845fae837,df166300-5a78-3502-a46a-832842197811,9661a432-4630-2cd9-9770-d95d5a8abd5b,314076,lisinopril 10 MG Oral Tablet,0.91,0.00,4,3.64,59621000,Essential hypertension (disorder)
2019-06-25T17:12:50Z,2020-06-30T17:12:50Z,9661a432-4630-2cd9-142c-386845fae837,df166300-5a78-3502-a46a-832842197811,9661a432-4630-2cd9-9770-d95d5a8abd5b,308136,amLODIPine 2.5 MG Oral Tablet,1.37,0.00,4,5.48,59621000,Essential hypertension (disorder)
2018-04-27T01:10:28Z,2019-05-03T01:10:28Z,922fb35e-148d-9e82-7e65-bfa05e3b3515,26aab0cd-6aba-3e1b-ac5b-05c8867e762c,922fb35e-148d-9e82-4ecc-146e6bd40444,351109,budesonide 0.25 MG/ML Inhalation Suspension,129.94,0.00,1,129.94,233678006,Childhood asthma (disorder)
2018-04-27T01:10:28Z,2019-05-03T01:10:28Z,922fb35e-148d-9e82-7e65-bfa05e3b3515,26aab0cd-6aba-3e1b-ac5b-05c8867e762c,922fb35e-148d-9e82-4ecc-146e6bd40444,351137,albuterol 0.21 MG/ML Inhalation Solution,129.94,0.00,1,129.94,233678006,Childhood asthma (disorder)
2020-06-30T17:12:50Z,2021-07-06T17:12:50Z,9661a432-4630-2cd9-142c-386845fae837,df166300-5a78-3502-a46a-832842197811,9661a432-4630-2cd9-81e8-607cb51f35e7,314076,lisinopril 10 MG Oral Tablet,0.91,0.00,4,3.64,59621000,Essential hypertension (disorder)
2020-06-30T17:12:50Z,2021-07-06T17:12:50Z,9661a432-4630-2cd9-142c-386845fae837,df166300-5a78-3502-a46a-832842197811,9661a432-4630-2cd9-81e8-607cb51f35e7,308136,amLODIPine 2.5 MG Oral Tablet,1.19,0.00,4,4.76,59621000,Essential hypertension (disorder)
2021-07-06T17:12:50Z,2022-02-01T17:12:50Z,9661a432-4630-2cd9-142c-386845fae837,df166300-5a78-3502-a46a-832842197811,9661a432-4630-2cd9-1113-12a398b3137d,314076,lisinopril 10 MG Oral Tablet,0.91,0.00,2,1.82,59621000,Essential hypertension (disorder)
2021-07-06T17:12:50Z,2022-02-01T17:12:50Z,9661a432-4630-2cd9-142c-386845fae837,df166300-5a78-3502-a46a-832842197811,9661a432-4630-2cd9-1113-12a398b3137d,308136,amLODIPine 2.5 MG Oral Tablet,1.29,0.00,2,2.58,59621000,Essential hypertension (disorder)
2021-08-13T17:41:26Z,2021-09-20T17:41:26Z,9661a432-4630-2cd9-142c-386845fae837,df166300-5a78-3502-a46a-832842197811,9661a432-4630-2cd9-c623-753e377261c7,309097,Cefuroxime 250 MG Oral Tablet,200.70,150.70,3,602.10,,
2021-08-13T17:41:26Z,2021-09-04T17:12:50Z,9661a432-4630-2cd9-142c-386845fae837,df166300-5a78-3502-a46a-832842197811,9661a432-4630-2cd9-c623-753e377261c7,857005,Acetaminophen 325 MG / HYDROcodone Bitartrate 7.5 MG Oral Tablet,5.26,0.00,1,5.26,,
2021-08-13T17:41:26Z,2021-09-20T17:41:26Z,9661a432-4630-2cd9-142c-386845fae837,df166300-5a78-3502-a46a-832842197811,9661a432-4630-2cd9-c623-753e377261c7,849574,Naproxen sodium 220 MG Oral Tablet,91.72,41.72,1,91.72,,
2019-05-03T01:10:28Z,2020-05-08T01:10:28Z,922fb35e-148d-9e82-7e65-bfa05e3b3515,26aab0cd-6aba-3e1b-ac5b-05c8867e762c,922fb35e-148d-9e82-57c5-9b25e938d207,351109,budesonide 0.25 MG/ML Inhalation Suspension,129.94,129.94,1,129.94,233678006,Childhood asthma (disorder)
2019-05-03T01:10:28Z,2020-05-08T01:10:28Z,922fb35e-148d-9e82-7e65-bfa05e3b3515,26aab0cd-6aba-3e1b-ac5b-05c8867e762c,922fb35e-148d-9e82-57c5-9b25e938d207,351137,albuterol 0.21 MG/ML Inhalation Solution,129.94,129.94,1,129.94,233678006,Childhood asthma (disorder)
2019-09-14T23:24:10Z,2020-09-08T23:24:10Z,922fb35e-148d-9e82-7e65-bfa05e3b3515,26aab0cd-6aba-3e1b-ac5b-05c8867e762c,922fb35e-148d-9e82-f255-27ccb6fdb983,748856,{24 (drospirenone 3 MG / ethinyl estradiol 0.02 MG Oral Tablet) / 4 (inert ingredients 1 MG Oral Tablet) } Pack [Yaz 28 Day],229.32,229.32,12,2751.84,,
2020-05-08T01:10:28Z,2020-06-26T01:10:28Z,922fb35e-148d-9e82-7e65-bfa05e3b3515,26aab0cd-6aba-3e1b-ac5b-05c8867e762c,922fb35e-148d-9e82-a359-3cbf34bac77e,351109,budesonide 0.25 MG/ML Inhalation Suspension,129.94,0.00,1,129.94,233678006,Childhood asthma (disorder)
2020-05-08T01:10:28Z,2020-06-26T01:10:28Z,922fb35e-148d-9e82-7e65-bfa05e3b3515,26aab0cd-6aba-3e1b-ac5b-05c8867e762c,922fb35e-148d-9e82-a359-3cbf34bac77e,351137,albuterol 0.21 MG/ML Inhalation Solution,129.94,0.00,1,129.94,233678006,Childhood asthma (disorder)
2020-06-26T01:10:28Z,2021-05-14T01:10:28Z,922fb35e-148d-9e82-7e65-bfa05e3b3515,26aab0cd-6aba-3e1b-ac5b-05c8867e762c,922fb35e-148d-9e82-023f-c244909ce9c1,351109,budesonide 0.25 MG/ML Inhalation Suspension,129.94,0.00,1,129.94,233678006,Childhood asthma (disorder)
2020-06-26T01:10:28Z,2021-05-14T01:10:28Z,922fb35e-148d-9e82-7e65-bfa05e3b3515,26aab0cd-6aba-3e1b-ac5b-05c8867e762c,922fb35e-148d-9e82-023f-c244909ce9c1,351137,albuterol 0.21 MG/ML Inhalation Solution,129.94,0.00,1,129.94,233678006,Childhood asthma (disorder)
2020-09-08T23:24:10Z,2021-09-03T23:24:10Z,922fb35e-148d-9e82-7e65-bfa05e3b3515,26aab0cd-6aba-3e1b-ac5b-05c8867e762c,922fb35e-148d-9e82-c89e-d57cee862ecf,749762,{7 (ethinyl estradiol 0.01 MG Oral Tablet) / 84 (ethinyl estradiol 0.03 MG / levonorgestrel 0.15 MG Oral Tablet) } Pack [Seasonique],598.65,0.00,12,7183.80,,
2020-11-12T01:10:28Z,2020-12-01T01:10:28Z,922fb35e-148d-9e82-7e65-bfa05e3b3515,26aab0cd-6aba-3e1b-ac5b-05c8867e762c,922fb35e-148d-9e82-bfaa-c486b5727fb0,310965,Ibuprofen 200 MG Oral Tablet,31.10,0.00,1,31.10,,
2021-05-14T01:10:28Z,2022-05-20T01:10:28Z,922fb35e-148d-9e82-7e65-bfa05e3b3515,26aab0cd-6aba-3e1b-ac5b-05c8867e762c,922fb35e-148d-9e82-79af-63ef4ae37a4a,351109,budesonide 0.25 MG/ML Inhalation Suspension,129.94,0.00,1,129.94,233678006,Childhood asthma (disorder)
2021-05-14T01:10:28Z,2022-05-20T01:10:28Z,922fb35e-148d-9e82-7e65-bfa05e3b3515,26aab0cd-6aba-3e1b-ac5b-05c8867e762c,922fb35e-148d-9e82-79af-63ef4ae37a4a,351137,albuterol 0.21 MG/ML Inhalation Solution,129.94,0.00,1,129.94,233678006,Childhood asthma (disorder)
2021-09-03T23:24:10Z,2022-08-29T23:45:12Z,922fb35e-148d-9e82-7e65-bfa05e3b3515,26aab0cd-6aba-3e1b-ac5b-05c8867e762c,922fb35e-148d-9e82-3483-1a878d41f3ab,389221,Etonogestrel 68 MG Drug Implant,23.15,0.00,12,277.80,,
2022-05-20T01:10:28Z,2023-05-26T01:10:28Z,922fb35e-148d-9e82-7e65-bfa05e3b3515,26aab0cd-6aba-3e1b-ac5b-05c8867e762c,922fb35e-148d-9e82-dde9-aa9219a801c8,351109,budesonide 0.25 MG/ML Inhalation Suspension,129.94,0.00,1,129.94,233678006,Childhood asthma (disorder)
2022-02-01T17:12:50Z,2022-07-12T17:12:50Z,9661a432-4630-2cd9-142c-386845fae837,df166300-5a78-3502-a46a-832842197811,9661a432-4630-2cd9-1f09-aa2473cd5cf7,314076,lisinopril 10 MG Oral Tablet,0.91,0.00,1,0.91,59621000,Essential hypertension (disorder)
2022-02-01T17:12:50Z,2022-07-12T17:12:50Z,9661a432-4630-2cd9-142c-386845fae837,df166300-5a78-3502-a46a-832842197811,9661a432-4630-2cd9-1f09-aa2473cd5cf7,308136,amLODIPine 2.5 MG Oral Tablet,0.91,0.00,1,0.91,59621000,Essential hypertension (disorder)
2022-05-20T01:10:28Z,2023-05-26T01:10:28Z,922fb35e-148d-9e82-7e65-bfa05e3b3515,26aab0cd-6aba-3e1b-ac5b-05c8867e762c,922fb35e-148d-9e82-dde9-aa9219a801c8,351137,albuterol 0.21 MG/ML Inhalation Solution,129.94,0.00,1,129.94,233678006,Childhood asthma (disorder)
2022-02-08T17:12:50Z,2022-03-05T17:12:50Z,9661a432-4630-2cd9-142c-386845fae837,df166300-5a78-3502-a46a-832842197811,9661a432-4630-2cd9-f810-425fc6472750,562251,Amoxicillin 250 MG / Clavulanate 125 MG Oral Tablet,122.63,72.63,1,122.63,444814009,Viral sinusitis (disorder)
2022-02-15T19:47:05Z,2022-02-15T19:47:05Z,9661a432-4630-2cd9-142c-386845fae837,df166300-5a78-3502-a46a-832842197811,9661a432-4630-2cd9-a957-4a444b354a5c,1535362,sodium fluoride 0.0272 MG/MG Oral Gel,129.94,0.00,1,129.94,66383009,Gingivitis (disorder)
2022-06-03T06:36:18Z,2022-06-03T06:36:18Z,922fb35e-148d-9e82-7e65-bfa05e3b3515,26aab0cd-6aba-3e1b-ac5b-05c8867e762c,922fb35e-148d-9e82-91cf-8b7ce6106924,1535362,sodium fluoride 0.0272 MG/MG Oral Gel,129.94,0.00,1,129.94,103697008,Patient referral for dental care (procedure)
2022-07-12T17:12:50Z,2023-07-18T17:12:50Z,9661a432-4630-2cd9-142c-386845fae837,df166300-5a78-3502-a46a-832842197811,9661a432-4630-2cd9-f36f-05b60b0b7f19,314076,lisinopril 10 MG Oral Tablet,0.91,0.00,4,3.64,59621000,Essential hypertension (disorder)
2022-07-12T17:12:50Z,2023-07-18T17:12:50Z,9661a432-4630-2cd9-142c-386845fae837,df166300-5a78-3502-a46a-832842197811,9661a432-4630-2cd9-f36f-05b60b0b7f19,308136,amLODIPine 2.5 MG Oral Tablet,0.91,0.00,4,3.64,59621000,Essential hypertension (disorder)
2023-07-18T17:12:50Z,2024-07-23T17:12:50Z,9661a432-4630-2cd9-142c-386845fae837,df166300-5a78-3502-a46a-832842197811,9661a432-4630-2cd9-e227-f9442b1833be,314076,lisinopril 10 MG Oral Tablet,0.91,0.00,4,3.64,59621000,Essential hypertension (disorder)
2023-07-18T17:12:50Z,2024-07-23T17:12:50Z,9661a432-4630-2cd9-142c-386845fae837,df166300-5a78-3502-a46a-832842197811,9661a432-4630-2cd9-e227-f9442b1833be,308136,amLODIPine 2.5 MG Oral Tablet,1.21,0.00,4,4.84,59621000,Essential hypertension (disorder)
2024-07-23T17:12:50Z,2025-07-29T17:12:50Z,9661a432-4630-2cd9-142c-386845fae837,df166300-5a78-3502-a46a-832842197811,9661a432-4630-2cd9-e76d-d516d5ced61d,314076,lisinopril 10 MG Oral Tablet,0.91,0.00,4,3.64,59621000,Essential hypertension (disorder)
2024-07-23T17:12:50Z,2025-07-29T17:12:50Z,9661a432-4630-2cd9-142c-386845fae837,df166300-5a78-3502-a46a-832842197811,9661a432-4630-2cd9-e76d-d516d5ced61d,308136,amLODIPine 2.5 MG Oral Tablet,1.18,0.00,4,4.72,59621000,Essential hypertension (disorder)
2025-07-29T17:12:50Z,2026-08-04T17:12:50Z,9661a432-4630-2cd9-142c-386845fae837,df166300-5a78-3502-a46a-832842197811,9661a432-4630-2cd9-fcbc-723842f5a8dd,314076,lisinopril 10 MG Oral Tablet,0.91,0.00,4,3.64,59621000,Essential hypertension (disorder)
2025-07-29T17:12:50Z,2026-08-04T17:12:50Z,9661a432-4630-2cd9-142c-386845fae837,df166300-5a78-3502-a46a-832842197811,9661a432-4630-2cd9-fcbc-723842f5a8dd,308136,amLODIPine 2.5 MG Oral Tablet,1.37,0.00,4,5.48,59621000,Essential hypertension (disorder)
2025-08-12T20:02:22Z,2025-08-12T20:02:22Z,9661a432-4630-2cd9-142c-386845fae837,df166300-5a78-3502-a46a-832842197811,9661a432-4630-2cd9-4e99-cf99b8dac65e,1535362,sodium fluoride 0.0272 MG/MG Oral Gel,129.94,79.94,1,129.94,66383009,Gingivitis (disorder)
2026-08-04T17:12:50Z,,9661a432-4630-2cd9-142c-386845fae837,df166300-5a78-3502-a46a-832842197811,9661a432-4630-2cd9-716e-2eca6e91897d,314076,lisinopril 10 MG Oral Tablet,0.91,0.00,1,0.91,59621000,Essential hypertension (disorder)
2026-08-04T17:12:50Z,,9661a432-4630-2cd9-142c-386845fae837,df166300-5a78-3502-a46a-832842197811,9661a432-4630-2cd9-716e-2eca6e91897d,308136,amLODIPine 2.5 MG Oral Tablet,0.91,0.00,1,0.91,59621000,Essential hypertension (disorder)
2022-08-29T23:45:12Z,2023-08-24T23:45:12Z,922fb35e-148d-9e82-7e65-bfa05e3b3515,26aab0cd-6aba-3e1b-ac5b-05c8867e762c,922fb35e-148d-9e82-8019-aa428cb880d2,751905,{7 (ethinyl estradiol 0.035 MG / norgestimate 0.18 MG Oral Tablet) / 7 (ethinyl estradiol 0.035 MG / norgestimate 0.215 MG Oral Tablet) / 7 (ethinyl estradiol 0.035 MG / norgestimate 0.25 MG Oral Tablet) / 7 (inert ingredients 1 MG Oral Tablet) } Pack [Trinessa 28 Day],229.32,137.59,12,2751.84,,
2023-05-26T01:10:28Z,2024-05-31T01:10:28Z,922fb35e-148d-9e82-7e65-bfa05e3b3515,26aab0cd-6aba-3e1b-ac5b-05c8867e762c,922fb35e-148d-9e82-b1bd-41e6918238ff,351109,budesonide 0.25 MG/ML Inhalation Suspension,129.94,0.00,1,129.94,233678006,Childhood asthma (disorder)
2023-05-26T01:10:28Z,2024-05-31T01:10:28Z,922fb35e-148d-9e82-7e65-bfa05e3b3515,26aab0cd-6aba-3e1b-ac5b-05c8867e762c,922fb35e-148d-9e82-b1bd-41e6918238ff,351137,albuterol 0.21 MG/ML Inhalation Solution,129.94,0.00,1,129.94,233678006,Childhood asthma (disorder)
2024-05-31T01:10:28Z,2025-06-06T01:10:28Z,922fb35e-148d-9e82-7e65-bfa05e3b3515,26aab0cd-6aba-3e1b-ac5b-05c8867e762c,922fb35e-148d-9e82-db14-9a78b3b243c1,351109,budesonide 0.25 MG/ML Inhalation Suspension,129.94,129.94,1,129.94,233678006,Childhood asthma (disorder)
2024-05-31T01:10:28Z,2025-06-06T01:10:28Z,922fb35e-148d-9e82-7e65-bfa05e3b3515,26aab0cd-6aba-3e1b-ac5b-05c8867e762c,922fb35e-148d-9e82-db14-9a78b3b243c1,351137,albuterol 0.21 MG/ML Inhalation Solution,129.94,129.94,1,129.94,233678006,Childhood asthma (disorder)
2024-05-31T01:10:28Z,2025-06-06T01:10:28Z,922fb35e-148d-9e82-7e65-bfa05e3b3515,26aab0cd-6aba-3e1b-ac5b-05c8867e762c,922fb35e-148d-9e82-db14-9a78b3b243c1,310798,Hydrochlorothiazide 25 MG Oral Tablet,0.45,0.45,4,1.80,59621000,Essential hypertension (disorder)
2024-05-31T01:10:28Z,2025-06-06T01:10:28Z,922fb35e-148d-9e82-7e65-bfa05e3b3515,26aab0cd-6aba-3e1b-ac5b-05c8867e762c,922fb35e-148d-9e82-db14-9a78b3b243c1,314076,lisinopril 10 MG Oral Tablet,0.91,0.91,4,3.64,59621000,Essential hypertension (disorder)
2024-06-30T01:10:28Z,2025-06-06T01:10:28Z,922fb35e-148d-9e82-7e65-bfa05e3b3515,26aab0cd-6aba-3e1b-ac5b-05c8867e762c,922fb35e-148d-9e82-7a49-0366b0b23e71,308136,amLODIPine 2.5 MG Oral Tablet,1.37,1.37,3,4.11,59621000,Essential hypertension (disorder)
2024-12-06T01:10:28Z,2025-12-03T14:59:04Z,922fb35e-148d-9e82-7e65-bfa05e3b3515,26aab0cd-6aba-3e1b-ac5b-05c8867e762c,922fb35e-148d-9e82-3878-7ce36a797dc4,1605257,levonorgestrel 0.000813 MG/HR Intrauterine System [Liletta],761.34,761.34,12,9136.08,,
2025-06-06T01:10:28Z,2026-06-12T01:10:28Z,922fb35e-148d-9e82-7e65-bfa05e3b3515,26aab0cd-6aba-3e1b-ac5b-05c8867e762c,922fb35e-148d-9e82-289a-63e7b05c47fe,351109,budesonide 0.25 MG/ML Inhalation Suspension,129.94,0.00,1,129.94,233678006,Childhood asthma (disorder)
2025-06-06T01:10:28Z,2026-06-12T01:10:28Z,922fb35e-148d-9e82-7e65-bfa05e3b3515,26aab0cd-6aba-3e1b-ac5b-05c8867e762c,922fb35e-148d-9e82-289a-63e7b05c47fe,310798,Hydrochlorothiazide 25 MG Oral Tablet,0.45,0.00,4,1.80,59621000,Essential hypertension (disorder)
2025-06-06T01:10:28Z,2026-06-12T01:10:28Z,922fb35e-148d-9e82-7e65-bfa05e3b3515,26aab0cd-6aba-3e1b-ac5b-05c8867e762c,922fb35e-148d-9e82-289a-63e7b05c47fe,314076,lisinopril 10 MG Oral Tablet,0.91,0.00,4,3.64,59621000,Essential hypertension (disorder)
2025-06-06T01:10:28Z,2026-06-12T01:10:28Z,922fb35e-148d-9e82-7e65-bfa05e3b3515,26aab0cd-6aba-3e1b-ac5b-05c8867e762c,922fb35e-148d-9e82-289a-63e7b05c47fe,308136,amLODIPine 2.5 MG Oral Tablet,1.37,0.00,4,5.48,59621000,Essential hypertension (disorder)
2025-06-06T01:10:28Z,2026-06-12T01:10:28Z,922fb35e-148d-9e82-7e65-bfa05e3b3515,26aab0cd-6aba-3e1b-ac5b-05c8867e762c,922fb35e-148d-9e82-289a-63e7b05c47fe,351137,albuterol 0.21 MG/ML Inhalation Solution,129.94,0.00,1,129.94,233678006,Childhood asthma (disorder)
2026-06-12T01:10:28Z,,922fb35e-148d-9e82-7e65-bfa05e3b3515,26aab0cd-6aba-3e1b-ac5b-05c8867e762c,922fb35e-148d-9e82-fcb9-3224ffc37ae1,351109,budesonide 0.25 MG/ML Inhalation Suspension,129.94,0.00,1,129.94,233678006,Childhood asthma (disorder)
2026-06-12T01:10:28Z,,922fb35e-148d-9e82-7e65-bfa05e3b3515,26aab0cd-6aba-3e1b-ac5b-05c8867e762c,922fb35e-148d-9e82-fcb9-3224ffc37ae1,310798,Hydrochlorothiazide 25 MG Oral Tablet,0.45,0.00,1,0.45,59621000,Essential hypertension (disorder)
2026-06-12T01:10:28Z,,922fb35e-148d-9e82-7e65-bfa05e3b3515,26aab0cd-6aba-3e1b-ac5b-05c8867e762c,922fb35e-148d-9e82-fcb9-3224ffc37ae1,314076,lisinopril 10 MG Oral Tablet,0.91,0.00,1,0.91,59621000,Essential hypertension (disorder)
2026-06-12T01:10:28Z,,922fb35e-148d-9e82-7e65-bfa05e3b3515,26aab0cd-6aba-3e1b-ac5b-05c8867e762c,922fb35e-148d-9e82-fcb9-3224ffc37ae1,308136,amLODIPine 2.5 MG Oral Tablet,0.91,0.00,1,0.91,59621000,Essential hypertension (disorder)
2026-06-12T01:10:28Z,,922fb35e-148d-9e82-7e65-bfa05e3b3515,26aab0cd-6aba-3e1b-ac5b-05c8867e762c,922fb35e-148d-9e82-fcb9-3224ffc37ae1,351137,albuterol 0.21 MG/ML Inhalation Solution,129.94,0.00,1,129.94,233678006,Childhood asthma (disorder)
1987-06-30T00:32:59Z,,f95a6723-14a5-c4b6-78df-fa97f7ab361c,d31fccc3-1767-390d-966a-22a5156f4219,f95a6723-14a5-c4b6-b67a-3a9de0193923,197378,Astemizole 10 MG Oral Tablet,80.97,64.78,478,38703.66,,
1987-06-30T00:32:59Z,,f95a6723-14a5-c4b6-78df-fa97f7ab361c,d31fccc3-1767-390d-966a-22a5156f4219,f95a6723-14a5-c4b6-b67a-3a9de0193923,1870230,NDA020800 0.3 ML Epinephrine 1 MG/ML Auto-Injector,279.00,223.20,478,133362.00,,
2015-12-19T03:53:24Z,2016-12-24T03:53:24Z,f95a6723-14a5-c4b6-78df-fa97f7ab361c,26aab0cd-6aba-3e1b-ac5b-05c8867e762c,f95a6723-14a5-c4b6-610f-6b2e14a993cd,895996,120 ACTUAT fluticasone propionate 0.044 MG/ACTUAT Metered Dose Inhaler [Flovent],129.94,0.00,1,129.94,233678006,Childhood asthma (disorder)
2015-12-19T03:53:24Z,2016-12-24T03:53:24Z,f95a6723-14a5-c4b6-78df-fa97f7ab361c,26aab0cd-6aba-3e1b-ac5b-05c8867e762c,f95a6723-14a5-c4b6-610f-6b2e14a993cd,630208,albuterol 0.83 MG/ML Inhalation Solution,129.94,0.00,1,129.94,233678006,Childhood asthma (disorder)
2016-07-19T00:42:40Z,2017-07-14T01:01:36Z,f95a6723-14a5-c4b6-78df-fa97f7ab361c,26aab0cd-6aba-3e1b-ac5b-05c8867e762c,f95a6723-14a5-c4b6-8e22-cd4b93e6d116,1000126,1 ML medroxyprogesterone acetate 150 MG/ML Injection,10.19,0.00,12,122.28,,
2016-12-24T03:53:24Z,2017-12-30T03:53:24Z,f95a6723-14a5-c4b6-78df-fa97f7ab361c,26aab0cd-6aba-3e1b-ac5b-05c8867e762c,f95a6723-14a5-c4b6-cade-790b7ebd56ee,895996,120 ACTUAT fluticasone propionate 0.044 MG/ACTUAT Metered Dose Inhaler [Flovent],129.94,0.00,1,129.94,233678006,Childhood asthma (disorder)
2016-12-24T03:53:24Z,2017-12-30T03:53:24Z,f95a6723-14a5-c4b6-78df-fa97f7ab361c,26aab0cd-6aba-3e1b-ac5b-05c8867e762c,f95a6723-14a5-c4b6-cade-790b7ebd56ee,630208,albuterol 0.83 MG/ML Inhalation Solution,129.94,0.00,1,129.94,233678006,Childhood asthma (disorder)
2017-01-07T06:11:54Z,2017-01-07T06:11:54Z,f95a6723-14a5-c4b6-78df-fa97f7ab361c,26aab0cd-6aba-3e1b-ac5b-05c8867e762c,f95a6723-14a5-c4b6-4248-84ccb4c4838a,1535362,sodium fluoride 0.0272 MG/MG Oral Gel,129.94,0.00,1,129.94,103697008,Patient referral for dental care (procedure)
2017-07-14T01:01:36Z,2018-07-09T01:01:36Z,f95a6723-14a5-c4b6-78df-fa97f7ab361c,26aab0cd-6aba-3e1b-ac5b-05c8867e762c,f95a6723-14a5-c4b6-13ea-e53309197ce5,748879,{21 (ethinyl estradiol 0.03 MG / levonorgestrel 0.15 MG Oral Tablet) / 7 (inert ingredients 1 MG Oral Tablet) } Pack [Levora 0.15/30 28 Day],339.25,203.55,12,4071.00,,
2017-12-30T03:53:24Z,2019-01-05T03:53:24Z,f95a6723-14a5-c4b6-78df-fa97f7ab361c,26aab0cd-6aba-3e1b-ac5b-05c8867e762c,f95a6723-14a5-c4b6-a71a-a8af4345111b,895996,120 ACTUAT fluticasone propionate 0.044 MG/ACTUAT Metered Dose Inhaler [Flovent],129.94,0.00,1,129.94,233678006,Childhood asthma (disorder)
2017-12-30T03:53:24Z,2019-01-05T03:53:24Z,f95a6723-14a5-c4b6-78df-fa97f7ab361c,26aab0cd-6aba-3e1b-ac5b-05c8867e762c,f95a6723-14a5-c4b6-a71a-a8af4345111b,630208,albuterol 0.83 MG/ML Inhalation Solution,129.94,0.00,1,129.94,233678006,Childhood asthma (disorder)
2019-01-05T03:53:24Z,2020-01-11T03:53:24Z,f95a6723-14a5-c4b6-78df-fa97f7ab361c,26aab0cd-6aba-3e1b-ac5b-05c8867e762c,f95a6723-14a5-c4b6-3c7e-d9c41e3a0289,895996,120 ACTUAT fluticasone propionate 0.044 MG/ACTUAT Metered Dose Inhaler [Flovent],129.94,0.00,1,129.94,233678006,Childhood asthma (disorder)
2019-01-05T03:53:24Z,2020-01-11T03:53:24Z,f95a6723-14a5-c4b6-78df-fa97f7ab361c,26aab0cd-6aba-3e1b-ac5b-05c8867e762c,f95a6723-14a5-c4b6-3c7e-d9c41e3a0289,630208,albuterol 0.83 MG/ML Inhalation Solution,129.94,0.00,1,129.94,233678006,Childhood asthma (disorder)
2019-07-04T01:01:36Z,2020-06-28T01:01:36Z,f95a6723-14a5-c4b6-78df-fa97f7ab361c,26aab0cd-6aba-3e1b-ac5b-05c8867e762c,f95a6723-14a5-c4b6-2868-c2c408c6d537,978950,{5 (dienogest 2 MG / estradiol valerate 2 MG Oral Tablet) / 17 (dienogest 3 MG / estradiol valerate 2 MG Oral Tablet) / 2 (estradiol valerate 1 MG Oral Tablet) / 2 (estradiol valerate 3 MG Oral Tablet) / 2 (inert ingredients 1 MG Oral Tablet) } Pack [Natazia 28 Day],229.32,0.00,12,2751.84,,
2020-01-11T03:53:24Z,2021-01-16T03:53:24Z,f95a6723-14a5-c4b6-78df-fa97f7ab361c,26aab0cd-6aba-3e1b-ac5b-05c8867e762c,f95a6723-14a5-c4b6-1fe6-5f2cb12e0074,895996,120 ACTUAT fluticasone propionate 0.044 MG/ACTUAT Metered Dose Inhaler [Flovent],129.94,0.00,1,129.94,233678006,Childhood asthma (disorder)
2020-01-11T03:53:24Z,2021-01-16T03:53:24Z,f95a6723-14a5-c4b6-78df-fa97f7ab361c,26aab0cd-6aba-3e1b-ac5b-05c8867e762c,f95a6723-14a5-c4b6-1fe6-5f2cb12e0074,630208,albuterol 0.83 MG/ML Inhalation Solution,129.94,0.00,1,129.94,233678006,Childhood asthma (disorder)
2020-01-25T06:21:17Z,2020-01-25T06:21:17Z,f95a6723-14a5-c4b6-78df-fa97f7ab361c,26aab0cd-6aba-3e1b-ac5b-05c8867e762c,f95a6723-14a5-c4b6-6ea5-c23e63b19b3f,1535362,sodium fluoride 0.0272 MG/MG Oral Gel,129.94,0.00,1,129.94,66383009,Gingivitis (disorder)
2020-06-28T01:01:36Z,2021-06-23T01:01:36Z,f95a6723-14a5-c4b6-78df-fa97f7ab361c,26aab0cd-6aba-3e1b-ac5b-05c8867e762c,f95a6723-14a5-c4b6-a38d-379d1e249434,748879,{21 (ethinyl estradiol 0.03 MG / levonorgestrel 0.15 MG Oral Tablet) / 7 (inert ingredients 1 MG Oral Tablet) } Pack [Levora 0.15/30 28 Day],764.40,0.00,12,9172.80,,
2021-01-16T03:53:24Z,2022-01-22T03:53:24Z,f95a6723-14a5-c4b6-78df-fa97f7ab361c,26aab0cd-6aba-3e1b-ac5b-05c8867e762c,f95a6723-14a5-c4b6-0e5f-112ee7e36ebf,895996,120 ACTUAT fluticasone propionate 0.044 MG/ACTUAT Metered Dose Inhaler [Flovent],129.94,0.00,1,129.94,233678006,Childhood asthma (disorder)
2021-01-16T03:53:24Z,2022-01-22T03:53:24Z,f95a6723-14a5-c4b6-78df-fa97f7ab361c,26aab0cd-6aba-3e1b-ac5b-05c8867e762c,f95a6723-14a5-c4b6-0e5f-112ee7e36ebf,630208,albuterol 0.83 MG/ML Inhalation Solution,129.94,0.00,1,129.94,233678006,Childhood asthma (disorder)
2021-06-23T01:01:36Z,2022-06-18T01:01:36Z,f95a6723-14a5-c4b6-78df-fa97f7ab361c,26aab0cd-6aba-3e1b-ac5b-05c8867e762c,f95a6723-14a5-c4b6-5412-7153d88c42f2,978950,{5 (dienogest 2 MG / estradiol valerate 2 MG Oral Tablet) / 17 (dienogest 3 MG / estradiol valerate 2 MG Oral Tablet) / 2 (estradiol valerate 1 MG Oral Tablet) / 2 (estradiol valerate 3 MG Oral Tablet) / 2 (inert ingredients 1 MG Oral Tablet) } Pack [Natazia 28 Day],711.30,0.00,12,8535.60,,
2022-01-22T03:53:24Z,2023-01-28T03:53:24Z,f95a6723-14a5-c4b6-78df-fa97f7ab361c,26aab0cd-6aba-3e1b-ac5b-05c8867e762c,f95a6723-14a5-c4b6-9273-f3997afef4da,895996,120 ACTUAT fluticasone propionate 0.044 MG/ACTUAT Metered Dose Inhaler [Flovent],129.94,0.00,1,129.94,233678006,Childhood asthma (disorder)
2022-01-22T03:53:24Z,2023-01-28T03:53:24Z,f95a6723-14a5-c4b6-78df-fa97f7ab361c,26aab0cd-6aba-3e1b-ac5b-05c8867e762c,f95a6723-14a5-c4b6-9273-f3997afef4da,630208,albuterol 0.83 MG/ML Inhalation Solution,129.94,0.00,1,129.94,233678006,Childhood asthma (disorder)
2023-01-28T03:53:24Z,2024-02-03T03:53:24Z,f95a6723-14a5-c4b6-78df-fa97f7ab361c,26aab0cd-6aba-3e1b-ac5b-05c8867e762c,f95a6723-14a5-c4b6-d99d-10fdc4ee9e0d,895996,120 ACTUAT fluticasone propionate 0.044 MG/ACTUAT Metered Dose Inhaler [Flovent],129.94,0.00,1,129.94,233678006,Childhood asthma (disorder)
2023-01-28T03:53:24Z,2024-02-03T03:53:24Z,f95a6723-14a5-c4b6-78df-fa97f7ab361c,26aab0cd-6aba-3e1b-ac5b-05c8867e762c,f95a6723-14a5-c4b6-d99d-10fdc4ee9e0d,630208,albuterol 0.83 MG/ML Inhalation Solution,129.94,0.00,1,129.94,233678006,Childhood asthma (disorder)
2023-06-13T01:01:36Z,2024-06-07T01:13:29Z,f95a6723-14a5-c4b6-78df-fa97f7ab361c,26aab0cd-6aba-3e1b-ac5b-05c8867e762c,f95a6723-14a5-c4b6-62ce-f9269b7caf1a,1000126,1 ML medroxyprogesterone acetate 150 MG/ML Injection,51.25,0.00,12,615.00,,
2024-02-03T03:53:24Z,2025-02-08T03:53:24Z,f95a6723-14a5-c4b6-78df-fa97f7ab361c,26aab0cd-6aba-3e1b-ac5b-05c8867e762c,f95a6723-14a5-c4b6-6aee-0225b2fd56c7,895996,120 ACTUAT fluticasone propionate 0.044 MG/ACTUAT Metered Dose Inhaler [Flovent],129.94,0.00,1,129.94,233678006,Childhood asthma (disorder)
2024-02-03T03:53:24Z,2025-02-08T03:53:24Z,f95a6723-14a5-c4b6-78df-fa97f7ab361c,26aab0cd-6aba-3e1b-ac5b-05c8867e762c,f95a6723-14a5-c4b6-6aee-0225b2fd56c7,630208,albuterol 0.83 MG/ML Inhalation Solution,129.94,0.00,1,129.94,233678006,Childhood asthma (disorder)
2024-02-17T05:40:54Z,2024-02-17T05:40:54Z,f95a6723-14a5-c4b6-78df-fa97f7ab361c,26aab0cd-6aba-3e1b-ac5b-05c8867e762c,f95a6723-14a5-c4b6-f9d0-3c6c676a0455,1535362,sodium fluoride 0.0272 MG/MG Oral Gel,129.94,0.00,1,129.94,103697008,Patient referral for dental care (procedure)
2024-06-07T01:13:29Z,2025-06-02T01:13:29Z,f95a6723-14a5-c4b6-78df-fa97f7ab361c,26aab0cd-6aba-3e1b-ac5b-05c8867e762c,f95a6723-14a5-c4b6-6cba-8e590a67e5f1,748879,{21 (ethinyl estradiol 0.03 MG / levonorgestrel 0.15 MG Oral Tablet) / 7 (inert ingredients 1 MG Oral Tablet) } Pack [Levora 0.15/30 28 Day],764.40,171.08,12,9172.80,,
2025-02-08T03:53:24Z,2026-02-14T03:53:24Z,f95a6723-14a5-c4b6-78df-fa97f7ab361c,26aab0cd-6aba-3e1b-ac5b-05c8867e762c,f95a6723-14a5-c4b6-f224-5fb2e524e8ac,895996,120 ACTUAT fluticasone propionate 0.044 MG/ACTUAT Metered Dose Inhaler [Flovent],129.94,0.00,1,129.94,233678006,Childhood asthma (disorder)
2025-02-08T03:53:24Z,2026-02-14T03:53:24Z,f95a6723-14a5-c4b6-78df-fa97f7ab361c,26aab0cd-6aba-3e1b-ac5b-05c8867e762c,f95a6723-14a5-c4b6-f224-5fb2e524e8ac,630208,albuterol 0.83 MG/ML Inhalation Solution,129.94,0.00,1,129.94,233678006,Childhood asthma (disorder)
2025-02-22T09:20:27Z,2025-02-22T09:20:27Z,f95a6723-14a5-c4b6-78df-fa97f7ab361c,26aab0cd-6aba-3e1b-ac5b-05c8867e762c,f95a6723-14a5-c4b6-fdf6-dfd92d803476,1535362,sodium fluoride 0.0272 MG/MG Oral Gel,129.94,0.00,1,129.94,66383009,Gingivitis (disorder)
2026-02-14T03:53:24Z,,f95a6723-14a5-c4b6-78df-fa97f7ab361c,a735bf55-83e9-331a-899d-a82a60b9f60c,f95a6723-14a5-c4b6-a697-e34ff43a2a11,895996,120 ACTUAT fluticasone propionate 0.044 MG/ACTUAT Metered Dose Inhaler [Flovent],129.94,103.95,1,129.94,233678006,Childhood asthma (disorder)
2026-02-14T03:53:24Z,,f95a6723-14a5-c4b6-78df-fa97f7ab361c,a735bf55-83e9-331a-899d-a82a60b9f60c,f95a6723-14a5-c4b6-a697-e34ff43a2a11,630208,albuterol 0.83 MG/ML Inhalation Solution,129.94,103.95,1,129.94,233678006,Childhood asthma (disorder)
2016-03-12T11:15:05Z,,7b06ee52-df9a-8487-0be6-dff27cc7d519,26aab0cd-6aba-3e1b-ac5b-05c8867e762c,7b06ee52-df9a-8487-cbf0-11ebe1804d39,1049221,Acetaminophen 325 MG / oxyCODONE Hydrochloride 5 MG Oral Tablet,7.41,4.45,275,2037.75,,
2016-07-31T09:02:05Z,2017-07-26T09:02:05Z,7b06ee52-df9a-8487-0be6-dff27cc7d519,26aab0cd-6aba-3e1b-ac5b-05c8867e762c,7b06ee52-df9a-8487-ad2c-6e426f06bc74,748856,{24 (drospirenone 3 MG / ethinyl estradiol 0.02 MG Oral Tablet) / 4 (inert ingredients 1 MG Oral Tablet) } Pack [Yaz 28 Day],326.66,326.66,12,3919.92,,
2018-07-21T09:02:05Z,2019-07-16T09:02:05Z,7b06ee52-df9a-8487-0be6-dff27cc7d519,26aab0cd-6aba-3e1b-ac5b-05c8867e762c,7b06ee52-df9a-8487-c3f7-ca403b82bb81,748856,{24 (drospirenone 3 MG / ethinyl estradiol 0.02 MG Oral Tablet) / 4 (inert ingredients 1 MG Oral Tablet) } Pack [Yaz 28 Day],408.63,0.00,12,4903.56,,
2019-07-16T09:02:05Z,2020-07-10T09:02:05Z,7b06ee52-df9a-8487-0be6-dff27cc7d519,26aab0cd-6aba-3e1b-ac5b-05c8867e762c,7b06ee52-df9a-8487-2c39-a6371d6699ae,978950,{5 (dienogest 2 MG / estradiol valerate 2 MG Oral Tablet) / 17 (dienogest 3 MG / estradiol valerate 2 MG Oral Tablet) / 2 (estradiol valerate 1 MG Oral Tablet) / 2 (estradiol valerate 3 MG Oral Tablet) / 2 (inert ingredients 1 MG Oral Tablet) } Pack [Natazia 28 Day],764.40,0.00,12,9172.80,,
2020-04-19T16:15:05Z,2020-05-09T16:15:05Z,7b06ee52-df9a-8487-0be6-dff27cc7d519,26aab0cd-6aba-3e1b-ac5b-05c8867e762c,7b06ee52-df9a-8487-bfe5-ebe1cdf5d334,313782,Acetaminophen 325 MG Oral Tablet,183.45,0.00,1,183.45,,
2020-11-15T10:34:42Z,2020-11-15T15:34:42Z,7b06ee52-df9a-8487-0be6-dff27cc7d519,26aab0cd-6aba-3e1b-ac5b-05c8867e762c,7b06ee52-df9a-8487-70f2-d892d1aaedd9,1648755,nitrofurantoin  macrocrystals 25 MG / nitrofurantoin  monohydrate 75 MG Oral Capsule,129.94,129.94,1,129.94,307426000,Acute infective cystitis (disorder)
2021-08-02T09:02:05Z,2022-07-28T09:02:05Z,7b06ee52-df9a-8487-0be6-dff27cc7d519,26aab0cd-6aba-3e1b-ac5b-05c8867e762c,7b06ee52-df9a-8487-c025-72331bfdbd5e,748856,{24 (drospirenone 3 MG / ethinyl estradiol 0.02 MG Oral Tablet) / 4 (inert ingredients 1 MG Oral Tablet) } Pack [Yaz 28 Day],339.78,339.78,12,4077.36,,
2024-07-17T09:02:05Z,2025-07-12T09:15:54Z,7b06ee52-df9a-8487-0be6-dff27cc7d519,26aab0cd-6aba-3e1b-ac5b-05c8867e762c,7b06ee52-df9a-8487-c0f3-33255a1984cf,1000126,1 ML medroxyprogesterone acetate 150 MG/ML Injection,14.34,14.34,12,172.08,,
2026-07-07T09:15:54Z,,7b06ee52-df9a-8487-0be6-dff27cc7d519,26aab0cd-6aba-3e1b-ac5b-05c8867e762c,7b06ee52-df9a-8487-89de-f7433e1b6bf3,748879,{21 (ethinyl estradiol 0.03 MG / levonorgestrel 0.15 MG Oral Tablet) / 7 (inert ingredients 1 MG Oral Tablet) } Pack [Levora 0.15/30 28 Day],764.40,458.64,2,1528.80,,
2017-10-25T03:13:31Z,,b6a1cac9-8873-36a7-e726-4aad8a07d44d,df166300-5a78-3502-a46a-832842197811,b6a1cac9-8873-36a7-f6eb-48ddd2391041,106258,Hydrocortisone 10 MG/ML Topical Cream,97.27,47.27,108,10505.16,40275004,Contact dermatitis (disorder)
2017-11-13T01:46:47Z,,b6a1cac9-8873-36a7-e726-4aad8a07d44d,df166300-5a78-3502-a46a-832842197811,b6a1cac9-8873-36a7-4cd0-c6b8b9950567,311372,Loratadine 10 MG Oral Tablet,76.44,26.44,108,8255.52,,
2017-11-13T01:46:47Z,,b6a1cac9-8873-36a7-e726-4aad8a07d44d,df166300-5a78-3502-a46a-832842197811,b6a1cac9-8873-36a7-4cd0-c6b8b9950567,1870230,NDA020800 0.3 ML Epinephrine 1 MG/ML Auto-Injector,206.80,156.80,108,22334.40,,
2016-12-10T20:20:24Z,2016-12-24T20:20:24Z,4aaa0001-3832-cc52-e2f3-47aad08f4284,df166300-5a78-3502-a46a-832842197811,4aaa0001-3832-cc52-a566-3da726975282,309097,Cefuroxime 250 MG Oral Tablet,171.19,121.19,1,171.19,,
2016-12-10T20:20:24Z,2016-12-24T20:20:24Z,4aaa0001-3832-cc52-e2f3-47aad08f4284,df166300-5a78-3502-a46a-832842197811,4aaa0001-3832-cc52-a566-3da726975282,313820,Acetaminophen 160 MG Chewable Tablet,45.86,0.00,1,45.86,,
2017-02-26T22:26:16Z,2017-02-26T22:26:16Z,4aaa0001-3832-cc52-e2f3-47aad08f4284,df166300-5a78-3502-a46a-832842197811,4aaa0001-3832-cc52-d028-b227555f909b,1535362,sodium fluoride 0.0272 MG/MG Oral Gel,129.94,79.94,1,129.94,103697008,Patient referral for dental care (procedure)
2018-03-11T23:11:34Z,2018-03-11T23:11:34Z,4aaa0001-3832-cc52-e2f3-47aad08f4284,df166300-5a78-3502-a46a-832842197811,4aaa0001-3832-cc52-5b97-6276f741fa0d,1535362,sodium fluoride 0.0272 MG/MG Oral Gel,129.94,79.94,1,129.94,66383009,Gingivitis (disorder)
2019-03-17T22:36:00Z,2019-03-17T22:36:00Z,4aaa0001-3832-cc52-e2f3-47aad08f4284,df166300-5a78-3502-a46a-832842197811,4aaa0001-3832-cc52-b101-5e01107757b7,1535362,sodium fluoride 0.0272 MG/MG Oral Gel,129.94,79.94,1,129.94,66383009,Gingivitis (disorder)
2019-01-16T03:49:43Z,2019-01-16T03:49:43Z,b6a1cac9-8873-36a7-e726-4aad8a07d44d,df166300-5a78-3502-a46a-832842197811,b6a1cac9-8873-36a7-500c-cda49405ff12,1535362,sodium fluoride 0.0272 MG/MG Oral Gel,129.94,79.94,1,129.94,66383009,Gingivitis (disorder)
2021-03-28T23:01:39Z,2021-03-28T23:01:39Z,4aaa0001-3832-cc52-e2f3-47aad08f4284,df166300-5a78-3502-a46a-832842197811,4aaa0001-3832-cc52-5986-0288bb638bdc,1535362,sodium fluoride 0.0272 MG/MG Oral Gel,129.94,79.94,1,129.94,103697008,Patient referral for dental care (procedure)
2022-11-13T20:20:24Z,2022-11-23T20:20:24Z,4aaa0001-3832-cc52-e2f3-47aad08f4284,df166300-5a78-3502-a46a-832842197811,4aaa0001-3832-cc52-3a3e-0a59fcf416d7,313782,Acetaminophen 325 MG Oral Tablet,115.87,65.87,1,115.87,10509002,Acute bronchitis (disorder)
2022-11-20T22:55:30Z,2022-11-20T22:55:30Z,4aaa0001-3832-cc52-e2f3-47aad08f4284,df166300-5a78-3502-a46a-832842197811,4aaa0001-3832-cc52-8908-cd0c6362b226,1535362,sodium fluoride 0.0272 MG/MG Oral Gel,129.94,79.94,1,129.94,103697008,Patient referral for dental care (procedure)
2025-03-05T01:13:31Z,2025-03-21T01:13:31Z,b6a1cac9-8873-36a7-e726-4aad8a07d44d,df166300-5a78-3502-a46a-832842197811,b6a1cac9-8873-36a7-499f-a245ba369ca7,562251,Amoxicillin 250 MG / Clavulanate 125 MG Oral Tablet,45.86,0.00,1,45.86,444814009,Viral sinusitis (disorder)
2023-04-10T01:07:57Z,2023-04-10T01:07:57Z,4aaa0001-3832-cc52-e2f3-47aad08f4284,df166300-5a78-3502-a46a-832842197811,4aaa0001-3832-cc52-739d-2d880c8ca25f,1535362,sodium fluoride 0.0272 MG/MG Oral Gel,129.94,79.94,1,129.94,66383009,Gingivitis (disorder)
2025-04-20T23:03:12Z,2025-04-20T23:03:12Z,4aaa0001-3832-cc52-e2f3-47aad08f4284,df166300-5a78-3502-a46a-832842197811,4aaa0001-3832-cc52-315a-e98a6e203f4c,1535362,sodium fluoride 0.0272 MG/MG Oral Gel,129.94,79.94,1,129.94,66383009,Gingivitis (disorder)
2012-07-18T08:16:28Z,,f32a088b-988b-d7d5-008b-89ea4ed1fc48,df166300-5a78-3502-a46a-832842197811,f32a088b-988b-d7d5-9874-a5cd24ab1457,1014676,cetirizine hydrochloride 5 MG Oral Tablet,382.20,232.20,173,66120.60,,
2012-07-22T11:39:41Z,,f32a088b-988b-d7d5-008b-89ea4ed1fc48,df166300-5a78-3502-a46a-832842197811,f32a088b-988b-d7d5-84c6-04d18b45ecb5,1870230,NDA020800 0.3 ML Epinephrine 1 MG/ML Auto-Injector,228.11,178.11,172,39234.92,,
2016-08-24T08:16:28Z,2017-08-30T08:16:28Z,f32a088b-988b-d7d5-008b-89ea4ed1fc48,df166300-5a78-3502-a46a-832842197811,f32a088b-988b-d7d5-7157-f09a7c5c192a,895996,120 ACTUAT fluticasone propionate 0.044 MG/ACTUAT Metered Dose Inhaler [Flovent],129.94,0.00,1,129.94,233678006,Childhood asthma (disorder)
2016-08-24T08:16:28Z,2017-08-30T08:16:28Z,f32a088b-988b-d7d5-008b-89ea4ed1fc48,df166300-5a78-3502-a46a-832842197811,f32a088b-988b-d7d5-7157-f09a7c5c192a,630208,albuterol 0.83 MG/ML Inhalation Solution,129.94,59.88,1,129.94,233678006,Childhood asthma (disorder)
2016-12-31T08:59:10Z,2017-03-25T08:59:10Z,f32a088b-988b-d7d5-008b-89ea4ed1fc48,df166300-5a78-3502-a46a-832842197811,f32a088b-988b-d7d5-8ec1-c79e6a0bdd47,313820,Acetaminophen 160 MG Chewable Tablet,54.23,4.23,2,108.46,,
2017-08-30T08:16:28Z,2018-01-31T08:16:28Z,f32a088b-988b-d7d5-008b-89ea4ed1fc48,df166300-5a78-3502-a46a-832842197811,f32a088b-988b-d7d5-e641-9c381616f4dd,895996,120 ACTUAT fluticasone propionate 0.044 MG/ACTUAT Metered Dose Inhaler [Flovent],129.94,0.00,1,129.94,233678006,Childhood asthma (disorder)
2017-08-30T08:16:28Z,2018-01-31T08:16:28Z,f32a088b-988b-d7d5-008b-89ea4ed1fc48,df166300-5a78-3502-a46a-832842197811,f32a088b-988b-d7d5-e641-9c381616f4dd,630208,albuterol 0.83 MG/ML Inhalation Solution,129.94,59.88,1,129.94,233678006,Childhood asthma (disorder)
2018-01-31T08:16:28Z,2018-02-07T08:16:28Z,f32a088b-988b-d7d5-008b-89ea4ed1fc48,df166300-5a78-3502-a46a-832842197811,f32a088b-988b-d7d5-268b-5899f922401b,895996,120 ACTUAT fluticasone propionate 0.044 MG/ACTUAT Metered Dose Inhaler [Flovent],129.94,79.94,1,129.94,233678006,Childhood asthma (disorder)
2018-01-31T08:16:28Z,2018-02-07T08:16:28Z,f32a088b-988b-d7d5-008b-89ea4ed1fc48,df166300-5a78-3502-a46a-832842197811,f32a088b-988b-d7d5-268b-5899f922401b,630208,albuterol 0.83 MG/ML Inhalation Solution,129.94,79.94,1,129.94,233678006,Childhood asthma (disorder)
2018-02-07T08:16:28Z,2018-02-14T08:16:28Z,f32a088b-988b-d7d5-008b-89ea4ed1fc48,df166300-5a78-3502-a46a-832842197811,f32a088b-988b-d7d5-1e4c-5560fa709de3,895996,120 ACTUAT fluticasone propionate 0.044 MG/ACTUAT Metered Dose Inhaler [Flovent],129.94,79.94,1,129.94,233678006,Childhood asthma (disorder)
2018-02-07T08:16:28Z,2018-02-14T08:16:28Z,f32a088b-988b-d7d5-008b-89ea4ed1fc48,df166300-5a78-3502-a46a-832842197811,f32a088b-988b-d7d5-1e4c-5560fa709de3,630208,albuterol 0.83 MG/ML Inhalation Solution,129.94,79.94,1,129.94,233678006,Childhood asthma (disorder)
2018-02-14T08:16:28Z,2018-07-25T08:16:28Z,f32a088b-988b-d7d5-008b-89ea4ed1fc48,df166300-5a78-3502-a46a-832842197811,f32a088b-988b-d7d5-865b-dd3f0a84a16d,895996,120 ACTUAT fluticasone propionate 0.044 MG/ACTUAT Metered Dose Inhaler [Flovent],129.94,79.94,1,129.94,233678006,Childhood asthma (disorder)
2018-02-14T08:16:28Z,2018-07-25T08:16:28Z,f32a088b-988b-d7d5-008b-89ea4ed1fc48,df166300-5a78-3502-a46a-832842197811,f32a088b-988b-d7d5-865b-dd3f0a84a16d,630208,albuterol 0.83 MG/ML Inhalation Solution,129.94,79.94,1,129.94,233678006,Childhood asthma (disorder)
2018-07-25T08:16:28Z,2018-08-01T08:16:28Z,f32a088b-988b-d7d5-008b-89ea4ed1fc48,df166300-5a78-3502-a46a-832842197811,f32a088b-988b-d7d5-0c77-387f13c46594,895996,120 ACTUAT fluticasone propionate 0.044 MG/ACTUAT Metered Dose Inhaler [Flovent],129.94,79.94,1,129.94,233678006,Childhood asthma (disorder)
2018-07-25T08:16:28Z,2018-08-01T08:16:28Z,f32a088b-988b-d7d5-008b-89ea4ed1fc48,df166300-5a78-3502-a46a-832842197811,f32a088b-988b-d7d5-0c77-387f13c46594,630208,albuterol 0.83 MG/ML Inhalation Solution,129.94,79.94,1,129.94,233678006,Childhood asthma (disorder)
2018-08-01T08:16:28Z,2018-08-08T08:16:28Z,f32a088b-988b-d7d5-008b-89ea4ed1fc48,df166300-5a78-3502-a46a-832842197811,f32a088b-988b-d7d5-110e-dc0608ea1ce6,895996,120 ACTUAT fluticasone propionate 0.044 MG/ACTUAT Metered Dose Inhaler [Flovent],129.94,79.94,1,129.94,233678006,Childhood asthma (disorder)
2018-08-01T08:16:28Z,2018-08-08T08:16:28Z,f32a088b-988b-d7d5-008b-89ea4ed1fc48,df166300-5a78-3502-a46a-832842197811,f32a088b-988b-d7d5-110e-dc0608ea1ce6,630208,albuterol 0.83 MG/ML Inhalation Solution,129.94,79.94,1,129.94,233678006,Childhood asthma (disorder)
2018-08-08T08:16:28Z,2018-09-05T08:16:28Z,f32a088b-988b-d7d5-008b-89ea4ed1fc48,df166300-5a78-3502-a46a-832842197811,f32a088b-988b-d7d5-3a59-8d843b7c2ce8,895996,120 ACTUAT fluticasone propionate 0.044 MG/ACTUAT Metered Dose Inhaler [Flovent],129.94,79.94,1,129.94,233678006,Childhood asthma (disorder)
2018-08-08T08:16:28Z,2018-09-05T08:16:28Z,f32a088b-988b-d7d5-008b-89ea4ed1fc48,df166300-5a78-3502-a46a-832842197811,f32a088b-988b-d7d5-3a59-8d843b7c2ce8,630208,albuterol 0.83 MG/ML Inhalation Solution,129.94,79.94,1,129.94,233678006,Childhood asthma (disorder)
2018-08-22T08:16:28Z,2018-09-03T07:16:28Z,f32a088b-988b-d7d5-008b-89ea4ed1fc48,df166300-5a78-3502-a46a-832842197811,f32a088b-988b-d7d5-cc4c-7114ec9c4d56,834061,Penicillin V Potassium 250 MG Oral Tablet,78.59,0.00,1,78.59,43878008,Streptococcal sore throat (disorder)
2018-09-05T08:16:28Z,2019-09-11T08:16:28Z,f32a088b-988b-d7d5-008b-89ea4ed1fc48,df166300-5a78-3502-a46a-832842197811,f32a088b-988b-d7d5-b0ff-aaf8b3e7f2d6,895996,120 ACTUAT fluticasone propionate 0.044 MG/ACTUAT Metered Dose Inhaler [Flovent],129.94,79.94,1,129.94,233678006,Childhood asthma (disorder)
2018-09-05T08:16:28Z,2019-09-11T08:16:28Z,f32a088b-988b-d7d5-008b-89ea4ed1fc48,df166300-5a78-3502-a46a-832842197811,f32a088b-988b-d7d5-b0ff-aaf8b3e7f2d6,630208,albuterol 0.83 MG/ML Inhalation Solution,129.94,79.94,1,129.94,233678006,Childhood asthma (disorder)
2018-09-19T11:21:37Z,2018-09-19T11:21:37Z,f32a088b-988b-d7d5-008b-89ea4ed1fc48,df166300-5a78-3502-a46a-832842197811,f32a088b-988b-d7d5-e973-cd4970727d6a,1535362,sodium fluoride 0.0272 MG/MG Oral Gel,129.94,79.94,1,129.94,103697008,Patient referral for dental care (procedure)
2019-09-11T08:16:28Z,2020-09-16T08:16:28Z,f32a088b-988b-d7d5-008b-89ea4ed1fc48,df166300-5a78-3502-a46a-832842197811,f32a088b-988b-d7d5-0814-92fa891e3649,895996,120 ACTUAT fluticasone propionate 0.044 MG/ACTUAT Metered Dose Inhaler [Flovent],129.94,79.94,1,129.94,233678006,Childhood asthma (disorder)
2019-09-11T08:16:28Z,2020-09-16T08:16:28Z,f32a088b-988b-d7d5-008b-89ea4ed1fc48,df166300-5a78-3502-a46a-832842197811,f32a088b-988b-d7d5-0814-92fa891e3649,630208,albuterol 0.83 MG/ML Inhalation Solution,129.94,79.94,1,129.94,233678006,Childhood asthma (disorder)
2020-09-16T08:16:28Z,2021-09-22T08:16:28Z,f32a088b-988b-d7d5-008b-89ea4ed1fc48,df166300-5a78-3502-a46a-832842197811,f32a088b-988b-d7d5-cc1e-8ca77332d58c,895996,120 ACTUAT fluticasone propionate 0.044 MG/ACTUAT Metered Dose Inhaler [Flovent],129.94,79.94,1,129.94,233678006,Childhood asthma (disorder)
2020-09-16T08:16:28Z,2021-09-22T08:16:28Z,f32a088b-988b-d7d5-008b-89ea4ed1fc48,df166300-5a78-3502-a46a-832842197811,f32a088b-988b-d7d5-cc1e-8ca77332d58c,630208,albuterol 0.83 MG/ML Inhalation Solution,129.94,79.94,1,129.94,233678006,Childhood asthma (disorder)
2021-09-22T08:16:28Z,2022-09-28T08:16:28Z,f32a088b-988b-d7d5-008b-89ea4ed1fc48,df166300-5a78-3502-a46a-832842197811,f32a088b-988b-d7d5-90c8-2a7db414e3af,895996,120 ACTUAT fluticasone propionate 0.044 MG/ACTUAT Metered Dose Inhaler [Flovent],129.94,79.94,1,129.94,233678006,Childhood asthma (disorder)
2021-09-22T08:16:28Z,2022-09-28T08:16:28Z,f32a088b-988b-d7d5-008b-89ea4ed1fc48,df166300-5a78-3502-a46a-832842197811,f32a088b-988b-d7d5-90c8-2a7db414e3af,630208,albuterol 0.83 MG/ML Inhalation Solution,129.94,79.94,1,129.94,233678006,Childhood asthma (disorder)
2022-09-28T08:16:28Z,2023-10-04T08:16:28Z,f32a088b-988b-d7d5-008b-89ea4ed1fc48,df166300-5a78-3502-a46a-832842197811,f32a088b-988b-d7d5-e366-31ac3abfd846,895996,120 ACTUAT fluticasone propionate 0.044 MG/ACTUAT Metered Dose Inhaler [Flovent],129.94,79.94,1,129.94,233678006,Childhood asthma (disorder)
2022-09-28T08:16:28Z,2023-10-04T08:16:28Z,f32a088b-988b-d7d5-008b-89ea4ed1fc48,df166300-5a78-3502-a46a-832842197811,f32a088b-988b-d7d5-e366-31ac3abfd846,630208,albuterol 0.83 MG/ML Inhalation Solution,129.94,79.94,1,129.94,233678006,Childhood asthma (disorder)
2022-10-12T10:32:42Z,2022-10-12T10:32:42Z,f32a088b-988b-d7d5-008b-89ea4ed1fc48,df166300-5a78-3502-a46a-832842197811,f32a088b-988b-d7d5-d600-6afd29176b9c,1535362,sodium fluoride 0.0272 MG/MG Oral Gel,129.94,79.94,1,129.94,103697008,Patient referral for dental care (procedure)
2023-10-04T08:16:28Z,2024-10-09T08:16:28Z,f32a088b-988b-d7d5-008b-89ea4ed1fc48,df166300-5a78-3502-a46a-832842197811,f32a088b-988b-d7d5-190a-034f5309d42c,895996,120 ACTUAT fluticasone propionate 0.044 MG/ACTUAT Metered Dose Inhaler [Flovent],129.94,79.94,1,129.94,233678006,Childhood asthma (disorder)
2023-10-04T08:16:28Z,2024-10-09T08:16:28Z,f32a088b-988b-d7d5-008b-89ea4ed1fc48,df166300-5a78-3502-a46a-832842197811,f32a088b-988b-d7d5-190a-034f5309d42c,630208,albuterol 0.83 MG/ML Inhalation Solution,129.94,79.94,1,129.94,233678006,Childhood asthma (disorder)
2024-07-14T09:26:15Z,,f32a088b-988b-d7d5-008b-89ea4ed1fc48,df166300-5a78-3502-a46a-832842197811,f32a088b-988b-d7d5-b730-219c2c242bd0,1049221,Acetaminophen 325 MG / oxyCODONE Hydrochloride 5 MG Oral Tablet,7.41,0.00,58,429.78,,
2024-07-14T09:26:15Z,2024-09-02T09:26:15Z,f32a088b-988b-d7d5-008b-89ea4ed1fc48,df166300-5a78-3502-a46a-832842197811,f32a088b-988b-d7d5-b730-219c2c242bd0,310965,Ibuprofen 200 MG Oral Tablet,307.55,257.55,1,307.55,,
2024-10-09T08:16:28Z,2025-10-15T08:16:28Z,f32a088b-988b-d7d5-008b-89ea4ed1fc48,df166300-5a78-3502-a46a-832842197811,f32a088b-988b-d7d5-167a-a56bc87c149c,895996,120 ACTUAT fluticasone propionate 0.044 MG/ACTUAT Metered Dose Inhaler [Flovent],129.94,15.49,1,129.94,233678006,Childhood asthma (disorder)
2024-10-09T08:16:28Z,2025-10-15T08:16:28Z,f32a088b-988b-d7d5-008b-89ea4ed1fc48,df166300-5a78-3502-a46a-832842197811,f32a088b-988b-d7d5-167a-a56bc87c149c,630208,albuterol 0.83 MG/ML Inhalation Solution,129.94,79.94,1,129.94,233678006,Childhood asthma (disorder)
2025-10-15T08:16:28Z,,f32a088b-988b-d7d5-008b-89ea4ed1fc48,df166300-5a78-3502-a46a-832842197811,f32a088b-988b-d7d5-39aa-6f86b7a383ed,895996,120 ACTUAT fluticasone propionate 0.044 MG/ACTUAT Metered Dose Inhaler [Flovent],129.94,0.00,1,129.94,233678006,Childhood asthma (disorder)
2025-10-15T08:16:28Z,,f32a088b-988b-d7d5-008b-89ea4ed1fc48,df166300-5a78-3502-a46a-832842197811,f32a088b-988b-d7d5-39aa-6f86b7a383ed,630208,albuterol 0.83 MG/ML Inhalation Solution,129.94,59.88,1,129.94,233678006,Childhood asthma (disorder)
2011-02-17T16:11:23Z,,d20bc0bc-3051-ae6f-f391-ceec7ec0370f,df166300-5a78-3502-a46a-832842197811,d20bc0bc-3051-ae6f-0805-6f419d0c64e0,665078,Loratadine 5 MG Chewable Tablet,76.44,26.44,190,14523.60,,
2011-02-17T16:11:23Z,,d20bc0bc-3051-ae6f-f391-ceec7ec0370f,df166300-5a78-3502-a46a-832842197811,d20bc0bc-3051-ae6f-0805-6f419d0c64e0,1870230,NDA020800 0.3 ML Epinephrine 1 MG/ML Auto-Injector,37.76,0.00,190,7174.40,,
2020-04-08T14:34:12Z,2020-04-08T14:34:12Z,d20bc0bc-3051-ae6f-f391-ceec7ec0370f,df166300-5a78-3502-a46a-832842197811,d20bc0bc-3051-ae6f-507d-e85d5d81a016,1535362,sodium fluoride 0.0272 MG/MG Oral Gel,129.94,79.94,1,129.94,66383009,Gingivitis (disorder)
2021-01-10T19:41:36Z,2021-01-23T21:41:36Z,d20bc0bc-3051-ae6f-f391-ceec7ec0370f,df166300-5a78-3502-a46a-832842197811,d20bc0bc-3051-ae6f-81e2-31ed5bea7718,834061,Penicillin V Potassium 250 MG Oral Tablet,39.38,0.00,1,39.38,43878008,Streptococcal sore throat (disorder)
2022-04-27T14:33:45Z,2022-04-27T14:33:45Z,d20bc0bc-3051-ae6f-f391-ceec7ec0370f,df166300-5a78-3502-a46a-832842197811,d20bc0bc-3051-ae6f-671d-0b85e688f0ba,1535362,sodium fluoride 0.0272 MG/MG Oral Gel,129.94,79.94,1,129.94,66383009,Gingivitis (disorder)
2023-04-26T11:41:36Z,2023-05-10T11:41:36Z,d20bc0bc-3051-ae6f-f391-ceec7ec0370f,df166300-5a78-3502-a46a-832842197811,d20bc0bc-3051-ae6f-ea56-a459756a0947,849574,Naproxen sodium 220 MG Oral Tablet,91.72,41.72,1,91.72,,
2023-05-03T15:02:57Z,2023-05-03T15:02:57Z,d20bc0bc-3051-ae6f-f391-ceec7ec0370f,df166300-5a78-3502-a46a-832842197811,d20bc0bc-3051-ae6f-c8c5-58aee0252ee5,1535362,sodium fluoride 0.0272 MG/MG Oral Gel,129.94,79.94,1,129.94,66383009,Gingivitis (disorder)
2023-08-13T11:41:36Z,2023-08-27T11:41:36Z,d20bc0bc-3051-ae6f-f391-ceec7ec0370f,df166300-5a78-3502-a46a-832842197811,d20bc0bc-3051-ae6f-158b-5e9cba01953f,308182,Amoxicillin 250 MG Oral Capsule,158.13,108.13,1,158.13,,
2023-08-13T11:41:36Z,2023-08-27T11:41:36Z,d20bc0bc-3051-ae6f-f391-ceec7ec0370f,df166300-5a78-3502-a46a-832842197811,d20bc0bc-3051-ae6f-158b-5e9cba01953f,310965,Ibuprofen 200 MG Oral Tablet,216.08,166.08,1,216.08,,
2024-03-23T11:41:36Z,2025-03-18T11:41:36Z,d20bc0bc-3051-ae6f-f391-ceec7ec0370f,df166300-5a78-3502-a46a-832842197811,d20bc0bc-3051-ae6f-8374-0a0908721d19,749762,{7 (ethinyl estradiol 0.01 MG Oral Tablet) / 84 (ethinyl estradiol 0.03 MG / levonorgestrel 0.15 MG Oral Tablet) } Pack [Seasonique],593.10,543.10,12,7117.20,,
2024-05-27T12:07:13Z,2024-08-12T12:07:13Z,d20bc0bc-3051-ae6f-f391-ceec7ec0370f,df166300-5a78-3502-a46a-832842197811,d20bc0bc-3051-ae6f-c7bc-e7b9d64e2508,849574,Naproxen sodium 220 MG Oral Tablet,91.72,41.72,2,183.44,,
2024-06-11T01:41:36Z,2024-06-20T01:41:36Z,d20bc0bc-3051-ae6f-f391-ceec7ec0370f,df166300-5a78-3502-a46a-832842197811,d20bc0bc-3051-ae6f-ffa6-3de733ac9b2b,313782,Acetaminophen 325 MG Oral Tablet,45.86,0.00,1,45.86,10509002,Acute bronchitis (disorder)
2025-03-18T11:41:36Z,2026-03-13T11:41:36Z,d20bc0bc-3051-ae6f-f391-ceec7ec0370f,df166300-5a78-3502-a46a-832842197811,d20bc0bc-3051-ae6f-1392-9eadce1cbc29,978950,{5 (dienogest 2 MG / estradiol valerate 2 MG Oral Tablet) / 17 (dienogest 3 MG / estradiol valerate 2 MG Oral Tablet) / 2 (estradiol valerate 1 MG Oral Tablet) / 2 (estradiol valerate 3 MG Oral Tablet) / 2 (inert ingredients 1 MG Oral Tablet) } Pack [Natazia 28 Day],229.32,179.32,12,2751.84,,
2026-03-13T11:41:36Z,,d20bc0bc-3051-ae6f-f391-ceec7ec0370f,df166300-5a78-3502-a46a-832842197811,d20bc0bc-3051-ae6f-a5fb-6b2071bc9f87,748856,{24 (drospirenone 3 MG / ethinyl estradiol 0.02 MG Oral Tablet) / 4 (inert ingredients 1 MG Oral Tablet) } Pack [Yaz 28 Day],314.73,264.73,6,1888.38,,
2026-03-20T19:51:08Z,,7512bbb4-b22b-0979-6edc-389e16607ac7,df166300-5a78-3502-a46a-832842197811,7512bbb4-b22b-0979-b027-20c6eb115f67,997488,Fexofenadine hydrochloride 30 MG Oral Tablet,550.36,425.36,6,3302.16,,
2026-03-20T19:51:08Z,,7512bbb4-b22b-0979-6edc-389e16607ac7,df166300-5a78-3502-a46a-832842197811,7512bbb4-b22b-0979-b027-20c6eb115f67,1870230,NDA020800 0.3 ML Epinephrine 1 MG/ML Auto-Injector,66.49,16.49,6,398.94,,
1972-07-11T22:22:55Z,,080b069b-5108-46b6-ecef-6aacd3b9ef3f,df166300-5a78-3502-a46a-832842197811,080b069b-5108-46b6-b156-d2db7f829ca6,1049630,diphenhydrAMINE Hydrochloride 25 MG Oral Tablet,61.15,0.00,660,40359.00,,
2016-01-05T22:22:55Z,2017-01-10T22:22:55Z,080b069b-5108-46b6-ecef-6aacd3b9ef3f,df166300-5a78-3502-a46a-832842197811,080b069b-5108-46b6-d3b3-1da0a1f39b8f,310798,Hydrochlorothiazide 25 MG Oral Tablet,0.45,0.00,4,1.80,59621000,Essential hypertension (disorder)
2016-01-05T22:22:55Z,2017-01-10T22:22:55Z,080b069b-5108-46b6-ecef-6aacd3b9ef3f,df166300-5a78-3502-a46a-832842197811,080b069b-5108-46b6-d3b3-1da0a1f39b8f,314076,lisinopril 10 MG Oral Tablet,0.91,0.00,4,3.64,59621000,Essential hypertension (disorder)
2016-01-05T22:22:55Z,2017-01-10T22:22:55Z,080b069b-5108-46b6-ecef-6aacd3b9ef3f,df166300-5a78-3502-a46a-832842197811,080b069b-5108-46b6-d3b3-1da0a1f39b8f,308136,amLODIPine 2.5 MG Oral Tablet,0.91,0.00,4,3.64,59621000,Essential hypertension (disorder)
2017-01-10T22:22:55Z,2018-01-16T22:22:55Z,080b069b-5108-46b6-ecef-6aacd3b9ef3f,df166300-5a78-3502-a46a-832842197811,080b069b-5108-46b6-f071-7a4b07253626,310798,Hydrochlorothiazide 25 MG Oral Tablet,0.48,0.00,4,1.92,59621000,Essential hypertension (disorder)
2017-01-10T22:22:55Z,2018-01-16T22:22:55Z,080b069b-5108-46b6-ecef-6aacd3b9ef3f,df166300-5a78-3502-a46a-832842197811,080b069b-5108-46b6-f071-7a4b07253626,314076,lisinopril 10 MG Oral Tablet,0.91,0.00,4,3.64,59621000,Essential hypertension (disorder)
2017-01-10T22:22:55Z,2018-01-16T22:22:55Z,080b069b-5108-46b6-ecef-6aacd3b9ef3f,df166300-5a78-3502-a46a-832842197811,080b069b-5108-46b6-f071-7a4b07253626,308136,amLODIPine 2.5 MG Oral Tablet,1.00,0.00,4,4.00,59621000,Essential hypertension (disorder)
2018-01-16T22:22:55Z,2019-01-22T22:22:55Z,080b069b-5108-46b6-ecef-6aacd3b9ef3f,df166300-5a78-3502-a46a-832842197811,080b069b-5108-46b6-4d25-70bf998824a1,310798,Hydrochlorothiazide 25 MG Oral Tablet,0.91,0.00,4,3.64,59621000,Essential hypertension (disorder)
2018-01-16T22:22:55Z,2019-01-22T22:22:55Z,080b069b-5108-46b6-ecef-6aacd3b9ef3f,df166300-5a78-3502-a46a-832842197811,080b069b-5108-46b6-4d25-70bf998824a1,314076,lisinopril 10 MG Oral Tablet,0.91,0.00,4,3.64,59621000,Essential hypertension (disorder)
2018-01-16T22:22:55Z,2019-01-22T22:22:55Z,080b069b-5108-46b6-ecef-6aacd3b9ef3f,df166300-5a78-3502-a46a-832842197811,080b069b-5108-46b6-4d25-70bf998824a1,308136,amLODIPine 2.5 MG Oral Tablet,0.91,0.00,4,3.64,59621000,Essential hypertension (disorder)
2018-10-21T23:43:58Z,2018-11-06T23:43:58Z,080b069b-5108-46b6-ecef-6aacd3b9ef3f,df166300-5a78-3502-a46a-832842197811,080b069b-5108-46b6-9add-b7de8ebb047e,1043400,Acetaminophen 21.7 MG/ML / Dextromethorphan Hydrobromide 1 MG/ML / doxylamine succinate 0.417 MG/ML Oral Solution,77.00,27.00,1,77.00,10509002,Acute bronchitis (disorder)
2016-10-23T11:41:07Z,2016-11-30T11:41:07Z,5c39a9da-6fb0-3cbb-0181-add875529d46,734afbd6-4794-363b-9bc0-6a3981533ed5,5c39a9da-6fb0-3cbb-37d5-b6d844f642e3,198405,Ibuprofen 100 MG Oral Tablet,160.00,0.00,1,160.00,,
2017-12-26T22:53:11Z,2018-01-07T12:53:11Z,5c39a9da-6fb0-3cbb-0181-add875529d46,734afbd6-4794-363b-9bc0-6a3981533ed5,5c39a9da-6fb0-3cbb-1e95-795048368c77,834061,Penicillin V Potassium 250 MG Oral Tablet,211.40,0.00,1,211.40,43878008,Streptococcal sore throat (disorder)
2018-01-11T13:50:31Z,2018-01-11T13:50:31Z,5c39a9da-6fb0-3cbb-0181-add875529d46,734afbd6-4794-363b-9bc0-6a3981533ed5,5c39a9da-6fb0-3cbb-25c7-d75f3aa15704,1535362,sodium fluoride 0.0272 MG/MG Oral Gel,129.94,0.00,1,129.94,103697008,Patient referral for dental care (procedure)
2019-01-22T22:22:55Z,2019-12-10T22:22:55Z,080b069b-5108-46b6-ecef-6aacd3b9ef3f,df166300-5a78-3502-a46a-832842197811,080b069b-5108-46b6-8737-eb303fc94271,310798,Hydrochlorothiazide 25 MG Oral Tablet,0.91,0.00,3,2.73,59621000,Essential hypertension (disorder)
2019-01-22T22:22:55Z,2019-12-10T22:22:55Z,080b069b-5108-46b6-ecef-6aacd3b9ef3f,df166300-5a78-3502-a46a-832842197811,080b069b-5108-46b6-8737-eb303fc94271,314076,lisinopril 10 MG Oral Tablet,0.91,0.00,3,2.73,59621000,Essential hypertension (disorder)
2019-01-22T22:22:55Z,2019-12-10T22:22:55Z,080b069b-5108-46b6-ecef-6aacd3b9ef3f,df166300-5a78-3502-a46a-832842197811,080b069b-5108-46b6-8737-eb303fc94271,308136,amLODIPine 2.5 MG Oral Tablet,1.37,0.00,3,4.11,59621000,Essential hypertension (disorder)
2019-02-07T11:42:48Z,2019-02-07T11:42:48Z,080b069b-5108-46b6-ecef-6aacd3b9ef3f,df166300-5a78-3502-a46a-832842197811,080b069b-5108-46b6-11b8-d6e69a46c749,1665060,cefazolin 2000 MG Injection,129.94,79.94,1,129.94,,
2019-02-07T11:42:48Z,2019-02-07T11:42:48Z,080b069b-5108-46b6-ecef-6aacd3b9ef3f,df166300-5a78-3502-a46a-832842197811,080b069b-5108-46b6-11b8-d6e69a46c749,1659263,1 ML heparin sodium  porcine 5000 UNT/ML Injection,0.69,0.00,1,0.69,,
2019-02-07T11:42:48Z,2019-02-07T11:42:48Z,080b069b-5108-46b6-ecef-6aacd3b9ef3f,df166300-5a78-3502-a46a-832842197811,080b069b-5108-46b6-11b8-d6e69a46c749,1796676,25 ML protamine sulfate (USP) 10 MG/ML Injection,129.94,79.94,1,129.94,,
2020-03-12T13:53:11Z,2020-03-21T13:53:11Z,5c39a9da-6fb0-3cbb-0181-add875529d46,734afbd6-4794-363b-9bc0-6a3981533ed5,5c39a9da-6fb0-3cbb-6e22-259df9e9e019,562251,Amoxicillin 250 MG / Clavulanate 125 MG Oral Tablet,298.28,238.62,1,298.28,444814009,Viral sinusitis (disorder)
2019-02-07T12:42:36Z,2019-02-07T12:42:36Z,080b069b-5108-46b6-ecef-6aacd3b9ef3f,df166300-5a78-3502-a46a-832842197811,080b069b-5108-46b6-11b8-d6e69a46c749,1740467,2 ML Ondansetron 2 MG/ML Injection,0.09,0.00,1,0.09,,
2019-02-07T12:42:36Z,2019-02-07T12:42:36Z,080b069b-5108-46b6-ecef-6aacd3b9ef3f,df166300-5a78-3502-a46a-832842197811,080b069b-5108-46b6-11b8-d6e69a46c749,311700,Midazolam 1 MG/ML Injectable Solution,0.11,0.00,1,0.11,,
2019-02-07T12:42:36Z,2019-02-07T12:42:36Z,080b069b-5108-46b6-ecef-6aacd3b9ef3f,df166300-5a78-3502-a46a-832842197811,080b069b-5108-46b6-11b8-d6e69a46c749,1808217,100 ML Propofol 10 MG/ML Injection,0.13,0.00,1,0.13,,
2019-02-07T12:42:36Z,2019-02-07T12:42:36Z,080b069b-5108-46b6-ecef-6aacd3b9ef3f,df166300-5a78-3502-a46a-832842197811,080b069b-5108-46b6-11b8-d6e69a46c749,1234995,Rocuronium bromide 10 MG/ML Injectable Solution,0.49,0.00,1,0.49,,
2019-02-07T12:42:36Z,2019-02-07T12:42:36Z,080b069b-5108-46b6-ecef-6aacd3b9ef3f,df166300-5a78-3502-a46a-832842197811,080b069b-5108-46b6-11b8-d6e69a46c749,542347,isoflurane 999 MG/ML Inhalation Solution,0.11,0.00,1,0.11,,
2019-02-07T12:42:36Z,2019-02-07T12:42:36Z,080b069b-5108-46b6-ecef-6aacd3b9ef3f,df166300-5a78-3502-a46a-832842197811,080b069b-5108-46b6-11b8-d6e69a46c749,1723208,10 ML Alfentanil 0.5 MG/ML Injection,1.20,0.00,1,1.20,,
2020-04-09T14:32:50Z,2020-04-09T14:32:50Z,5c39a9da-6fb0-3cbb-0181-add875529d46,734afbd6-4794-363b-9bc0-6a3981533ed5,5c39a9da-6fb0-3cbb-f41b-ca0f497f625e,1535362,sodium fluoride 0.0272 MG/MG Oral Gel,129.94,0.00,1,129.94,103697008,Patient referral for dental care (procedure)
2019-12-10T22:22:55Z,2020-01-28T22:22:55Z,080b069b-5108-46b6-ecef-6aacd3b9ef3f,df166300-5a78-3502-a46a-832842197811,080b069b-5108-46b6-53e8-542c6d0d941c,310798,Hydrochlorothiazide 25 MG Oral Tablet,0.45,0.00,1,0.45,59621000,Essential hypertension (disorder)
2019-12-10T22:22:55Z,2020-01-28T22:22:55Z,080b069b-5108-46b6-ecef-6aacd3b9ef3f,df166300-5a78-3502-a46a-832842197811,080b069b-5108-46b6-53e8-542c6d0d941c,314076,lisinopril 10 MG Oral Tablet,0.91,0.00,1,0.91,59621000,Essential hypertension (disorder)
2019-12-10T22:22:55Z,2020-01-28T22:22:55Z,080b069b-5108-46b6-ecef-6aacd3b9ef3f,df166300-5a78-3502-a46a-832842197811,080b069b-5108-46b6-53e8-542c6d0d941c,308136,amLODIPine 2.5 MG Oral Tablet,1.24,0.00,1,1.24,59621000,Essential hypertension (disorder)
2020-01-28T22:22:55Z,2021-02-02T22:22:55Z,080b069b-5108-46b6-ecef-6aacd3b9ef3f,df166300-5a78-3502-a46a-832842197811,080b069b-5108-46b6-1689-ebbf1c1d54a4,310798,Hydrochlorothiazide 25 MG Oral Tablet,0.45,0.00,4,1.80,59621000,Essential hypertension (disorder)
2020-01-28T22:22:55Z,2021-02-02T22:22:55Z,080b069b-5108-46b6-ecef-6aacd3b9ef3f,df166300-5a78-3502-a46a-832842197811,080b069b-5108-46b6-1689-ebbf1c1d54a4,314076,lisinopril 10 MG Oral Tablet,0.91,0.00,4,3.64,59621000,Essential hypertension (disorder)
2020-01-28T22:22:55Z,2021-02-02T22:22:55Z,080b069b-5108-46b6-ecef-6aacd3b9ef3f,df166300-5a78-3502-a46a-832842197811,080b069b-5108-46b6-1689-ebbf1c1d54a4,308136,amLODIPine 2.5 MG Oral Tablet,0.91,0.00,4,3.64,59621000,Essential hypertension (disorder)
2020-02-12T05:06:47Z,2020-02-12T05:06:47Z,080b069b-5108-46b6-ecef-6aacd3b9ef3f,df166300-5a78-3502-a46a-832842197811,080b069b-5108-46b6-edb0-161cb81647f2,1535362,sodium fluoride 0.0272 MG/MG Oral Gel,129.94,79.94,1,129.94,66383009,Gingivitis (disorder)
2021-02-02T22:22:55Z,2022-02-08T22:22:55Z,080b069b-5108-46b6-ecef-6aacd3b9ef3f,df166300-5a78-3502-a46a-832842197811,080b069b-5108-46b6-4e5e-07b57dd35af5,310798,Hydrochlorothiazide 25 MG Oral Tablet,0.45,0.00,4,1.80,59621000,Essential hypertension (disorder)
2021-02-02T22:22:55Z,2022-02-08T22:22:55Z,080b069b-5108-46b6-ecef-6aacd3b9ef3f,df166300-5a78-3502-a46a-832842197811,080b069b-5108-46b6-4e5e-07b57dd35af5,314076,lisinopril 10 MG Oral Tablet,0.91,0.00,4,3.64,59621000,Essential hypertension (disorder)
2021-02-02T22:22:55Z,2022-02-08T22:22:55Z,080b069b-5108-46b6-ecef-6aacd3b9ef3f,df166300-5a78-3502-a46a-832842197811,080b069b-5108-46b6-4e5e-07b57dd35af5,308136,amLODIPine 2.5 MG Oral Tablet,0.91,0.00,4,3.64,59621000,Essential hypertension (disorder)
2021-02-17T01:05:53Z,2021-02-17T01:05:53Z,080b069b-5108-46b6-ecef-6aacd3b9ef3f,df166300-5a78-3502-a46a-832842197811,080b069b-5108-46b6-d9ba-e9b53321e31f,1535362,sodium fluoride 0.0272 MG/MG Oral Gel,129.94,79.94,1,129.94,66383009,Gingivitis (disorder)
2022-01-26T18:22:55Z,2022-02-08T18:22:55Z,080b069b-5108-46b6-ecef-6aacd3b9ef3f,df166300-5a78-3502-a46a-832842197811,080b069b-5108-46b6-c9d0-30315ea43d3a,562251,Amoxicillin 250 MG / Clavulanate 125 MG Oral Tablet,167.37,17.37,1,167.37,444814009,Viral sinusitis (disorder)
2022-02-08T22:22:55Z,2023-02-14T22:22:55Z,080b069b-5108-46b6-ecef-6aacd3b9ef3f,df166300-5a78-3502-a46a-832842197811,080b069b-5108-46b6-87d5-f8d50ccb49f0,310798,Hydrochlorothiazide 25 MG Oral Tablet,0.91,0.00,4,3.64,59621000,Essential hypertension (disorder)
2022-02-08T22:22:55Z,2023-02-14T22:22:55Z,080b069b-5108-46b6-ecef-6aacd3b9ef3f,df166300-5a78-3502-a46a-832842197811,080b069b-5108-46b6-87d5-f8d50ccb49f0,314076,lisinopril 10 MG Oral Tablet,0.91,0.00,4,3.64,59621000,Essential hypertension (disorder)
2022-02-08T22:22:55Z,2023-02-14T22:22:55Z,080b069b-5108-46b6-ecef-6aacd3b9ef3f,df166300-5a78-3502-a46a-832842197811,080b069b-5108-46b6-87d5-f8d50ccb49f0,308136,amLODIPine 2.5 MG Oral Tablet,0.91,0.00,4,3.64,59621000,Essential hypertension (disorder)
2022-05-15T05:22:55Z,2022-05-22T05:22:55Z,080b069b-5108-46b6-ecef-6aacd3b9ef3f,df166300-5a78-3502-a46a-832842197811,080b069b-5108-46b6-f61c-c28dba7cd13b,562251,Amoxicillin 250 MG / Clavulanate 125 MG Oral Tablet,232.74,182.74,1,232.74,75498004,Acute bacterial sinusitis (disorder)
2023-02-14T22:22:55Z,2024-02-20T22:22:55Z,080b069b-5108-46b6-ecef-6aacd3b9ef3f,df166300-5a78-3502-a46a-832842197811,080b069b-5108-46b6-8ec3-8261b73d47ab,310798,Hydrochlorothiazide 25 MG Oral Tablet,0.91,0.00,4,3.64,59621000,Essential hypertension (disorder)
2023-02-14T22:22:55Z,2024-02-20T22:22:55Z,080b069b-5108-46b6-ecef-6aacd3b9ef3f,df166300-5a78-3502-a46a-832842197811,080b069b-5108-46b6-8ec3-8261b73d47ab,314076,lisinopril 10 MG Oral Tablet,0.91,0.00,4,3.64,59621000,Essential hypertension (disorder)
2023-02-14T22:22:55Z,2024-02-20T22:22:55Z,080b069b-5108-46b6-ecef-6aacd3b9ef3f,df166300-5a78-3502-a46a-832842197811,080b069b-5108-46b6-8ec3-8261b73d47ab,308136,amLODIPine 2.5 MG Oral Tablet,1.37,0.00,4,5.48,59621000,Essential hypertension (disorder)
2024-02-20T22:22:55Z,2025-02-25T22:22:55Z,080b069b-5108-46b6-ecef-6aacd3b9ef3f,df166300-5a78-3502-a46a-832842197811,080b069b-5108-46b6-50b7-ea13d11c6aee,310798,Hydrochlorothiazide 25 MG Oral Tablet,0.45,0.00,4,1.80,59621000,Essential hypertension (disorder)
2024-02-20T22:22:55Z,2025-02-25T22:22:55Z,080b069b-5108-46b6-ecef-6aacd3b9ef3f,df166300-5a78-3502-a46a-832842197811,080b069b-5108-46b6-50b7-ea13d11c6aee,314076,lisinopril 10 MG Oral Tablet,0.91,0.00,4,3.64,59621000,Essential hypertension (disorder)
2024-02-20T22:22:55Z,2025-02-25T22:22:55Z,080b069b-5108-46b6-ecef-6aacd3b9ef3f,df166300-5a78-3502-a46a-832842197811,080b069b-5108-46b6-50b7-ea13d11c6aee,308136,amLODIPine 2.5 MG Oral Tablet,0.91,0.00,4,3.64,59621000,Essential hypertension (disorder)
2025-02-25T22:22:55Z,2026-03-03T22:22:55Z,080b069b-5108-46b6-ecef-6aacd3b9ef3f,df166300-5a78-3502-a46a-832842197811,080b069b-5108-46b6-576a-a4c6f899fcb1,310798,Hydrochlorothiazide 25 MG Oral Tablet,0.45,0.00,4,1.80,59621000,Essential hypertension (disorder)
2025-02-25T22:22:55Z,2026-03-03T22:22:55Z,080b069b-5108-46b6-ecef-6aacd3b9ef3f,df166300-5a78-3502-a46a-832842197811,080b069b-5108-46b6-576a-a4c6f899fcb1,314076,lisinopril 10 MG Oral Tablet,0.91,0.00,4,3.64,59621000,Essential hypertension (disorder)
2025-02-25T22:22:55Z,2026-03-03T22:22:55Z,080b069b-5108-46b6-ecef-6aacd3b9ef3f,df166300-5a78-3502-a46a-832842197811,080b069b-5108-46b6-576a-a4c6f899fcb1,308136,amLODIPine 2.5 MG Oral Tablet,0.91,0.00,4,3.64,59621000,Essential hypertension (disorder)
2025-03-12T00:26:07Z,2025-03-12T00:26:07Z,080b069b-5108-46b6-ecef-6aacd3b9ef3f,df166300-5a78-3502-a46a-832842197811,080b069b-5108-46b6-8c5f-296d079ca61e,1535362,sodium fluoride 0.0272 MG/MG Oral Gel,129.94,79.94,1,129.94,103697008,Patient referral for dental care (procedure)
2026-03-03T22:22:55Z,,080b069b-5108-46b6-ecef-6aacd3b9ef3f,df166300-5a78-3502-a46a-832842197811,080b069b-5108-46b6-f007-537fb2217fb7,310798,Hydrochlorothiazide 25 MG Oral Tablet,0.45,0.00,2,0.90,59621000,Essential hypertension (disorder)
2026-03-03T22:22:55Z,,080b069b-5108-46b6-ecef-6aacd3b9ef3f,df166300-5a78-3502-a46a-832842197811,080b069b-5108-46b6-f007-537fb2217fb7,314076,lisinopril 10 MG Oral Tablet,0.91,0.00,2,1.82,59621000,Essential hypertension (disorder)
2026-03-03T22:22:55Z,,080b069b-5108-46b6-ecef-6aacd3b9ef3f,df166300-5a78-3502-a46a-832842197811,080b069b-5108-46b6-f007-537fb2217fb7,308136,amLODIPine 2.5 MG Oral Tablet,0.91,0.00,2,1.82,59621000,Essential hypertension (disorder)
2026-04-16T10:53:11Z,2026-04-30T10:53:11Z,5c39a9da-6fb0-3cbb-0181-add875529d46,734afbd6-4794-363b-9bc0-6a3981533ed5,5c39a9da-6fb0-3cbb-40de-3c9ecec2d17d,313782,Acetaminophen 325 MG Oral Tablet,183.45,0.00,1,183.45,10509002,Acute bronchitis (disorder)
1967-10-06T17:51:43Z,2017-12-26T17:51:43Z,f999ef25-a612-87c9-206f-aacc9d469dc8,df166300-5a78-3502-a46a-832842197811,f999ef25-a612-87c9-43ef-54a7f9e0a0b0,314231,Simvastatin 10 MG Oral Tablet,0.45,0.00,10,4.50,55822004,Hyperlipidemia (disorder)
2006-09-22T17:51:43Z,,f999ef25-a612-87c9-206f-aacc9d469dc8,d18ef2e6-ef40-324c-be54-34a5ee865625,f999ef25-a612-87c9-3c57-794556c8361d,309362,Clopidogrel 75 MG Oral Tablet,373.78,338.78,139,51955.42,,
2006-09-22T17:51:43Z,,f999ef25-a612-87c9-206f-aacc9d469dc8,d18ef2e6-ef40-324c-be54-34a5ee865625,f999ef25-a612-87c9-3c57-794556c8361d,312961,Simvastatin 20 MG Oral Tablet,107.68,72.68,139,14967.52,,
2006-09-22T17:51:43Z,,f999ef25-a612-87c9-206f-aacc9d469dc8,d18ef2e6-ef40-324c-be54-34a5ee865625,f999ef25-a612-87c9-3c57-794556c8361d,866412,24 HR metoprolol succinate 100 MG Extended Release Oral Tablet,129.94,94.94,139,18061.66,,
2006-09-22T17:51:43Z,,f999ef25-a612-87c9-206f-aacc9d469dc8,d18ef2e6-ef40-324c-be54-34a5ee865625,f999ef25-a612-87c9-3c57-794556c8361d,705129,Nitroglycerin 0.4 MG/ACTUAT Mucosal Spray,240.89,205.89,139,33483.71,,
2007-09-21T17:51:43Z,2008-03-21T17:51:43Z,f999ef25-a612-87c9-206f-aacc9d469dc8,d18ef2e6-ef40-324c-be54-34a5ee865625,f999ef25-a612-87c9-d1b8-cc8d93aaeeea,106892,insulin isophane  human 70 UNT/ML / insulin  regular  human 30 UNT/ML Injectable Suspension [Humulin],150.05,115.05,6,900.30,714628002,Prediabetes (finding)
2007-09-21T17:51:43Z,2008-03-21T17:51:43Z,f999ef25-a612-87c9-206f-aacc9d469dc8,d18ef2e6-ef40-324c-be54-34a5ee865625,f999ef25-a612-87c9-d1b8-cc8d93aaeeea,1664463,24 HR tacrolimus 1 MG Extended Release Oral Tablet [Envarsus],129.94,94.94,2,259.88,161665007,History of renal transplant (situation)
2007-09-21T17:51:43Z,2008-03-21T17:51:43Z,f999ef25-a612-87c9-206f-aacc9d469dc8,d18ef2e6-ef40-324c-be54-34a5ee865625,f999ef25-a612-87c9-d1b8-cc8d93aaeeea,314076,lisinopril 10 MG Oral Tablet,0.91,0.00,2,1.82,59621000,Essential hypertension (disorder)
2007-10-15T17:51:43Z,2008-10-14T17:51:43Z,f999ef25-a612-87c9-206f-aacc9d469dc8,d18ef2e6-ef40-324c-be54-34a5ee865625,f999ef25-a612-87c9-e121-d2a5b0e0b7af,314231,Simvastatin 10 MG Oral Tablet,0.45,0.00,12,5.40,55822004,Hyperlipidemia (disorder)
2008-03-21T17:51:43Z,2008-03-28T17:51:43Z,f999ef25-a612-87c9-206f-aacc9d469dc8,d18ef2e6-ef40-324c-be54-34a5ee865625,f999ef25-a612-87c9-78cc-65b1f6ab7486,106892,insulin isophane  human 70 UNT/ML / insulin  regular  human 30 UNT/ML Injectable Suspension [Humulin],126.89,91.89,1,126.89,714628002,Prediabetes (finding)
2008-03-21T17:51:43Z,2008-03-28T17:51:43Z,f999ef25-a612-87c9-206f-aacc9d469dc8,d18ef2e6-ef40-324c-be54-34a5ee865625,f999ef25-a612-87c9-78cc-65b1f6ab7486,1664463,24 HR tacrolimus 1 MG Extended Release Oral Tablet [Envarsus],129.94,94.94,1,129.94,161665007,History of renal transplant (situation)
2008-03-21T17:51:43Z,2008-03-28T17:51:43Z,f999ef25-a612-87c9-206f-aacc9d469dc8,d18ef2e6-ef40-324c-be54-34a5ee865625,f999ef25-a612-87c9-78cc-65b1f6ab7486,314076,lisinopril 10 MG Oral Tablet,0.91,0.00,1,0.91,59621000,Essential hypertension (disorder)
2008-03-28T17:51:43Z,2008-04-04T17:51:43Z,f999ef25-a612-87c9-206f-aacc9d469dc8,d18ef2e6-ef40-324c-be54-34a5ee865625,f999ef25-a612-87c9-288a-2a8a1e9e4087,106892,insulin isophane  human 70 UNT/ML / insulin  regular  human 30 UNT/ML Injectable Suspension [Humulin],137.94,102.94,1,137.94,714628002,Prediabetes (finding)
2008-03-28T17:51:43Z,2008-04-04T17:51:43Z,f999ef25-a612-87c9-206f-aacc9d469dc8,d18ef2e6-ef40-324c-be54-34a5ee865625,f999ef25-a612-87c9-288a-2a8a1e9e4087,1664463,24 HR tacrolimus 1 MG Extended Release Oral Tablet [Envarsus],129.94,94.94,1,129.94,161665007,History of renal transplant (situation)
2008-03-28T17:51:43Z,2008-04-04T17:51:43Z,f999ef25-a612-87c9-206f-aacc9d469dc8,d18ef2e6-ef40-324c-be54-34a5ee865625,f999ef25-a612-87c9-288a-2a8a1e9e4087,314076,lisinopril 10 MG Oral Tablet,0.91,0.00,1,0.91,59621000,Essential hypertension (disorder)
2008-04-04T17:51:43Z,2008-04-11T17:51:43Z,f999ef25-a612-87c9-206f-aacc9d469dc8,d18ef2e6-ef40-324c-be54-34a5ee865625,f999ef25-a612-87c9-544e-7d429a65ae7f,106892,insulin isophane  human 70 UNT/ML / insulin  regular  human 30 UNT/ML Injectable Suspension [Humulin],131.79,96.79,1,131.79,714628002,Prediabetes (finding)
2008-04-04T17:51:43Z,2008-04-11T17:51:43Z,f999ef25-a612-87c9-206f-aacc9d469dc8,d18ef2e6-ef40-324c-be54-34a5ee865625,f999ef25-a612-87c9-544e-7d429a65ae7f,1664463,24 HR tacrolimus 1 MG Extended Release Oral Tablet [Envarsus],129.94,94.94,1,129.94,161665007,History of renal transplant (situation)
2008-04-04T17:51:43Z,2008-04-11T17:51:43Z,f999ef25-a612-87c9-206f-aacc9d469dc8,d18ef2e6-ef40-324c-be54-34a5ee865625,f999ef25-a612-87c9-544e-7d429a65ae7f,314076,lisinopril 10 MG Oral Tablet,0.91,0.00,1,0.91,59621000,Essential hypertension (disorder)
2007-07-27T06:48:49Z,,6aed9210-c500-4375-b0fc-3374c40b8591,8fa6c185-e44e-3e34-8bd8-39be8694f4ce,6aed9210-c500-4375-d5ec-13e0243aa5ef,2001499,Vitamin B12 5 MG/ML Injectable Solution,99.75,69.82,233,23241.75,,
2008-04-11T17:51:43Z,2008-05-02T17:51:43Z,f999ef25-a612-87c9-206f-aacc9d469dc8,d18ef2e6-ef40-324c-be54-34a5ee865625,f999ef25-a612-87c9-3a8f-05a64f785815,106892,insulin isophane  human 70 UNT/ML / insulin  regular  human 30 UNT/ML Injectable Suspension [Humulin],162.57,127.57,1,162.57,714628002,Prediabetes (finding)
2008-04-11T17:51:43Z,2008-05-02T17:51:43Z,f999ef25-a612-87c9-206f-aacc9d469dc8,d18ef2e6-ef40-324c-be54-34a5ee865625,f999ef25-a612-87c9-3a8f-05a64f785815,1664463,24 HR tacrolimus 1 MG Extended Release Oral Tablet [Envarsus],129.94,94.94,1,129.94,161665007,History of renal transplant (situation)
2008-04-11T17:51:43Z,2008-05-02T17:51:43Z,f999ef25-a612-87c9-206f-aacc9d469dc8,d18ef2e6-ef40-324c-be54-34a5ee865625,f999ef25-a612-87c9-3a8f-05a64f785815,314076,lisinopril 10 MG Oral Tablet,0.91,0.00,1,0.91,59621000,Essential hypertension (disorder)
2008-04-18T21:20:19Z,2008-04-18T21:20:19Z,f999ef25-a612-87c9-206f-aacc9d469dc8,d18ef2e6-ef40-324c-be54-34a5ee865625,f999ef25-a612-87c9-1533-ee20305b05be,1535362,sodium fluoride 0.0272 MG/MG Oral Gel,129.94,94.94,1,129.94,103697008,Patient referral for dental care (procedure)
2008-05-02T17:51:43Z,2008-09-26T17:51:43Z,f999ef25-a612-87c9-206f-aacc9d469dc8,d18ef2e6-ef40-324c-be54-34a5ee865625,f999ef25-a612-87c9-8a76-b5735c48ee06,106892,insulin isophane  human 70 UNT/ML / insulin  regular  human 30 UNT/ML Injectable Suspension [Humulin],126.89,91.89,4,507.56,714628002,Prediabetes (finding)
2008-05-02T17:51:43Z,2008-09-26T17:51:43Z,f999ef25-a612-87c9-206f-aacc9d469dc8,d18ef2e6-ef40-324c-be54-34a5ee865625,f999ef25-a612-87c9-8a76-b5735c48ee06,1664463,24 HR tacrolimus 1 MG Extended Release Oral Tablet [Envarsus],129.94,94.94,1,129.94,161665007,History of renal transplant (situation)
2008-05-02T17:51:43Z,2008-09-26T17:51:43Z,f999ef25-a612-87c9-206f-aacc9d469dc8,d18ef2e6-ef40-324c-be54-34a5ee865625,f999ef25-a612-87c9-8a76-b5735c48ee06,314076,lisinopril 10 MG Oral Tablet,0.91,0.00,1,0.91,59621000,Essential hypertension (disorder)
2008-09-26T17:51:43Z,2008-11-14T17:51:43Z,f999ef25-a612-87c9-206f-aacc9d469dc8,d18ef2e6-ef40-324c-be54-34a5ee865625,f999ef25-a612-87c9-1f4f-7c2b931caba2,106892,insulin isophane  human 70 UNT/ML / insulin  regular  human 30 UNT/ML Injectable Suspension [Humulin],126.89,91.89,1,126.89,714628002,Prediabetes (finding)
2008-09-26T17:51:43Z,2008-11-14T17:51:43Z,f999ef25-a612-87c9-206f-aacc9d469dc8,d18ef2e6-ef40-324c-be54-34a5ee865625,f999ef25-a612-87c9-1f4f-7c2b931caba2,1664463,24 HR tacrolimus 1 MG Extended Release Oral Tablet [Envarsus],129.94,94.94,1,129.94,161665007,History of renal transplant (situation)
2008-09-26T17:51:43Z,2008-11-14T17:51:43Z,f999ef25-a612-87c9-206f-aacc9d469dc8,d18ef2e6-ef40-324c-be54-34a5ee865625,f999ef25-a612-87c9-1f4f-7c2b931caba2,314076,lisinopril 10 MG Oral Tablet,0.91,0.00,1,0.91,59621000,Essential hypertension (disorder)
2008-10-14T17:51:43Z,2009-10-14T17:51:43Z,f999ef25-a612-87c9-206f-aacc9d469dc8,d18ef2e6-ef40-324c-be54-34a5ee865625,f999ef25-a612-87c9-fb5a-900783fc2161,314231,Simvastatin 10 MG Oral Tablet,0.30,0.00,12,3.60,55822004,Hyperlipidemia (disorder)
2008-11-14T17:51:43Z,2008-11-21T17:51:43Z,f999ef25-a612-87c9-206f-aacc9d469dc8,d18ef2e6-ef40-324c-be54-34a5ee865625,f999ef25-a612-87c9-458f-23fa20ff61b2,106892,insulin isophane  human 70 UNT/ML / insulin  regular  human 30 UNT/ML Injectable Suspension [Humulin],507.86,472.86,1,507.86,714628002,Prediabetes (finding)
2008-11-14T17:51:43Z,2008-11-21T17:51:43Z,f999ef25-a612-87c9-206f-aacc9d469dc8,d18ef2e6-ef40-324c-be54-34a5ee865625,f999ef25-a612-87c9-458f-23fa20ff61b2,1664463,24 HR tacrolimus 1 MG Extended Release Oral Tablet [Envarsus],129.94,94.94,1,129.94,161665007,History of renal transplant (situation)
2008-11-14T17:51:43Z,2008-11-21T17:51:43Z,f999ef25-a612-87c9-206f-aacc9d469dc8,d18ef2e6-ef40-324c-be54-34a5ee865625,f999ef25-a612-87c9-458f-23fa20ff61b2,314076,lisinopril 10 MG Oral Tablet,0.91,0.00,1,0.91,59621000,Essential hypertension (disorder)
2008-11-21T17:51:43Z,2008-11-28T17:51:43Z,f999ef25-a612-87c9-206f-aacc9d469dc8,d18ef2e6-ef40-324c-be54-34a5ee865625,f999ef25-a612-87c9-4c7f-67cee79addde,106892,insulin isophane  human 70 UNT/ML / insulin  regular  human 30 UNT/ML Injectable Suspension [Humulin],126.89,91.89,1,126.89,714628002,Prediabetes (finding)
2008-11-21T17:51:43Z,2008-11-28T17:51:43Z,f999ef25-a612-87c9-206f-aacc9d469dc8,d18ef2e6-ef40-324c-be54-34a5ee865625,f999ef25-a612-87c9-4c7f-67cee79addde,1664463,24 HR tacrolimus 1 MG Extended Release Oral Tablet [Envarsus],129.94,94.94,1,129.94,161665007,History of renal transplant (situation)
2008-11-21T17:51:43Z,2008-11-28T17:51:43Z,f999ef25-a612-87c9-206f-aacc9d469dc8,d18ef2e6-ef40-324c-be54-34a5ee865625,f999ef25-a612-87c9-4c7f-67cee79addde,314076,lisinopril 10 MG Oral Tablet,0.91,0.00,1,0.91,59621000,Essential hypertension (disorder)
2008-11-28T17:51:43Z,2009-10-02T17:51:43Z,f999ef25-a612-87c9-206f-aacc9d469dc8,d18ef2e6-ef40-324c-be54-34a5ee865625,f999ef25-a612-87c9-2278-dd98979599e3,106892,insulin isophane  human 70 UNT/ML / insulin  regular  human 30 UNT/ML Injectable Suspension [Humulin],126.89,91.89,10,1268.90,714628002,Prediabetes (finding)
2008-11-28T17:51:43Z,2009-10-02T17:51:43Z,f999ef25-a612-87c9-206f-aacc9d469dc8,d18ef2e6-ef40-324c-be54-34a5ee865625,f999ef25-a612-87c9-2278-dd98979599e3,1664463,24 HR tacrolimus 1 MG Extended Release Oral Tablet [Envarsus],129.94,94.94,3,389.82,161665007,History of renal transplant (situation)
2008-11-28T17:51:43Z,2009-10-02T17:51:43Z,f999ef25-a612-87c9-206f-aacc9d469dc8,d18ef2e6-ef40-324c-be54-34a5ee865625,f999ef25-a612-87c9-2278-dd98979599e3,314076,lisinopril 10 MG Oral Tablet,0.91,0.00,3,2.73,59621000,Essential hypertension (disorder)
2009-10-02T17:51:43Z,2010-12-10T17:51:43Z,f999ef25-a612-87c9-206f-aacc9d469dc8,d18ef2e6-ef40-324c-be54-34a5ee865625,f999ef25-a612-87c9-01d1-e703179df6bf,106892,insulin isophane  human 70 UNT/ML / insulin  regular  human 30 UNT/ML Injectable Suspension [Humulin],126.89,91.89,14,1776.46,714628002,Prediabetes (finding)
2009-10-02T17:51:43Z,2010-12-10T17:51:43Z,f999ef25-a612-87c9-206f-aacc9d469dc8,d18ef2e6-ef40-324c-be54-34a5ee865625,f999ef25-a612-87c9-01d1-e703179df6bf,1664463,24 HR tacrolimus 1 MG Extended Release Oral Tablet [Envarsus],129.94,94.94,4,519.76,161665007,History of renal transplant (situation)
2009-10-02T17:51:43Z,2010-12-10T17:51:43Z,f999ef25-a612-87c9-206f-aacc9d469dc8,d18ef2e6-ef40-324c-be54-34a5ee865625,f999ef25-a612-87c9-01d1-e703179df6bf,314076,lisinopril 10 MG Oral Tablet,0.91,0.00,4,3.64,59621000,Essential hypertension (disorder)
2009-10-14T17:51:43Z,2010-12-03T17:51:43Z,f999ef25-a612-87c9-206f-aacc9d469dc8,d18ef2e6-ef40-324c-be54-34a5ee865625,f999ef25-a612-87c9-19d4-0a372f3dd6b7,314231,Simvastatin 10 MG Oral Tablet,0.39,0.00,12,4.68,55822004,Hyperlipidemia (disorder)
2010-05-17T18:29:30Z,2010-12-10T17:51:43Z,f999ef25-a612-87c9-206f-aacc9d469dc8,d18ef2e6-ef40-324c-be54-34a5ee865625,f999ef25-a612-87c9-6d19-db0bd7b3b823,313988,Furosemide 40 MG Oral Tablet,0.63,0.00,6,3.78,88805009,Chronic congestive heart failure (disorder)
2010-05-29T17:51:43Z,2010-07-18T17:51:43Z,f999ef25-a612-87c9-206f-aacc9d469dc8,d18ef2e6-ef40-324c-be54-34a5ee865625,f999ef25-a612-87c9-0eaf-1633b674b88e,313782,Acetaminophen 325 MG Oral Tablet,45.86,10.86,1,45.86,,
2022-02-02T23:22:35Z,2022-02-21T23:22:35Z,6aed9210-c500-4375-b0fc-3374c40b8591,0133f751-9229-3cfd-815f-b6d4979bdd6a,6aed9210-c500-4375-eb38-25ab0cf7708d,313782,Acetaminophen 325 MG Oral Tablet,132.01,0.00,1,132.01,10509002,Acute bronchitis (disorder)
2010-12-03T17:51:43Z,2011-12-03T17:51:43Z,f999ef25-a612-87c9-206f-aacc9d469dc8,d18ef2e6-ef40-324c-be54-34a5ee865625,f999ef25-a612-87c9-2319-66d74698da5c,314231,Simvastatin 10 MG Oral Tablet,0.30,0.00,12,3.60,55822004,Hyperlipidemia (disorder)
2010-12-10T17:51:43Z,2011-12-16T17:51:43Z,f999ef25-a612-87c9-206f-aacc9d469dc8,d18ef2e6-ef40-324c-be54-34a5ee865625,f999ef25-a612-87c9-1870-60b352fcb4f0,106892,insulin isophane  human 70 UNT/ML / insulin  regular  human 30 UNT/ML Injectable Suspension [Humulin],443.12,408.12,12,5317.44,714628002,Prediabetes (finding)
2010-12-10T17:51:43Z,2011-12-16T17:51:43Z,f999ef25-a612-87c9-206f-aacc9d469dc8,d18ef2e6-ef40-324c-be54-34a5ee865625,f999ef25-a612-87c9-1870-60b352fcb4f0,313988,Furosemide 40 MG Oral Tablet,1.22,0.00,12,14.64,88805009,Chronic congestive heart failure (disorder)
2010-12-10T17:51:43Z,2011-12-16T17:51:43Z,f999ef25-a612-87c9-206f-aacc9d469dc8,d18ef2e6-ef40-324c-be54-34a5ee865625,f999ef25-a612-87c9-1870-60b352fcb4f0,1664463,24 HR tacrolimus 1 MG Extended Release Oral Tablet [Envarsus],129.94,94.94,4,519.76,161665007,History of renal transplant (situation)
2010-12-10T17:51:43Z,2011-12-16T17:51:43Z,f999ef25-a612-87c9-206f-aacc9d469dc8,d18ef2e6-ef40-324c-be54-34a5ee865625,f999ef25-a612-87c9-1870-60b352fcb4f0,314076,lisinopril 10 MG Oral Tablet,0.91,0.00,4,3.64,59621000,Essential hypertension (disorder)
2011-12-03T17:51:43Z,2012-12-02T17:51:43Z,f999ef25-a612-87c9-206f-aacc9d469dc8,d18ef2e6-ef40-324c-be54-34a5ee865625,f999ef25-a612-87c9-2f97-bd86068b1994,314231,Simvastatin 10 MG Oral Tablet,0.30,0.00,12,3.60,55822004,Hyperlipidemia (disorder)
2011-12-16T17:51:43Z,2012-10-05T17:51:43Z,f999ef25-a612-87c9-206f-aacc9d469dc8,d18ef2e6-ef40-324c-be54-34a5ee865625,f999ef25-a612-87c9-c3c8-42ee780b0fe4,106892,insulin isophane  human 70 UNT/ML / insulin  regular  human 30 UNT/ML Injectable Suspension [Humulin],126.89,91.89,9,1142.01,714628002,Prediabetes (finding)
2011-12-16T17:51:43Z,2012-10-05T17:51:43Z,f999ef25-a612-87c9-206f-aacc9d469dc8,d18ef2e6-ef40-324c-be54-34a5ee865625,f999ef25-a612-87c9-c3c8-42ee780b0fe4,313988,Furosemide 40 MG Oral Tablet,1.22,0.00,9,10.98,88805009,Chronic congestive heart failure (disorder)
2011-12-16T17:51:43Z,2012-10-05T17:51:43Z,f999ef25-a612-87c9-206f-aacc9d469dc8,d18ef2e6-ef40-324c-be54-34a5ee865625,f999ef25-a612-87c9-c3c8-42ee780b0fe4,1664463,24 HR tacrolimus 1 MG Extended Release Oral Tablet [Envarsus],129.94,94.94,3,389.82,161665007,History of renal transplant (situation)
2011-12-16T17:51:43Z,2012-10-05T17:51:43Z,f999ef25-a612-87c9-206f-aacc9d469dc8,d18ef2e6-ef40-324c-be54-34a5ee865625,f999ef25-a612-87c9-c3c8-42ee780b0fe4,314076,lisinopril 10 MG Oral Tablet,0.91,0.00,3,2.73,59621000,Essential hypertension (disorder)
2012-09-26T10:13:01Z,2012-10-09T10:13:01Z,f999ef25-a612-87c9-206f-aacc9d469dc8,d18ef2e6-ef40-324c-be54-34a5ee865625,f999ef25-a612-87c9-68e8-ff4754e50cfc,313782,Acetaminophen 325 MG Oral Tablet,142.56,107.56,1,142.56,10509002,Acute bronchitis (disorder)
2026-09-10T03:59:29Z,2026-09-10T03:59:29Z,6aed9210-c500-4375-b0fc-3374c40b8591,8fa6c185-e44e-3e34-8bd8-39be8694f4ce,6aed9210-c500-4375-9bf9-c43e9e3e04bc,860975,24 HR Metformin hydrochloride 500 MG Extended Release Oral Tablet,19.16,0.00,1,19.16,44054006,Diabetes mellitus type 2 (disorder)
2012-10-05T17:51:43Z,2012-10-12T17:51:43Z,f999ef25-a612-87c9-206f-aacc9d469dc8,d18ef2e6-ef40-324c-be54-34a5ee865625,f999ef25-a612-87c9-e8d7-45d3a95d2010,106892,insulin isophane  human 70 UNT/ML / insulin  regular  human 30 UNT/ML Injectable Suspension [Humulin],126.89,91.89,1,126.89,714628002,Prediabetes (finding)
2026-09-10T03:59:29Z,,6aed9210-c500-4375-b0fc-3374c40b8591,8fa6c185-e44e-3e34-8bd8-39be8694f4ce,6aed9210-c500-4375-9bf9-c43e9e3e04bc,860975,24 HR Metformin hydrochloride 500 MG Extended Release Oral Tablet,0.62,0.00,1,0.62,44054006,Diabetes mellitus type 2 (disorder)
2012-10-05T17:51:43Z,2012-10-12T17:51:43Z,f999ef25-a612-87c9-206f-aacc9d469dc8,d18ef2e6-ef40-324c-be54-34a5ee865625,f999ef25-a612-87c9-e8d7-45d3a95d2010,313988,Furosemide 40 MG Oral Tablet,0.52,0.00,1,0.52,88805009,Chronic congestive heart failure (disorder)
2012-10-05T17:51:43Z,2012-10-12T17:51:43Z,f999ef25-a612-87c9-206f-aacc9d469dc8,d18ef2e6-ef40-324c-be54-34a5ee865625,f999ef25-a612-87c9-e8d7-45d3a95d2010,1664463,24 HR tacrolimus 1 MG Extended Release Oral Tablet [Envarsus],129.94,94.94,1,129.94,161665007,History of renal transplant (situation)
2012-10-05T17:51:43Z,2012-10-12T17:51:43Z,f999ef25-a612-87c9-206f-aacc9d469dc8,d18ef2e6-ef40-324c-be54-34a5ee865625,f999ef25-a612-87c9-e8d7-45d3a95d2010,314076,lisinopril 10 MG Oral Tablet,0.91,0.00,1,0.91,59621000,Essential hypertension (disorder)
2012-10-12T17:51:43Z,2012-12-21T17:51:43Z,f999ef25-a612-87c9-206f-aacc9d469dc8,d18ef2e6-ef40-324c-be54-34a5ee865625,f999ef25-a612-87c9-9002-6eb18cb083e3,106892,insulin isophane  human 70 UNT/ML / insulin  regular  human 30 UNT/ML Injectable Suspension [Humulin],497.22,462.22,2,994.44,714628002,Prediabetes (finding)
2012-10-12T17:51:43Z,2012-12-21T17:51:43Z,f999ef25-a612-87c9-206f-aacc9d469dc8,d18ef2e6-ef40-324c-be54-34a5ee865625,f999ef25-a612-87c9-9002-6eb18cb083e3,313988,Furosemide 40 MG Oral Tablet,0.30,0.00,2,0.60,88805009,Chronic congestive heart failure (disorder)
2012-10-12T17:51:43Z,2012-12-21T17:51:43Z,f999ef25-a612-87c9-206f-aacc9d469dc8,d18ef2e6-ef40-324c-be54-34a5ee865625,f999ef25-a612-87c9-9002-6eb18cb083e3,1664463,24 HR tacrolimus 1 MG Extended Release Oral Tablet [Envarsus],129.94,94.94,1,129.94,161665007,History of renal transplant (situation)
2012-10-12T17:51:43Z,2012-12-21T17:51:43Z,f999ef25-a612-87c9-206f-aacc9d469dc8,d18ef2e6-ef40-324c-be54-34a5ee865625,f999ef25-a612-87c9-9002-6eb18cb083e3,314076,lisinopril 10 MG Oral Tablet,0.91,0.00,1,0.91,59621000,Essential hypertension (disorder)
2012-12-02T17:51:43Z,2013-12-27T17:51:43Z,f999ef25-a612-87c9-206f-aacc9d469dc8,d18ef2e6-ef40-324c-be54-34a5ee865625,f999ef25-a612-87c9-a382-5421449a8703,314231,Simvastatin 10 MG Oral Tablet,0.39,0.00,12,4.68,55822004,Hyperlipidemia (disorder)
2012-12-21T17:51:43Z,2013-12-06T17:51:43Z,f999ef25-a612-87c9-206f-aacc9d469dc8,d18ef2e6-ef40-324c-be54-34a5ee865625,f999ef25-a612-87c9-9d43-159abc201b00,106892,insulin isophane  human 70 UNT/ML / insulin  regular  human 30 UNT/ML Injectable Suspension [Humulin],126.89,91.89,11,1395.79,714628002,Prediabetes (finding)
2012-12-21T17:51:43Z,2013-12-06T17:51:43Z,f999ef25-a612-87c9-206f-aacc9d469dc8,d18ef2e6-ef40-324c-be54-34a5ee865625,f999ef25-a612-87c9-9d43-159abc201b00,313988,Furosemide 40 MG Oral Tablet,1.22,0.00,11,13.42,88805009,Chronic congestive heart failure (disorder)
2012-12-21T17:51:43Z,2013-12-06T17:51:43Z,f999ef25-a612-87c9-206f-aacc9d469dc8,d18ef2e6-ef40-324c-be54-34a5ee865625,f999ef25-a612-87c9-9d43-159abc201b00,1664463,24 HR tacrolimus 1 MG Extended Release Oral Tablet [Envarsus],129.94,94.94,3,389.82,161665007,History of renal transplant (situation)
2012-12-21T17:51:43Z,2013-12-06T17:51:43Z,f999ef25-a612-87c9-206f-aacc9d469dc8,d18ef2e6-ef40-324c-be54-34a5ee865625,f999ef25-a612-87c9-9d43-159abc201b00,314076,lisinopril 10 MG Oral Tablet,0.91,0.00,3,2.73,59621000,Essential hypertension (disorder)
2013-12-06T17:51:43Z,2013-12-13T17:51:43Z,f999ef25-a612-87c9-206f-aacc9d469dc8,d18ef2e6-ef40-324c-be54-34a5ee865625,f999ef25-a612-87c9-be0c-01177c504f2b,106892,insulin isophane  human 70 UNT/ML / insulin  regular  human 30 UNT/ML Injectable Suspension [Humulin],503.67,468.67,1,503.67,714628002,Prediabetes (finding)
2013-12-06T17:51:43Z,2013-12-13T17:51:43Z,f999ef25-a612-87c9-206f-aacc9d469dc8,d18ef2e6-ef40-324c-be54-34a5ee865625,f999ef25-a612-87c9-be0c-01177c504f2b,313988,Furosemide 40 MG Oral Tablet,1.22,0.00,1,1.22,88805009,Chronic congestive heart failure (disorder)
2013-12-06T17:51:43Z,2013-12-13T17:51:43Z,f999ef25-a612-87c9-206f-aacc9d469dc8,d18ef2e6-ef40-324c-be54-34a5ee865625,f999ef25-a612-87c9-be0c-01177c504f2b,1664463,24 HR tacrolimus 1 MG Extended Release Oral Tablet [Envarsus],129.94,94.94,1,129.94,161665007,History of renal transplant (situation)
2013-12-06T17:51:43Z,2013-12-13T17:51:43Z,f999ef25-a612-87c9-206f-aacc9d469dc8,d18ef2e6-ef40-324c-be54-34a5ee865625,f999ef25-a612-87c9-be0c-01177c504f2b,314076,lisinopril 10 MG Oral Tablet,0.91,0.00,1,0.91,59621000,Essential hypertension (disorder)
2013-12-13T17:51:43Z,2014-01-03T17:51:43Z,f999ef25-a612-87c9-206f-aacc9d469dc8,d18ef2e6-ef40-324c-be54-34a5ee865625,f999ef25-a612-87c9-0644-27b10557bbe5,106892,insulin isophane  human 70 UNT/ML / insulin  regular  human 30 UNT/ML Injectable Suspension [Humulin],302.03,267.03,1,302.03,714628002,Prediabetes (finding)
2013-12-13T17:51:43Z,2014-01-03T17:51:43Z,f999ef25-a612-87c9-206f-aacc9d469dc8,d18ef2e6-ef40-324c-be54-34a5ee865625,f999ef25-a612-87c9-0644-27b10557bbe5,313988,Furosemide 40 MG Oral Tablet,1.22,0.00,1,1.22,88805009,Chronic congestive heart failure (disorder)
2013-12-13T17:51:43Z,2014-01-03T17:51:43Z,f999ef25-a612-87c9-206f-aacc9d469dc8,d18ef2e6-ef40-324c-be54-34a5ee865625,f999ef25-a612-87c9-0644-27b10557bbe5,1664463,24 HR tacrolimus 1 MG Extended Release Oral Tablet [Envarsus],129.94,94.94,1,129.94,161665007,History of renal transplant (situation)
2013-12-13T17:51:43Z,2014-01-03T17:51:43Z,f999ef25-a612-87c9-206f-aacc9d469dc8,d18ef2e6-ef40-324c-be54-34a5ee865625,f999ef25-a612-87c9-0644-27b10557bbe5,314076,lisinopril 10 MG Oral Tablet,0.91,0.00,1,0.91,59621000,Essential hypertension (disorder)
2013-12-20T20:26:22Z,2013-12-20T20:26:22Z,f999ef25-a612-87c9-206f-aacc9d469dc8,d18ef2e6-ef40-324c-be54-34a5ee865625,f999ef25-a612-87c9-0c56-7eba26a91c09,1535362,sodium fluoride 0.0272 MG/MG Oral Gel,129.94,94.94,1,129.94,103697008,Patient referral for dental care (procedure)
2013-12-27T17:51:43Z,2014-12-27T17:51:43Z,f999ef25-a612-87c9-206f-aacc9d469dc8,d18ef2e6-ef40-324c-be54-34a5ee865625,f999ef25-a612-87c9-0b85-9aaa70262eae,314231,Simvastatin 10 MG Oral Tablet,0.32,0.00,12,3.84,55822004,Hyperlipidemia (disorder)
2014-01-03T17:51:43Z,2015-01-09T17:51:43Z,f999ef25-a612-87c9-206f-aacc9d469dc8,d18ef2e6-ef40-324c-be54-34a5ee865625,f999ef25-a612-87c9-7361-49b591301c5b,106892,insulin isophane  human 70 UNT/ML / insulin  regular  human 30 UNT/ML Injectable Suspension [Humulin],126.89,91.89,12,1522.68,714628002,Prediabetes (finding)
2014-01-03T17:51:43Z,2015-01-09T17:51:43Z,f999ef25-a612-87c9-206f-aacc9d469dc8,d18ef2e6-ef40-324c-be54-34a5ee865625,f999ef25-a612-87c9-7361-49b591301c5b,313988,Furosemide 40 MG Oral Tablet,1.22,0.00,12,14.64,88805009,Chronic congestive heart failure (disorder)
2014-01-03T17:51:43Z,2015-01-09T17:51:43Z,f999ef25-a612-87c9-206f-aacc9d469dc8,d18ef2e6-ef40-324c-be54-34a5ee865625,f999ef25-a612-87c9-7361-49b591301c5b,1664463,24 HR tacrolimus 1 MG Extended Release Oral Tablet [Envarsus],129.94,94.94,4,519.76,161665007,History of renal transplant (situation)
2014-01-03T17:51:43Z,2015-01-09T17:51:43Z,f999ef25-a612-87c9-206f-aacc9d469dc8,d18ef2e6-ef40-324c-be54-34a5ee865625,f999ef25-a612-87c9-7361-49b591301c5b,314076,lisinopril 10 MG Oral Tablet,0.91,0.00,4,3.64,59621000,Essential hypertension (disorder)
2014-04-04T02:22:21Z,2015-01-09T17:51:43Z,f999ef25-a612-87c9-206f-aacc9d469dc8,d18ef2e6-ef40-324c-be54-34a5ee865625,f999ef25-a612-87c9-9191-43685e92aee5,1049625,Acetaminophen 325 MG / Oxycodone Hydrochloride 10 MG Oral Tablet [Percocet],129.94,94.94,3,389.82,,
2014-07-09T17:59:20Z,2014-07-09T17:59:20Z,f999ef25-a612-87c9-206f-aacc9d469dc8,d18ef2e6-ef40-324c-be54-34a5ee865625,f999ef25-a612-87c9-4e9e-de1a9b560b44,1719286,10 ML Furosemide 10 MG/ML Injection,0.15,0.00,1,0.15,88805009,Chronic congestive heart failure (disorder)
2014-07-10T05:59:20Z,2014-07-10T05:59:20Z,f999ef25-a612-87c9-206f-aacc9d469dc8,d18ef2e6-ef40-324c-be54-34a5ee865625,f999ef25-a612-87c9-4e9e-de1a9b560b44,1719286,10 ML Furosemide 10 MG/ML Injection,0.04,0.00,1,0.04,88805009,Chronic congestive heart failure (disorder)
2014-07-10T17:59:20Z,2014-07-10T17:59:20Z,f999ef25-a612-87c9-206f-aacc9d469dc8,d18ef2e6-ef40-324c-be54-34a5ee865625,f999ef25-a612-87c9-4e9e-de1a9b560b44,1719286,10 ML Furosemide 10 MG/ML Injection,0.11,0.00,1,0.11,88805009,Chronic congestive heart failure (disorder)
2014-07-11T05:59:20Z,2014-07-11T05:59:20Z,f999ef25-a612-87c9-206f-aacc9d469dc8,d18ef2e6-ef40-324c-be54-34a5ee865625,f999ef25-a612-87c9-4e9e-de1a9b560b44,1719286,10 ML Furosemide 10 MG/ML Injection,0.04,0.00,1,0.04,88805009,Chronic congestive heart failure (disorder)
2014-07-11T17:59:20Z,2014-07-11T17:59:20Z,f999ef25-a612-87c9-206f-aacc9d469dc8,d18ef2e6-ef40-324c-be54-34a5ee865625,f999ef25-a612-87c9-4e9e-de1a9b560b44,1719286,10 ML Furosemide 10 MG/ML Injection,0.04,0.00,1,0.04,88805009,Chronic congestive heart failure (disorder)
2014-07-12T05:59:20Z,2014-07-12T05:59:20Z,f999ef25-a612-87c9-206f-aacc9d469dc8,d18ef2e6-ef40-324c-be54-34a5ee865625,f999ef25-a612-87c9-4e9e-de1a9b560b44,1719286,10 ML Furosemide 10 MG/ML Injection,0.04,0.00,1,0.04,88805009,Chronic congestive heart failure (disorder)
2014-12-26T17:51:43Z,2015-01-18T17:51:43Z,f999ef25-a612-87c9-206f-aacc9d469dc8,d18ef2e6-ef40-324c-be54-34a5ee865625,f999ef25-a612-87c9-1272-251e0585e9e4,310965,Ibuprofen 200 MG Oral Tablet,17.95,0.00,1,17.95,,
2014-12-27T17:51:43Z,2015-12-27T17:51:43Z,f999ef25-a612-87c9-206f-aacc9d469dc8,d18ef2e6-ef40-324c-be54-34a5ee865625,f999ef25-a612-87c9-73f6-f313b5efc80b,314231,Simvastatin 10 MG Oral Tablet,0.38,0.00,12,4.56,55822004,Hyperlipidemia (disorder)
2015-01-09T17:51:43Z,2015-02-06T17:51:43Z,f999ef25-a612-87c9-206f-aacc9d469dc8,d18ef2e6-ef40-324c-be54-34a5ee865625,f999ef25-a612-87c9-6c40-1401e40393d8,106892,insulin isophane  human 70 UNT/ML / insulin  regular  human 30 UNT/ML Injectable Suspension [Humulin],507.86,472.86,1,507.86,714628002,Prediabetes (finding)
2015-01-09T17:51:43Z,2015-02-06T17:51:43Z,f999ef25-a612-87c9-206f-aacc9d469dc8,d18ef2e6-ef40-324c-be54-34a5ee865625,f999ef25-a612-87c9-6c40-1401e40393d8,1049625,Acetaminophen 325 MG / Oxycodone Hydrochloride 10 MG Oral Tablet [Percocet],129.94,94.94,3,389.82,,
2015-01-09T17:51:43Z,2015-02-06T17:51:43Z,f999ef25-a612-87c9-206f-aacc9d469dc8,d18ef2e6-ef40-324c-be54-34a5ee865625,f999ef25-a612-87c9-6c40-1401e40393d8,313988,Furosemide 40 MG Oral Tablet,1.22,0.00,1,1.22,88805009,Chronic congestive heart failure (disorder)
2015-01-09T17:51:43Z,2015-02-06T17:51:43Z,f999ef25-a612-87c9-206f-aacc9d469dc8,d18ef2e6-ef40-324c-be54-34a5ee865625,f999ef25-a612-87c9-6c40-1401e40393d8,1664463,24 HR tacrolimus 1 MG Extended Release Oral Tablet [Envarsus],129.94,94.94,1,129.94,161665007,History of renal transplant (situation)
2015-01-09T17:51:43Z,2015-02-06T17:51:43Z,f999ef25-a612-87c9-206f-aacc9d469dc8,d18ef2e6-ef40-324c-be54-34a5ee865625,f999ef25-a612-87c9-6c40-1401e40393d8,314076,lisinopril 10 MG Oral Tablet,0.91,0.00,1,0.91,59621000,Essential hypertension (disorder)
2016-08-24T17:25:33Z,2016-10-12T17:25:33Z,79021b82-f370-50bb-c5a1-7333816d683f,0133f751-9229-3cfd-815f-b6d4979bdd6a,79021b82-f370-50bb-71a0-8c4064b7d44d,351109,budesonide 0.25 MG/ML Inhalation Suspension,129.94,77.96,1,129.94,233678006,Childhood asthma (disorder)
2016-08-24T17:25:33Z,2016-10-12T17:25:33Z,79021b82-f370-50bb-c5a1-7333816d683f,0133f751-9229-3cfd-815f-b6d4979bdd6a,79021b82-f370-50bb-71a0-8c4064b7d44d,745752,NDA021457 200 ACTUAT albuterol 0.09 MG/ACTUAT Metered Dose Inhaler [ProAir],129.94,77.96,1,129.94,233678006,Childhood asthma (disorder)
2016-10-12T17:25:33Z,2017-02-22T17:25:33Z,79021b82-f370-50bb-c5a1-7333816d683f,0133f751-9229-3cfd-815f-b6d4979bdd6a,79021b82-f370-50bb-d96f-a45c913fd0f2,351109,budesonide 0.25 MG/ML Inhalation Suspension,129.94,77.96,1,129.94,233678006,Childhood asthma (disorder)
2016-10-12T17:25:33Z,2017-02-22T17:25:33Z,79021b82-f370-50bb-c5a1-7333816d683f,0133f751-9229-3cfd-815f-b6d4979bdd6a,79021b82-f370-50bb-d96f-a45c913fd0f2,745752,NDA021457 200 ACTUAT albuterol 0.09 MG/ACTUAT Metered Dose Inhaler [ProAir],129.94,77.96,1,129.94,233678006,Childhood asthma (disorder)
2017-02-22T17:25:33Z,2017-06-21T17:25:33Z,79021b82-f370-50bb-c5a1-7333816d683f,0133f751-9229-3cfd-815f-b6d4979bdd6a,79021b82-f370-50bb-27c9-9a825785c65e,351109,budesonide 0.25 MG/ML Inhalation Suspension,129.94,77.96,1,129.94,233678006,Childhood asthma (disorder)
2017-02-22T17:25:33Z,2017-06-21T17:25:33Z,79021b82-f370-50bb-c5a1-7333816d683f,0133f751-9229-3cfd-815f-b6d4979bdd6a,79021b82-f370-50bb-27c9-9a825785c65e,745752,NDA021457 200 ACTUAT albuterol 0.09 MG/ACTUAT Metered Dose Inhaler [ProAir],129.94,77.96,1,129.94,233678006,Childhood asthma (disorder)
2017-02-27T17:25:33Z,2017-03-13T17:25:33Z,79021b82-f370-50bb-c5a1-7333816d683f,0133f751-9229-3cfd-815f-b6d4979bdd6a,79021b82-f370-50bb-0183-031581a46e34,308192,Amoxicillin 500 MG Oral Tablet,162.12,97.27,1,162.12,,
2017-02-27T17:25:33Z,2017-03-13T17:25:33Z,79021b82-f370-50bb-c5a1-7333816d683f,0133f751-9229-3cfd-815f-b6d4979bdd6a,79021b82-f370-50bb-0183-031581a46e34,198405,Ibuprofen 100 MG Oral Tablet,39.11,23.47,1,39.11,,
2017-06-10T20:25:33Z,2017-06-18T20:25:33Z,79021b82-f370-50bb-c5a1-7333816d683f,734afbd6-4794-363b-9bc0-6a3981533ed5,79021b82-f370-50bb-48b9-ef13e6f98636,834061,Penicillin V Potassium 250 MG Oral Tablet,139.20,0.00,1,139.20,43878008,Streptococcal sore throat (disorder)
2017-06-21T17:25:33Z,2018-02-28T17:25:33Z,79021b82-f370-50bb-c5a1-7333816d683f,734afbd6-4794-363b-9bc0-6a3981533ed5,79021b82-f370-50bb-a182-31f7e8e38690,351109,budesonide 0.25 MG/ML Inhalation Suspension,129.94,0.00,1,129.94,233678006,Childhood asthma (disorder)
2017-06-21T17:25:33Z,2018-02-28T17:25:33Z,79021b82-f370-50bb-c5a1-7333816d683f,734afbd6-4794-363b-9bc0-6a3981533ed5,79021b82-f370-50bb-a182-31f7e8e38690,745752,NDA021457 200 ACTUAT albuterol 0.09 MG/ACTUAT Metered Dose Inhaler [ProAir],129.94,0.00,1,129.94,233678006,Childhood asthma (disorder)
2018-02-28T17:25:33Z,2019-03-06T17:25:33Z,79021b82-f370-50bb-c5a1-7333816d683f,734afbd6-4794-363b-9bc0-6a3981533ed5,79021b82-f370-50bb-d8dd-61867d73dfb2,351109,budesonide 0.25 MG/ML Inhalation Suspension,129.94,47.08,1,129.94,233678006,Childhood asthma (disorder)
2018-02-28T17:25:33Z,2019-03-06T17:25:33Z,79021b82-f370-50bb-c5a1-7333816d683f,734afbd6-4794-363b-9bc0-6a3981533ed5,79021b82-f370-50bb-d8dd-61867d73dfb2,745752,NDA021457 200 ACTUAT albuterol 0.09 MG/ACTUAT Metered Dose Inhaler [ProAir],129.94,103.95,1,129.94,233678006,Childhood asthma (disorder)
2015-01-17T18:47:36Z,2015-01-17T18:47:36Z,f999ef25-a612-87c9-206f-aacc9d469dc8,d18ef2e6-ef40-324c-be54-34a5ee865625,f999ef25-a612-87c9-dbf5-0512a910513f,1719286,10 ML Furosemide 10 MG/ML Injection,0.04,0.00,1,0.04,88805009,Chronic congestive heart failure (disorder)
2015-01-18T06:47:36Z,2015-01-18T06:47:36Z,f999ef25-a612-87c9-206f-aacc9d469dc8,d18ef2e6-ef40-324c-be54-34a5ee865625,f999ef25-a612-87c9-dbf5-0512a910513f,1719286,10 ML Furosemide 10 MG/ML Injection,0.04,0.00,1,0.04,88805009,Chronic congestive heart failure (disorder)
2015-01-18T18:47:36Z,2015-01-18T18:47:36Z,f999ef25-a612-87c9-206f-aacc9d469dc8,d18ef2e6-ef40-324c-be54-34a5ee865625,f999ef25-a612-87c9-dbf5-0512a910513f,1719286,10 ML Furosemide 10 MG/ML Injection,0.04,0.00,1,0.04,88805009,Chronic congestive heart failure (disorder)
2015-01-19T06:47:36Z,2015-01-19T06:47:36Z,f999ef25-a612-87c9-206f-aacc9d469dc8,d18ef2e6-ef40-324c-be54-34a5ee865625,f999ef25-a612-87c9-dbf5-0512a910513f,1719286,10 ML Furosemide 10 MG/ML Injection,0.06,0.00,1,0.06,88805009,Chronic congestive heart failure (disorder)
2015-01-19T18:47:36Z,2015-01-19T18:47:36Z,f999ef25-a612-87c9-206f-aacc9d469dc8,d18ef2e6-ef40-324c-be54-34a5ee865625,f999ef25-a612-87c9-dbf5-0512a910513f,1719286,10 ML Furosemide 10 MG/ML Injection,0.10,0.00,1,0.10,88805009,Chronic congestive heart failure (disorder)
2015-01-20T06:47:36Z,2015-01-20T06:47:36Z,f999ef25-a612-87c9-206f-aacc9d469dc8,d18ef2e6-ef40-324c-be54-34a5ee865625,f999ef25-a612-87c9-dbf5-0512a910513f,1719286,10 ML Furosemide 10 MG/ML Injection,0.05,0.00,1,0.05,88805009,Chronic congestive heart failure (disorder)
2015-01-20T18:47:36Z,2015-01-20T18:47:36Z,f999ef25-a612-87c9-206f-aacc9d469dc8,d18ef2e6-ef40-324c-be54-34a5ee865625,f999ef25-a612-87c9-dbf5-0512a910513f,1719286,10 ML Furosemide 10 MG/ML Injection,0.04,0.00,1,0.04,88805009,Chronic congestive heart failure (disorder)
2015-01-21T06:47:36Z,2015-01-21T06:47:36Z,f999ef25-a612-87c9-206f-aacc9d469dc8,d18ef2e6-ef40-324c-be54-34a5ee865625,f999ef25-a612-87c9-dbf5-0512a910513f,1719286,10 ML Furosemide 10 MG/ML Injection,0.15,0.00,1,0.15,88805009,Chronic congestive heart failure (disorder)
2015-01-21T18:47:36Z,2015-01-21T18:47:36Z,f999ef25-a612-87c9-206f-aacc9d469dc8,d18ef2e6-ef40-324c-be54-34a5ee865625,f999ef25-a612-87c9-dbf5-0512a910513f,1719286,10 ML Furosemide 10 MG/ML Injection,0.12,0.00,1,0.12,88805009,Chronic congestive heart failure (disorder)
2015-01-22T06:47:36Z,2015-01-22T06:47:36Z,f999ef25-a612-87c9-206f-aacc9d469dc8,d18ef2e6-ef40-324c-be54-34a5ee865625,f999ef25-a612-87c9-dbf5-0512a910513f,1719286,10 ML Furosemide 10 MG/ML Injection,0.04,0.00,1,0.04,88805009,Chronic congestive heart failure (disorder)
2018-03-07T20:13:37Z,2018-03-07T20:13:37Z,79021b82-f370-50bb-c5a1-7333816d683f,734afbd6-4794-363b-9bc0-6a3981533ed5,79021b82-f370-50bb-c4a4-8f42cb3eea9d,1535362,sodium fluoride 0.0272 MG/MG Oral Gel,129.94,103.95,1,129.94,103697008,Patient referral for dental care (procedure)
2015-01-28T23:22:19Z,2015-02-14T23:22:19Z,f999ef25-a612-87c9-206f-aacc9d469dc8,d18ef2e6-ef40-324c-be54-34a5ee865625,f999ef25-a612-87c9-9159-eb2bfd87a86a,313782,Acetaminophen 325 MG Oral Tablet,45.86,10.86,1,45.86,10509002,Acute bronchitis (disorder)
2018-12-17T17:25:33Z,,79021b82-f370-50bb-c5a1-7333816d683f,734afbd6-4794-363b-9bc0-6a3981533ed5,79021b82-f370-50bb-1414-02f00d8a4053,997488,Fexofenadine hydrochloride 30 MG Oral Tablet,214.03,0.00,95,20332.85,,
2018-12-25T00:54:21Z,,79021b82-f370-50bb-c5a1-7333816d683f,734afbd6-4794-363b-9bc0-6a3981533ed5,79021b82-f370-50bb-27d1-ec9a0ade2039,1870230,NDA020800 0.3 ML Epinephrine 1 MG/ML Auto-Injector,279.00,0.00,94,26226.00,,
2019-03-06T17:25:33Z,2019-10-23T17:25:33Z,79021b82-f370-50bb-c5a1-7333816d683f,734afbd6-4794-363b-9bc0-6a3981533ed5,79021b82-f370-50bb-ffe3-926f0338f86d,351109,budesonide 0.25 MG/ML Inhalation Suspension,129.94,0.00,1,129.94,233678006,Childhood asthma (disorder)
2019-03-06T17:25:33Z,2019-10-23T17:25:33Z,79021b82-f370-50bb-c5a1-7333816d683f,734afbd6-4794-363b-9bc0-6a3981533ed5,79021b82-f370-50bb-ffe3-926f0338f86d,745752,NDA021457 200 ACTUAT albuterol 0.09 MG/ACTUAT Metered Dose Inhaler [ProAir],129.94,31.99,1,129.94,233678006,Childhood asthma (disorder)
2019-10-23T17:25:33Z,2019-10-30T17:25:33Z,79021b82-f370-50bb-c5a1-7333816d683f,734afbd6-4794-363b-9bc0-6a3981533ed5,79021b82-f370-50bb-f3aa-6955d447bccd,351109,budesonide 0.25 MG/ML Inhalation Suspension,129.94,0.00,1,129.94,233678006,Childhood asthma (disorder)
2019-10-23T17:25:33Z,2019-10-30T17:25:33Z,79021b82-f370-50bb-c5a1-7333816d683f,734afbd6-4794-363b-9bc0-6a3981533ed5,79021b82-f370-50bb-f3aa-6955d447bccd,745752,NDA021457 200 ACTUAT albuterol 0.09 MG/ACTUAT Metered Dose Inhaler [ProAir],129.94,0.00,1,129.94,233678006,Childhood asthma (disorder)
2019-10-30T17:25:33Z,2019-11-06T17:25:33Z,79021b82-f370-50bb-c5a1-7333816d683f,734afbd6-4794-363b-9bc0-6a3981533ed5,79021b82-f370-50bb-8095-9b30e2bf7d0a,351109,budesonide 0.25 MG/ML Inhalation Suspension,129.94,0.00,1,129.94,233678006,Childhood asthma (disorder)
2019-10-30T17:25:33Z,2019-11-06T17:25:33Z,79021b82-f370-50bb-c5a1-7333816d683f,734afbd6-4794-363b-9bc0-6a3981533ed5,79021b82-f370-50bb-8095-9b30e2bf7d0a,745752,NDA021457 200 ACTUAT albuterol 0.09 MG/ACTUAT Metered Dose Inhaler [ProAir],129.94,0.00,1,129.94,233678006,Childhood asthma (disorder)
2019-11-06T17:25:33Z,2019-11-13T17:25:33Z,79021b82-f370-50bb-c5a1-7333816d683f,734afbd6-4794-363b-9bc0-6a3981533ed5,79021b82-f370-50bb-27e4-37183d09f153,351109,budesonide 0.25 MG/ML Inhalation Suspension,129.94,103.95,1,129.94,233678006,Childhood asthma (disorder)
2019-11-06T17:25:33Z,2019-11-13T17:25:33Z,79021b82-f370-50bb-c5a1-7333816d683f,734afbd6-4794-363b-9bc0-6a3981533ed5,79021b82-f370-50bb-27e4-37183d09f153,745752,NDA021457 200 ACTUAT albuterol 0.09 MG/ACTUAT Metered Dose Inhaler [ProAir],129.94,103.95,1,129.94,233678006,Childhood asthma (disorder)
2015-01-25T19:32:17Z,2015-01-25T19:32:17Z,f999ef25-a612-87c9-206f-aacc9d469dc8,d18ef2e6-ef40-324c-be54-34a5ee865625,f999ef25-a612-87c9-efd7-87438c6673e0,1719286,10 ML Furosemide 10 MG/ML Injection,0.04,0.00,1,0.04,88805009,Chronic congestive heart failure (disorder)
2015-01-26T07:32:17Z,2015-01-26T07:32:17Z,f999ef25-a612-87c9-206f-aacc9d469dc8,d18ef2e6-ef40-324c-be54-34a5ee865625,f999ef25-a612-87c9-efd7-87438c6673e0,1719286,10 ML Furosemide 10 MG/ML Injection,0.12,0.00,1,0.12,88805009,Chronic congestive heart failure (disorder)
2015-01-26T19:32:17Z,2015-01-26T19:32:17Z,f999ef25-a612-87c9-206f-aacc9d469dc8,d18ef2e6-ef40-324c-be54-34a5ee865625,f999ef25-a612-87c9-efd7-87438c6673e0,1719286,10 ML Furosemide 10 MG/ML Injection,0.04,0.00,1,0.04,88805009,Chronic congestive heart failure (disorder)
2015-01-27T07:32:17Z,2015-01-27T07:32:17Z,f999ef25-a612-87c9-206f-aacc9d469dc8,d18ef2e6-ef40-324c-be54-34a5ee865625,f999ef25-a612-87c9-efd7-87438c6673e0,1719286,10 ML Furosemide 10 MG/ML Injection,0.04,0.00,1,0.04,88805009,Chronic congestive heart failure (disorder)
2015-02-06T17:51:43Z,2015-02-13T17:51:43Z,f999ef25-a612-87c9-206f-aacc9d469dc8,d18ef2e6-ef40-324c-be54-34a5ee865625,f999ef25-a612-87c9-b4eb-69604ae0ce30,106892,insulin isophane  human 70 UNT/ML / insulin  regular  human 30 UNT/ML Injectable Suspension [Humulin],126.89,91.89,1,126.89,714628002,Prediabetes (finding)
2015-02-06T17:51:43Z,2015-02-13T17:51:43Z,f999ef25-a612-87c9-206f-aacc9d469dc8,d18ef2e6-ef40-324c-be54-34a5ee865625,f999ef25-a612-87c9-b4eb-69604ae0ce30,1049625,Acetaminophen 325 MG / Oxycodone Hydrochloride 10 MG Oral Tablet [Percocet],129.94,94.94,3,389.82,,
2015-02-06T17:51:43Z,2015-02-13T17:51:43Z,f999ef25-a612-87c9-206f-aacc9d469dc8,d18ef2e6-ef40-324c-be54-34a5ee865625,f999ef25-a612-87c9-b4eb-69604ae0ce30,313988,Furosemide 40 MG Oral Tablet,1.22,0.00,1,1.22,88805009,Chronic congestive heart failure (disorder)
2015-02-06T17:51:43Z,2015-02-13T17:51:43Z,f999ef25-a612-87c9-206f-aacc9d469dc8,d18ef2e6-ef40-324c-be54-34a5ee865625,f999ef25-a612-87c9-b4eb-69604ae0ce30,1664463,24 HR tacrolimus 1 MG Extended Release Oral Tablet [Envarsus],129.94,94.94,1,129.94,161665007,History of renal transplant (situation)
2015-02-06T17:51:43Z,2015-02-13T17:51:43Z,f999ef25-a612-87c9-206f-aacc9d469dc8,d18ef2e6-ef40-324c-be54-34a5ee865625,f999ef25-a612-87c9-b4eb-69604ae0ce30,314076,lisinopril 10 MG Oral Tablet,0.91,0.00,1,0.91,59621000,Essential hypertension (disorder)
2015-02-13T17:51:43Z,2015-02-20T17:51:43Z,f999ef25-a612-87c9-206f-aacc9d469dc8,d18ef2e6-ef40-324c-be54-34a5ee865625,f999ef25-a612-87c9-dba7-7fbc0cd44ff4,106892,insulin isophane  human 70 UNT/ML / insulin  regular  human 30 UNT/ML Injectable Suspension [Humulin],126.89,91.89,1,126.89,714628002,Prediabetes (finding)
2015-02-13T17:51:43Z,2015-02-20T17:51:43Z,f999ef25-a612-87c9-206f-aacc9d469dc8,d18ef2e6-ef40-324c-be54-34a5ee865625,f999ef25-a612-87c9-dba7-7fbc0cd44ff4,1049625,Acetaminophen 325 MG / Oxycodone Hydrochloride 10 MG Oral Tablet [Percocet],129.94,94.94,3,389.82,,
2015-02-13T17:51:43Z,2015-02-20T17:51:43Z,f999ef25-a612-87c9-206f-aacc9d469dc8,d18ef2e6-ef40-324c-be54-34a5ee865625,f999ef25-a612-87c9-dba7-7fbc0cd44ff4,313988,Furosemide 40 MG Oral Tablet,1.22,0.00,1,1.22,88805009,Chronic congestive heart failure (disorder)
2015-02-13T17:51:43Z,2015-02-20T17:51:43Z,f999ef25-a612-87c9-206f-aacc9d469dc8,d18ef2e6-ef40-324c-be54-34a5ee865625,f999ef25-a612-87c9-dba7-7fbc0cd44ff4,1664463,24 HR tacrolimus 1 MG Extended Release Oral Tablet [Envarsus],129.94,94.94,1,129.94,161665007,History of renal transplant (situation)
2015-02-13T17:51:43Z,2015-02-20T17:51:43Z,f999ef25-a612-87c9-206f-aacc9d469dc8,d18ef2e6-ef40-324c-be54-34a5ee865625,f999ef25-a612-87c9-dba7-7fbc0cd44ff4,314076,lisinopril 10 MG Oral Tablet,0.91,0.00,1,0.91,59621000,Essential hypertension (disorder)
2015-02-20T17:51:43Z,2016-01-15T17:51:43Z,f999ef25-a612-87c9-206f-aacc9d469dc8,d18ef2e6-ef40-324c-be54-34a5ee865625,f999ef25-a612-87c9-ed1b-c863760f0c77,106892,insulin isophane  human 70 UNT/ML / insulin  regular  human 30 UNT/ML Injectable Suspension [Humulin],208.81,173.81,10,2088.10,714628002,Prediabetes (finding)
2015-02-20T17:51:43Z,2016-01-15T17:51:43Z,f999ef25-a612-87c9-206f-aacc9d469dc8,d18ef2e6-ef40-324c-be54-34a5ee865625,f999ef25-a612-87c9-ed1b-c863760f0c77,1049625,Acetaminophen 325 MG / Oxycodone Hydrochloride 10 MG Oral Tablet [Percocet],129.94,94.94,3,389.82,,
2015-02-20T17:51:43Z,2016-01-15T17:51:43Z,f999ef25-a612-87c9-206f-aacc9d469dc8,d18ef2e6-ef40-324c-be54-34a5ee865625,f999ef25-a612-87c9-ed1b-c863760f0c77,313988,Furosemide 40 MG Oral Tablet,1.22,0.00,10,12.20,88805009,Chronic congestive heart failure (disorder)
2015-02-20T17:51:43Z,2016-01-15T17:51:43Z,f999ef25-a612-87c9-206f-aacc9d469dc8,d18ef2e6-ef40-324c-be54-34a5ee865625,f999ef25-a612-87c9-ed1b-c863760f0c77,1664463,24 HR tacrolimus 1 MG Extended Release Oral Tablet [Envarsus],129.94,94.94,3,389.82,161665007,History of renal transplant (situation)
2015-02-20T17:51:43Z,2016-01-15T17:51:43Z,f999ef25-a612-87c9-206f-aacc9d469dc8,d18ef2e6-ef40-324c-be54-34a5ee865625,f999ef25-a612-87c9-ed1b-c863760f0c77,314076,lisinopril 10 MG Oral Tablet,0.91,0.00,3,2.73,59621000,Essential hypertension (disorder)
2015-12-27T17:51:43Z,2016-12-26T17:51:43Z,f999ef25-a612-87c9-206f-aacc9d469dc8,d18ef2e6-ef40-324c-be54-34a5ee865625,f999ef25-a612-87c9-fc61-efcb8eadcfdb,314231,Simvastatin 10 MG Oral Tablet,0.45,0.00,12,5.40,55822004,Hyperlipidemia (disorder)
2016-01-15T17:51:43Z,2017-01-20T17:51:43Z,f999ef25-a612-87c9-206f-aacc9d469dc8,d18ef2e6-ef40-324c-be54-34a5ee865625,f999ef25-a612-87c9-7556-d976bb49dbe9,106892,insulin isophane  human 70 UNT/ML / insulin  regular  human 30 UNT/ML Injectable Suspension [Humulin],331.84,296.84,12,3982.08,714628002,Prediabetes (finding)
2016-01-15T17:51:43Z,2017-01-20T17:51:43Z,f999ef25-a612-87c9-206f-aacc9d469dc8,d18ef2e6-ef40-324c-be54-34a5ee865625,f999ef25-a612-87c9-7556-d976bb49dbe9,1049625,Acetaminophen 325 MG / Oxycodone Hydrochloride 10 MG Oral Tablet [Percocet],129.94,94.94,3,389.82,,
2016-01-15T17:51:43Z,2017-01-20T17:51:43Z,f999ef25-a612-87c9-206f-aacc9d469dc8,d18ef2e6-ef40-324c-be54-34a5ee865625,f999ef25-a612-87c9-7556-d976bb49dbe9,313988,Furosemide 40 MG Oral Tablet,1.22,0.00,12,14.64,88805009,Chronic congestive heart failure (disorder)
2019-11-13T17:25:33Z,2020-03-11T17:25:33Z,79021b82-f370-50bb-c5a1-7333816d683f,734afbd6-4794-363b-9bc0-6a3981533ed5,79021b82-f370-50bb-ca79-98b830d92723,351109,budesonide 0.25 MG/ML Inhalation Suspension,129.94,103.95,1,129.94,233678006,Childhood asthma (disorder)
2016-01-15T17:51:43Z,2017-01-20T17:51:43Z,f999ef25-a612-87c9-206f-aacc9d469dc8,d18ef2e6-ef40-324c-be54-34a5ee865625,f999ef25-a612-87c9-7556-d976bb49dbe9,1664463,24 HR tacrolimus 1 MG Extended Release Oral Tablet [Envarsus],129.94,94.94,4,519.76,161665007,History of renal transplant (situation)
2016-01-15T17:51:43Z,2017-01-20T17:51:43Z,f999ef25-a612-87c9-206f-aacc9d469dc8,d18ef2e6-ef40-324c-be54-34a5ee865625,f999ef25-a612-87c9-7556-d976bb49dbe9,314076,lisinopril 10 MG Oral Tablet,0.91,0.00,4,3.64,59621000,Essential hypertension (disorder)
2019-11-13T17:25:33Z,2020-03-11T17:25:33Z,79021b82-f370-50bb-c5a1-7333816d683f,734afbd6-4794-363b-9bc0-6a3981533ed5,79021b82-f370-50bb-ca79-98b830d92723,745752,NDA021457 200 ACTUAT albuterol 0.09 MG/ACTUAT Metered Dose Inhaler [ProAir],129.94,103.95,1,129.94,233678006,Childhood asthma (disorder)
2019-11-20T17:35:56Z,2019-12-06T17:35:56Z,79021b82-f370-50bb-c5a1-7333816d683f,734afbd6-4794-363b-9bc0-6a3981533ed5,79021b82-f370-50bb-2eb0-312e93dd0bb5,1043400,Acetaminophen 21.7 MG/ML / Dextromethorphan Hydrobromide 1 MG/ML / doxylamine succinate 0.417 MG/ML Oral Solution,61.15,48.92,1,61.15,10509002,Acute bronchitis (disorder)
2016-01-29T20:57:14Z,2016-01-29T20:57:14Z,f999ef25-a612-87c9-206f-aacc9d469dc8,d18ef2e6-ef40-324c-be54-34a5ee865625,f999ef25-a612-87c9-a663-fc217303c03d,1535362,sodium fluoride 0.0272 MG/MG Oral Gel,129.94,94.94,1,129.94,66383009,Gingivitis (disorder)
2020-03-11T17:25:33Z,2021-03-17T17:25:33Z,79021b82-f370-50bb-c5a1-7333816d683f,734afbd6-4794-363b-9bc0-6a3981533ed5,79021b82-f370-50bb-ba17-9f925e542fc0,351109,budesonide 0.25 MG/ML Inhalation Suspension,129.94,103.95,1,129.94,233678006,Childhood asthma (disorder)
2020-03-11T17:25:33Z,2021-03-17T17:25:33Z,79021b82-f370-50bb-c5a1-7333816d683f,734afbd6-4794-363b-9bc0-6a3981533ed5,79021b82-f370-50bb-ba17-9f925e542fc0,745752,NDA021457 200 ACTUAT albuterol 0.09 MG/ACTUAT Metered Dose Inhaler [ProAir],129.94,103.95,1,129.94,233678006,Childhood asthma (disorder)
2020-03-18T20:14:44Z,2020-03-18T20:14:44Z,79021b82-f370-50bb-c5a1-7333816d683f,734afbd6-4794-363b-9bc0-6a3981533ed5,79021b82-f370-50bb-8650-94d6b2ea7a5a,1535362,sodium fluoride 0.0272 MG/MG Oral Gel,129.94,103.95,1,129.94,103697008,Patient referral for dental care (procedure)
2016-12-26T17:51:43Z,2017-12-26T17:51:43Z,f999ef25-a612-87c9-206f-aacc9d469dc8,d18ef2e6-ef40-324c-be54-34a5ee865625,f999ef25-a612-87c9-a3f1-5f78d9d04de2,314231,Simvastatin 10 MG Oral Tablet,0.39,0.00,12,4.68,55822004,Hyperlipidemia (disorder)
2021-03-17T17:25:33Z,2022-03-23T17:25:33Z,79021b82-f370-50bb-c5a1-7333816d683f,734afbd6-4794-363b-9bc0-6a3981533ed5,79021b82-f370-50bb-16e0-ed172c5aefe8,351109,budesonide 0.25 MG/ML Inhalation Suspension,129.94,0.00,1,129.94,233678006,Childhood asthma (disorder)
2021-03-17T17:25:33Z,2022-03-23T17:25:33Z,79021b82-f370-50bb-c5a1-7333816d683f,734afbd6-4794-363b-9bc0-6a3981533ed5,79021b82-f370-50bb-16e0-ed172c5aefe8,745752,NDA021457 200 ACTUAT albuterol 0.09 MG/ACTUAT Metered Dose Inhaler [ProAir],129.94,0.00,1,129.94,233678006,Childhood asthma (disorder)
2021-05-12T17:25:33Z,2021-08-27T20:25:33Z,79021b82-f370-50bb-c5a1-7333816d683f,734afbd6-4794-363b-9bc0-6a3981533ed5,79021b82-f370-50bb-bca2-161993ffb2de,608139,atomoxetine 100 MG Oral Capsule,32.25,0.00,3,96.75,192127007,Child attention deficit disorder (disorder)
2017-01-20T17:51:43Z,2018-01-26T17:51:43Z,f999ef25-a612-87c9-206f-aacc9d469dc8,d18ef2e6-ef40-324c-be54-34a5ee865625,f999ef25-a612-87c9-0c51-928f3d8517f8,106892,insulin isophane  human 70 UNT/ML / insulin  regular  human 30 UNT/ML Injectable Suspension [Humulin],126.89,91.89,12,1522.68,714628002,Prediabetes (finding)
2017-01-20T17:51:43Z,2018-01-26T17:51:43Z,f999ef25-a612-87c9-206f-aacc9d469dc8,d18ef2e6-ef40-324c-be54-34a5ee865625,f999ef25-a612-87c9-0c51-928f3d8517f8,1049625,Acetaminophen 325 MG / Oxycodone Hydrochloride 10 MG Oral Tablet [Percocet],129.94,94.94,3,389.82,,
2017-01-20T17:51:43Z,2018-01-26T17:51:43Z,f999ef25-a612-87c9-206f-aacc9d469dc8,d18ef2e6-ef40-324c-be54-34a5ee865625,f999ef25-a612-87c9-0c51-928f3d8517f8,313988,Furosemide 40 MG Oral Tablet,1.22,0.00,12,14.64,88805009,Chronic congestive heart failure (disorder)
2017-01-20T17:51:43Z,2018-01-26T17:51:43Z,f999ef25-a612-87c9-206f-aacc9d469dc8,d18ef2e6-ef40-324c-be54-34a5ee865625,f999ef25-a612-87c9-0c51-928f3d8517f8,1664463,24 HR tacrolimus 1 MG Extended Release Oral Tablet [Envarsus],129.94,94.94,4,519.76,161665007,History of renal transplant (situation)
2017-01-20T17:51:43Z,2018-01-26T17:51:43Z,f999ef25-a612-87c9-206f-aacc9d469dc8,d18ef2e6-ef40-324c-be54-34a5ee865625,f999ef25-a612-87c9-0c51-928f3d8517f8,314076,lisinopril 10 MG Oral Tablet,0.91,0.00,4,3.64,59621000,Essential hypertension (disorder)
2022-03-23T17:25:33Z,2023-03-29T17:25:33Z,79021b82-f370-50bb-c5a1-7333816d683f,734afbd6-4794-363b-9bc0-6a3981533ed5,79021b82-f370-50bb-a972-ab01b48b5155,351109,budesonide 0.25 MG/ML Inhalation Suspension,129.94,0.00,1,129.94,233678006,Childhood asthma (disorder)
2022-03-23T17:25:33Z,2023-03-29T17:25:33Z,79021b82-f370-50bb-c5a1-7333816d683f,734afbd6-4794-363b-9bc0-6a3981533ed5,79021b82-f370-50bb-a972-ab01b48b5155,745752,NDA021457 200 ACTUAT albuterol 0.09 MG/ACTUAT Metered Dose Inhaler [ProAir],129.94,0.00,1,129.94,233678006,Childhood asthma (disorder)
2017-12-26T17:51:43Z,,f999ef25-a612-87c9-206f-aacc9d469dc8,d18ef2e6-ef40-324c-be54-34a5ee865625,f999ef25-a612-87c9-cba2-293d95ee7582,314231,Simvastatin 10 MG Oral Tablet,0.30,0.00,12,3.60,55822004,Hyperlipidemia (disorder)
2018-01-26T17:51:43Z,,f999ef25-a612-87c9-206f-aacc9d469dc8,d18ef2e6-ef40-324c-be54-34a5ee865625,f999ef25-a612-87c9-8545-5168285de4af,106892,insulin isophane  human 70 UNT/ML / insulin  regular  human 30 UNT/ML Injectable Suspension [Humulin],126.89,91.89,1,126.89,714628002,Prediabetes (finding)
2018-01-26T17:51:43Z,,f999ef25-a612-87c9-206f-aacc9d469dc8,d18ef2e6-ef40-324c-be54-34a5ee865625,f999ef25-a612-87c9-8545-5168285de4af,1049625,Acetaminophen 325 MG / Oxycodone Hydrochloride 10 MG Oral Tablet [Percocet],129.94,94.94,3,389.82,,
2018-01-26T17:51:43Z,,f999ef25-a612-87c9-206f-aacc9d469dc8,d18ef2e6-ef40-324c-be54-34a5ee865625,f999ef25-a612-87c9-8545-5168285de4af,313988,Furosemide 40 MG Oral Tablet,1.22,0.00,1,1.22,88805009,Chronic congestive heart failure (disorder)
2018-01-26T17:51:43Z,,f999ef25-a612-87c9-206f-aacc9d469dc8,d18ef2e6-ef40-324c-be54-34a5ee865625,f999ef25-a612-87c9-8545-5168285de4af,1664463,24 HR tacrolimus 1 MG Extended Release Oral Tablet [Envarsus],129.94,94.94,1,129.94,161665007,History of renal transplant (situation)
2018-01-26T17:51:43Z,,f999ef25-a612-87c9-206f-aacc9d469dc8,d18ef2e6-ef40-324c-be54-34a5ee865625,f999ef25-a612-87c9-8545-5168285de4af,314076,lisinopril 10 MG Oral Tablet,0.91,0.00,1,0.91,59621000,Essential hypertension (disorder)
2023-03-29T17:25:33Z,2024-04-03T17:25:33Z,79021b82-f370-50bb-c5a1-7333816d683f,734afbd6-4794-363b-9bc0-6a3981533ed5,79021b82-f370-50bb-4d16-0b80d21d87c5,351109,budesonide 0.25 MG/ML Inhalation Suspension,129.94,0.00,1,129.94,233678006,Childhood asthma (disorder)
2023-03-29T17:25:33Z,2024-04-03T17:25:33Z,79021b82-f370-50bb-c5a1-7333816d683f,734afbd6-4794-363b-9bc0-6a3981533ed5,79021b82-f370-50bb-4d16-0b80d21d87c5,745752,NDA021457 200 ACTUAT albuterol 0.09 MG/ACTUAT Metered Dose Inhaler [ProAir],129.94,0.00,1,129.94,233678006,Childhood asthma (disorder)
2023-04-05T21:05:15Z,2023-04-05T21:05:15Z,79021b82-f370-50bb-c5a1-7333816d683f,734afbd6-4794-363b-9bc0-6a3981533ed5,79021b82-f370-50bb-b221-3ff09cb23735,1535362,sodium fluoride 0.0272 MG/MG Oral Gel,129.94,0.00,1,129.94,103697008,Patient referral for dental care (procedure)
2024-04-03T17:25:33Z,2024-05-29T17:25:33Z,79021b82-f370-50bb-c5a1-7333816d683f,734afbd6-4794-363b-9bc0-6a3981533ed5,79021b82-f370-50bb-6027-fa9d255b8ff6,351109,budesonide 0.25 MG/ML Inhalation Suspension,129.94,0.00,1,129.94,233678006,Childhood asthma (disorder)
2024-04-03T17:25:33Z,2024-05-29T17:25:33Z,79021b82-f370-50bb-c5a1-7333816d683f,734afbd6-4794-363b-9bc0-6a3981533ed5,79021b82-f370-50bb-6027-fa9d255b8ff6,745752,NDA021457 200 ACTUAT albuterol 0.09 MG/ACTUAT Metered Dose Inhaler [ProAir],129.94,0.00,1,129.94,233678006,Childhood asthma (disorder)
2024-05-29T17:25:33Z,2024-06-05T17:25:33Z,79021b82-f370-50bb-c5a1-7333816d683f,734afbd6-4794-363b-9bc0-6a3981533ed5,79021b82-f370-50bb-b15b-1f3c89c43127,351109,budesonide 0.25 MG/ML Inhalation Suspension,129.94,0.00,1,129.94,233678006,Childhood asthma (disorder)
2024-05-29T17:25:33Z,2024-06-05T17:25:33Z,79021b82-f370-50bb-c5a1-7333816d683f,734afbd6-4794-363b-9bc0-6a3981533ed5,79021b82-f370-50bb-b15b-1f3c89c43127,745752,NDA021457 200 ACTUAT albuterol 0.09 MG/ACTUAT Metered Dose Inhaler [ProAir],129.94,0.00,1,129.94,233678006,Childhood asthma (disorder)
2024-06-05T17:25:33Z,2025-04-09T17:25:33Z,79021b82-f370-50bb-c5a1-7333816d683f,734afbd6-4794-363b-9bc0-6a3981533ed5,79021b82-f370-50bb-eea6-cf039c086bac,351109,budesonide 0.25 MG/ML Inhalation Suspension,129.94,103.95,1,129.94,233678006,Childhood asthma (disorder)
2024-06-05T17:25:33Z,2025-04-09T17:25:33Z,79021b82-f370-50bb-c5a1-7333816d683f,734afbd6-4794-363b-9bc0-6a3981533ed5,79021b82-f370-50bb-eea6-cf039c086bac,745752,NDA021457 200 ACTUAT albuterol 0.09 MG/ACTUAT Metered Dose Inhaler [ProAir],129.94,103.95,1,129.94,233678006,Childhood asthma (disorder)
2024-06-12T19:52:19Z,2024-06-12T19:52:19Z,79021b82-f370-50bb-c5a1-7333816d683f,734afbd6-4794-363b-9bc0-6a3981533ed5,79021b82-f370-50bb-f36e-bf34519ecad1,1535362,sodium fluoride 0.0272 MG/MG Oral Gel,129.94,103.95,1,129.94,103697008,Patient referral for dental care (procedure)
2025-04-09T17:25:33Z,2026-04-15T17:25:33Z,79021b82-f370-50bb-c5a1-7333816d683f,734afbd6-4794-363b-9bc0-6a3981533ed5,79021b82-f370-50bb-9805-08e4a7e9acd8,351109,budesonide 0.25 MG/ML Inhalation Suspension,129.94,0.00,1,129.94,233678006,Childhood asthma (disorder)
2025-04-09T17:25:33Z,2026-04-15T17:25:33Z,79021b82-f370-50bb-c5a1-7333816d683f,734afbd6-4794-363b-9bc0-6a3981533ed5,79021b82-f370-50bb-9805-08e4a7e9acd8,745752,NDA021457 200 ACTUAT albuterol 0.09 MG/ACTUAT Metered Dose Inhaler [ProAir],129.94,0.00,1,129.94,233678006,Childhood asthma (disorder)
2018-03-05T18:00:00Z,2018-03-05T18:00:00Z,f999ef25-a612-87c9-206f-aacc9d469dc8,d18ef2e6-ef40-324c-be54-34a5ee865625,f999ef25-a612-87c9-24be-055279d1b215,1719286,10 ML Furosemide 10 MG/ML Injection,0.04,0.00,1,0.04,88805009,Chronic congestive heart failure (disorder)
2018-03-06T06:00:00Z,2018-03-06T06:00:00Z,f999ef25-a612-87c9-206f-aacc9d469dc8,d18ef2e6-ef40-324c-be54-34a5ee865625,f999ef25-a612-87c9-24be-055279d1b215,1719286,10 ML Furosemide 10 MG/ML Injection,0.04,0.00,1,0.04,88805009,Chronic congestive heart failure (disorder)
2026-04-15T17:25:33Z,,79021b82-f370-50bb-c5a1-7333816d683f,734afbd6-4794-363b-9bc0-6a3981533ed5,79021b82-f370-50bb-de3f-fa4df86ce5cb,351109,budesonide 0.25 MG/ML Inhalation Suspension,129.94,0.00,1,129.94,233678006,Childhood asthma (disorder)
2026-04-15T17:25:33Z,,79021b82-f370-50bb-c5a1-7333816d683f,734afbd6-4794-363b-9bc0-6a3981533ed5,79021b82-f370-50bb-de3f-fa4df86ce5cb,745752,NDA021457 200 ACTUAT albuterol 0.09 MG/ACTUAT Metered Dose Inhaler [ProAir],129.94,0.00,1,129.94,233678006,Childhood asthma (disorder)
2022-07-07T15:55:50Z,2022-07-07T15:55:50Z,6f45f2e9-a617-570a-8867-dec1260088bb,8fa6c185-e44e-3e34-8bd8-39be8694f4ce,6f45f2e9-a617-570a-3edd-d7a6cc53c007,1535362,sodium fluoride 0.0272 MG/MG Oral Gel,129.94,0.00,1,129.94,66383009,Gingivitis (disorder)
2017-04-02T20:58:06Z,2017-04-02T20:58:06Z,26aa011e-0d75-d1a3-3c5a-560a9450cc9d,0133f751-9229-3cfd-815f-b6d4979bdd6a,26aa011e-0d75-d1a3-6ac5-597cc4a0890a,1535362,sodium fluoride 0.0272 MG/MG Oral Gel,129.94,0.00,1,129.94,103697008,Patient referral for dental care (procedure)
2019-01-04T17:07:18Z,2019-01-23T17:07:18Z,26aa011e-0d75-d1a3-3c5a-560a9450cc9d,0133f751-9229-3cfd-815f-b6d4979bdd6a,26aa011e-0d75-d1a3-415f-d176c932a3b1,313820,Acetaminophen 160 MG Chewable Tablet,45.86,0.00,1,45.86,,
2022-03-05T17:07:18Z,2022-04-04T17:07:18Z,26aa011e-0d75-d1a3-3c5a-560a9450cc9d,8fa6c185-e44e-3e34-8bd8-39be8694f4ce,26aa011e-0d75-d1a3-fc9f-f4b8e2fc482b,313820,Acetaminophen 160 MG Chewable Tablet,102.91,0.00,1,102.91,,
1972-07-28T05:59:09Z,,a2fb233f-60e0-b477-cd38-af3923f792a3,8fa6c185-e44e-3e34-8bd8-39be8694f4ce,a2fb233f-60e0-b477-55d6-5136379557b7,2001499,Vitamin B12 5 MG/ML Injectable Solution,16.84,0.00,659,11097.56,,
2016-04-03T04:54:20Z,2017-04-09T04:54:20Z,a2fb233f-60e0-b477-cd38-af3923f792a3,0133f751-9229-3cfd-815f-b6d4979bdd6a,a2fb233f-60e0-b477-0b1d-1c66f491b17e,308136,amLODIPine 2.5 MG Oral Tablet,1.37,0.00,4,5.48,59621000,Essential hypertension (disorder)
2017-04-09T04:54:20Z,2018-04-15T04:54:20Z,a2fb233f-60e0-b477-cd38-af3923f792a3,0133f751-9229-3cfd-815f-b6d4979bdd6a,a2fb233f-60e0-b477-148a-8ccafc2fbcb2,308136,amLODIPine 2.5 MG Oral Tablet,0.91,0.55,4,3.64,59621000,Essential hypertension (disorder)
2018-04-15T04:54:20Z,2019-04-21T04:54:20Z,a2fb233f-60e0-b477-cd38-af3923f792a3,0133f751-9229-3cfd-815f-b6d4979bdd6a,a2fb233f-60e0-b477-31d0-fffa7095c548,308136,amLODIPine 2.5 MG Oral Tablet,1.36,0.00,4,5.44,59621000,Essential hypertension (disorder)
2018-04-29T07:31:06Z,2018-04-29T07:31:06Z,a2fb233f-60e0-b477-cd38-af3923f792a3,0133f751-9229-3cfd-815f-b6d4979bdd6a,a2fb233f-60e0-b477-f0ad-45f6fdf2d1cf,1535362,sodium fluoride 0.0272 MG/MG Oral Gel,129.94,0.00,1,129.94,103697008,Patient referral for dental care (procedure)
2023-05-14T19:54:15Z,2023-05-14T19:54:15Z,26aa011e-0d75-d1a3-3c5a-560a9450cc9d,8fa6c185-e44e-3e34-8bd8-39be8694f4ce,26aa011e-0d75-d1a3-842f-10d2e661e158,1535362,sodium fluoride 0.0272 MG/MG Oral Gel,129.94,0.00,1,129.94,103697008,Patient referral for dental care (procedure)
2019-04-21T04:54:20Z,2020-04-26T04:54:20Z,a2fb233f-60e0-b477-cd38-af3923f792a3,0133f751-9229-3cfd-815f-b6d4979bdd6a,a2fb233f-60e0-b477-a9d4-1c6549469d7e,308136,amLODIPine 2.5 MG Oral Tablet,0.91,0.00,4,3.64,59621000,Essential hypertension (disorder)
2020-04-26T04:54:20Z,2021-05-02T04:54:20Z,a2fb233f-60e0-b477-cd38-af3923f792a3,0133f751-9229-3cfd-815f-b6d4979bdd6a,a2fb233f-60e0-b477-952c-a51d9d0f33fe,308136,amLODIPine 2.5 MG Oral Tablet,0.91,0.00,4,3.64,59621000,Essential hypertension (disorder)
2026-02-16T19:07:18Z,2026-02-25T15:07:18Z,26aa011e-0d75-d1a3-3c5a-560a9450cc9d,734afbd6-4794-363b-9bc0-6a3981533ed5,26aa011e-0d75-d1a3-c165-8b904776cd43,834061,Penicillin V Potassium 250 MG Oral Tablet,35.34,0.00,1,35.34,43878008,Streptococcal sore throat (disorder)
2021-05-02T04:54:20Z,2022-05-08T04:54:20Z,a2fb233f-60e0-b477-cd38-af3923f792a3,0133f751-9229-3cfd-815f-b6d4979bdd6a,a2fb233f-60e0-b477-157b-76fc84dc78b6,308136,amLODIPine 2.5 MG Oral Tablet,1.37,0.00,4,5.48,59621000,Essential hypertension (disorder)
2026-07-12T08:26:25Z,2026-07-22T08:26:25Z,26aa011e-0d75-d1a3-3c5a-560a9450cc9d,734afbd6-4794-363b-9bc0-6a3981533ed5,26aa011e-0d75-d1a3-706f-107f651ee7ff,313782,Acetaminophen 325 MG Oral Tablet,161.52,129.22,1,161.52,10509002,Acute bronchitis (disorder)
2021-09-19T04:04:27Z,2021-09-20T13:04:27Z,a2fb233f-60e0-b477-cd38-af3923f792a3,0133f751-9229-3cfd-815f-b6d4979bdd6a,a2fb233f-60e0-b477-9326-48766791ee49,198335,sulfamethoxazole 800 MG / trimethoprim 160 MG Oral Tablet,129.94,0.00,1,129.94,307426000,Acute infective cystitis (disorder)
2022-05-08T04:54:20Z,2023-05-14T04:54:20Z,a2fb233f-60e0-b477-cd38-af3923f792a3,0133f751-9229-3cfd-815f-b6d4979bdd6a,a2fb233f-60e0-b477-7f1f-48e7d88c80e0,308136,amLODIPine 2.5 MG Oral Tablet,0.91,0.55,4,3.64,59621000,Essential hypertension (disorder)
2022-05-22T07:10:26Z,2022-05-22T07:10:26Z,a2fb233f-60e0-b477-cd38-af3923f792a3,0133f751-9229-3cfd-815f-b6d4979bdd6a,a2fb233f-60e0-b477-6b84-0c523e713dee,1535362,sodium fluoride 0.0272 MG/MG Oral Gel,129.94,77.96,1,129.94,103697008,Patient referral for dental care (procedure)
2023-05-14T04:54:20Z,2024-05-19T04:54:20Z,a2fb233f-60e0-b477-cd38-af3923f792a3,0133f751-9229-3cfd-815f-b6d4979bdd6a,a2fb233f-60e0-b477-de5d-41f81a87b86a,308136,amLODIPine 2.5 MG Oral Tablet,0.91,0.00,4,3.64,59621000,Essential hypertension (disorder)
2023-12-25T04:54:20Z,,a2fb233f-60e0-b477-cd38-af3923f792a3,0133f751-9229-3cfd-815f-b6d4979bdd6a,a2fb233f-60e0-b477-1a9a-bfc908ad1fee,966222,Levothyroxine Sodium 0.075 MG Oral Tablet,0.12,0.00,6,0.72,,
2024-05-19T04:54:20Z,2025-05-25T04:54:20Z,a2fb233f-60e0-b477-cd38-af3923f792a3,a735bf55-83e9-331a-899d-a82a60b9f60c,a2fb233f-60e0-b477-07e5-19ad8fb5410e,308136,amLODIPine 2.5 MG Oral Tablet,0.91,0.00,4,3.64,59621000,Essential hypertension (disorder)
2025-04-02T12:36:03Z,2025-04-22T12:36:03Z,75d6a35c-c2e1-5b9f-e7f8-6a5b05af8fc8,d31fccc3-1767-390d-966a-22a5156f4219,75d6a35c-c2e1-5b9f-e5ce-505b5b9cc663,313782,Acetaminophen 325 MG Oral Tablet,98.19,78.55,1,98.19,10509002,Acute bronchitis (disorder)
2025-05-25T04:54:20Z,2025-12-21T04:54:20Z,a2fb233f-60e0-b477-cd38-af3923f792a3,a735bf55-83e9-331a-899d-a82a60b9f60c,a2fb233f-60e0-b477-20a7-597075510211,308136,amLODIPine 2.5 MG Oral Tablet,1.37,0.00,2,2.74,59621000,Essential hypertension (disorder)
2025-12-21T04:54:20Z,2026-05-31T04:54:20Z,a2fb233f-60e0-b477-cd38-af3923f792a3,a735bf55-83e9-331a-899d-a82a60b9f60c,a2fb233f-60e0-b477-e665-a02be3efa60e,308136,amLODIPine 2.5 MG Oral Tablet,0.91,0.73,1,0.91,59621000,Essential hypertension (disorder)
2025-12-21T04:54:20Z,2026-05-31T04:54:20Z,a2fb233f-60e0-b477-cd38-af3923f792a3,a735bf55-83e9-331a-899d-a82a60b9f60c,a2fb233f-60e0-b477-e665-a02be3efa60e,106892,insulin isophane  human 70 UNT/ML / insulin  regular  human 30 UNT/ML Injectable Suspension [Humulin],177.19,141.75,5,885.95,714628002,Prediabetes (finding)
2026-05-31T04:54:20Z,,a2fb233f-60e0-b477-cd38-af3923f792a3,a735bf55-83e9-331a-899d-a82a60b9f60c,a2fb233f-60e0-b477-c582-9b2d9336212c,106892,insulin isophane  human 70 UNT/ML / insulin  regular  human 30 UNT/ML Injectable Suspension [Humulin],126.89,0.00,4,507.56,714628002,Prediabetes (finding)
2026-05-31T04:54:20Z,,a2fb233f-60e0-b477-cd38-af3923f792a3,a735bf55-83e9-331a-899d-a82a60b9f60c,a2fb233f-60e0-b477-c582-9b2d9336212c,308136,amLODIPine 2.5 MG Oral Tablet,0.91,0.00,1,0.91,59621000,Essential hypertension (disorder)
2026-06-14T07:24:09Z,2026-06-14T07:24:09Z,a2fb233f-60e0-b477-cd38-af3923f792a3,a735bf55-83e9-331a-899d-a82a60b9f60c,a2fb233f-60e0-b477-da1e-35c2b96cf8c9,1535362,sodium fluoride 0.0272 MG/MG Oral Gel,129.94,103.95,1,129.94,103697008,Patient referral for dental care (procedure)
2026-03-14T00:52:10Z,2026-03-14T00:52:10Z,75d6a35c-c2e1-5b9f-e7f8-6a5b05af8fc8,d31fccc3-1767-390d-966a-22a5156f4219,75d6a35c-c2e1-5b9f-00a5-a6ef18a295f8,1535362,sodium fluoride 0.0272 MG/MG Oral Gel,129.94,0.00,1,129.94,103697008,Patient referral for dental care (procedure)
2016-06-07T13:30:38Z,2017-06-02T13:30:38Z,5e7ebf2c-22ec-a89b-53ab-38edddd81be9,a735bf55-83e9-331a-899d-a82a60b9f60c,5e7ebf2c-22ec-a89b-e0d3-35d8454c27b9,748879,{21 (ethinyl estradiol 0.03 MG / levonorgestrel 0.15 MG Oral Tablet) / 7 (inert ingredients 1 MG Oral Tablet) } Pack [Levora 0.15/30 28 Day],229.32,183.46,12,2751.84,,
2017-06-02T13:30:38Z,2018-05-28T13:42:33Z,5e7ebf2c-22ec-a89b-53ab-38edddd81be9,a735bf55-83e9-331a-899d-a82a60b9f60c,5e7ebf2c-22ec-a89b-7423-635ab33146d2,1000126,1 ML medroxyprogesterone acetate 150 MG/ML Injection,10.19,0.00,12,122.28,,
2017-09-17T11:09:02Z,2017-09-17T11:09:02Z,5e7ebf2c-22ec-a89b-53ab-38edddd81be9,a735bf55-83e9-331a-899d-a82a60b9f60c,5e7ebf2c-22ec-a89b-6305-de9db9337162,313521,tropicamide 5 MG/ML Ophthalmic Solution,129.94,103.95,1,129.94,,
2018-08-13T11:25:13Z,2018-08-13T11:25:13Z,5e7ebf2c-22ec-a89b-53ab-38edddd81be9,a735bf55-83e9-331a-899d-a82a60b9f60c,5e7ebf2c-22ec-a89b-e63f-de60923ff234,313521,tropicamide 5 MG/ML Ophthalmic Solution,129.94,0.00,1,129.94,,
2019-05-27T23:33:24Z,2020-05-21T23:33:24Z,5e7ebf2c-22ec-a89b-53ab-38edddd81be9,a735bf55-83e9-331a-899d-a82a60b9f60c,5e7ebf2c-22ec-a89b-f568-25a30f79508d,749762,{7 (ethinyl estradiol 0.01 MG Oral Tablet) / 84 (ethinyl estradiol 0.03 MG / levonorgestrel 0.15 MG Oral Tablet) } Pack [Seasonique],764.40,611.52,12,9172.80,,
2019-07-09T11:42:24Z,2019-07-09T11:42:24Z,5e7ebf2c-22ec-a89b-53ab-38edddd81be9,a735bf55-83e9-331a-899d-a82a60b9f60c,5e7ebf2c-22ec-a89b-748c-3e826f5dde19,313521,tropicamide 5 MG/ML Ophthalmic Solution,129.94,103.95,1,129.94,,
2020-06-03T11:59:07Z,2020-06-03T11:59:07Z,5e7ebf2c-22ec-a89b-53ab-38edddd81be9,a735bf55-83e9-331a-899d-a82a60b9f60c,5e7ebf2c-22ec-a89b-1dff-42d9f25c3b9c,313521,tropicamide 5 MG/ML Ophthalmic Solution,129.94,103.95,1,129.94,,
2021-05-30T11:08:37Z,2021-06-12T11:08:37Z,5e7ebf2c-22ec-a89b-53ab-38edddd81be9,a735bf55-83e9-331a-899d-a82a60b9f60c,5e7ebf2c-22ec-a89b-d1ae-a82668360430,1043400,Acetaminophen 21.7 MG/ML / Dextromethorphan Hydrobromide 1 MG/ML / doxylamine succinate 0.417 MG/ML Oral Solution,61.15,48.92,1,61.15,10509002,Acute bronchitis (disorder)
2021-06-13T11:04:02Z,2021-06-13T11:04:02Z,5e7ebf2c-22ec-a89b-53ab-38edddd81be9,a735bf55-83e9-331a-899d-a82a60b9f60c,5e7ebf2c-22ec-a89b-f272-45e0957fbc5d,313521,tropicamide 5 MG/ML Ophthalmic Solution,129.94,103.95,1,129.94,,
2021-09-12T13:39:49Z,2021-09-12T13:39:49Z,5e7ebf2c-22ec-a89b-53ab-38edddd81be9,e03e23c9-4df1-3eb6-a62d-f70f02301496,5e7ebf2c-22ec-a89b-dcd3-599f1b7abf74,1535362,sodium fluoride 0.0272 MG/MG Oral Gel,129.94,0.00,1,129.94,103697008,Patient referral for dental care (procedure)
2022-05-11T23:33:24Z,2023-05-06T23:33:24Z,5e7ebf2c-22ec-a89b-53ab-38edddd81be9,e03e23c9-4df1-3eb6-a62d-f70f02301496,5e7ebf2c-22ec-a89b-d3e4-a3fcc997d815,749762,{7 (ethinyl estradiol 0.01 MG Oral Tablet) / 84 (ethinyl estradiol 0.03 MG / levonorgestrel 0.15 MG Oral Tablet) } Pack [Seasonique],319.73,0.00,12,3836.76,,
2022-06-08T11:22:21Z,2022-06-08T11:22:21Z,5e7ebf2c-22ec-a89b-53ab-38edddd81be9,e03e23c9-4df1-3eb6-a62d-f70f02301496,5e7ebf2c-22ec-a89b-9d71-d33da59b8db0,313521,tropicamide 5 MG/ML Ophthalmic Solution,129.94,0.00,1,129.94,,
2023-06-03T11:40:35Z,2023-06-03T11:40:35Z,5e7ebf2c-22ec-a89b-53ab-38edddd81be9,a735bf55-83e9-331a-899d-a82a60b9f60c,5e7ebf2c-22ec-a89b-f163-ded3bcc2b221,313521,tropicamide 5 MG/ML Ophthalmic Solution,129.94,103.95,1,129.94,,
2023-06-25T13:50:18Z,2023-06-25T13:50:18Z,5e7ebf2c-22ec-a89b-53ab-38edddd81be9,a735bf55-83e9-331a-899d-a82a60b9f60c,5e7ebf2c-22ec-a89b-3096-95c809f67187,1535362,sodium fluoride 0.0272 MG/MG Oral Gel,129.94,103.95,1,129.94,103697008,Patient referral for dental care (procedure)
2024-05-28T11:57:01Z,2024-05-28T11:57:01Z,5e7ebf2c-22ec-a89b-53ab-38edddd81be9,a735bf55-83e9-331a-899d-a82a60b9f60c,5e7ebf2c-22ec-a89b-7993-f4187f23f6da,313521,tropicamide 5 MG/ML Ophthalmic Solution,129.94,103.95,1,129.94,,
2024-08-04T11:00:02Z,2024-08-12T11:00:02Z,5e7ebf2c-22ec-a89b-53ab-38edddd81be9,a735bf55-83e9-331a-899d-a82a60b9f60c,5e7ebf2c-22ec-a89b-ee2b-1845b0f61a7f,313782,Acetaminophen 325 MG Oral Tablet,55.61,44.49,1,55.61,10509002,Acute bronchitis (disorder)
2024-08-04T13:50:42Z,2024-08-04T13:50:42Z,5e7ebf2c-22ec-a89b-53ab-38edddd81be9,a735bf55-83e9-331a-899d-a82a60b9f60c,5e7ebf2c-22ec-a89b-cf02-983b5e0d4ca2,1535362,sodium fluoride 0.0272 MG/MG Oral Gel,129.94,103.95,1,129.94,66383009,Gingivitis (disorder)
2025-05-23T12:15:57Z,2025-05-23T12:15:57Z,5e7ebf2c-22ec-a89b-53ab-38edddd81be9,a735bf55-83e9-331a-899d-a82a60b9f60c,5e7ebf2c-22ec-a89b-b1f2-d1d40e79b648,313521,tropicamide 5 MG/ML Ophthalmic Solution,129.94,103.95,1,129.94,,
2026-01-18T13:48:12Z,2026-01-18T13:48:12Z,5e7ebf2c-22ec-a89b-53ab-38edddd81be9,e03e23c9-4df1-3eb6-a62d-f70f02301496,5e7ebf2c-22ec-a89b-232a-3a6e597a3dca,1535362,sodium fluoride 0.0272 MG/MG Oral Gel,129.94,0.00,1,129.94,66383009,Gingivitis (disorder)
2026-05-18T12:34:51Z,2026-05-18T12:34:51Z,5e7ebf2c-22ec-a89b-53ab-38edddd81be9,e03e23c9-4df1-3eb6-a62d-f70f02301496,5e7ebf2c-22ec-a89b-94e7-c1ab4a74782d,313521,tropicamide 5 MG/ML Ophthalmic Solution,129.94,0.00,1,129.94,,
2019-12-16T11:01:59Z,2020-01-25T11:01:59Z,47d390c6-a1a2-1a80-dd1d-9722c7b24159,d31fccc3-1767-390d-966a-22a5156f4219,47d390c6-a1a2-1a80-196a-ebdb2fb21059,198405,Ibuprofen 100 MG Oral Tablet,41.88,33.50,1,41.88,,
2020-12-03T10:19:36Z,2020-12-23T10:19:36Z,47d390c6-a1a2-1a80-dd1d-9722c7b24159,d31fccc3-1767-390d-966a-22a5156f4219,47d390c6-a1a2-1a80-cf65-9ed8b0ec2656,562251,Amoxicillin 250 MG / Clavulanate 125 MG Oral Tablet,850.57,680.46,1,850.57,444814009,Viral sinusitis (disorder)
2021-04-10T16:09:35Z,2021-04-10T16:09:35Z,47d390c6-a1a2-1a80-dd1d-9722c7b24159,d31fccc3-1767-390d-966a-22a5156f4219,47d390c6-a1a2-1a80-03ce-1d07eee40a57,1535362,sodium fluoride 0.0272 MG/MG Oral Gel,129.94,22.23,1,129.94,66383009,Gingivitis (disorder)
2024-04-27T13:04:19Z,2024-04-27T13:04:19Z,47d390c6-a1a2-1a80-dd1d-9722c7b24159,d31fccc3-1767-390d-966a-22a5156f4219,47d390c6-a1a2-1a80-a2eb-52333621e4c9,1535362,sodium fluoride 0.0272 MG/MG Oral Gel,129.94,0.00,1,129.94,103697008,Patient referral for dental care (procedure)
2026-04-03T23:19:36Z,2026-04-19T23:19:36Z,47d390c6-a1a2-1a80-dd1d-9722c7b24159,d31fccc3-1767-390d-966a-22a5156f4219,47d390c6-a1a2-1a80-a4a6-777571c18a6b,313782,Acetaminophen 325 MG Oral Tablet,47.14,0.00,1,47.14,10509002,Acute bronchitis (disorder)
2017-08-18T15:14:08Z,2017-08-20T00:14:08Z,d3cb6736-0991-40ed-a220-7c714aba4c37,26aab0cd-6aba-3e1b-ac5b-05c8867e762c,d3cb6736-0991-40ed-cd72-077705e0868f,1648756,nitrofurantoin  macrocrystals 25 MG / nitrofurantoin  monohydrate 75 MG [Macrobid],129.94,0.00,1,129.94,307426000,Acute infective cystitis (disorder)
2018-06-28T16:18:27Z,2018-07-30T16:18:27Z,d3cb6736-0991-40ed-a220-7c714aba4c37,26aab0cd-6aba-3e1b-ac5b-05c8867e762c,d3cb6736-0991-40ed-b8c7-5ad7431d5c93,313782,Acetaminophen 325 MG Oral Tablet,45.86,0.00,1,45.86,,
2019-04-21T08:14:11Z,2019-05-07T08:14:11Z,d3cb6736-0991-40ed-a220-7c714aba4c37,26aab0cd-6aba-3e1b-ac5b-05c8867e762c,d3cb6736-0991-40ed-d8aa-b18882933ad5,1043400,Acetaminophen 21.7 MG/ML / Dextromethorphan Hydrobromide 1 MG/ML / doxylamine succinate 0.417 MG/ML Oral Solution,183.45,0.00,1,183.45,10509002,Acute bronchitis (disorder)
2016-12-17T20:28:10Z,,2de4dd0d-f665-8a2e-4c6b-997735e14ace,df166300-5a78-3502-a46a-832842197811,2de4dd0d-f665-8a2e-4758-1d05786674ff,857005,Acetaminophen 325 MG / HYDROcodone Bitartrate 7.5 MG Oral Tablet,1.42,0.00,255,362.10,,
2016-12-17T20:28:10Z,2017-04-10T20:28:10Z,2de4dd0d-f665-8a2e-4c6b-997735e14ace,df166300-5a78-3502-a46a-832842197811,2de4dd0d-f665-8a2e-4758-1d05786674ff,849574,Naproxen sodium 220 MG Oral Tablet,168.16,118.16,3,504.48,,
2018-05-30T21:49:13Z,2018-06-12T21:49:13Z,2de4dd0d-f665-8a2e-4c6b-997735e14ace,df166300-5a78-3502-a46a-832842197811,2de4dd0d-f665-8a2e-0491-e3c22fd4c584,313782,Acetaminophen 325 MG Oral Tablet,64.39,14.39,1,64.39,10509002,Acute bronchitis (disorder)
2018-06-23T22:01:51Z,2018-06-23T22:01:51Z,2de4dd0d-f665-8a2e-4c6b-997735e14ace,df166300-5a78-3502-a46a-832842197811,2de4dd0d-f665-8a2e-d7a0-4bcb7b6082ce,1535362,sodium fluoride 0.0272 MG/MG Oral Gel,129.94,79.94,1,129.94,66383009,Gingivitis (disorder)
2019-01-01T23:25:10Z,2019-01-08T23:25:10Z,2de4dd0d-f665-8a2e-4c6b-997735e14ace,df166300-5a78-3502-a46a-832842197811,2de4dd0d-f665-8a2e-b1cb-fd27673745ec,313782,Acetaminophen 325 MG Oral Tablet,142.58,92.58,1,142.58,10509002,Acute bronchitis (disorder)
2019-02-02T22:07:10Z,2019-03-13T22:07:10Z,2de4dd0d-f665-8a2e-4c6b-997735e14ace,df166300-5a78-3502-a46a-832842197811,2de4dd0d-f665-8a2e-35b2-bb246b76ee6b,310965,Ibuprofen 200 MG Oral Tablet,28.67,0.00,1,28.67,,
2020-12-26T22:59:45Z,2020-12-26T22:59:45Z,2de4dd0d-f665-8a2e-4c6b-997735e14ace,df166300-5a78-3502-a46a-832842197811,2de4dd0d-f665-8a2e-c8db-a995f81118ce,1535362,sodium fluoride 0.0272 MG/MG Oral Gel,129.94,79.94,1,129.94,66383009,Gingivitis (disorder)
2023-09-12T05:25:10Z,2023-09-20T23:25:10Z,2de4dd0d-f665-8a2e-4c6b-997735e14ace,df166300-5a78-3502-a46a-832842197811,2de4dd0d-f665-8a2e-97a6-a1242b12e836,834102,Penicillin V Potassium 500 MG Oral Tablet,317.65,167.65,1,317.65,43878008,Streptococcal sore throat (disorder)
2024-10-14T03:40:13Z,2024-10-21T03:40:13Z,2de4dd0d-f665-8a2e-4c6b-997735e14ace,df166300-5a78-3502-a46a-832842197811,2de4dd0d-f665-8a2e-4f40-af2145a5ecef,313782,Acetaminophen 325 MG Oral Tablet,45.86,0.00,1,45.86,10509002,Acute bronchitis (disorder)
2023-09-18T06:12:15Z,2023-09-18T06:12:15Z,d57841fa-c9e2-a3d1-0e78-09bdbe4eed66,26aab0cd-6aba-3e1b-ac5b-05c8867e762c,d57841fa-c9e2-a3d1-80fb-ab7930c12a8a,1535362,sodium fluoride 0.0272 MG/MG Oral Gel,129.94,0.00,1,129.94,66383009,Gingivitis (disorder)
2016-12-31T00:10:43Z,2016-12-31T00:10:43Z,7c913488-8c54-7aa0-a452-83dbc3ad8377,734afbd6-4794-363b-9bc0-6a3981533ed5,7c913488-8c54-7aa0-0846-4bd41a79bfc5,1535362,sodium fluoride 0.0272 MG/MG Oral Gel,129.94,0.00,1,129.94,103697008,Patient referral for dental care (procedure)
2020-04-02T05:22:55Z,2020-04-15T05:22:55Z,7c913488-8c54-7aa0-a452-83dbc3ad8377,734afbd6-4794-363b-9bc0-6a3981533ed5,7c913488-8c54-7aa0-092b-01efa1347b1a,1043400,Acetaminophen 21.7 MG/ML / Dextromethorphan Hydrobromide 1 MG/ML / doxylamine succinate 0.417 MG/ML Oral Solution,173.85,0.00,1,173.85,10509002,Acute bronchitis (disorder)
2020-06-13T13:08:24Z,2020-07-03T13:08:24Z,7c913488-8c54-7aa0-a452-83dbc3ad8377,734afbd6-4794-363b-9bc0-6a3981533ed5,7c913488-8c54-7aa0-3277-db47833c0ec3,562251,Amoxicillin 250 MG / Clavulanate 125 MG Oral Tablet,385.99,308.79,1,385.99,444814009,Viral sinusitis (disorder)
2021-01-22T22:32:49Z,2021-01-22T22:32:49Z,7c913488-8c54-7aa0-a452-83dbc3ad8377,734afbd6-4794-363b-9bc0-6a3981533ed5,7c913488-8c54-7aa0-6177-2bf59273bafa,1535362,sodium fluoride 0.0272 MG/MG Oral Gel,129.94,0.00,1,129.94,66383009,Gingivitis (disorder)
2024-09-21T19:08:24Z,2024-10-22T19:08:24Z,7c913488-8c54-7aa0-a452-83dbc3ad8377,734afbd6-4794-363b-9bc0-6a3981533ed5,7c913488-8c54-7aa0-bd4c-b888c2f09a44,310965,Ibuprofen 200 MG Oral Tablet,16.96,0.00,1,16.96,,
2025-11-17T19:30:56Z,2026-01-06T19:30:56Z,7c913488-8c54-7aa0-a452-83dbc3ad8377,734afbd6-4794-363b-9bc0-6a3981533ed5,7c913488-8c54-7aa0-965c-bd33889378e8,310965,Ibuprofen 200 MG Oral Tablet,355.23,0.00,1,355.23,,
2026-01-12T19:08:24Z,,7c913488-8c54-7aa0-a452-83dbc3ad8377,734afbd6-4794-363b-9bc0-6a3981533ed5,7c913488-8c54-7aa0-a9b0-193f3a3fbc3a,751905,{7 (ethinyl estradiol 0.035 MG / norgestimate 0.18 MG Oral Tablet) / 7 (ethinyl estradiol 0.035 MG / norgestimate 0.215 MG Oral Tablet) / 7 (ethinyl estradiol 0.035 MG / norgestimate 0.25 MG Oral Tablet) / 7 (inert ingredients 1 MG Oral Tablet) } Pack [Trinessa 28 Day],764.40,611.52,9,6879.60,,
2026-02-27T21:47:23Z,2026-02-27T21:47:23Z,7c913488-8c54-7aa0-a452-83dbc3ad8377,734afbd6-4794-363b-9bc0-6a3981533ed5,7c913488-8c54-7aa0-8e73-3a7f14ed91b9,1535362,sodium fluoride 0.0272 MG/MG Oral Gel,129.94,103.95,1,129.94,66383009,Gingivitis (disorder)
1987-06-28T22:09:07Z,,dd9da64b-7b38-4f91-e75d-b1268dde60d4,e03e23c9-4df1-3eb6-a62d-f70f02301496,dd9da64b-7b38-4f91-9ae8-2d86b71f9477,477045,Chlorpheniramine Maleate 2 MG/ML Oral Solution,69.48,0.00,478,33211.44,,
1987-06-28T22:09:07Z,,dd9da64b-7b38-4f91-e75d-b1268dde60d4,e03e23c9-4df1-3eb6-a62d-f70f02301496,dd9da64b-7b38-4f91-9ae8-2d86b71f9477,1870230,NDA020800 0.3 ML Epinephrine 1 MG/ML Auto-Injector,72.40,0.00,478,34607.20,,
2015-12-17T07:34:19Z,2016-12-11T07:34:19Z,dd9da64b-7b38-4f91-e75d-b1268dde60d4,a735bf55-83e9-331a-899d-a82a60b9f60c,dd9da64b-7b38-4f91-e18f-1e1e907360e1,757594,{28 (norethindrone 0.35 MG Oral Tablet) } Pack [Jolivette 28 Day],229.32,183.46,12,2751.84,,
2016-05-23T07:34:19Z,2017-05-29T07:34:19Z,dd9da64b-7b38-4f91-e75d-b1268dde60d4,a735bf55-83e9-331a-899d-a82a60b9f60c,dd9da64b-7b38-4f91-e4a4-9436953f5d8b,351109,budesonide 0.25 MG/ML Inhalation Suspension,129.94,103.95,1,129.94,233678006,Childhood asthma (disorder)
2016-05-23T07:34:19Z,2017-05-29T07:34:19Z,dd9da64b-7b38-4f91-e75d-b1268dde60d4,a735bf55-83e9-331a-899d-a82a60b9f60c,dd9da64b-7b38-4f91-e4a4-9436953f5d8b,745752,NDA021457 200 ACTUAT albuterol 0.09 MG/ACTUAT Metered Dose Inhaler [ProAir],129.94,103.95,1,129.94,233678006,Childhood asthma (disorder)
2017-05-29T07:34:19Z,2018-06-04T07:34:19Z,dd9da64b-7b38-4f91-e75d-b1268dde60d4,a735bf55-83e9-331a-899d-a82a60b9f60c,dd9da64b-7b38-4f91-90bb-c752eee3f2dc,351109,budesonide 0.25 MG/ML Inhalation Suspension,129.94,0.00,1,129.94,233678006,Childhood asthma (disorder)
2017-05-29T07:34:19Z,2018-06-04T07:34:19Z,dd9da64b-7b38-4f91-e75d-b1268dde60d4,a735bf55-83e9-331a-899d-a82a60b9f60c,dd9da64b-7b38-4f91-90bb-c752eee3f2dc,745752,NDA021457 200 ACTUAT albuterol 0.09 MG/ACTUAT Metered Dose Inhaler [ProAir],129.94,21.50,1,129.94,233678006,Childhood asthma (disorder)
1990-07-03T05:19:26Z,,7811dc30-8c86-8164-6c33-6b6f464745ef,d31fccc3-1767-390d-966a-22a5156f4219,7811dc30-8c86-8164-7888-e03885bb9381,2001499,Vitamin B12 5 MG/ML Injectable Solution,116.98,93.58,441,51588.18,,
2015-11-17T04:13:59Z,2016-11-22T04:13:59Z,7811dc30-8c86-8164-6c33-6b6f464745ef,d31fccc3-1767-390d-966a-22a5156f4219,7811dc30-8c86-8164-8c8c-9bbf2f3624d5,860975,24 HR Metformin hydrochloride 500 MG Extended Release Oral Tablet,0.67,0.00,12,8.04,44054006,Diabetes mellitus type 2 (disorder)
2015-11-17T04:13:59Z,2016-11-22T04:13:59Z,7811dc30-8c86-8164-6c33-6b6f464745ef,d31fccc3-1767-390d-966a-22a5156f4219,7811dc30-8c86-8164-8c8c-9bbf2f3624d5,349094,budesonide 0.125 MG/ML Inhalation Suspension,129.94,0.00,1,129.94,233678006,Childhood asthma (disorder)
2015-11-17T04:13:59Z,2016-11-22T04:13:59Z,7811dc30-8c86-8164-6c33-6b6f464745ef,d31fccc3-1767-390d-966a-22a5156f4219,7811dc30-8c86-8164-8c8c-9bbf2f3624d5,630208,albuterol 0.83 MG/ML Inhalation Solution,129.94,0.00,1,129.94,233678006,Childhood asthma (disorder)
2016-10-10T04:54:02Z,2016-10-24T04:54:02Z,7811dc30-8c86-8164-6c33-6b6f464745ef,d31fccc3-1767-390d-966a-22a5156f4219,7811dc30-8c86-8164-8e3c-1f2466c6d08f,849574,Naproxen sodium 220 MG Oral Tablet,91.72,0.00,1,91.72,,
2016-11-22T04:13:59Z,2016-12-20T04:13:59Z,7811dc30-8c86-8164-6c33-6b6f464745ef,d31fccc3-1767-390d-966a-22a5156f4219,7811dc30-8c86-8164-7a3a-706709e6678f,860975,24 HR Metformin hydrochloride 500 MG Extended Release Oral Tablet,1.97,1.58,1,1.97,44054006,Diabetes mellitus type 2 (disorder)
2016-11-22T04:13:59Z,2016-12-20T04:13:59Z,7811dc30-8c86-8164-6c33-6b6f464745ef,d31fccc3-1767-390d-966a-22a5156f4219,7811dc30-8c86-8164-7a3a-706709e6678f,349094,budesonide 0.125 MG/ML Inhalation Suspension,129.94,103.95,1,129.94,233678006,Childhood asthma (disorder)
2016-11-22T04:13:59Z,2016-12-20T04:13:59Z,7811dc30-8c86-8164-6c33-6b6f464745ef,d31fccc3-1767-390d-966a-22a5156f4219,7811dc30-8c86-8164-7a3a-706709e6678f,630208,albuterol 0.83 MG/ML Inhalation Solution,129.94,103.95,1,129.94,233678006,Childhood asthma (disorder)
2016-11-29T04:17:59Z,2016-11-29T04:17:59Z,7811dc30-8c86-8164-6c33-6b6f464745ef,d31fccc3-1767-390d-966a-22a5156f4219,7811dc30-8c86-8164-1386-79a20b3e2c16,313521,tropicamide 5 MG/ML Ophthalmic Solution,129.94,103.95,1,129.94,,
2018-06-04T07:34:19Z,2019-06-10T07:34:19Z,dd9da64b-7b38-4f91-e75d-b1268dde60d4,a735bf55-83e9-331a-899d-a82a60b9f60c,dd9da64b-7b38-4f91-52d8-694047424334,351109,budesonide 0.25 MG/ML Inhalation Suspension,129.94,103.95,1,129.94,233678006,Childhood asthma (disorder)
2018-06-04T07:34:19Z,2019-06-10T07:34:19Z,dd9da64b-7b38-4f91-e75d-b1268dde60d4,a735bf55-83e9-331a-899d-a82a60b9f60c,dd9da64b-7b38-4f91-52d8-694047424334,745752,NDA021457 200 ACTUAT albuterol 0.09 MG/ACTUAT Metered Dose Inhaler [ProAir],129.94,103.95,1,129.94,233678006,Childhood asthma (disorder)
2016-12-10T02:34:32Z,2016-12-23T02:34:32Z,7811dc30-8c86-8164-6c33-6b6f464745ef,d31fccc3-1767-390d-966a-22a5156f4219,7811dc30-8c86-8164-e1cb-8398288cb00c,313782,Acetaminophen 325 MG Oral Tablet,183.45,146.76,1,183.45,10509002,Acute bronchitis (disorder)
2016-12-20T04:13:59Z,2016-12-27T04:13:59Z,7811dc30-8c86-8164-6c33-6b6f464745ef,d31fccc3-1767-390d-966a-22a5156f4219,7811dc30-8c86-8164-4924-9b4f416a4e91,860975,24 HR Metformin hydrochloride 500 MG Extended Release Oral Tablet,4.84,3.87,1,4.84,44054006,Diabetes mellitus type 2 (disorder)
2016-12-20T04:13:59Z,2016-12-27T04:13:59Z,7811dc30-8c86-8164-6c33-6b6f464745ef,d31fccc3-1767-390d-966a-22a5156f4219,7811dc30-8c86-8164-4924-9b4f416a4e91,349094,budesonide 0.125 MG/ML Inhalation Suspension,129.94,103.95,1,129.94,233678006,Childhood asthma (disorder)
2016-12-20T04:13:59Z,2016-12-27T04:13:59Z,7811dc30-8c86-8164-6c33-6b6f464745ef,d31fccc3-1767-390d-966a-22a5156f4219,7811dc30-8c86-8164-4924-9b4f416a4e91,630208,albuterol 0.83 MG/ML Inhalation Solution,129.94,103.95,1,129.94,233678006,Childhood asthma (disorder)
2016-12-27T04:13:59Z,2017-11-28T04:13:59Z,7811dc30-8c86-8164-6c33-6b6f464745ef,d31fccc3-1767-390d-966a-22a5156f4219,7811dc30-8c86-8164-455e-a095b5a3456d,860975,24 HR Metformin hydrochloride 500 MG Extended Release Oral Tablet,0.92,0.74,11,10.12,44054006,Diabetes mellitus type 2 (disorder)
2016-12-27T04:13:59Z,2017-11-28T04:13:59Z,7811dc30-8c86-8164-6c33-6b6f464745ef,d31fccc3-1767-390d-966a-22a5156f4219,7811dc30-8c86-8164-455e-a095b5a3456d,349094,budesonide 0.125 MG/ML Inhalation Suspension,129.94,103.95,1,129.94,233678006,Childhood asthma (disorder)
2016-12-27T04:13:59Z,2017-11-28T04:13:59Z,7811dc30-8c86-8164-6c33-6b6f464745ef,d31fccc3-1767-390d-966a-22a5156f4219,7811dc30-8c86-8164-455e-a095b5a3456d,630208,albuterol 0.83 MG/ML Inhalation Solution,129.94,103.95,1,129.94,233678006,Childhood asthma (disorder)
2017-01-03T09:45:08Z,2017-01-03T09:45:08Z,7811dc30-8c86-8164-6c33-6b6f464745ef,d31fccc3-1767-390d-966a-22a5156f4219,7811dc30-8c86-8164-e90d-9ac93500ea31,1535362,sodium fluoride 0.0272 MG/MG Oral Gel,129.94,103.95,1,129.94,66383009,Gingivitis (disorder)
2017-10-25T04:36:24Z,2017-10-25T04:36:24Z,7811dc30-8c86-8164-6c33-6b6f464745ef,d31fccc3-1767-390d-966a-22a5156f4219,7811dc30-8c86-8164-d824-344f9319774c,313521,tropicamide 5 MG/ML Ophthalmic Solution,129.94,0.00,1,129.94,,
2017-11-28T04:13:59Z,2018-07-24T04:13:59Z,7811dc30-8c86-8164-6c33-6b6f464745ef,d31fccc3-1767-390d-966a-22a5156f4219,7811dc30-8c86-8164-d0a3-6e16ebe524a0,860975,24 HR Metformin hydrochloride 500 MG Extended Release Oral Tablet,5.87,4.70,7,41.09,44054006,Diabetes mellitus type 2 (disorder)
2017-11-28T04:13:59Z,2018-07-24T04:13:59Z,7811dc30-8c86-8164-6c33-6b6f464745ef,d31fccc3-1767-390d-966a-22a5156f4219,7811dc30-8c86-8164-d0a3-6e16ebe524a0,349094,budesonide 0.125 MG/ML Inhalation Suspension,129.94,103.95,1,129.94,233678006,Childhood asthma (disorder)
2017-11-28T04:13:59Z,2018-07-24T04:13:59Z,7811dc30-8c86-8164-6c33-6b6f464745ef,d31fccc3-1767-390d-966a-22a5156f4219,7811dc30-8c86-8164-d0a3-6e16ebe524a0,630208,albuterol 0.83 MG/ML Inhalation Solution,129.94,103.95,1,129.94,233678006,Childhood asthma (disorder)
2017-12-12T06:43:48Z,2017-12-12T06:43:48Z,7811dc30-8c86-8164-6c33-6b6f464745ef,d31fccc3-1767-390d-966a-22a5156f4219,7811dc30-8c86-8164-6fbb-2872c42ca92e,1535362,sodium fluoride 0.0272 MG/MG Oral Gel,129.94,103.95,1,129.94,66383009,Gingivitis (disorder)
2019-06-10T07:34:19Z,2020-06-15T07:34:19Z,dd9da64b-7b38-4f91-e75d-b1268dde60d4,a735bf55-83e9-331a-899d-a82a60b9f60c,dd9da64b-7b38-4f91-3b34-1c90027832dc,351109,budesonide 0.25 MG/ML Inhalation Suspension,129.94,0.00,1,129.94,233678006,Childhood asthma (disorder)
2019-06-10T07:34:19Z,2020-06-15T07:34:19Z,dd9da64b-7b38-4f91-e75d-b1268dde60d4,a735bf55-83e9-331a-899d-a82a60b9f60c,dd9da64b-7b38-4f91-3b34-1c90027832dc,745752,NDA021457 200 ACTUAT albuterol 0.09 MG/ACTUAT Metered Dose Inhaler [ProAir],129.94,21.50,1,129.94,233678006,Childhood asthma (disorder)
2018-07-24T04:13:59Z,2018-07-31T04:13:59Z,7811dc30-8c86-8164-6c33-6b6f464745ef,d31fccc3-1767-390d-966a-22a5156f4219,7811dc30-8c86-8164-2f84-a65c3c6f63e0,860975,24 HR Metformin hydrochloride 500 MG Extended Release Oral Tablet,8.65,0.00,1,8.65,44054006,Diabetes mellitus type 2 (disorder)
2018-07-24T04:13:59Z,2018-07-31T04:13:59Z,7811dc30-8c86-8164-6c33-6b6f464745ef,d31fccc3-1767-390d-966a-22a5156f4219,7811dc30-8c86-8164-2f84-a65c3c6f63e0,349094,budesonide 0.125 MG/ML Inhalation Suspension,129.94,0.00,1,129.94,233678006,Childhood asthma (disorder)
2018-07-24T04:13:59Z,2018-07-31T04:13:59Z,7811dc30-8c86-8164-6c33-6b6f464745ef,d31fccc3-1767-390d-966a-22a5156f4219,7811dc30-8c86-8164-2f84-a65c3c6f63e0,630208,albuterol 0.83 MG/ML Inhalation Solution,129.94,0.00,1,129.94,233678006,Childhood asthma (disorder)
2018-07-31T04:13:59Z,2018-08-07T04:13:59Z,7811dc30-8c86-8164-6c33-6b6f464745ef,d31fccc3-1767-390d-966a-22a5156f4219,7811dc30-8c86-8164-0aff-fe4a2a21c0d0,860975,24 HR Metformin hydrochloride 500 MG Extended Release Oral Tablet,4.98,0.00,1,4.98,44054006,Diabetes mellitus type 2 (disorder)
2018-07-31T04:13:59Z,2018-08-07T04:13:59Z,7811dc30-8c86-8164-6c33-6b6f464745ef,d31fccc3-1767-390d-966a-22a5156f4219,7811dc30-8c86-8164-0aff-fe4a2a21c0d0,349094,budesonide 0.125 MG/ML Inhalation Suspension,129.94,0.00,1,129.94,233678006,Childhood asthma (disorder)
2018-07-31T04:13:59Z,2018-08-07T04:13:59Z,7811dc30-8c86-8164-6c33-6b6f464745ef,d31fccc3-1767-390d-966a-22a5156f4219,7811dc30-8c86-8164-0aff-fe4a2a21c0d0,630208,albuterol 0.83 MG/ML Inhalation Solution,129.94,0.00,1,129.94,233678006,Childhood asthma (disorder)
2019-06-24T13:21:02Z,2019-06-24T13:21:02Z,dd9da64b-7b38-4f91-e75d-b1268dde60d4,a735bf55-83e9-331a-899d-a82a60b9f60c,dd9da64b-7b38-4f91-56c5-39cd2225672b,1535362,sodium fluoride 0.0272 MG/MG Oral Gel,129.94,103.95,1,129.94,103697008,Patient referral for dental care (procedure)
2018-08-07T04:13:59Z,2018-08-28T04:13:59Z,7811dc30-8c86-8164-6c33-6b6f464745ef,d31fccc3-1767-390d-966a-22a5156f4219,7811dc30-8c86-8164-4d7e-2849dee18f22,860975,24 HR Metformin hydrochloride 500 MG Extended Release Oral Tablet,3.92,3.14,1,3.92,44054006,Diabetes mellitus type 2 (disorder)
2018-08-07T04:13:59Z,2018-08-28T04:13:59Z,7811dc30-8c86-8164-6c33-6b6f464745ef,d31fccc3-1767-390d-966a-22a5156f4219,7811dc30-8c86-8164-4d7e-2849dee18f22,349094,budesonide 0.125 MG/ML Inhalation Suspension,129.94,103.95,1,129.94,233678006,Childhood asthma (disorder)
2019-11-28T22:37:56Z,2020-11-22T23:15:13Z,dd9da64b-7b38-4f91-e75d-b1268dde60d4,a735bf55-83e9-331a-899d-a82a60b9f60c,dd9da64b-7b38-4f91-f337-a3b41ee92bea,389221,Etonogestrel 68 MG Drug Implant,16.42,13.14,12,197.04,,
2018-08-07T04:13:59Z,2018-08-28T04:13:59Z,7811dc30-8c86-8164-6c33-6b6f464745ef,d31fccc3-1767-390d-966a-22a5156f4219,7811dc30-8c86-8164-4d7e-2849dee18f22,630208,albuterol 0.83 MG/ML Inhalation Solution,129.94,103.95,1,129.94,233678006,Childhood asthma (disorder)
2018-08-14T04:37:56Z,2018-08-30T04:37:56Z,7811dc30-8c86-8164-6c33-6b6f464745ef,d31fccc3-1767-390d-966a-22a5156f4219,7811dc30-8c86-8164-dfad-471ce297d94d,313782,Acetaminophen 325 MG Oral Tablet,93.75,75.00,1,93.75,10509002,Acute bronchitis (disorder)
2018-08-28T04:13:59Z,2018-12-04T04:13:59Z,7811dc30-8c86-8164-6c33-6b6f464745ef,d31fccc3-1767-390d-966a-22a5156f4219,7811dc30-8c86-8164-6016-d3eadff76b68,860975,24 HR Metformin hydrochloride 500 MG Extended Release Oral Tablet,2.30,1.84,3,6.90,44054006,Diabetes mellitus type 2 (disorder)
2020-06-15T07:34:19Z,2021-06-21T07:34:19Z,dd9da64b-7b38-4f91-e75d-b1268dde60d4,a735bf55-83e9-331a-899d-a82a60b9f60c,dd9da64b-7b38-4f91-b284-51c8b60035c8,351109,budesonide 0.25 MG/ML Inhalation Suspension,129.94,0.00,1,129.94,233678006,Childhood asthma (disorder)
2020-06-15T07:34:19Z,2021-06-21T07:34:19Z,dd9da64b-7b38-4f91-e75d-b1268dde60d4,a735bf55-83e9-331a-899d-a82a60b9f60c,dd9da64b-7b38-4f91-b284-51c8b60035c8,745752,NDA021457 200 ACTUAT albuterol 0.09 MG/ACTUAT Metered Dose Inhaler [ProAir],129.94,21.50,1,129.94,233678006,Childhood asthma (disorder)
2018-08-28T04:13:59Z,2018-12-04T04:13:59Z,7811dc30-8c86-8164-6c33-6b6f464745ef,d31fccc3-1767-390d-966a-22a5156f4219,7811dc30-8c86-8164-6016-d3eadff76b68,349094,budesonide 0.125 MG/ML Inhalation Suspension,129.94,103.95,1,129.94,233678006,Childhood asthma (disorder)
2018-08-28T04:13:59Z,2018-12-04T04:13:59Z,7811dc30-8c86-8164-6c33-6b6f464745ef,d31fccc3-1767-390d-966a-22a5156f4219,7811dc30-8c86-8164-6016-d3eadff76b68,630208,albuterol 0.83 MG/ML Inhalation Solution,129.94,103.95,1,129.94,233678006,Childhood asthma (disorder)
2020-11-22T23:15:13Z,2021-11-17T23:15:13Z,dd9da64b-7b38-4f91-e75d-b1268dde60d4,a735bf55-83e9-331a-899d-a82a60b9f60c,dd9da64b-7b38-4f91-725c-0ff68f126505,757594,{28 (norethindrone 0.35 MG Oral Tablet) } Pack [Jolivette 28 Day],527.88,422.30,12,6334.56,,
2018-09-20T04:55:22Z,2018-09-20T04:55:22Z,7811dc30-8c86-8164-6c33-6b6f464745ef,d31fccc3-1767-390d-966a-22a5156f4219,7811dc30-8c86-8164-f134-632120786352,313521,tropicamide 5 MG/ML Ophthalmic Solution,129.94,103.95,1,129.94,,
2021-06-21T07:34:19Z,2022-06-27T07:34:19Z,dd9da64b-7b38-4f91-e75d-b1268dde60d4,a735bf55-83e9-331a-899d-a82a60b9f60c,dd9da64b-7b38-4f91-83f3-02757a913747,351109,budesonide 0.25 MG/ML Inhalation Suspension,129.94,103.95,1,129.94,233678006,Childhood asthma (disorder)
2021-06-21T07:34:19Z,2022-06-27T07:34:19Z,dd9da64b-7b38-4f91-e75d-b1268dde60d4,a735bf55-83e9-331a-899d-a82a60b9f60c,dd9da64b-7b38-4f91-83f3-02757a913747,745752,NDA021457 200 ACTUAT albuterol 0.09 MG/ACTUAT Metered Dose Inhaler [ProAir],129.94,103.95,1,129.94,233678006,Childhood asthma (disorder)
2018-12-04T04:13:59Z,2019-03-12T04:13:59Z,7811dc30-8c86-8164-6c33-6b6f464745ef,d31fccc3-1767-390d-966a-22a5156f4219,7811dc30-8c86-8164-d496-e62226582424,860975,24 HR Metformin hydrochloride 500 MG Extended Release Oral Tablet,12.49,9.99,3,37.47,44054006,Diabetes mellitus type 2 (disorder)
2018-12-04T04:13:59Z,2019-03-12T04:13:59Z,7811dc30-8c86-8164-6c33-6b6f464745ef,d31fccc3-1767-390d-966a-22a5156f4219,7811dc30-8c86-8164-d496-e62226582424,349094,budesonide 0.125 MG/ML Inhalation Suspension,129.94,103.95,1,129.94,233678006,Childhood asthma (disorder)
2018-12-04T04:13:59Z,2019-03-12T04:13:59Z,7811dc30-8c86-8164-6c33-6b6f464745ef,d31fccc3-1767-390d-966a-22a5156f4219,7811dc30-8c86-8164-d496-e62226582424,630208,albuterol 0.83 MG/ML Inhalation Solution,129.94,103.95,1,129.94,233678006,Childhood asthma (disorder)
2019-03-12T04:13:59Z,2019-03-19T04:13:59Z,7811dc30-8c86-8164-6c33-6b6f464745ef,d31fccc3-1767-390d-966a-22a5156f4219,7811dc30-8c86-8164-c0d5-4e0edcbab89b,860975,24 HR Metformin hydrochloride 500 MG Extended Release Oral Tablet,4.48,3.58,1,4.48,44054006,Diabetes mellitus type 2 (disorder)
2019-03-12T04:13:59Z,2019-03-19T04:13:59Z,7811dc30-8c86-8164-6c33-6b6f464745ef,d31fccc3-1767-390d-966a-22a5156f4219,7811dc30-8c86-8164-c0d5-4e0edcbab89b,349094,budesonide 0.125 MG/ML Inhalation Suspension,129.94,103.95,1,129.94,233678006,Childhood asthma (disorder)
2019-03-12T04:13:59Z,2019-03-19T04:13:59Z,7811dc30-8c86-8164-6c33-6b6f464745ef,d31fccc3-1767-390d-966a-22a5156f4219,7811dc30-8c86-8164-c0d5-4e0edcbab89b,630208,albuterol 0.83 MG/ML Inhalation Solution,129.94,103.95,1,129.94,233678006,Childhood asthma (disorder)
2019-03-19T04:13:59Z,2019-03-26T04:13:59Z,7811dc30-8c86-8164-6c33-6b6f464745ef,d31fccc3-1767-390d-966a-22a5156f4219,7811dc30-8c86-8164-db48-ad5256bda2d1,860975,24 HR Metformin hydrochloride 500 MG Extended Release Oral Tablet,3.53,2.82,1,3.53,44054006,Diabetes mellitus type 2 (disorder)
2019-03-19T04:13:59Z,2019-03-26T04:13:59Z,7811dc30-8c86-8164-6c33-6b6f464745ef,d31fccc3-1767-390d-966a-22a5156f4219,7811dc30-8c86-8164-db48-ad5256bda2d1,349094,budesonide 0.125 MG/ML Inhalation Suspension,129.94,103.95,1,129.94,233678006,Childhood asthma (disorder)
2019-03-19T04:13:59Z,2019-03-26T04:13:59Z,7811dc30-8c86-8164-6c33-6b6f464745ef,d31fccc3-1767-390d-966a-22a5156f4219,7811dc30-8c86-8164-db48-ad5256bda2d1,630208,albuterol 0.83 MG/ML Inhalation Solution,129.94,103.95,1,129.94,233678006,Childhood asthma (disorder)
2019-03-26T04:13:59Z,2019-04-02T04:13:59Z,7811dc30-8c86-8164-6c33-6b6f464745ef,d31fccc3-1767-390d-966a-22a5156f4219,7811dc30-8c86-8164-ab47-03f767124f1b,860975,24 HR Metformin hydrochloride 500 MG Extended Release Oral Tablet,1.74,1.39,1,1.74,44054006,Diabetes mellitus type 2 (disorder)
2019-03-26T04:13:59Z,2019-04-02T04:13:59Z,7811dc30-8c86-8164-6c33-6b6f464745ef,d31fccc3-1767-390d-966a-22a5156f4219,7811dc30-8c86-8164-ab47-03f767124f1b,349094,budesonide 0.125 MG/ML Inhalation Suspension,129.94,103.95,1,129.94,233678006,Childhood asthma (disorder)
2019-03-26T04:13:59Z,2019-04-02T04:13:59Z,7811dc30-8c86-8164-6c33-6b6f464745ef,d31fccc3-1767-390d-966a-22a5156f4219,7811dc30-8c86-8164-ab47-03f767124f1b,630208,albuterol 0.83 MG/ML Inhalation Solution,129.94,103.95,1,129.94,233678006,Childhood asthma (disorder)
2019-04-02T04:13:59Z,2019-04-29T04:24:38Z,7811dc30-8c86-8164-6c33-6b6f464745ef,d31fccc3-1767-390d-966a-22a5156f4219,7811dc30-8c86-8164-ba04-fb81f1db4a02,860975,24 HR Metformin hydrochloride 500 MG Extended Release Oral Tablet,0.15,0.12,1,0.15,44054006,Diabetes mellitus type 2 (disorder)
2019-04-02T04:13:59Z,2019-04-29T04:24:38Z,7811dc30-8c86-8164-6c33-6b6f464745ef,d31fccc3-1767-390d-966a-22a5156f4219,7811dc30-8c86-8164-ba04-fb81f1db4a02,349094,budesonide 0.125 MG/ML Inhalation Suspension,129.94,103.95,1,129.94,233678006,Childhood asthma (disorder)
2019-04-02T04:13:59Z,2019-04-29T04:24:38Z,7811dc30-8c86-8164-6c33-6b6f464745ef,d31fccc3-1767-390d-966a-22a5156f4219,7811dc30-8c86-8164-ba04-fb81f1db4a02,630208,albuterol 0.83 MG/ML Inhalation Solution,129.94,103.95,1,129.94,233678006,Childhood asthma (disorder)
2019-04-09T04:24:38Z,2019-04-29T04:24:38Z,7811dc30-8c86-8164-6c33-6b6f464745ef,d31fccc3-1767-390d-966a-22a5156f4219,7811dc30-8c86-8164-3daa-70fb1adf546a,313782,Acetaminophen 325 MG Oral Tablet,45.86,36.69,1,45.86,10509002,Acute bronchitis (disorder)
2022-06-27T07:34:19Z,2023-07-03T07:34:19Z,dd9da64b-7b38-4f91-e75d-b1268dde60d4,a735bf55-83e9-331a-899d-a82a60b9f60c,dd9da64b-7b38-4f91-4a75-0f67b09fd4dc,351109,budesonide 0.25 MG/ML Inhalation Suspension,129.94,103.95,1,129.94,233678006,Childhood asthma (disorder)
2022-06-27T07:34:19Z,2023-07-03T07:34:19Z,dd9da64b-7b38-4f91-e75d-b1268dde60d4,a735bf55-83e9-331a-899d-a82a60b9f60c,dd9da64b-7b38-4f91-4a75-0f67b09fd4dc,745752,NDA021457 200 ACTUAT albuterol 0.09 MG/ACTUAT Metered Dose Inhaler [ProAir],129.94,103.95,1,129.94,233678006,Childhood asthma (disorder)
2019-04-16T06:25:52Z,2019-04-16T06:25:52Z,7811dc30-8c86-8164-6c33-6b6f464745ef,d31fccc3-1767-390d-966a-22a5156f4219,7811dc30-8c86-8164-30e0-24a2bfd733b0,1535362,sodium fluoride 0.0272 MG/MG Oral Gel,129.94,103.95,1,129.94,66383009,Gingivitis (disorder)
2019-04-29T04:24:38Z,2019-04-30T04:13:59Z,7811dc30-8c86-8164-6c33-6b6f464745ef,d31fccc3-1767-390d-966a-22a5156f4219,7811dc30-8c86-8164-30e0-24a2bfd733b0,860975,24 HR Metformin hydrochloride 500 MG Extended Release Oral Tablet,2.26,0.00,1,2.26,44054006,Diabetes mellitus type 2 (disorder)
2019-04-29T04:24:38Z,2019-04-30T04:13:59Z,7811dc30-8c86-8164-6c33-6b6f464745ef,d31fccc3-1767-390d-966a-22a5156f4219,7811dc30-8c86-8164-30e0-24a2bfd733b0,349094,budesonide 0.125 MG/ML Inhalation Suspension,129.94,0.00,1,129.94,233678006,Childhood asthma (disorder)
2019-04-29T04:24:38Z,2019-04-30T04:13:59Z,7811dc30-8c86-8164-6c33-6b6f464745ef,d31fccc3-1767-390d-966a-22a5156f4219,7811dc30-8c86-8164-30e0-24a2bfd733b0,630208,albuterol 0.83 MG/ML Inhalation Solution,129.94,0.00,1,129.94,233678006,Childhood asthma (disorder)
2022-07-11T10:14:42Z,2022-07-11T10:14:42Z,dd9da64b-7b38-4f91-e75d-b1268dde60d4,a735bf55-83e9-331a-899d-a82a60b9f60c,dd9da64b-7b38-4f91-0e40-e98185ebd551,1535362,sodium fluoride 0.0272 MG/MG Oral Gel,129.94,103.95,1,129.94,103697008,Patient referral for dental care (procedure)
2019-04-30T04:13:59Z,2019-12-10T04:13:59Z,7811dc30-8c86-8164-6c33-6b6f464745ef,d31fccc3-1767-390d-966a-22a5156f4219,7811dc30-8c86-8164-6d81-2eb45abf39fd,860975,24 HR Metformin hydrochloride 500 MG Extended Release Oral Tablet,1.62,0.00,7,11.34,44054006,Diabetes mellitus type 2 (disorder)
2019-04-30T04:13:59Z,2019-12-10T04:13:59Z,7811dc30-8c86-8164-6c33-6b6f464745ef,d31fccc3-1767-390d-966a-22a5156f4219,7811dc30-8c86-8164-6d81-2eb45abf39fd,349094,budesonide 0.125 MG/ML Inhalation Suspension,129.94,0.00,1,129.94,233678006,Childhood asthma (disorder)
2019-04-30T04:13:59Z,2019-12-10T04:13:59Z,7811dc30-8c86-8164-6c33-6b6f464745ef,d31fccc3-1767-390d-966a-22a5156f4219,7811dc30-8c86-8164-6d81-2eb45abf39fd,630208,albuterol 0.83 MG/ML Inhalation Solution,129.94,0.00,1,129.94,233678006,Childhood asthma (disorder)
2019-05-14T06:20:55Z,2019-05-14T06:20:55Z,7811dc30-8c86-8164-6c33-6b6f464745ef,d31fccc3-1767-390d-966a-22a5156f4219,7811dc30-8c86-8164-a603-410b5bc2ae66,1535362,sodium fluoride 0.0272 MG/MG Oral Gel,129.94,0.00,1,129.94,66383009,Gingivitis (disorder)
2019-08-16T05:12:47Z,2019-08-16T05:12:47Z,7811dc30-8c86-8164-6c33-6b6f464745ef,d31fccc3-1767-390d-966a-22a5156f4219,7811dc30-8c86-8164-328f-be6451044ca4,313521,tropicamide 5 MG/ML Ophthalmic Solution,129.94,103.95,1,129.94,,
2022-12-12T07:34:19Z,2023-12-07T07:34:19Z,dd9da64b-7b38-4f91-e75d-b1268dde60d4,a735bf55-83e9-331a-899d-a82a60b9f60c,dd9da64b-7b38-4f91-fb30-e9321742c9a5,1367439,21 DAY ethinyl estradiol 0.000625 MG/HR / etonogestrel 0.005 MG/HR Vaginal System [NuvaRing],764.40,611.52,12,9172.80,,
2019-12-10T04:13:59Z,2020-12-15T04:13:59Z,7811dc30-8c86-8164-6c33-6b6f464745ef,d31fccc3-1767-390d-966a-22a5156f4219,7811dc30-8c86-8164-b6b8-061557939871,860975,24 HR Metformin hydrochloride 500 MG Extended Release Oral Tablet,0.15,0.12,12,1.80,44054006,Diabetes mellitus type 2 (disorder)
2019-12-10T04:13:59Z,2020-12-15T04:13:59Z,7811dc30-8c86-8164-6c33-6b6f464745ef,d31fccc3-1767-390d-966a-22a5156f4219,7811dc30-8c86-8164-b6b8-061557939871,349094,budesonide 0.125 MG/ML Inhalation Suspension,129.94,103.95,1,129.94,233678006,Childhood asthma (disorder)
2019-12-10T04:13:59Z,2020-12-15T04:13:59Z,7811dc30-8c86-8164-6c33-6b6f464745ef,d31fccc3-1767-390d-966a-22a5156f4219,7811dc30-8c86-8164-b6b8-061557939871,630208,albuterol 0.83 MG/ML Inhalation Solution,129.94,103.95,1,129.94,233678006,Childhood asthma (disorder)
2023-07-03T07:34:19Z,2024-07-08T07:34:19Z,dd9da64b-7b38-4f91-e75d-b1268dde60d4,a735bf55-83e9-331a-899d-a82a60b9f60c,dd9da64b-7b38-4f91-5d7c-68ff7c49c98e,351109,budesonide 0.25 MG/ML Inhalation Suspension,129.94,0.00,1,129.94,233678006,Childhood asthma (disorder)
2023-07-03T07:34:19Z,2024-07-08T07:34:19Z,dd9da64b-7b38-4f91-e75d-b1268dde60d4,a735bf55-83e9-331a-899d-a82a60b9f60c,dd9da64b-7b38-4f91-5d7c-68ff7c49c98e,745752,NDA021457 200 ACTUAT albuterol 0.09 MG/ACTUAT Metered Dose Inhaler [ProAir],129.94,21.50,1,129.94,233678006,Childhood asthma (disorder)
2023-07-17T10:44:51Z,2023-07-17T10:44:51Z,dd9da64b-7b38-4f91-e75d-b1268dde60d4,a735bf55-83e9-331a-899d-a82a60b9f60c,dd9da64b-7b38-4f91-fbe5-026fd924eaf0,1535362,sodium fluoride 0.0272 MG/MG Oral Gel,129.94,103.95,1,129.94,103697008,Patient referral for dental care (procedure)
2020-08-10T05:30:39Z,2020-08-10T05:30:39Z,7811dc30-8c86-8164-6c33-6b6f464745ef,d31fccc3-1767-390d-966a-22a5156f4219,7811dc30-8c86-8164-0c1d-6b40df6670c4,313521,tropicamide 5 MG/ML Ophthalmic Solution,129.94,103.95,1,129.94,,
2024-07-08T07:34:19Z,2025-07-14T07:34:19Z,dd9da64b-7b38-4f91-e75d-b1268dde60d4,a735bf55-83e9-331a-899d-a82a60b9f60c,dd9da64b-7b38-4f91-6008-5451e8bd6976,351109,budesonide 0.25 MG/ML Inhalation Suspension,129.94,103.95,1,129.94,233678006,Childhood asthma (disorder)
2024-07-08T07:34:19Z,2025-07-14T07:34:19Z,dd9da64b-7b38-4f91-e75d-b1268dde60d4,a735bf55-83e9-331a-899d-a82a60b9f60c,dd9da64b-7b38-4f91-6008-5451e8bd6976,745752,NDA021457 200 ACTUAT albuterol 0.09 MG/ACTUAT Metered Dose Inhaler [ProAir],129.94,103.95,1,129.94,233678006,Childhood asthma (disorder)
2020-12-15T04:13:59Z,2021-12-21T04:13:59Z,7811dc30-8c86-8164-6c33-6b6f464745ef,d31fccc3-1767-390d-966a-22a5156f4219,7811dc30-8c86-8164-55d3-50361191726a,860975,24 HR Metformin hydrochloride 500 MG Extended Release Oral Tablet,0.21,0.17,12,2.52,44054006,Diabetes mellitus type 2 (disorder)
2020-12-15T04:13:59Z,2021-12-21T04:13:59Z,7811dc30-8c86-8164-6c33-6b6f464745ef,d31fccc3-1767-390d-966a-22a5156f4219,7811dc30-8c86-8164-55d3-50361191726a,349094,budesonide 0.125 MG/ML Inhalation Suspension,129.94,103.95,1,129.94,233678006,Childhood asthma (disorder)
2020-12-15T04:13:59Z,2021-12-21T04:13:59Z,7811dc30-8c86-8164-6c33-6b6f464745ef,d31fccc3-1767-390d-966a-22a5156f4219,7811dc30-8c86-8164-55d3-50361191726a,630208,albuterol 0.83 MG/ML Inhalation Solution,129.94,103.95,1,129.94,233678006,Childhood asthma (disorder)
2024-12-01T07:34:19Z,2025-11-26T07:34:19Z,dd9da64b-7b38-4f91-e75d-b1268dde60d4,a735bf55-83e9-331a-899d-a82a60b9f60c,dd9da64b-7b38-4f91-4eee-f9d12ff29554,748962,{28 (norethindrone 0.35 MG Oral Tablet) } Pack [Camila 28 Day],269.94,215.95,12,3239.28,,
2021-07-06T05:47:38Z,2021-07-06T05:47:38Z,7811dc30-8c86-8164-6c33-6b6f464745ef,d31fccc3-1767-390d-966a-22a5156f4219,7811dc30-8c86-8164-1b26-2226d5794b7a,313521,tropicamide 5 MG/ML Ophthalmic Solution,129.94,0.00,1,129.94,,
2025-07-14T07:34:19Z,2026-07-20T07:34:19Z,dd9da64b-7b38-4f91-e75d-b1268dde60d4,a735bf55-83e9-331a-899d-a82a60b9f60c,dd9da64b-7b38-4f91-1304-0c491ffbb377,351109,budesonide 0.25 MG/ML Inhalation Suspension,129.94,0.00,1,129.94,233678006,Childhood asthma (disorder)
2025-07-14T07:34:19Z,2026-07-20T07:34:19Z,dd9da64b-7b38-4f91-e75d-b1268dde60d4,a735bf55-83e9-331a-899d-a82a60b9f60c,dd9da64b-7b38-4f91-1304-0c491ffbb377,745752,NDA021457 200 ACTUAT albuterol 0.09 MG/ACTUAT Metered Dose Inhaler [ProAir],129.94,21.50,1,129.94,233678006,Childhood asthma (disorder)
2021-12-21T04:13:59Z,2022-12-27T04:13:59Z,7811dc30-8c86-8164-6c33-6b6f464745ef,d31fccc3-1767-390d-966a-22a5156f4219,7811dc30-8c86-8164-fa9e-c2f7931982cd,860975,24 HR Metformin hydrochloride 500 MG Extended Release Oral Tablet,9.15,7.32,12,109.80,44054006,Diabetes mellitus type 2 (disorder)
2021-12-21T04:13:59Z,2022-12-27T04:13:59Z,7811dc30-8c86-8164-6c33-6b6f464745ef,d31fccc3-1767-390d-966a-22a5156f4219,7811dc30-8c86-8164-fa9e-c2f7931982cd,349094,budesonide 0.125 MG/ML Inhalation Suspension,129.94,103.95,1,129.94,233678006,Childhood asthma (disorder)
2021-12-21T04:13:59Z,2022-12-27T04:13:59Z,7811dc30-8c86-8164-6c33-6b6f464745ef,d31fccc3-1767-390d-966a-22a5156f4219,7811dc30-8c86-8164-fa9e-c2f7931982cd,630208,albuterol 0.83 MG/ML Inhalation Solution,129.94,103.95,1,129.94,233678006,Childhood asthma (disorder)
2026-07-20T07:34:19Z,,dd9da64b-7b38-4f91-e75d-b1268dde60d4,a735bf55-83e9-331a-899d-a82a60b9f60c,dd9da64b-7b38-4f91-d52c-a69b4423a72b,351109,budesonide 0.25 MG/ML Inhalation Suspension,129.94,0.00,1,129.94,233678006,Childhood asthma (disorder)
2026-07-20T07:34:19Z,,dd9da64b-7b38-4f91-e75d-b1268dde60d4,a735bf55-83e9-331a-899d-a82a60b9f60c,dd9da64b-7b38-4f91-d52c-a69b4423a72b,745752,NDA021457 200 ACTUAT albuterol 0.09 MG/ACTUAT Metered Dose Inhaler [ProAir],129.94,21.50,1,129.94,233678006,Childhood asthma (disorder)
2022-07-01T06:04:14Z,2022-07-01T06:04:14Z,7811dc30-8c86-8164-6c33-6b6f464745ef,d31fccc3-1767-390d-966a-22a5156f4219,7811dc30-8c86-8164-52f3-9c9fec8949f4,313521,tropicamide 5 MG/ML Ophthalmic Solution,129.94,0.00,1,129.94,,
2022-12-27T04:13:59Z,2024-01-02T04:13:59Z,7811dc30-8c86-8164-6c33-6b6f464745ef,d31fccc3-1767-390d-966a-22a5156f4219,7811dc30-8c86-8164-894f-dc4f9cc27c2d,860975,24 HR Metformin hydrochloride 500 MG Extended Release Oral Tablet,10.82,8.66,12,129.84,44054006,Diabetes mellitus type 2 (disorder)
2022-12-27T04:13:59Z,2024-01-02T04:13:59Z,7811dc30-8c86-8164-6c33-6b6f464745ef,d31fccc3-1767-390d-966a-22a5156f4219,7811dc30-8c86-8164-894f-dc4f9cc27c2d,349094,budesonide 0.125 MG/ML Inhalation Suspension,129.94,103.95,1,129.94,233678006,Childhood asthma (disorder)
2022-12-27T04:13:59Z,2024-01-02T04:13:59Z,7811dc30-8c86-8164-6c33-6b6f464745ef,d31fccc3-1767-390d-966a-22a5156f4219,7811dc30-8c86-8164-894f-dc4f9cc27c2d,630208,albuterol 0.83 MG/ML Inhalation Solution,129.94,103.95,1,129.94,233678006,Childhood asthma (disorder)
2023-06-26T06:20:44Z,2023-06-26T06:20:44Z,7811dc30-8c86-8164-6c33-6b6f464745ef,d31fccc3-1767-390d-966a-22a5156f4219,7811dc30-8c86-8164-bd0d-4e8f41e48472,313521,tropicamide 5 MG/ML Ophthalmic Solution,129.94,0.00,1,129.94,,
2023-07-07T05:21:32Z,2023-08-20T05:21:32Z,7811dc30-8c86-8164-6c33-6b6f464745ef,d31fccc3-1767-390d-966a-22a5156f4219,7811dc30-8c86-8164-01bf-11274617fedc,313782,Acetaminophen 325 MG Oral Tablet,45.86,36.69,1,45.86,,
2024-01-02T04:13:59Z,2025-01-07T04:13:59Z,7811dc30-8c86-8164-6c33-6b6f464745ef,d31fccc3-1767-390d-966a-22a5156f4219,7811dc30-8c86-8164-a48d-8869788f1e41,860975,24 HR Metformin hydrochloride 500 MG Extended Release Oral Tablet,0.52,0.42,12,6.24,44054006,Diabetes mellitus type 2 (disorder)
2024-01-02T04:13:59Z,2025-01-07T04:13:59Z,7811dc30-8c86-8164-6c33-6b6f464745ef,d31fccc3-1767-390d-966a-22a5156f4219,7811dc30-8c86-8164-a48d-8869788f1e41,349094,budesonide 0.125 MG/ML Inhalation Suspension,129.94,103.95,1,129.94,233678006,Childhood asthma (disorder)
2024-01-02T04:13:59Z,2025-01-07T04:13:59Z,7811dc30-8c86-8164-6c33-6b6f464745ef,d31fccc3-1767-390d-966a-22a5156f4219,7811dc30-8c86-8164-a48d-8869788f1e41,630208,albuterol 0.83 MG/ML Inhalation Solution,129.94,103.95,1,129.94,233678006,Childhood asthma (disorder)
2017-03-24T06:21:53Z,2017-03-24T06:21:53Z,322ab5c6-5846-ac1e-38cc-48b8cb441e20,df166300-5a78-3502-a46a-832842197811,322ab5c6-5846-ac1e-1dcc-98555b4d9372,1535362,sodium fluoride 0.0272 MG/MG Oral Gel,129.94,79.94,1,129.94,66383009,Gingivitis (disorder)
2024-05-21T06:39:18Z,2024-05-21T06:39:18Z,7811dc30-8c86-8164-6c33-6b6f464745ef,d31fccc3-1767-390d-966a-22a5156f4219,7811dc30-8c86-8164-6774-8dcf8c371dff,313521,tropicamide 5 MG/ML Ophthalmic Solution,129.94,0.00,1,129.94,,
2019-04-03T00:59:50Z,2019-04-19T00:59:50Z,322ab5c6-5846-ac1e-38cc-48b8cb441e20,df166300-5a78-3502-a46a-832842197811,322ab5c6-5846-ac1e-0921-e0da0a82b857,313782,Acetaminophen 325 MG Oral Tablet,52.58,2.58,1,52.58,,
2025-01-07T04:13:59Z,2026-01-13T04:13:59Z,7811dc30-8c86-8164-6c33-6b6f464745ef,d31fccc3-1767-390d-966a-22a5156f4219,7811dc30-8c86-8164-127c-484379353fcf,860975,24 HR Metformin hydrochloride 500 MG Extended Release Oral Tablet,0.16,0.13,12,1.92,44054006,Diabetes mellitus type 2 (disorder)
2025-01-07T04:13:59Z,2026-01-13T04:13:59Z,7811dc30-8c86-8164-6c33-6b6f464745ef,d31fccc3-1767-390d-966a-22a5156f4219,7811dc30-8c86-8164-127c-484379353fcf,349094,budesonide 0.125 MG/ML Inhalation Suspension,129.94,103.95,1,129.94,233678006,Childhood asthma (disorder)
2025-01-07T04:13:59Z,2026-01-13T04:13:59Z,7811dc30-8c86-8164-6c33-6b6f464745ef,d31fccc3-1767-390d-966a-22a5156f4219,7811dc30-8c86-8164-127c-484379353fcf,630208,albuterol 0.83 MG/ML Inhalation Solution,129.94,103.95,1,129.94,233678006,Childhood asthma (disorder)
2025-01-21T06:29:49Z,2025-01-21T06:29:49Z,7811dc30-8c86-8164-6c33-6b6f464745ef,d31fccc3-1767-390d-966a-22a5156f4219,7811dc30-8c86-8164-7902-adcc8591f1f2,1535362,sodium fluoride 0.0272 MG/MG Oral Gel,129.94,103.95,1,129.94,103697008,Patient referral for dental care (procedure)
2025-04-16T06:55:41Z,2025-04-16T06:55:41Z,7811dc30-8c86-8164-6c33-6b6f464745ef,d31fccc3-1767-390d-966a-22a5156f4219,7811dc30-8c86-8164-522c-f9ee17872139,313521,tropicamide 5 MG/ML Ophthalmic Solution,129.94,103.95,1,129.94,,
2023-04-28T03:32:54Z,2023-04-28T03:32:54Z,322ab5c6-5846-ac1e-38cc-48b8cb441e20,df166300-5a78-3502-a46a-832842197811,322ab5c6-5846-ac1e-29e2-2b231e9cfd1c,1535362,sodium fluoride 0.0272 MG/MG Oral Gel,129.94,79.94,1,129.94,66383009,Gingivitis (disorder)
2026-01-13T04:13:59Z,,7811dc30-8c86-8164-6c33-6b6f464745ef,d31fccc3-1767-390d-966a-22a5156f4219,7811dc30-8c86-8164-8955-045b5dbd7788,860975,24 HR Metformin hydrochloride 500 MG Extended Release Oral Tablet,0.94,0.00,8,7.52,44054006,Diabetes mellitus type 2 (disorder)
2026-01-13T04:13:59Z,,7811dc30-8c86-8164-6c33-6b6f464745ef,d31fccc3-1767-390d-966a-22a5156f4219,7811dc30-8c86-8164-8955-045b5dbd7788,349094,budesonide 0.125 MG/ML Inhalation Suspension,129.94,0.00,1,129.94,233678006,Childhood asthma (disorder)
2026-01-13T04:13:59Z,,7811dc30-8c86-8164-6c33-6b6f464745ef,d31fccc3-1767-390d-966a-22a5156f4219,7811dc30-8c86-8164-8955-045b5dbd7788,630208,albuterol 0.83 MG/ML Inhalation Solution,129.94,0.00,1,129.94,233678006,Childhood asthma (disorder)
2024-05-03T03:35:37Z,2024-05-03T03:35:37Z,322ab5c6-5846-ac1e-38cc-48b8cb441e20,df166300-5a78-3502-a46a-832842197811,322ab5c6-5846-ac1e-9370-fd7a3a4e6d38,1535362,sodium fluoride 0.0272 MG/MG Oral Gel,129.94,79.94,1,129.94,66383009,Gingivitis (disorder)
2026-04-11T07:14:25Z,2026-04-11T07:14:25Z,7811dc30-8c86-8164-6c33-6b6f464745ef,d31fccc3-1767-390d-966a-22a5156f4219,7811dc30-8c86-8164-dd5e-d5bfa3aefe19,313521,tropicamide 5 MG/ML Ophthalmic Solution,129.94,103.95,1,129.94,,
1971-10-15T17:51:43Z,,05cc86a0-2d98-b046-790a-211fd9e1ea92,df166300-5a78-3502-a46a-832842197811,05cc86a0-2d98-b046-918d-f3df86eaf8c1,705129,Nitroglycerin 0.4 MG/ACTUAT Mucosal Spray,56.41,6.41,669,37738.29,,
1976-10-01T17:51:43Z,2020-08-15T19:47:45Z,05cc86a0-2d98-b046-790a-211fd9e1ea92,df166300-5a78-3502-a46a-832842197811,05cc86a0-2d98-b046-b6ee-54c0f7ff6b4f,849574,Naproxen sodium 220 MG Oral Tablet,168.16,118.16,534,89797.44,239873007,Osteoarthritis of knee (disorder)
2002-03-15T17:51:43Z,2026-07-11T17:51:43Z,05cc86a0-2d98-b046-790a-211fd9e1ea92,df166300-5a78-3502-a46a-832842197811,05cc86a0-2d98-b046-2112-411d8926fa3c,314231,Simvastatin 10 MG Oral Tablet,0.30,0.00,10,3.00,55822004,Hyperlipidemia (disorder)
2016-05-13T17:51:43Z,2017-05-19T17:51:43Z,05cc86a0-2d98-b046-790a-211fd9e1ea92,d18ef2e6-ef40-324c-be54-34a5ee865625,05cc86a0-2d98-b046-75ee-67519c256f7f,904419,Alendronic acid 10 MG Oral Tablet,4.70,0.00,12,56.40,64859006,Osteoporosis (disorder)
2016-05-29T17:51:43Z,2017-06-09T17:51:43Z,05cc86a0-2d98-b046-790a-211fd9e1ea92,d18ef2e6-ef40-324c-be54-34a5ee865625,05cc86a0-2d98-b046-1345-9fdb318cb0c4,314231,Simvastatin 10 MG Oral Tablet,0.30,0.00,12,3.60,55822004,Hyperlipidemia (disorder)
2017-05-19T17:51:43Z,2018-05-25T17:51:43Z,05cc86a0-2d98-b046-790a-211fd9e1ea92,d18ef2e6-ef40-324c-be54-34a5ee865625,05cc86a0-2d98-b046-aadf-a62b9e132f6b,904419,Alendronic acid 10 MG Oral Tablet,1.29,0.00,12,15.48,64859006,Osteoporosis (disorder)
2017-06-09T17:51:43Z,2018-06-09T17:51:43Z,05cc86a0-2d98-b046-790a-211fd9e1ea92,d18ef2e6-ef40-324c-be54-34a5ee865625,05cc86a0-2d98-b046-a909-1331df79658f,314231,Simvastatin 10 MG Oral Tablet,0.45,0.00,12,5.40,55822004,Hyperlipidemia (disorder)
2018-05-25T17:51:43Z,2019-05-31T17:51:43Z,05cc86a0-2d98-b046-790a-211fd9e1ea92,d18ef2e6-ef40-324c-be54-34a5ee865625,05cc86a0-2d98-b046-d70d-b6d4f7dde3b6,904419,Alendronic acid 10 MG Oral Tablet,1.43,0.00,12,17.16,64859006,Osteoporosis (disorder)
2018-06-09T17:51:43Z,2019-06-21T17:51:43Z,05cc86a0-2d98-b046-790a-211fd9e1ea92,d18ef2e6-ef40-324c-be54-34a5ee865625,05cc86a0-2d98-b046-9135-06e119183234,314231,Simvastatin 10 MG Oral Tablet,0.45,0.00,12,5.40,55822004,Hyperlipidemia (disorder)
2019-01-11T18:17:45Z,2019-05-11T18:17:45Z,05cc86a0-2d98-b046-790a-211fd9e1ea92,d18ef2e6-ef40-324c-be54-34a5ee865625,05cc86a0-2d98-b046-8bab-e3288f16cfd4,310965,Ibuprofen 200 MG Oral Tablet,326.77,291.77,4,1307.08,,
2019-05-31T17:51:43Z,2019-11-08T17:51:43Z,05cc86a0-2d98-b046-790a-211fd9e1ea92,d18ef2e6-ef40-324c-be54-34a5ee865625,05cc86a0-2d98-b046-2c56-1cf7cf8e8320,904419,Alendronic acid 10 MG Oral Tablet,16.28,0.00,5,81.40,64859006,Osteoporosis (disorder)
2019-06-21T17:51:43Z,2020-07-03T17:51:43Z,05cc86a0-2d98-b046-790a-211fd9e1ea92,d18ef2e6-ef40-324c-be54-34a5ee865625,05cc86a0-2d98-b046-f95a-e2ed96c972f9,314231,Simvastatin 10 MG Oral Tablet,0.30,0.00,12,3.60,55822004,Hyperlipidemia (disorder)
2019-10-30T21:55:07Z,2019-11-13T21:55:07Z,05cc86a0-2d98-b046-790a-211fd9e1ea92,d18ef2e6-ef40-324c-be54-34a5ee865625,05cc86a0-2d98-b046-4955-cd96f0a85645,313782,Acetaminophen 325 MG Oral Tablet,93.47,58.47,1,93.47,10509002,Acute bronchitis (disorder)
2019-11-08T17:51:43Z,2020-06-05T17:51:43Z,05cc86a0-2d98-b046-790a-211fd9e1ea92,d18ef2e6-ef40-324c-be54-34a5ee865625,05cc86a0-2d98-b046-064b-0349f9526c00,904419,Alendronic acid 10 MG Oral Tablet,12.44,0.00,7,87.08,64859006,Osteoporosis (disorder)
2020-06-05T17:51:43Z,2021-06-11T17:51:43Z,05cc86a0-2d98-b046-790a-211fd9e1ea92,d18ef2e6-ef40-324c-be54-34a5ee865625,05cc86a0-2d98-b046-e4b9-66895ca42725,904419,Alendronic acid 10 MG Oral Tablet,1.62,0.00,12,19.44,64859006,Osteoporosis (disorder)
2020-07-03T17:51:43Z,2021-07-03T17:51:43Z,05cc86a0-2d98-b046-790a-211fd9e1ea92,d18ef2e6-ef40-324c-be54-34a5ee865625,05cc86a0-2d98-b046-5163-cad5940afba5,314231,Simvastatin 10 MG Oral Tablet,0.45,0.00,12,5.40,55822004,Hyperlipidemia (disorder)
2021-06-11T17:51:43Z,2022-06-17T17:51:43Z,05cc86a0-2d98-b046-790a-211fd9e1ea92,d18ef2e6-ef40-324c-be54-34a5ee865625,05cc86a0-2d98-b046-a742-384a6835566c,904419,Alendronic acid 10 MG Oral Tablet,0.50,0.00,12,6.00,64859006,Osteoporosis (disorder)
2021-07-03T17:51:43Z,2022-07-03T17:51:43Z,05cc86a0-2d98-b046-790a-211fd9e1ea92,d18ef2e6-ef40-324c-be54-34a5ee865625,05cc86a0-2d98-b046-1eff-5cb1ef19b94d,314231,Simvastatin 10 MG Oral Tablet,0.30,0.00,12,3.60,55822004,Hyperlipidemia (disorder)
2022-06-17T17:51:43Z,2023-06-23T17:51:43Z,05cc86a0-2d98-b046-790a-211fd9e1ea92,d18ef2e6-ef40-324c-be54-34a5ee865625,05cc86a0-2d98-b046-b12f-92119ed048cd,904419,Alendronic acid 10 MG Oral Tablet,1.10,0.00,12,13.20,64859006,Osteoporosis (disorder)
2022-07-01T20:40:09Z,2022-07-01T20:40:09Z,05cc86a0-2d98-b046-790a-211fd9e1ea92,d18ef2e6-ef40-324c-be54-34a5ee865625,05cc86a0-2d98-b046-6f9f-c8c688262396,1535362,sodium fluoride 0.0272 MG/MG Oral Gel,129.94,94.94,1,129.94,103697008,Patient referral for dental care (procedure)
2022-07-03T17:51:43Z,2023-07-03T17:51:43Z,05cc86a0-2d98-b046-790a-211fd9e1ea92,d18ef2e6-ef40-324c-be54-34a5ee865625,05cc86a0-2d98-b046-6572-c13d8fa606f9,314231,Simvastatin 10 MG Oral Tablet,0.45,0.00,12,5.40,55822004,Hyperlipidemia (disorder)
2023-06-23T17:51:43Z,2024-06-28T17:51:43Z,05cc86a0-2d98-b046-790a-211fd9e1ea92,d18ef2e6-ef40-324c-be54-34a5ee865625,05cc86a0-2d98-b046-5a2f-971335689333,904419,Alendronic acid 10 MG Oral Tablet,0.81,0.00,12,9.72,64859006,Osteoporosis (disorder)
2023-07-03T17:51:43Z,2024-07-02T17:51:43Z,05cc86a0-2d98-b046-790a-211fd9e1ea92,d18ef2e6-ef40-324c-be54-34a5ee865625,05cc86a0-2d98-b046-4c07-4e8fba5d3b55,314231,Simvastatin 10 MG Oral Tablet,0.30,0.00,12,3.60,55822004,Hyperlipidemia (disorder)
2024-06-28T17:51:43Z,2025-07-04T17:51:43Z,05cc86a0-2d98-b046-790a-211fd9e1ea92,d18ef2e6-ef40-324c-be54-34a5ee865625,05cc86a0-2d98-b046-40c5-49f5acd6be81,904419,Alendronic acid 10 MG Oral Tablet,1.28,0.00,12,15.36,64859006,Osteoporosis (disorder)
2024-07-02T17:51:43Z,2025-07-11T17:51:43Z,05cc86a0-2d98-b046-790a-211fd9e1ea92,d18ef2e6-ef40-324c-be54-34a5ee865625,05cc86a0-2d98-b046-87b6-35e9ea020a3a,314231,Simvastatin 10 MG Oral Tablet,0.30,0.00,12,3.60,55822004,Hyperlipidemia (disorder)
2025-07-04T17:51:43Z,2026-07-10T17:51:43Z,05cc86a0-2d98-b046-790a-211fd9e1ea92,d18ef2e6-ef40-324c-be54-34a5ee865625,05cc86a0-2d98-b046-05a9-9e7a92f7dff4,904419,Alendronic acid 10 MG Oral Tablet,0.49,0.00,12,5.88,64859006,Osteoporosis (disorder)
2025-07-11T17:51:43Z,2026-07-11T17:51:43Z,05cc86a0-2d98-b046-790a-211fd9e1ea92,d18ef2e6-ef40-324c-be54-34a5ee865625,05cc86a0-2d98-b046-09a1-afa58374877c,314231,Simvastatin 10 MG Oral Tablet,0.38,0.00,12,4.56,55822004,Hyperlipidemia (disorder)
2026-07-10T17:51:43Z,,05cc86a0-2d98-b046-790a-211fd9e1ea92,df166300-5a78-3502-a46a-832842197811,05cc86a0-2d98-b046-c0f1-dac51423ff49,904419,Alendronic acid 10 MG Oral Tablet,12.42,0.00,3,37.26,64859006,Osteoporosis (disorder)
2026-07-11T17:51:43Z,,05cc86a0-2d98-b046-790a-211fd9e1ea92,df166300-5a78-3502-a46a-832842197811,05cc86a0-2d98-b046-c83a-57a2608103a1,314231,Simvastatin 10 MG Oral Tablet,0.31,0.00,12,3.72,55822004,Hyperlipidemia (disorder)
2026-07-24T20:46:37Z,2026-07-24T20:46:37Z,05cc86a0-2d98-b046-790a-211fd9e1ea92,df166300-5a78-3502-a46a-832842197811,05cc86a0-2d98-b046-5646-b3cc8fa3171b,1535362,sodium fluoride 0.0272 MG/MG Oral Gel,129.94,79.94,1,129.94,103697008,Patient referral for dental care (procedure)
