PATIENT,MEMBERID,START_DATE,END_DATE,PAYER,SECONDARY_PAYER,PLAN_OWNERSHIP,OWNER_NAME
aee7bbe1-0c45-c028-1e62-1f4cdb30c273,aee7bbe1-0c45-c028-9f64-c0a245050961,2010-12-23T10:43:19Z,2011-12-29T10:43:19Z,b046940f-1664-3047-bca7-dfa76be352a4,,Guardian,Kenny207 Fritsch593
aee7bbe1-0c45-c028-1e62-1f4cdb30c273,aee7bbe1-0c45-c028-9f64-c0a245050961,2011-12-29T10:43:19Z,2012-12-27T10:43:19Z,b046940f-1664-3047-bca7-dfa76be352a4,,Guardian,Kenny207 Fritsch593
aee7bbe1-0c45-c028-1e62-1f4cdb30c273,aee7bbe1-0c45-c028-9f64-c0a245050961,2012-12-27T10:43:19Z,2013-12-26T10:43:19Z,b046940f-1664-3047-bca7-dfa76be352a4,,Guardian,Kenny207 Fritsch593
aee7bbe1-0c45-c028-1e62-1f4cdb30c273,aee7bbe1-0c45-c028-9f64-c0a245050961,2013-12-26T10:43:19Z,2014-12-25T10:43:19Z,b046940f-1664-3047-bca7-dfa76be352a4,,Guardian,Kenny207 Fritsch593
aee7bbe1-0c45-c028-1e62-1f4cdb30c273,aee7bbe1-0c45-c028-9f64-c0a245050961,2014-12-25T10:43:19Z,2015-12-24T10:43:19Z,b046940f-1664-3047-bca7-dfa76be352a4,,Guardian,Kenny207 Fritsch593
aee7bbe1-0c45-c028-1e62-1f4cdb30c273,aee7bbe1-0c45-c028-9f64-c0a245050961,2015-12-24T10:43:19Z,2016-12-29T10:43:19Z,b046940f-1664-3047-bca7-dfa76be352a4,,Guardian,Kenny207 Fritsch593
aee7bbe1-0c45-c028-1e62-1f4cdb30c273,aee7bbe1-0c45-c028-9f64-c0a245050961,2016-12-29T10:43:19Z,2017-12-28T10:43:19Z,b046940f-1664-3047-bca7-dfa76be352a4,,Guardian,Kenny207 Fritsch593
aee7bbe1-0c45-c028-1e62-1f4cdb30c273,aee7bbe1-0c45-c028-9f64-c0a245050961,2017-12-28T10:43:19Z,2018-12-27T10:43:19Z,b046940f-1664-3047-bca7-dfa76be352a4,,Guardian,Kenny207 Fritsch593
aee7bbe1-0c45-c028-1e62-1f4cdb30c273,aee7bbe1-0c45-c028-9f64-c0a245050961,2018-12-27T10:43:19Z,2019-12-26T10:43:19Z,b046940f-1664-3047-bca7-dfa76be352a4,,Guardian,Kenny207 Fritsch593
aee7bbe1-0c45-c028-1e62-1f4cdb30c273,aee7bbe1-0c45-c028-9f64-c0a245050961,2019-12-26T10:43:19Z,2020-12-24T10:43:19Z,b046940f-1664-3047-bca7-dfa76be352a4,,Guardian,Kenny207 Fritsch593
aee7bbe1-0c45-c028-1e62-1f4cdb30c273,aee7bbe1-0c45-c028-9f64-c0a245050961,2020-12-24T10:43:19Z,2021-12-23T10:43:19Z,b046940f-1664-3047-bca7-dfa76be352a4,,Guardian,Kenny207 Fritsch593
aee7bbe1-0c45-c028-1e62-1f4cdb30c273,aee7bbe1-0c45-c028-9f64-c0a245050961,2021-12-23T10:43:19Z,2022-12-29T10:43:19Z,b046940f-1664-3047-bca7-dfa76be352a4,,Guardian,Kenny207 Fritsch593
aee7bbe1-0c45-c028-1e62-1f4cdb30c273,aee7bbe1-0c45-c028-9f64-c0a245050961,2022-12-29T10:43:19Z,2023-12-28T10:43:19Z,b046940f-1664-3047-bca7-dfa76be352a4,,Guardian,Kenny207 Fritsch593
aee7bbe1-0c45-c028-1e62-1f4cdb30c273,aee7bbe1-0c45-c028-9f64-c0a245050961,2023-12-28T10:43:19Z,2024-12-26T10:43:19Z,b046940f-1664-3047-bca7-dfa76be352a4,,Guardian,Kenny207 Fritsch593
aee7bbe1-0c45-c028-1e62-1f4cdb30c273,aee7bbe1-0c45-c028-9f64-c0a245050961,2024-12-26T10:43:19Z,2025-12-25T10:43:19Z,b046940f-1664-3047-bca7-dfa76be352a4,,Guardian,Kenny207 Fritsch593
aee7bbe1-0c45-c028-1e62-1f4cdb30c273,aee7bbe1-0c45-c028-9f64-c0a245050961,2025-12-25T10:43:19Z,2026-12-23T10:43:19Z,b046940f-1664-3047-bca7-dfa76be352a4,,Guardian,Kenny207 Fritsch593
76b20010-c318-5754-8c85-983aa538522f,76b20010-c318-5754-1d45-35c9de82f7eb,2018-03-19T06:17:07Z,2019-03-25T06:17:07Z,d31fccc3-1767-390d-966a-22a5156f4219,,Guardian,Branda994 Turcotte120
76b20010-c318-5754-8c85-983aa538522f,76b20010-c318-5754-1d45-35c9de82f7eb,2019-03-25T06:17:07Z,2020-03-23T06:17:07Z,d31fccc3-1767-390d-966a-22a5156f4219,,Guardian,Branda994 Turcotte120
76b20010-c318-5754-8c85-983aa538522f,76b20010-c318-5754-1d45-35c9de82f7eb,2020-03-23T06:17:07Z,2021-03-22T06:17:07Z,d31fccc3-1767-390d-966a-22a5156f4219,,Guardian,Branda994 Turcotte120
76b20010-c318-5754-8c85-983aa538522f,76b20010-c318-5754-1d45-35c9de82f7eb,2021-03-22T06:17:07Z,2022-03-21T06:17:07Z,d31fccc3-1767-390d-966a-22a5156f4219,,Guardian,Branda994 Turcotte120
76b20010-c318-5754-8c85-983aa538522f,76b20010-c318-5754-1d45-35c9de82f7eb,2022-03-21T06:17:07Z,2023-03-20T06:17:07Z,d31fccc3-1767-390d-966a-22a5156f4219,,Guardian,Branda994 Turcotte120
76b20010-c318-5754-8c85-983aa538522f,76b20010-c318-5754-1d45-35c9de82f7eb,2023-03-20T06:17:07Z,2024-03-25T06:17:07Z,d31fccc3-1767-390d-966a-22a5156f4219,,Guardian,Branda994 Turcotte120
76b20010-c318-5754-8c85-983aa538522f,76b20010-c318-5754-1d45-35c9de82f7eb,2024-03-25T06:17:07Z,2025-03-24T06:17:07Z,d31fccc3-1767-390d-966a-22a5156f4219,,Guardian,Branda994 Turcotte120
76b20010-c318-5754-8c85-983aa538522f,76b20010-c318-5754-1d45-35c9de82f7eb,2025-03-24T06:17:07Z,2026-03-23T06:17:07Z,d31fccc3-1767-390d-966a-22a5156f4219,,Guardian,Branda994 Turcotte120
76b20010-c318-5754-8c85-983aa538522f,76b20010-c318-5754-1d45-35c9de82f7eb,2026-03-23T06:17:07Z,2027-03-19T06:17:07Z,d31fccc3-1767-390d-966a-22a5156f4219,,Guardian,Branda994 Turcotte120
5e688e99-61b3-5c88-3f60-21df8aaced27,5e688e99-61b3-5c88-a32e-64413a27d3e7,2010-01-28T07:40:43Z,2011-02-03T07:40:43Z,df166300-5a78-3502-a46a-832842197811,,Self,Wallace647 Effertz744
5e688e99-61b3-5c88-3f60-21df8aaced27,5e688e99-61b3-5c88-ef6a-e2f66a88ae48,2011-02-03T07:40:43Z,2012-02-02T07:40:43Z,df166300-5a78-3502-a46a-832842197811,,Self,Wallace647 Effertz744
5e688e99-61b3-5c88-3f60-21df8aaced27,5e688e99-61b3-5c88-ceec-06539b10d5f1,2012-02-02T07:40:43Z,2013-01-31T07:40:43Z,df166300-5a78-3502-a46a-832842197811,,Self,Wallace647 Effertz744
5e688e99-61b3-5c88-3f60-21df8aaced27,5e688e99-61b3-5c88-d813-d3a42ee4a057,2013-01-31T07:40:43Z,2014-01-30T07:40:43Z,df166300-5a78-3502-a46a-832842197811,,Self,Wallace647 Effertz744
5e688e99-61b3-5c88-3f60-21df8aaced27,5e688e99-61b3-5c88-c6a4-e35c31c0ac1f,2014-01-30T07:40:43Z,2015-01-29T07:40:43Z,df166300-5a78-3502-a46a-832842197811,,Self,Wallace647 Effertz744
5e688e99-61b3-5c88-3f60-21df8aaced27,5e688e99-61b3-5c88-d736-ff037f7f4f58,2015-01-29T07:40:43Z,2016-01-28T07:40:43Z,df166300-5a78-3502-a46a-832842197811,,Self,Wallace647 Effertz744
5e688e99-61b3-5c88-3f60-21df8aaced27,5e688e99-61b3-5c88-070a-2adde5e7aaf5,2016-01-28T07:40:43Z,2017-02-02T07:40:43Z,df166300-5a78-3502-a46a-832842197811,,Self,Wallace647 Effertz744
5e688e99-61b3-5c88-3f60-21df8aaced27,5e688e99-61b3-5c88-7e49-663f2bcdf29e,2017-02-02T07:40:43Z,2018-02-01T07:40:43Z,df166300-5a78-3502-a46a-832842197811,,Self,Wallace647 Effertz744
5e688e99-61b3-5c88-3f60-21df8aaced27,5e688e99-61b3-5c88-c9f8-25677da9c504,2018-02-01T07:40:43Z,2019-01-31T07:40:43Z,df166300-5a78-3502-a46a-832842197811,,Self,Wallace647 Effertz744
5e688e99-61b3-5c88-3f60-21df8aaced27,5e688e99-61b3-5c88-67e8-8af3fe82135a,2019-01-31T07:40:43Z,2020-01-30T07:40:43Z,df166300-5a78-3502-a46a-832842197811,,Self,Wallace647 Effertz744
5e688e99-61b3-5c88-3f60-21df8aaced27,5e688e99-61b3-5c88-d538-bfca515bc782,2020-01-30T07:40:43Z,2021-01-28T07:40:43Z,df166300-5a78-3502-a46a-832842197811,,Self,Wallace647 Effertz744
5e688e99-61b3-5c88-3f60-21df8aaced27,5e688e99-61b3-5c88-4778-a995fa4fe2b9,2021-01-28T07:40:43Z,2022-02-03T07:40:43Z,df166300-5a78-3502-a46a-832842197811,,Self,Wallace647 Effertz744
5e688e99-61b3-5c88-3f60-21df8aaced27,5e688e99-61b3-5c88-67f5-cc488a9b1901,2022-02-03T07:40:43Z,2023-02-02T07:40:43Z,df166300-5a78-3502-a46a-832842197811,,Self,Wallace647 Effertz744
5e688e99-61b3-5c88-3f60-21df8aaced27,5e688e99-61b3-5c88-6357-bd14571f6cb1,2023-02-02T07:40:43Z,2024-02-01T07:40:43Z,df166300-5a78-3502-a46a-832842197811,,Self,Wallace647 Effertz744
5e688e99-61b3-5c88-3f60-21df8aaced27,5e688e99-61b3-5c88-5b3a-dc1341d52b9e,2024-02-01T07:40:43Z,2025-01-30T07:40:43Z,df166300-5a78-3502-a46a-832842197811,,Self,Wallace647 Effertz744
5e688e99-61b3-5c88-3f60-21df8aaced27,5e688e99-61b3-5c88-88b7-999e487c2bc6,2025-01-30T07:40:43Z,2026-01-29T07:40:43Z,df166300-5a78-3502-a46a-832842197811,,Self,Wallace647 Effertz744
5e688e99-61b3-5c88-3f60-21df8aaced27,5e688e99-61b3-5c88-9ff9-2e9993a399c2,2026-01-29T07:40:43Z,2027-01-28T07:40:43Z,df166300-5a78-3502-a46a-832842197811,,Self,Wallace647 Effertz744
46976cf7-b0bf-be20-39a5-9f425a52886d,46976cf7-b0bf-be20-4283-ecdb865305f5,2007-09-14T08:02:49Z,2008-09-19T08:02:49Z,26aab0cd-6aba-3e1b-ac5b-05c8867e762c,,Guardian,Cherryl901 Lowe577
46976cf7-b0bf-be20-39a5-9f425a52886d,46976cf7-b0bf-be20-4283-ecdb865305f5,2008-09-19T08:02:49Z,2009-09-18T08:02:49Z,26aab0cd-6aba-3e1b-ac5b-05c8867e762c,,Guardian,Cherryl901 Lowe577
46976cf7-b0bf-be20-39a5-9f425a52886d,46976cf7-b0bf-be20-4283-ecdb865305f5,2009-09-18T08:02:49Z,2010-09-17T08:02:49Z,26aab0cd-6aba-3e1b-ac5b-05c8867e762c,,Guardian,Cherryl901 Lowe577
46976cf7-b0bf-be20-39a5-9f425a52886d,46976cf7-b0bf-be20-4283-ecdb865305f5,2010-09-17T08:02:49Z,2011-09-16T08:02:49Z,26aab0cd-6aba-3e1b-ac5b-05c8867e762c,,Guardian,Cherryl901 Lowe577
46976cf7-b0bf-be20-39a5-9f425a52886d,46976cf7-b0bf-be20-4283-ecdb865305f5,2011-09-16T08:02:49Z,2012-09-14T08:02:49Z,26aab0cd-6aba-3e1b-ac5b-05c8867e762c,,Guardian,Cherryl901 Lowe577
46976cf7-b0bf-be20-39a5-9f425a52886d,46976cf7-b0bf-be20-4283-ecdb865305f5,2012-09-14T08:02:49Z,2013-09-20T08:02:49Z,26aab0cd-6aba-3e1b-ac5b-05c8867e762c,,Guardian,Cherryl901 Lowe577
46976cf7-b0bf-be20-39a5-9f425a52886d,46976cf7-b0bf-be20-4283-ecdb865305f5,2013-09-20T08:02:49Z,2014-09-19T08:02:49Z,26aab0cd-6aba-3e1b-ac5b-05c8867e762c,,Guardian,Cherryl901 Lowe577
46976cf7-b0bf-be20-39a5-9f425a52886d,46976cf7-b0bf-be20-4283-ecdb865305f5,2014-09-19T08:02:49Z,2015-09-18T08:02:49Z,26aab0cd-6aba-3e1b-ac5b-05c8867e762c,,Guardian,Cherryl901 Lowe577
46976cf7-b0bf-be20-39a5-9f425a52886d,46976cf7-b0bf-be20-4283-ecdb865305f5,2015-09-18T08:02:49Z,2016-09-16T08:02:49Z,26aab0cd-6aba-3e1b-ac5b-05c8867e762c,,Guardian,Cherryl901 Lowe577
46976cf7-b0bf-be20-39a5-9f425a52886d,46976cf7-b0bf-be20-4283-ecdb865305f5,2016-09-16T08:02:49Z,2017-09-15T08:02:49Z,26aab0cd-6aba-3e1b-ac5b-05c8867e762c,,Guardian,Cherryl901 Lowe577
46976cf7-b0bf-be20-39a5-9f425a52886d,46976cf7-b0bf-be20-4283-ecdb865305f5,2017-09-15T08:02:49Z,2018-09-14T08:02:49Z,26aab0cd-6aba-3e1b-ac5b-05c8867e762c,,Guardian,Cherryl901 Lowe577
46976cf7-b0bf-be20-39a5-9f425a52886d,46976cf7-b0bf-be20-4283-ecdb865305f5,2018-09-14T08:02:49Z,2019-09-20T08:02:49Z,26aab0cd-6aba-3e1b-ac5b-05c8867e762c,,Guardian,Cherryl901 Lowe577
46976cf7-b0bf-be20-39a5-9f425a52886d,46976cf7-b0bf-be20-4283-ecdb865305f5,2019-09-20T08:02:49Z,2020-09-18T08:02:49Z,26aab0cd-6aba-3e1b-ac5b-05c8867e762c,,Guardian,Cherryl901 Lowe577
46976cf7-b0bf-be20-39a5-9f425a52886d,46976cf7-b0bf-be20-4283-ecdb865305f5,2020-09-18T08:02:49Z,2021-09-17T08:02:49Z,26aab0cd-6aba-3e1b-ac5b-05c8867e762c,,Guardian,Cherryl901 Lowe577
46976cf7-b0bf-be20-39a5-9f425a52886d,46976cf7-b0bf-be20-4283-ecdb865305f5,2021-09-17T08:02:49Z,2022-09-16T08:02:49Z,26aab0cd-6aba-3e1b-ac5b-05c8867e762c,,Guardian,Cherryl901 Lowe577
46976cf7-b0bf-be20-39a5-9f425a52886d,46976cf7-b0bf-be20-4283-ecdb865305f5,2022-09-16T08:02:49Z,2023-09-15T08:02:49Z,26aab0cd-6aba-3e1b-ac5b-05c8867e762c,,Guardian,Cherryl901 Lowe577
46976cf7-b0bf-be20-39a5-9f425a52886d,46976cf7-b0bf-be20-4283-ecdb865305f5,2023-09-15T08:02:49Z,2024-09-20T08:02:49Z,26aab0cd-6aba-3e1b-ac5b-05c8867e762c,,Guardian,Cherryl901 Lowe577
46976cf7-b0bf-be20-39a5-9f425a52886d,46976cf7-b0bf-be20-4283-ecdb865305f5,2024-09-20T08:02:49Z,2025-09-19T08:02:49Z,26aab0cd-6aba-3e1b-ac5b-05c8867e762c,,Guardian,Cherryl901 Lowe577
46976cf7-b0bf-be20-39a5-9f425a52886d,46976cf7-b0bf-be20-4283-ecdb865305f5,2025-09-19T08:02:49Z,2026-09-18T08:02:49Z,26aab0cd-6aba-3e1b-ac5b-05c8867e762c,,Guardian,Cherryl901 Lowe577
46976cf7-b0bf-be20-39a5-9f425a52886d,46976cf7-b0bf-be20-0b55-37187b722c16,2026-09-18T08:02:49Z,2027-09-14T08:02:49Z,26aab0cd-6aba-3e1b-ac5b-05c8867e762c,,Self,Lindsay928 Zieme486
4f083ce3-f12b-bb4b-7353-e17f0cd55b0a,4f083ce3-f12b-bb4b-b237-9cd8c0b2a6bd,1999-01-12T16:39:27Z,2000-01-18T16:39:27Z,26aab0cd-6aba-3e1b-ac5b-05c8867e762c,,Guardian,Rosella686 Nitzsche158
4f083ce3-f12b-bb4b-7353-e17f0cd55b0a,4f083ce3-f12b-bb4b-b237-9cd8c0b2a6bd,2000-01-18T16:39:27Z,2001-01-16T16:39:27Z,26aab0cd-6aba-3e1b-ac5b-05c8867e762c,,Guardian,Rosella686 Nitzsche158
4f083ce3-f12b-bb4b-7353-e17f0cd55b0a,4f083ce3-f12b-bb4b-b237-9cd8c0b2a6bd,2001-01-16T16:39:27Z,2002-01-15T16:39:27Z,26aab0cd-6aba-3e1b-ac5b-05c8867e762c,,Guardian,Rosella686 Nitzsche158
4f083ce3-f12b-bb4b-7353-e17f0cd55b0a,4f083ce3-f12b-bb4b-b237-9cd8c0b2a6bd,2002-01-15T16:39:27Z,2003-01-14T16:39:27Z,26aab0cd-6aba-3e1b-ac5b-05c8867e762c,,Guardian,Rosella686 Nitzsche158
4f083ce3-f12b-bb4b-7353-e17f0cd55b0a,4f083ce3-f12b-bb4b-b237-9cd8c0b2a6bd,2003-01-14T16:39:27Z,2004-01-13T16:39:27Z,26aab0cd-6aba-3e1b-ac5b-05c8867e762c,,Guardian,Rosella686 Nitzsche158
4f083ce3-f12b-bb4b-7353-e17f0cd55b0a,4f083ce3-f12b-bb4b-b237-9cd8c0b2a6bd,2004-01-13T16:39:27Z,2005-01-18T16:39:27Z,26aab0cd-6aba-3e1b-ac5b-05c8867e762c,,Guardian,Rosella686 Nitzsche158
4f083ce3-f12b-bb4b-7353-e17f0cd55b0a,4f083ce3-f12b-bb4b-b237-9cd8c0b2a6bd,2005-01-18T16:39:27Z,2006-01-17T16:39:27Z,26aab0cd-6aba-3e1b-ac5b-05c8867e762c,,Guardian,Rosella686 Nitzsche158
4f083ce3-f12b-bb4b-7353-e17f0cd55b0a,4f083ce3-f12b-bb4b-b237-9cd8c0b2a6bd,2006-01-17T16:39:27Z,2007-01-16T16:39:27Z,26aab0cd-6aba-3e1b-ac5b-05c8867e762c,,Guardian,Rosella686 Nitzsche158
4f083ce3-f12b-bb4b-7353-e17f0cd55b0a,4f083ce3-f12b-bb4b-b237-9cd8c0b2a6bd,2007-01-16T16:39:27Z,2008-01-15T16:39:27Z,26aab0cd-6aba-3e1b-ac5b-05c8867e762c,,Guardian,Rosella686 Nitzsche158
4f083ce3-f12b-bb4b-7353-e17f0cd55b0a,4f083ce3-f12b-bb4b-b237-9cd8c0b2a6bd,2008-01-15T16:39:27Z,2009-01-13T16:39:27Z,26aab0cd-6aba-3e1b-ac5b-05c8867e762c,,Guardian,Rosella686 Nitzsche158
4f083ce3-f12b-bb4b-7353-e17f0cd55b0a,4f083ce3-f12b-bb4b-b237-9cd8c0b2a6bd,2009-01-13T16:39:27Z,2010-01-12T16:39:27Z,26aab0cd-6aba-3e1b-ac5b-05c8867e762c,,Guardian,Rosella686 Nitzsche158
4f083ce3-f12b-bb4b-7353-e17f0cd55b0a,4f083ce3-f12b-bb4b-b237-9cd8c0b2a6bd,2010-01-12T16:39:27Z,2011-01-18T16:39:27Z,26aab0cd-6aba-3e1b-ac5b-05c8867e762c,,Guardian,Rosella686 Nitzsche158
4f083ce3-f12b-bb4b-7353-e17f0cd55b0a,4f083ce3-f12b-bb4b-b237-9cd8c0b2a6bd,2011-01-18T16:39:27Z,2012-01-17T16:39:27Z,26aab0cd-6aba-3e1b-ac5b-05c8867e762c,,Guardian,Rosella686 Nitzsche158
4f083ce3-f12b-bb4b-7353-e17f0cd55b0a,4f083ce3-f12b-bb4b-b237-9cd8c0b2a6bd,2012-01-17T16:39:27Z,2013-01-15T16:39:27Z,26aab0cd-6aba-3e1b-ac5b-05c8867e762c,,Guardian,Rosella686 Nitzsche158
4f083ce3-f12b-bb4b-7353-e17f0cd55b0a,4f083ce3-f12b-bb4b-b237-9cd8c0b2a6bd,2013-01-15T16:39:27Z,2014-01-14T16:39:27Z,26aab0cd-6aba-3e1b-ac5b-05c8867e762c,,Guardian,Rosella686 Nitzsche158
4f083ce3-f12b-bb4b-7353-e17f0cd55b0a,4f083ce3-f12b-bb4b-b237-9cd8c0b2a6bd,2014-01-14T16:39:27Z,2015-01-13T16:39:27Z,26aab0cd-6aba-3e1b-ac5b-05c8867e762c,,Guardian,Rosella686 Nitzsche158
4f083ce3-f12b-bb4b-7353-e17f0cd55b0a,4f083ce3-f12b-bb4b-b237-9cd8c0b2a6bd,2015-01-13T16:39:27Z,2016-01-12T16:39:27Z,26aab0cd-6aba-3e1b-ac5b-05c8867e762c,,Guardian,Rosella686 Nitzsche158
4f083ce3-f12b-bb4b-7353-e17f0cd55b0a,4f083ce3-f12b-bb4b-b237-9cd8c0b2a6bd,2016-01-12T16:39:27Z,2017-01-17T16:39:27Z,26aab0cd-6aba-3e1b-ac5b-05c8867e762c,,Guardian,Rosella686 Nitzsche158
4f083ce3-f12b-bb4b-7353-e17f0cd55b0a,4f083ce3-f12b-bb4b-b237-9cd8c0b2a6bd,2017-01-17T16:39:27Z,2018-01-16T16:39:27Z,26aab0cd-6aba-3e1b-ac5b-05c8867e762c,,Guardian,Rosella686 Nitzsche158
4f083ce3-f12b-bb4b-7353-e17f0cd55b0a,4f083ce3-f12b-bb4b-d2c4-93c96887e3b8,2018-01-16T16:39:27Z,2019-01-15T16:39:27Z,26aab0cd-6aba-3e1b-ac5b-05c8867e762c,,Self,Ezekiel373 Walter473
4f083ce3-f12b-bb4b-7353-e17f0cd55b0a,4f083ce3-f12b-bb4b-e91d-58d37d360a91,2019-01-15T16:39:27Z,2020-01-14T16:39:27Z,26aab0cd-6aba-3e1b-ac5b-05c8867e762c,,Self,Ezekiel373 Walter473
4f083ce3-f12b-bb4b-7353-e17f0cd55b0a,4f083ce3-f12b-bb4b-703b-05f0d27cfa6b,2020-01-14T16:39:27Z,2021-01-12T16:39:27Z,26aab0cd-6aba-3e1b-ac5b-05c8867e762c,,Self,Ezekiel373 Walter473
4f083ce3-f12b-bb4b-7353-e17f0cd55b0a,4f083ce3-f12b-bb4b-9d03-38b1e4ddf643,2021-01-12T16:39:27Z,2022-01-18T16:39:27Z,26aab0cd-6aba-3e1b-ac5b-05c8867e762c,,Self,Ezekiel373 Walter473
4f083ce3-f12b-bb4b-7353-e17f0cd55b0a,4f083ce3-f12b-bb4b-eb50-8a28b9dc48d5,2022-01-18T16:39:27Z,2023-01-17T16:39:27Z,26aab0cd-6aba-3e1b-ac5b-05c8867e762c,,Self,Ezekiel373 Walter473
4f083ce3-f12b-bb4b-7353-e17f0cd55b0a,4f083ce3-f12b-bb4b-7498-7dd1d42785d5,2023-01-17T16:39:27Z,2024-01-16T16:39:27Z,26aab0cd-6aba-3e1b-ac5b-05c8867e762c,,Self,Ezekiel373 Walter473
4f083ce3-f12b-bb4b-7353-e17f0cd55b0a,4f083ce3-f12b-bb4b-eb79-8414462eef73,2024-01-16T16:39:27Z,2025-01-14T16:39:27Z,26aab0cd-6aba-3e1b-ac5b-05c8867e762c,,Self,Ezekiel373 Walter473
4f083ce3-f12b-bb4b-7353-e17f0cd55b0a,4f083ce3-f12b-bb4b-33aa-88bc77bb7405,2025-01-14T16:39:27Z,2026-01-13T16:39:27Z,26aab0cd-6aba-3e1b-ac5b-05c8867e762c,,Self,Ezekiel373 Walter473
4f083ce3-f12b-bb4b-7353-e17f0cd55b0a,4f083ce3-f12b-bb4b-978f-809e6f3a199f,2026-01-13T16:39:27Z,2027-01-12T16:39:27Z,26aab0cd-6aba-3e1b-ac5b-05c8867e762c,,Self,Ezekiel373 Walter473
aa616abe-1761-0c9a-7959-07544679dafd,,1969-11-15T02:14:47Z,1970-11-21T02:14:47Z,e03e23c9-4df1-3eb6-a62d-f70f02301496,,,
aa616abe-1761-0c9a-7959-07544679dafd,,1970-11-21T02:14:47Z,1971-11-20T02:14:47Z,e03e23c9-4df1-3eb6-a62d-f70f02301496,,,
aa616abe-1761-0c9a-7959-07544679dafd,,1971-11-20T02:14:47Z,1972-11-18T02:14:47Z,e03e23c9-4df1-3eb6-a62d-f70f02301496,,,
aa616abe-1761-0c9a-7959-07544679dafd,,1972-11-18T02:14:47Z,1973-11-17T02:14:47Z,e03e23c9-4df1-3eb6-a62d-f70f02301496,,,
aa616abe-1761-0c9a-7959-07544679dafd,,1973-11-17T02:14:47Z,1974-11-16T02:14:47Z,e03e23c9-4df1-3eb6-a62d-f70f02301496,,,
aa616abe-1761-0c9a-7959-07544679dafd,,1974-11-16T02:14:47Z,1975-11-15T02:14:47Z,e03e23c9-4df1-3eb6-a62d-f70f02301496,,,
aa616abe-1761-0c9a-7959-07544679dafd,,1975-11-15T02:14:47Z,1976-11-20T02:14:47Z,e03e23c9-4df1-3eb6-a62d-f70f02301496,,,
aa616abe-1761-0c9a-7959-07544679dafd,,1976-11-20T02:14:47Z,1977-11-19T02:14:47Z,e03e23c9-4df1-3eb6-a62d-f70f02301496,,,
aa616abe-1761-0c9a-7959-07544679dafd,,1977-11-19T02:14:47Z,1978-11-18T02:14:47Z,e03e23c9-4df1-3eb6-a62d-f70f02301496,,,
aa616abe-1761-0c9a-7959-07544679dafd,aa616abe-1761-0c9a-9058-d42e5e1cc49f,1978-11-18T02:14:47Z,1979-11-17T02:14:47Z,df166300-5a78-3502-a46a-832842197811,,Self,Jona712 Robel940
aa616abe-1761-0c9a-7959-07544679dafd,,1979-11-17T02:14:47Z,1980-11-15T02:14:47Z,e03e23c9-4df1-3eb6-a62d-f70f02301496,,,
aa616abe-1761-0c9a-7959-07544679dafd,,1980-11-15T02:14:47Z,1981-11-21T02:14:47Z,e03e23c9-4df1-3eb6-a62d-f70f02301496,,,
aa616abe-1761-0c9a-7959-07544679dafd,,1981-11-21T02:14:47Z,1982-11-20T02:14:47Z,e03e23c9-4df1-3eb6-a62d-f70f02301496,,,
aa616abe-1761-0c9a-7959-07544679dafd,,1982-11-20T02:14:47Z,1983-11-19T02:14:47Z,e03e23c9-4df1-3eb6-a62d-f70f02301496,,,
aa616abe-1761-0c9a-7959-07544679dafd,,1983-11-19T02:14:47Z,1984-11-17T02:14:47Z,e03e23c9-4df1-3eb6-a62d-f70f02301496,,,
aa616abe-1761-0c9a-7959-07544679dafd,aa616abe-1761-0c9a-1d78-decd440fed07,1984-11-17T02:14:47Z,1985-11-16T02:14:47Z,df166300-5a78-3502-a46a-832842197811,,Self,Jona712 Robel940
aa616abe-1761-0c9a-7959-07544679dafd,,1985-11-16T02:14:47Z,1986-11-15T02:14:47Z,e03e23c9-4df1-3eb6-a62d-f70f02301496,,,
aa616abe-1761-0c9a-7959-07544679dafd,,1986-11-15T02:14:47Z,1987-11-21T02:14:47Z,e03e23c9-4df1-3eb6-a62d-f70f02301496,,,
aa616abe-1761-0c9a-7959-07544679dafd,aa616abe-1761-0c9a-2379-90f60ff68264,1987-11-21T02:14:47Z,1988-11-19T02:14:47Z,df166300-5a78-3502-a46a-832842197811,,Self,Jona712 Robel940
aa616abe-1761-0c9a-7959-07544679dafd,,1988-11-19T02:14:47Z,1989-11-18T02:14:47Z,e03e23c9-4df1-3eb6-a62d-f70f02301496,,,
aa616abe-1761-0c9a-7959-07544679dafd,,1989-11-18T02:14:47Z,1990-11-17T02:14:47Z,e03e23c9-4df1-3eb6-a62d-f70f02301496,,,
aa616abe-1761-0c9a-7959-07544679dafd,,1990-11-17T02:14:47Z,1991-11-16T02:14:47Z,e03e23c9-4df1-3eb6-a62d-f70f02301496,,,
aa616abe-1761-0c9a-7959-07544679dafd,aa616abe-1761-0c9a-5593-d49765f6031d,1991-11-16T02:14:47Z,1992-11-21T02:14:47Z,df166300-5a78-3502-a46a-832842197811,,Self,Jona712 Robel940
aa616abe-1761-0c9a-7959-07544679dafd,,1992-11-21T02:14:47Z,1993-11-20T02:14:47Z,e03e23c9-4df1-3eb6-a62d-f70f02301496,,,
aa616abe-1761-0c9a-7959-07544679dafd,,1993-11-20T02:14:47Z,1994-11-19T02:14:47Z,e03e23c9-4df1-3eb6-a62d-f70f02301496,,,
aa616abe-1761-0c9a-7959-07544679dafd,,1994-11-19T02:14:47Z,1995-11-18T02:14:47Z,e03e23c9-4df1-3eb6-a62d-f70f02301496,,,
aa616abe-1761-0c9a-7959-07544679dafd,,1995-11-18T02:14:47Z,1996-11-16T02:14:47Z,e03e23c9-4df1-3eb6-a62d-f70f02301496,,,
aa616abe-1761-0c9a-7959-07544679dafd,,1996-11-16T02:14:47Z,1997-11-15T02:14:47Z,e03e23c9-4df1-3eb6-a62d-f70f02301496,,,
aa616abe-1761-0c9a-7959-07544679dafd,aa616abe-1761-0c9a-42dd-53008214405f,1997-11-15T02:14:47Z,1998-11-21T02:14:47Z,df166300-5a78-3502-a46a-832842197811,,Self,Jona712 Robel940
aa616abe-1761-0c9a-7959-07544679dafd,,1998-11-21T02:14:47Z,1999-11-20T02:14:47Z,e03e23c9-4df1-3eb6-a62d-f70f02301496,,,
aa616abe-1761-0c9a-7959-07544679dafd,,1999-11-20T02:14:47Z,2000-11-18T02:14:47Z,e03e23c9-4df1-3eb6-a62d-f70f02301496,,,
aa616abe-1761-0c9a-7959-07544679dafd,,2000-11-18T02:14:47Z,2001-11-17T02:14:47Z,e03e23c9-4df1-3eb6-a62d-f70f02301496,,,
aa616abe-1761-0c9a-7959-07544679dafd,,2001-11-17T02:14:47Z,2002-11-16T02:14:47Z,e03e23c9-4df1-3eb6-a62d-f70f02301496,,,
aa616abe-1761-0c9a-7959-07544679dafd,aa616abe-1761-0c9a-ecdb-be526f043db5,2002-11-16T02:14:47Z,2003-11-15T02:14:47Z,df166300-5a78-3502-a46a-832842197811,,Self,Jona712 Robel940
aa616abe-1761-0c9a-7959-07544679dafd,,2003-11-15T02:14:47Z,2004-11-20T02:14:47Z,e03e23c9-4df1-3eb6-a62d-f70f02301496,,,
aa616abe-1761-0c9a-7959-07544679dafd,,2004-11-20T02:14:47Z,2005-11-19T02:14:47Z,e03e23c9-4df1-3eb6-a62d-f70f02301496,,,
aa616abe-1761-0c9a-7959-07544679dafd,,2005-11-19T02:14:47Z,2006-11-18T02:14:47Z,e03e23c9-4df1-3eb6-a62d-f70f02301496,,,
aa616abe-1761-0c9a-7959-07544679dafd,aa616abe-1761-0c9a-4cff-765e916bbbf1,2006-11-18T02:14:47Z,2007-11-17T02:14:47Z,d31fccc3-1767-390d-966a-22a5156f4219,,Self,Jona712 Robel940
aa616abe-1761-0c9a-7959-07544679dafd,aa616abe-1761-0c9a-2395-fa8fbb7f0e3b,2007-11-17T02:14:47Z,2008-11-15T02:14:47Z,d31fccc3-1767-390d-966a-22a5156f4219,,Self,Jona712 Robel940
aa616abe-1761-0c9a-7959-07544679dafd,aa616abe-1761-0c9a-30dd-fc9f6488b584,2008-11-15T02:14:47Z,2009-11-15T02:14:47Z,d31fccc3-1767-390d-966a-22a5156f4219,,Self,Jona712 Robel940
46ee9d82-b52c-856d-069b-5064ff052225,46ee9d82-b52c-856d-d0a0-2871c151e74e,1996-06-18T10:34:52Z,1997-06-24T10:34:52Z,26aab0cd-6aba-3e1b-ac5b-05c8867e762c,,Guardian,Bennie663 Terry864
46ee9d82-b52c-856d-069b-5064ff052225,46ee9d82-b52c-856d-d0a0-2871c151e74e,1997-06-24T10:34:52Z,1998-06-23T10:34:52Z,26aab0cd-6aba-3e1b-ac5b-05c8867e762c,,Guardian,Bennie663 Terry864
46ee9d82-b52c-856d-069b-5064ff052225,46ee9d82-b52c-856d-d0a0-2871c151e74e,1998-06-23T10:34:52Z,1999-06-22T10:34:52Z,26aab0cd-6aba-3e1b-ac5b-05c8867e762c,,Guardian,Bennie663 Terry864
46ee9d82-b52c-856d-069b-5064ff052225,46ee9d82-b52c-856d-d0a0-2871c151e74e,1999-06-22T10:34:52Z,2000-06-20T10:34:52Z,26aab0cd-6aba-3e1b-ac5b-05c8867e762c,,Guardian,Bennie663 Terry864
46ee9d82-b52c-856d-069b-5064ff052225,46ee9d82-b52c-856d-d0a0-2871c151e74e,2000-06-20T10:34:52Z,2001-06-19T10:34:52Z,26aab0cd-6aba-3e1b-ac5b-05c8867e762c,,Guardian,Bennie663 Terry864
46ee9d82-b52c-856d-069b-5064ff052225,46ee9d82-b52c-856d-d0a0-2871c151e74e,2001-06-19T10:34:52Z,2002-06-18T10:34:52Z,26aab0cd-6aba-3e1b-ac5b-05c8867e762c,,Guardian,Bennie663 Terry864
46ee9d82-b52c-856d-069b-5064ff052225,46ee9d82-b52c-856d-d0a0-2871c151e74e,2002-06-18T10:34:52Z,2003-06-24T10:34:52Z,26aab0cd-6aba-3e1b-ac5b-05c8867e762c,,Guardian,Bennie663 Terry864
46ee9d82-b52c-856d-069b-5064ff052225,46ee9d82-b52c-856d-d0a0-2871c151e74e,2003-06-24T10:34:52Z,2004-06-22T10:34:52Z,26aab0cd-6aba-3e1b-ac5b-05c8867e762c,,Guardian,Bennie663 Terry864
46ee9d82-b52c-856d-069b-5064ff052225,46ee9d82-b52c-856d-d0a0-2871c151e74e,2004-06-22T10:34:52Z,2005-06-21T10:34:52Z,26aab0cd-6aba-3e1b-ac5b-05c8867e762c,,Guardian,Bennie663 Terry864
46ee9d82-b52c-856d-069b-5064ff052225,46ee9d82-b52c-856d-d0a0-2871c151e74e,2005-06-21T10:34:52Z,2006-06-20T10:34:52Z,26aab0cd-6aba-3e1b-ac5b-05c8867e762c,,Guardian,Bennie663 Terry864
46ee9d82-b52c-856d-069b-5064ff052225,46ee9d82-b52c-856d-d0a0-2871c151e74e,2006-06-20T10:34:52Z,2007-06-19T10:34:52Z,26aab0cd-6aba-3e1b-ac5b-05c8867e762c,,Guardian,Bennie663 Terry864
46ee9d82-b52c-856d-069b-5064ff052225,46ee9d82-b52c-856d-d0a0-2871c151e74e,2007-06-19T10:34:52Z,2008-06-24T10:34:52Z,26aab0cd-6aba-3e1b-ac5b-05c8867e762c,,Guardian,Bennie663 Terry864
46ee9d82-b52c-856d-069b-5064ff052225,46ee9d82-b52c-856d-d0a0-2871c151e74e,2008-06-24T10:34:52Z,2009-06-23T10:34:52Z,26aab0cd-6aba-3e1b-ac5b-05c8867e762c,,Guardian,Bennie663 Terry864
46ee9d82-b52c-856d-069b-5064ff052225,46ee9d82-b52c-856d-d0a0-2871c151e74e,2009-06-23T10:34:52Z,2010-06-22T10:34:52Z,26aab0cd-6aba-3e1b-ac5b-05c8867e762c,,Guardian,Bennie663 Terry864
46ee9d82-b52c-856d-069b-5064ff052225,46ee9d82-b52c-856d-d0a0-2871c151e74e,2010-06-22T10:34:52Z,2011-06-21T10:34:52Z,26aab0cd-6aba-3e1b-ac5b-05c8867e762c,,Guardian,Bennie663 Terry864
46ee9d82-b52c-856d-069b-5064ff052225,46ee9d82-b52c-856d-d0a0-2871c151e74e,2011-06-21T10:34:52Z,2012-06-19T10:34:52Z,26aab0cd-6aba-3e1b-ac5b-05c8867e762c,,Guardian,Bennie663 Terry864
46ee9d82-b52c-856d-069b-5064ff052225,46ee9d82-b52c-856d-d0a0-2871c151e74e,2012-06-19T10:34:52Z,2013-06-18T10:34:52Z,26aab0cd-6aba-3e1b-ac5b-05c8867e762c,,Guardian,Bennie663 Terry864
46ee9d82-b52c-856d-069b-5064ff052225,46ee9d82-b52c-856d-d0a0-2871c151e74e,2013-06-18T10:34:52Z,2014-06-24T10:34:52Z,26aab0cd-6aba-3e1b-ac5b-05c8867e762c,,Guardian,Bennie663 Terry864
46ee9d82-b52c-856d-069b-5064ff052225,46ee9d82-b52c-856d-d0a0-2871c151e74e,2014-06-24T10:34:52Z,2015-06-23T10:34:52Z,26aab0cd-6aba-3e1b-ac5b-05c8867e762c,,Guardian,Bennie663 Terry864
46ee9d82-b52c-856d-069b-5064ff052225,46ee9d82-b52c-856d-0a08-4ca7d8f05386,2015-06-23T10:34:52Z,2016-06-21T10:34:52Z,a735bf55-83e9-331a-899d-a82a60b9f60c,b046940f-1664-3047-bca7-dfa76be352a4,Self,Shalanda398 Terry864
46ee9d82-b52c-856d-069b-5064ff052225,46ee9d82-b52c-856d-9112-1c18b7bf0524,2016-06-21T10:34:52Z,2017-06-20T10:34:52Z,a735bf55-83e9-331a-899d-a82a60b9f60c,b046940f-1664-3047-bca7-dfa76be352a4,Self,Shalanda398 Terry864
46ee9d82-b52c-856d-069b-5064ff052225,46ee9d82-b52c-856d-1b2a-8489d3dda4c0,2017-06-20T10:34:52Z,2018-06-19T10:34:52Z,a735bf55-83e9-331a-899d-a82a60b9f60c,b046940f-1664-3047-bca7-dfa76be352a4,Self,Shalanda398 Terry864
46ee9d82-b52c-856d-069b-5064ff052225,46ee9d82-b52c-856d-2742-4ca531e774bf,2018-06-19T10:34:52Z,2019-06-18T10:34:52Z,a735bf55-83e9-331a-899d-a82a60b9f60c,,Self,Shalanda398 Terry864
46ee9d82-b52c-856d-069b-5064ff052225,46ee9d82-b52c-856d-8ba4-302b2ab4596d,2019-06-18T10:34:52Z,2020-06-23T10:34:52Z,a735bf55-83e9-331a-899d-a82a60b9f60c,b046940f-1664-3047-bca7-dfa76be352a4,Self,Shalanda398 Terry864
46ee9d82-b52c-856d-069b-5064ff052225,46ee9d82-b52c-856d-0251-6a91a4cd45cf,2020-06-23T10:34:52Z,2021-06-22T10:34:52Z,a735bf55-83e9-331a-899d-a82a60b9f60c,b046940f-1664-3047-bca7-dfa76be352a4,Self,Shalanda398 Terry864
46ee9d82-b52c-856d-069b-5064ff052225,46ee9d82-b52c-856d-45e7-2d7378ae1d84,2021-06-22T10:34:52Z,2022-06-21T10:34:52Z,a735bf55-83e9-331a-899d-a82a60b9f60c,b046940f-1664-3047-bca7-dfa76be352a4,Self,Shalanda398 Terry864
46ee9d82-b52c-856d-069b-5064ff052225,46ee9d82-b52c-856d-568c-c347a1d21fe6,2022-06-21T10:34:52Z,2023-06-20T10:34:52Z,a735bf55-83e9-331a-899d-a82a60b9f60c,b046940f-1664-3047-bca7-dfa76be352a4,Self,Shalanda398 Terry864
46ee9d82-b52c-856d-069b-5064ff052225,46ee9d82-b52c-856d-75e5-590620980b47,2023-06-20T10:34:52Z,2024-06-18T10:34:52Z,a735bf55-83e9-331a-899d-a82a60b9f60c,b046940f-1664-3047-bca7-dfa76be352a4,Self,Shalanda398 Terry864
46ee9d82-b52c-856d-069b-5064ff052225,46ee9d82-b52c-856d-c923-02dd33ee8f37,2024-06-18T10:34:52Z,2025-06-24T10:34:52Z,a735bf55-83e9-331a-899d-a82a60b9f60c,b046940f-1664-3047-bca7-dfa76be352a4,Self,Shalanda398 Terry864
46ee9d82-b52c-856d-069b-5064ff052225,46ee9d82-b52c-856d-6162-d8c437c49249,2025-06-24T10:34:52Z,2026-06-23T10:34:52Z,a735bf55-83e9-331a-899d-a82a60b9f60c,b046940f-1664-3047-bca7-dfa76be352a4,Spouse,Mr. Koepp521
46ee9d82-b52c-856d-069b-5064ff052225,46ee9d82-b52c-856d-6d48-c55fb52b5998,2026-06-23T10:34:52Z,2027-06-18T10:34:52Z,a735bf55-83e9-331a-899d-a82a60b9f60c,b046940f-1664-3047-bca7-dfa76be352a4,Self,Shalanda398 Kelsie51 Koepp521
c86c400e-ff88-a1e3-2e23-caa4d8311f47,,1969-03-03T02:28:54Z,1970-03-09T02:28:54Z,e03e23c9-4df1-3eb6-a62d-f70f02301496,,,
c86c400e-ff88-a1e3-2e23-caa4d8311f47,,1970-03-09T02:28:54Z,1971-03-08T02:28:54Z,e03e23c9-4df1-3eb6-a62d-f70f02301496,,,
c86c400e-ff88-a1e3-2e23-caa4d8311f47,,1971-03-08T02:28:54Z,1972-03-06T02:28:54Z,e03e23c9-4df1-3eb6-a62d-f70f02301496,,,
c86c400e-ff88-a1e3-2e23-caa4d8311f47,,1972-03-06T02:28:54Z,1973-03-05T02:28:54Z,e03e23c9-4df1-3eb6-a62d-f70f02301496,,,
c86c400e-ff88-a1e3-2e23-caa4d8311f47,,1973-03-05T02:28:54Z,1974-03-04T02:28:54Z,e03e23c9-4df1-3eb6-a62d-f70f02301496,,,
c86c400e-ff88-a1e3-2e23-caa4d8311f47,,1974-03-04T02:28:54Z,1975-03-03T02:28:54Z,e03e23c9-4df1-3eb6-a62d-f70f02301496,,,
c86c400e-ff88-a1e3-2e23-caa4d8311f47,,1975-03-03T02:28:54Z,1976-03-08T02:28:54Z,e03e23c9-4df1-3eb6-a62d-f70f02301496,,,
c86c400e-ff88-a1e3-2e23-caa4d8311f47,,1976-03-08T02:28:54Z,1977-03-07T02:28:54Z,e03e23c9-4df1-3eb6-a62d-f70f02301496,,,
c86c400e-ff88-a1e3-2e23-caa4d8311f47,c86c400e-ff88-a1e3-8377-c41fe5a94317,1977-03-07T02:28:54Z,1978-03-06T02:28:54Z,a735bf55-83e9-331a-899d-a82a60b9f60c,b046940f-1664-3047-bca7-dfa76be352a4,Spouse,Mrs. Montero62
c86c400e-ff88-a1e3-2e23-caa4d8311f47,c86c400e-ff88-a1e3-317a-b0a9f714a1cb,1978-03-06T02:28:54Z,1979-03-05T02:28:54Z,a735bf55-83e9-331a-899d-a82a60b9f60c,b046940f-1664-3047-bca7-dfa76be352a4,Spouse,Mrs. Montero62
c86c400e-ff88-a1e3-2e23-caa4d8311f47,c86c400e-ff88-a1e3-fa2c-539097d0bab6,1979-03-05T02:28:54Z,1980-03-03T02:28:54Z,a735bf55-83e9-331a-899d-a82a60b9f60c,b046940f-1664-3047-bca7-dfa76be352a4,Spouse,Mrs. Montero62
c86c400e-ff88-a1e3-2e23-caa4d8311f47,c86c400e-ff88-a1e3-2b89-3097cd331d23,1980-03-03T02:28:54Z,1981-03-09T02:28:54Z,a735bf55-83e9-331a-899d-a82a60b9f60c,b046940f-1664-3047-bca7-dfa76be352a4,Self,Cristobal567 Montero62
c86c400e-ff88-a1e3-2e23-caa4d8311f47,c86c400e-ff88-a1e3-5efd-25a4777febdb,1981-03-09T02:28:54Z,1982-03-08T02:28:54Z,a735bf55-83e9-331a-899d-a82a60b9f60c,b046940f-1664-3047-bca7-dfa76be352a4,Spouse,Mrs. Montero62
c86c400e-ff88-a1e3-2e23-caa4d8311f47,c86c400e-ff88-a1e3-deb9-61f9c1af1487,1982-03-08T02:28:54Z,1983-03-07T02:28:54Z,a735bf55-83e9-331a-899d-a82a60b9f60c,b046940f-1664-3047-bca7-dfa76be352a4,Self,Cristobal567 Montero62
c86c400e-ff88-a1e3-2e23-caa4d8311f47,c86c400e-ff88-a1e3-9d84-6fcd4130e80a,1983-03-07T02:28:54Z,1984-03-05T02:28:54Z,a735bf55-83e9-331a-899d-a82a60b9f60c,b046940f-1664-3047-bca7-dfa76be352a4,Self,Cristobal567 Montero62
c86c400e-ff88-a1e3-2e23-caa4d8311f47,c86c400e-ff88-a1e3-be18-737231ee66ed,1984-03-05T02:28:54Z,1985-03-04T02:28:54Z,a735bf55-83e9-331a-899d-a82a60b9f60c,b046940f-1664-3047-bca7-dfa76be352a4,Self,Cristobal567 Montero62
c86c400e-ff88-a1e3-2e23-caa4d8311f47,c86c400e-ff88-a1e3-f611-84b6f05f9a53,1985-03-04T02:28:54Z,1986-03-03T02:28:54Z,a735bf55-83e9-331a-899d-a82a60b9f60c,b046940f-1664-3047-bca7-dfa76be352a4,Self,Cristobal567 Montero62
c86c400e-ff88-a1e3-2e23-caa4d8311f47,c86c400e-ff88-a1e3-47bb-4ecba0c7f33d,1986-03-03T02:28:54Z,1987-03-09T02:28:54Z,a735bf55-83e9-331a-899d-a82a60b9f60c,b046940f-1664-3047-bca7-dfa76be352a4,Self,Cristobal567 Montero62
c86c400e-ff88-a1e3-2e23-caa4d8311f47,c86c400e-ff88-a1e3-6098-8a9a1fc37366,1987-03-09T02:28:54Z,1988-03-03T02:28:54Z,a735bf55-83e9-331a-899d-a82a60b9f60c,b046940f-1664-3047-bca7-dfa76be352a4,Self,Cristobal567 Montero62
e74367bd-7385-97dc-2c7f-251b4cd9fe29,e74367bd-7385-97dc-7a9c-9801ddbb38db,1969-09-27T00:11:11Z,1970-09-26T00:11:11Z,df166300-5a78-3502-a46a-832842197811,,Self,Tennille443 Rosenbaum794
e74367bd-7385-97dc-2c7f-251b4cd9fe29,e74367bd-7385-97dc-24c2-bf930e9089bf,1970-09-26T00:11:11Z,1971-09-25T00:11:11Z,df166300-5a78-3502-a46a-832842197811,,Self,Tennille443 Rosenbaum794
e74367bd-7385-97dc-2c7f-251b4cd9fe29,e74367bd-7385-97dc-69af-d3068b5b18f3,1971-09-25T00:11:11Z,1972-09-30T00:11:11Z,df166300-5a78-3502-a46a-832842197811,,Self,Tennille443 Rosenbaum794
e74367bd-7385-97dc-2c7f-251b4cd9fe29,e74367bd-7385-97dc-ee8e-2d815d4ba1c1,1972-09-30T00:11:11Z,1973-09-29T00:11:11Z,df166300-5a78-3502-a46a-832842197811,,Self,Tennille443 Rosenbaum794
e74367bd-7385-97dc-2c7f-251b4cd9fe29,e74367bd-7385-97dc-c8ad-3dc482f895ad,1973-09-29T00:11:11Z,1974-09-28T00:11:11Z,df166300-5a78-3502-a46a-832842197811,,Self,Tennille443 Rosenbaum794
e74367bd-7385-97dc-2c7f-251b4cd9fe29,e74367bd-7385-97dc-5d99-3ddddf0d9780,1974-09-28T00:11:11Z,1975-09-27T00:11:11Z,df166300-5a78-3502-a46a-832842197811,,Self,Tennille443 Rosenbaum794
e74367bd-7385-97dc-2c7f-251b4cd9fe29,e74367bd-7385-97dc-07a6-8e15415fc01e,1975-09-27T00:11:11Z,1976-09-25T00:11:11Z,df166300-5a78-3502-a46a-832842197811,,Self,Tennille443 Rosenbaum794
e74367bd-7385-97dc-2c7f-251b4cd9fe29,e74367bd-7385-97dc-ad65-5c29daf408e2,1976-09-25T00:11:11Z,1977-09-24T00:11:11Z,df166300-5a78-3502-a46a-832842197811,,Self,Tennille443 Rosenbaum794
e74367bd-7385-97dc-2c7f-251b4cd9fe29,e74367bd-7385-97dc-0544-cb8f0f1bd5cc,1977-09-24T00:11:11Z,1978-09-30T00:11:11Z,df166300-5a78-3502-a46a-832842197811,,Self,Tennille443 Rosenbaum794
e74367bd-7385-97dc-2c7f-251b4cd9fe29,e74367bd-7385-97dc-d4d2-71d0059ac52c,1978-09-30T00:11:11Z,1979-09-29T00:11:11Z,df166300-5a78-3502-a46a-832842197811,,Self,Tennille443 Rosenbaum794
e74367bd-7385-97dc-2c7f-251b4cd9fe29,e74367bd-7385-97dc-3fd2-87de23e829fe,1979-09-29T00:11:11Z,1980-09-27T00:11:11Z,df166300-5a78-3502-a46a-832842197811,,Self,Tennille443 Rosenbaum794
e74367bd-7385-97dc-2c7f-251b4cd9fe29,e74367bd-7385-97dc-8312-93662f19ae2f,1980-09-27T00:11:11Z,1981-09-26T00:11:11Z,df166300-5a78-3502-a46a-832842197811,,Self,Tennille443 Rosenbaum794
e74367bd-7385-97dc-2c7f-251b4cd9fe29,e74367bd-7385-97dc-88cc-9e22f3e6b11e,1981-09-26T00:11:11Z,1982-09-25T00:11:11Z,df166300-5a78-3502-a46a-832842197811,,Self,Tennille443 Rosenbaum794
e74367bd-7385-97dc-2c7f-251b4cd9fe29,e74367bd-7385-97dc-c4e2-b89181de278b,1982-09-25T00:11:11Z,1983-09-24T00:11:11Z,df166300-5a78-3502-a46a-832842197811,,Self,Tennille443 Rosenbaum794
e74367bd-7385-97dc-2c7f-251b4cd9fe29,e74367bd-7385-97dc-5671-d354da59c2a2,1983-09-24T00:11:11Z,1984-09-29T00:11:11Z,df166300-5a78-3502-a46a-832842197811,,Self,Tennille443 Rosenbaum794
e74367bd-7385-97dc-2c7f-251b4cd9fe29,e74367bd-7385-97dc-3254-98f25246dfd2,1984-09-29T00:11:11Z,1985-09-28T00:11:11Z,df166300-5a78-3502-a46a-832842197811,,Self,Tennille443 Rosenbaum794
e74367bd-7385-97dc-2c7f-251b4cd9fe29,e74367bd-7385-97dc-42c2-aa9d6c7110e9,1985-09-28T00:11:11Z,1986-09-27T00:11:11Z,df166300-5a78-3502-a46a-832842197811,,Self,Tennille443 Rosenbaum794
e74367bd-7385-97dc-2c7f-251b4cd9fe29,e74367bd-7385-97dc-0088-1897b3bece79,1986-09-27T00:11:11Z,1987-09-26T00:11:11Z,df166300-5a78-3502-a46a-832842197811,,Self,Tennille443 Rosenbaum794
e74367bd-7385-97dc-2c7f-251b4cd9fe29,e74367bd-7385-97dc-1b81-89bb8cc54a3b,1987-09-26T00:11:11Z,1988-09-24T00:11:11Z,df166300-5a78-3502-a46a-832842197811,,Self,Tennille443 Rosenbaum794
e74367bd-7385-97dc-2c7f-251b4cd9fe29,e74367bd-7385-97dc-87ec-74549cbb2251,1988-09-24T00:11:11Z,1989-09-30T00:11:11Z,df166300-5a78-3502-a46a-832842197811,,Self,Tennille443 Rosenbaum794
e74367bd-7385-97dc-2c7f-251b4cd9fe29,e74367bd-7385-97dc-9f41-79a9ccd00939,1989-09-30T00:11:11Z,1990-09-29T00:11:11Z,df166300-5a78-3502-a46a-832842197811,,Spouse,Mr. Jerde200
e74367bd-7385-97dc-2c7f-251b4cd9fe29,e74367bd-7385-97dc-a206-5fec7fc381d1,1990-09-29T00:11:11Z,1991-09-28T00:11:11Z,df166300-5a78-3502-a46a-832842197811,,Self,Tennille443 Denna536 Jerde200
e74367bd-7385-97dc-2c7f-251b4cd9fe29,e74367bd-7385-97dc-efc2-b4b1cd3ce823,1991-09-28T00:11:11Z,1992-09-26T00:11:11Z,df166300-5a78-3502-a46a-832842197811,,Self,Tennille443 Denna536 Jerde200
e74367bd-7385-97dc-2c7f-251b4cd9fe29,e74367bd-7385-97dc-bac3-0897c0712191,1992-09-26T00:11:11Z,1993-09-25T00:11:11Z,df166300-5a78-3502-a46a-832842197811,,Self,Tennille443 Denna536 Jerde200
e74367bd-7385-97dc-2c7f-251b4cd9fe29,e74367bd-7385-97dc-67c0-583c06ed5be8,1993-09-25T00:11:11Z,1994-09-24T00:11:11Z,df166300-5a78-3502-a46a-832842197811,,Spouse,Mr. Jerde200
e74367bd-7385-97dc-2c7f-251b4cd9fe29,e74367bd-7385-97dc-e308-3daee8bfa9a8,1994-09-24T00:11:11Z,1995-09-30T00:11:11Z,df166300-5a78-3502-a46a-832842197811,,Spouse,Mr. Jerde200
e74367bd-7385-97dc-2c7f-251b4cd9fe29,e74367bd-7385-97dc-8b61-f54c9d2bc17d,1995-09-30T00:11:11Z,1996-09-28T00:11:11Z,df166300-5a78-3502-a46a-832842197811,,Self,Tennille443 Denna536 Jerde200
e74367bd-7385-97dc-2c7f-251b4cd9fe29,e74367bd-7385-97dc-bbb0-340eda11638f,1996-09-28T00:11:11Z,1997-09-27T00:11:11Z,df166300-5a78-3502-a46a-832842197811,,Self,Tennille443 Denna536 Jerde200
e74367bd-7385-97dc-2c7f-251b4cd9fe29,e74367bd-7385-97dc-8493-e864360b3bc2,1997-09-27T00:11:11Z,1998-09-26T00:11:11Z,df166300-5a78-3502-a46a-832842197811,,Spouse,Mr. Jerde200
e74367bd-7385-97dc-2c7f-251b4cd9fe29,e74367bd-7385-97dc-71b1-dd83aa60a740,1998-09-26T00:11:11Z,1999-09-25T00:11:11Z,df166300-5a78-3502-a46a-832842197811,,Self,Tennille443 Denna536 Jerde200
e74367bd-7385-97dc-2c7f-251b4cd9fe29,e74367bd-7385-97dc-e0eb-bd4e5a0243b6,1999-09-25T00:11:11Z,2000-09-30T00:11:11Z,df166300-5a78-3502-a46a-832842197811,,Self,Tennille443 Denna536 Jerde200
e74367bd-7385-97dc-2c7f-251b4cd9fe29,e74367bd-7385-97dc-e1e4-b078af3c2135,2000-09-30T00:11:11Z,2001-09-29T00:11:11Z,df166300-5a78-3502-a46a-832842197811,,Spouse,Mr. Jerde200
e74367bd-7385-97dc-2c7f-251b4cd9fe29,e74367bd-7385-97dc-8d82-3f4f0a7976e6,2001-09-29T00:11:11Z,2002-09-28T00:11:11Z,df166300-5a78-3502-a46a-832842197811,,Spouse,Mr. Jerde200
e74367bd-7385-97dc-2c7f-251b4cd9fe29,e74367bd-7385-97dc-9240-58fdbf2b3937,2002-09-28T00:11:11Z,2003-09-27T00:11:11Z,df166300-5a78-3502-a46a-832842197811,,Spouse,Mr. Jerde200
e74367bd-7385-97dc-2c7f-251b4cd9fe29,e74367bd-7385-97dc-0fe0-f015c736cefc,2003-09-27T00:11:11Z,2004-09-25T00:11:11Z,df166300-5a78-3502-a46a-832842197811,,Self,Tennille443 Denna536 Jerde200
e74367bd-7385-97dc-2c7f-251b4cd9fe29,e74367bd-7385-97dc-ccd7-cbd3faa9063a,2004-09-25T00:11:11Z,2005-09-24T00:11:11Z,df166300-5a78-3502-a46a-832842197811,,Self,Tennille443 Denna536 Jerde200
e74367bd-7385-97dc-2c7f-251b4cd9fe29,e74367bd-7385-97dc-fc60-1300477edfc1,2005-09-24T00:11:11Z,2006-09-30T00:11:11Z,df166300-5a78-3502-a46a-832842197811,,Self,Tennille443 Denna536 Jerde200
e74367bd-7385-97dc-2c7f-251b4cd9fe29,e74367bd-7385-97dc-22ea-d70a5448c9dc,2006-09-30T00:11:11Z,2007-09-29T00:11:11Z,df166300-5a78-3502-a46a-832842197811,,Self,Tennille443 Denna536 Jerde200
e74367bd-7385-97dc-2c7f-251b4cd9fe29,e74367bd-7385-97dc-b17e-cdfa16b0501a,2007-09-29T00:11:11Z,2008-09-27T00:11:11Z,df166300-5a78-3502-a46a-832842197811,,Self,Tennille443 Denna536 Jerde200
e74367bd-7385-97dc-2c7f-251b4cd9fe29,e74367bd-7385-97dc-29a7-e0a0ee406cc1,2008-09-27T00:11:11Z,2009-09-26T00:11:11Z,df166300-5a78-3502-a46a-832842197811,,Self,Tennille443 Denna536 Jerde200
e74367bd-7385-97dc-2c7f-251b4cd9fe29,e74367bd-7385-97dc-f762-53dc4b4ed6b0,2009-09-26T00:11:11Z,2010-09-25T00:11:11Z,df166300-5a78-3502-a46a-832842197811,,Spouse,Mr. Jerde200
e74367bd-7385-97dc-2c7f-251b4cd9fe29,e74367bd-7385-97dc-46b2-6977f2437c86,2010-09-25T00:11:11Z,2011-09-24T00:11:11Z,df166300-5a78-3502-a46a-832842197811,,Spouse,Mr. Jerde200
e74367bd-7385-97dc-2c7f-251b4cd9fe29,e74367bd-7385-97dc-5f17-1acf187be8c3,2011-09-24T00:11:11Z,2012-09-29T00:11:11Z,df166300-5a78-3502-a46a-832842197811,,Self,Tennille443 Denna536 Jerde200
e74367bd-7385-97dc-2c7f-251b4cd9fe29,e74367bd-7385-97dc-ab4d-16fc431e5a9a,2012-09-29T00:11:11Z,2013-09-28T00:11:11Z,df166300-5a78-3502-a46a-832842197811,,Spouse,Mr. Jerde200
e74367bd-7385-97dc-2c7f-251b4cd9fe29,e74367bd-7385-97dc-505c-8873021f3ae0,2013-09-28T00:11:11Z,2014-09-27T00:11:11Z,df166300-5a78-3502-a46a-832842197811,,Self,Tennille443 Denna536 Jerde200
e74367bd-7385-97dc-2c7f-251b4cd9fe29,e74367bd-7385-97dc-9d50-844da0781573,2014-09-27T00:11:11Z,2015-09-26T00:11:11Z,df166300-5a78-3502-a46a-832842197811,,Self,Tennille443 Denna536 Jerde200
e74367bd-7385-97dc-2c7f-251b4cd9fe29,e74367bd-7385-97dc-60ce-67b39d6d5aa3,2015-09-26T00:11:11Z,2016-09-24T00:11:11Z,df166300-5a78-3502-a46a-832842197811,,Spouse,Mr. Jerde200
e74367bd-7385-97dc-2c7f-251b4cd9fe29,e74367bd-7385-97dc-34fb-6d420355157b,2016-09-24T00:11:11Z,2017-09-30T00:11:11Z,df166300-5a78-3502-a46a-832842197811,,Self,Tennille443 Denna536 Jerde200
e74367bd-7385-97dc-2c7f-251b4cd9fe29,e74367bd-7385-97dc-dab9-1131d4340cd2,2017-09-30T00:11:11Z,2018-09-29T00:11:11Z,a735bf55-83e9-331a-899d-a82a60b9f60c,b046940f-1664-3047-bca7-dfa76be352a4,Spouse,Mr. Jerde200
e74367bd-7385-97dc-2c7f-251b4cd9fe29,e74367bd-7385-97dc-0f11-ea62b04b4013,2018-09-29T00:11:11Z,2019-09-28T00:11:11Z,d18ef2e6-ef40-324c-be54-34a5ee865625,,Spouse,Mr. Jerde200
e74367bd-7385-97dc-2c7f-251b4cd9fe29,e74367bd-7385-97dc-bec1-7d2bfadf468e,2019-09-28T00:11:11Z,2020-09-26T00:11:11Z,d18ef2e6-ef40-324c-be54-34a5ee865625,,Self,Tennille443 Denna536 Jerde200
e74367bd-7385-97dc-2c7f-251b4cd9fe29,e74367bd-7385-97dc-0861-4931cd23eeed,2020-09-26T00:11:11Z,2021-09-25T00:11:11Z,d18ef2e6-ef40-324c-be54-34a5ee865625,,Spouse,Mr. Jerde200
e74367bd-7385-97dc-2c7f-251b4cd9fe29,e74367bd-7385-97dc-d804-42646bf84d1e,2021-09-25T00:11:11Z,2022-09-24T00:11:11Z,d18ef2e6-ef40-324c-be54-34a5ee865625,,Spouse,Mr. Jerde200
e74367bd-7385-97dc-2c7f-251b4cd9fe29,e74367bd-7385-97dc-21fc-feff18223ede,2022-09-24T00:11:11Z,2023-09-30T00:11:11Z,d18ef2e6-ef40-324c-be54-34a5ee865625,,Self,Tennille443 Denna536 Jerde200
e74367bd-7385-97dc-2c7f-251b4cd9fe29,e74367bd-7385-97dc-8a74-2d1f61f8b5af,2023-09-30T00:11:11Z,2024-09-28T00:11:11Z,df166300-5a78-3502-a46a-832842197811,,Spouse,Mr. Jerde200
e74367bd-7385-97dc-2c7f-251b4cd9fe29,e74367bd-7385-97dc-1042-627486031b09,2024-09-28T00:11:11Z,2025-09-27T00:11:11Z,df166300-5a78-3502-a46a-832842197811,,Spouse,Mr. Jerde200
e74367bd-7385-97dc-2c7f-251b4cd9fe29,e74367bd-7385-97dc-09d7-8d8aefdc5369,2025-09-27T00:11:11Z,2026-09-26T00:11:11Z,d18ef2e6-ef40-324c-be54-34a5ee865625,,Self,Tennille443 Denna536 Jerde200
e74367bd-7385-97dc-2c7f-251b4cd9fe29,e74367bd-7385-97dc-b971-0df74a6cc09b,2026-09-26T00:11:11Z,2027-09-24T00:11:11Z,df166300-5a78-3502-a46a-832842197811,,Spouse,Mr. Jerde200
eb5910f1-26e6-bc6f-b300-716eae678d6f,,1995-04-25T10:41:30Z,1996-04-30T10:41:30Z,e03e23c9-4df1-3eb6-a62d-f70f02301496,,,
eb5910f1-26e6-bc6f-b300-716eae678d6f,,1996-04-30T10:41:30Z,1997-04-29T10:41:30Z,e03e23c9-4df1-3eb6-a62d-f70f02301496,,,
eb5910f1-26e6-bc6f-b300-716eae678d6f,,1997-04-29T10:41:30Z,1998-04-28T10:41:30Z,e03e23c9-4df1-3eb6-a62d-f70f02301496,,,
eb5910f1-26e6-bc6f-b300-716eae678d6f,,1998-04-28T10:41:30Z,1999-04-27T10:41:30Z,e03e23c9-4df1-3eb6-a62d-f70f02301496,,,
eb5910f1-26e6-bc6f-b300-716eae678d6f,,1999-04-27T10:41:30Z,2000-04-25T10:41:30Z,e03e23c9-4df1-3eb6-a62d-f70f02301496,,,
eb5910f1-26e6-bc6f-b300-716eae678d6f,,2000-04-25T10:41:30Z,2001-05-01T10:41:30Z,e03e23c9-4df1-3eb6-a62d-f70f02301496,,,
eb5910f1-26e6-bc6f-b300-716eae678d6f,,2001-05-01T10:41:30Z,2002-04-30T10:41:30Z,e03e23c9-4df1-3eb6-a62d-f70f02301496,,,
eb5910f1-26e6-bc6f-b300-716eae678d6f,,2002-04-30T10:41:30Z,2003-04-29T10:41:30Z,e03e23c9-4df1-3eb6-a62d-f70f02301496,,,
eb5910f1-26e6-bc6f-b300-716eae678d6f,,2003-04-29T10:41:30Z,2004-04-27T10:41:30Z,e03e23c9-4df1-3eb6-a62d-f70f02301496,,,
eb5910f1-26e6-bc6f-b300-716eae678d6f,,2004-04-27T10:41:30Z,2005-04-26T10:41:30Z,e03e23c9-4df1-3eb6-a62d-f70f02301496,,,
eb5910f1-26e6-bc6f-b300-716eae678d6f,,2005-04-26T10:41:30Z,2006-04-25T10:41:30Z,e03e23c9-4df1-3eb6-a62d-f70f02301496,,,
eb5910f1-26e6-bc6f-b300-716eae678d6f,eb5910f1-26e6-bc6f-137d-4e860fe0e6c1,2006-04-25T10:41:30Z,2007-05-01T10:41:30Z,0133f751-9229-3cfd-815f-b6d4979bdd6a,,Guardian,Jospeh459 Bins636
eb5910f1-26e6-bc6f-b300-716eae678d6f,eb5910f1-26e6-bc6f-137d-4e860fe0e6c1,2007-05-01T10:41:30Z,2008-04-29T10:41:30Z,0133f751-9229-3cfd-815f-b6d4979bdd6a,,Guardian,Jospeh459 Bins636
eb5910f1-26e6-bc6f-b300-716eae678d6f,eb5910f1-26e6-bc6f-137d-4e860fe0e6c1,2008-04-29T10:41:30Z,2009-04-28T10:41:30Z,0133f751-9229-3cfd-815f-b6d4979bdd6a,,Guardian,Jospeh459 Bins636
eb5910f1-26e6-bc6f-b300-716eae678d6f,eb5910f1-26e6-bc6f-137d-4e860fe0e6c1,2009-04-28T10:41:30Z,2010-04-27T10:41:30Z,0133f751-9229-3cfd-815f-b6d4979bdd6a,,Guardian,Jospeh459 Bins636
eb5910f1-26e6-bc6f-b300-716eae678d6f,eb5910f1-26e6-bc6f-137d-4e860fe0e6c1,2010-04-27T10:41:30Z,2011-04-26T10:41:30Z,0133f751-9229-3cfd-815f-b6d4979bdd6a,,Guardian,Jospeh459 Bins636
eb5910f1-26e6-bc6f-b300-716eae678d6f,eb5910f1-26e6-bc6f-1f08-a059d25b4ba2,2011-04-26T10:41:30Z,2012-05-01T10:41:30Z,8fa6c185-e44e-3e34-8bd8-39be8694f4ce,,Guardian,Jospeh459 Bins636
eb5910f1-26e6-bc6f-b300-716eae678d6f,eb5910f1-26e6-bc6f-1f08-a059d25b4ba2,2012-05-01T10:41:30Z,2013-04-30T10:41:30Z,8fa6c185-e44e-3e34-8bd8-39be8694f4ce,,Guardian,Jospeh459 Bins636
eb5910f1-26e6-bc6f-b300-716eae678d6f,eb5910f1-26e6-bc6f-f1f8-b1fffad308bb,2013-04-30T10:41:30Z,2014-04-29T10:41:30Z,734afbd6-4794-363b-9bc0-6a3981533ed5,,Self,Larissa293 Bins636
eb5910f1-26e6-bc6f-b300-716eae678d6f,eb5910f1-26e6-bc6f-4aba-9fd60ab6d760,2014-04-29T10:41:30Z,2015-04-28T10:41:30Z,0133f751-9229-3cfd-815f-b6d4979bdd6a,,Self,Larissa293 Bins636
eb5910f1-26e6-bc6f-b300-716eae678d6f,eb5910f1-26e6-bc6f-ae17-56ba8d7b885e,2015-04-28T10:41:30Z,2016-04-26T10:41:30Z,734afbd6-4794-363b-9bc0-6a3981533ed5,,Self,Larissa293 Bins636
eb5910f1-26e6-bc6f-b300-716eae678d6f,eb5910f1-26e6-bc6f-f561-097d03f0ec86,2016-04-26T10:41:30Z,2017-04-25T10:41:30Z,734afbd6-4794-363b-9bc0-6a3981533ed5,,Self,Larissa293 Bins636
eb5910f1-26e6-bc6f-b300-716eae678d6f,eb5910f1-26e6-bc6f-1612-05ec3b66dec8,2017-04-25T10:41:30Z,2018-05-01T10:41:30Z,734afbd6-4794-363b-9bc0-6a3981533ed5,,Self,Larissa293 Bins636
eb5910f1-26e6-bc6f-b300-716eae678d6f,eb5910f1-26e6-bc6f-f796-a6de8836674c,2018-05-01T10:41:30Z,2019-04-30T10:41:30Z,734afbd6-4794-363b-9bc0-6a3981533ed5,,Self,Larissa293 Bins636
eb5910f1-26e6-bc6f-b300-716eae678d6f,eb5910f1-26e6-bc6f-7604-bb122bcac2b5,2019-04-30T10:41:30Z,2020-04-28T10:41:30Z,734afbd6-4794-363b-9bc0-6a3981533ed5,,Self,Larissa293 Bins636
eb5910f1-26e6-bc6f-b300-716eae678d6f,eb5910f1-26e6-bc6f-77ce-7920850586c4,2020-04-28T10:41:30Z,2021-04-27T10:41:30Z,734afbd6-4794-363b-9bc0-6a3981533ed5,,Self,Larissa293 Bins636
eb5910f1-26e6-bc6f-b300-716eae678d6f,eb5910f1-26e6-bc6f-bfae-5f6fdd2e65d9,2021-04-27T10:41:30Z,2022-04-26T10:41:30Z,734afbd6-4794-363b-9bc0-6a3981533ed5,,Self,Larissa293 Bins636
eb5910f1-26e6-bc6f-b300-716eae678d6f,eb5910f1-26e6-bc6f-5bd1-18b78aa7a1f9,2022-04-26T10:41:30Z,2023-04-25T10:41:30Z,734afbd6-4794-363b-9bc0-6a3981533ed5,,Self,Larissa293 Bins636
eb5910f1-26e6-bc6f-b300-716eae678d6f,eb5910f1-26e6-bc6f-091c-6af24b1bd7df,2023-04-25T10:41:30Z,2024-04-30T10:41:30Z,8fa6c185-e44e-3e34-8bd8-39be8694f4ce,,Self,Larissa293 Bins636
eb5910f1-26e6-bc6f-b300-716eae678d6f,eb5910f1-26e6-bc6f-2502-2ccadb549137,2024-04-30T10:41:30Z,2025-04-29T10:41:30Z,8fa6c185-e44e-3e34-8bd8-39be8694f4ce,,Self,Larissa293 Bins636
eb5910f1-26e6-bc6f-b300-716eae678d6f,eb5910f1-26e6-bc6f-da27-fe180ed15c5b,2025-04-29T10:41:30Z,2026-04-28T10:41:30Z,8fa6c185-e44e-3e34-8bd8-39be8694f4ce,,Self,Larissa293 Bins636
eb5910f1-26e6-bc6f-b300-716eae678d6f,eb5910f1-26e6-bc6f-c9c8-7bad1364b2cd,2026-04-28T10:41:30Z,2027-04-25T10:41:30Z,8fa6c185-e44e-3e34-8bd8-39be8694f4ce,,Self,Larissa293 Bins636
2d68ad16-268a-478c-1f84-d0f1976e1a46,2d68ad16-268a-478c-9401-932a8fdf2cdb,2020-02-21T12:50:37Z,2021-02-26T12:50:37Z,26aab0cd-6aba-3e1b-ac5b-05c8867e762c,,Guardian,Danika134 Bode78
2d68ad16-268a-478c-1f84-d0f1976e1a46,2d68ad16-268a-478c-9401-932a8fdf2cdb,2021-02-26T12:50:37Z,2022-02-25T12:50:37Z,26aab0cd-6aba-3e1b-ac5b-05c8867e762c,,Guardian,Danika134 Bode78
2d68ad16-268a-478c-1f84-d0f1976e1a46,2d68ad16-268a-478c-9401-932a8fdf2cdb,2022-02-25T12:50:37Z,2023-02-24T12:50:37Z,26aab0cd-6aba-3e1b-ac5b-05c8867e762c,,Guardian,Danika134 Bode78
2d68ad16-268a-478c-1f84-d0f1976e1a46,2d68ad16-268a-478c-9401-932a8fdf2cdb,2023-02-24T12:50:37Z,2024-02-23T12:50:37Z,26aab0cd-6aba-3e1b-ac5b-05c8867e762c,,Guardian,Danika134 Bode78
2d68ad16-268a-478c-1f84-d0f1976e1a46,2d68ad16-268a-478c-9401-932a8fdf2cdb,2024-02-23T12:50:37Z,2025-02-21T12:50:37Z,26aab0cd-6aba-3e1b-ac5b-05c8867e762c,,Guardian,Danika134 Bode78
2d68ad16-268a-478c-1f84-d0f1976e1a46,2d68ad16-268a-478c-9401-932a8fdf2cdb,2025-02-21T12:50:37Z,2026-02-27T12:50:37Z,26aab0cd-6aba-3e1b-ac5b-05c8867e762c,,Guardian,Danika134 Bode78
2d68ad16-268a-478c-1f84-d0f1976e1a46,2d68ad16-268a-478c-9401-932a8fdf2cdb,2026-02-27T12:50:37Z,2027-02-21T12:50:37Z,26aab0cd-6aba-3e1b-ac5b-05c8867e762c,,Guardian,Danika134 Bode78
6fbddf55-7096-b883-7cd3-260f27953080,6fbddf55-7096-b883-356d-731afb9fd3c7,1981-07-01T00:00:10Z,1982-07-07T00:00:10Z,df166300-5a78-3502-a46a-832842197811,,Self,Clarinda196 Mayert710
6fbddf55-7096-b883-7cd3-260f27953080,6fbddf55-7096-b883-3714-55b7086bb589,1982-07-07T00:00:10Z,1983-07-06T00:00:10Z,df166300-5a78-3502-a46a-832842197811,,Self,Clarinda196 Mayert710
6fbddf55-7096-b883-7cd3-260f27953080,6fbddf55-7096-b883-c307-9d3172084879,1983-07-06T00:00:10Z,1984-07-04T00:00:10Z,df166300-5a78-3502-a46a-832842197811,,Self,Clarinda196 Mayert710
6fbddf55-7096-b883-7cd3-260f27953080,6fbddf55-7096-b883-64c9-e59acec375fe,1984-07-04T00:00:10Z,1985-07-03T00:00:10Z,df166300-5a78-3502-a46a-832842197811,,Self,Clarinda196 Mayert710
6fbddf55-7096-b883-7cd3-260f27953080,6fbddf55-7096-b883-08a9-1eb3996dd5fa,1985-07-03T00:00:10Z,1986-07-02T00:00:10Z,df166300-5a78-3502-a46a-832842197811,,Self,Clarinda196 Mayert710
6fbddf55-7096-b883-7cd3-260f27953080,6fbddf55-7096-b883-6e2a-54b5747cbbb2,1986-07-02T00:00:10Z,1987-07-01T00:00:10Z,df166300-5a78-3502-a46a-832842197811,,Self,Clarinda196 Mayert710
6fbddf55-7096-b883-7cd3-260f27953080,6fbddf55-7096-b883-259d-f891b8b77df3,1987-07-01T00:00:10Z,1988-07-06T00:00:10Z,df166300-5a78-3502-a46a-832842197811,,Self,Clarinda196 Mayert710
6fbddf55-7096-b883-7cd3-260f27953080,6fbddf55-7096-b883-5b6f-54e2152a9114,1988-07-06T00:00:10Z,1989-07-05T00:00:10Z,df166300-5a78-3502-a46a-832842197811,,Self,Clarinda196 Mayert710
6fbddf55-7096-b883-7cd3-260f27953080,6fbddf55-7096-b883-7cab-ab687f6fdaae,1989-07-05T00:00:10Z,1990-07-04T00:00:10Z,df166300-5a78-3502-a46a-832842197811,,Self,Clarinda196 Mayert710
6fbddf55-7096-b883-7cd3-260f27953080,6fbddf55-7096-b883-afc9-e5dbce0a785c,1990-07-04T00:00:10Z,1991-07-03T00:00:10Z,df166300-5a78-3502-a46a-832842197811,,Self,Clarinda196 Mayert710
6fbddf55-7096-b883-7cd3-260f27953080,6fbddf55-7096-b883-0459-a423aeb2c2b9,1991-07-03T00:00:10Z,1992-07-01T00:00:10Z,df166300-5a78-3502-a46a-832842197811,,Self,Clarinda196 Mayert710
6fbddf55-7096-b883-7cd3-260f27953080,6fbddf55-7096-b883-873a-eb12792721f5,1992-07-01T00:00:10Z,1993-07-07T00:00:10Z,df166300-5a78-3502-a46a-832842197811,,Self,Clarinda196 Mayert710
6fbddf55-7096-b883-7cd3-260f27953080,6fbddf55-7096-b883-e38a-4d45a0ebcc82,1993-07-07T00:00:10Z,1994-07-06T00:00:10Z,df166300-5a78-3502-a46a-832842197811,,Self,Clarinda196 Mayert710
6fbddf55-7096-b883-7cd3-260f27953080,6fbddf55-7096-b883-4b93-39a047e6db81,1994-07-06T00:00:10Z,1995-07-05T00:00:10Z,df166300-5a78-3502-a46a-832842197811,,Self,Clarinda196 Mayert710
6fbddf55-7096-b883-7cd3-260f27953080,6fbddf55-7096-b883-af71-b190d3d60d11,1995-07-05T00:00:10Z,1996-07-03T00:00:10Z,df166300-5a78-3502-a46a-832842197811,,Self,Clarinda196 Mayert710
6fbddf55-7096-b883-7cd3-260f27953080,6fbddf55-7096-b883-b273-d42af4c0d460,1996-07-03T00:00:10Z,1997-07-02T00:00:10Z,df166300-5a78-3502-a46a-832842197811,,Self,Clarinda196 Mayert710
6fbddf55-7096-b883-7cd3-260f27953080,6fbddf55-7096-b883-ecbc-74dd8b40b981,1997-07-02T00:00:10Z,1998-07-01T00:00:10Z,df166300-5a78-3502-a46a-832842197811,,Self,Clarinda196 Mayert710
6fbddf55-7096-b883-7cd3-260f27953080,6fbddf55-7096-b883-aeab-915902db13fc,1998-07-01T00:00:10Z,1999-07-07T00:00:10Z,df166300-5a78-3502-a46a-832842197811,,Self,Clarinda196 Mayert710
6fbddf55-7096-b883-7cd3-260f27953080,6fbddf55-7096-b883-54c9-fb31881fd921,1999-07-07T00:00:10Z,2000-07-05T00:00:10Z,df166300-5a78-3502-a46a-832842197811,,Self,Clarinda196 Mayert710
6fbddf55-7096-b883-7cd3-260f27953080,6fbddf55-7096-b883-1f64-f4e0f1c5efd0,2000-07-05T00:00:10Z,2001-07-04T00:00:10Z,df166300-5a78-3502-a46a-832842197811,,Self,Clarinda196 Mayert710
6fbddf55-7096-b883-7cd3-260f27953080,6fbddf55-7096-b883-c1c0-10f0a07158f2,2001-07-04T00:00:10Z,2002-07-03T00:00:10Z,df166300-5a78-3502-a46a-832842197811,,Self,Clarinda196 Mayert710
6fbddf55-7096-b883-7cd3-260f27953080,6fbddf55-7096-b883-d7d7-be80fb677acd,2002-07-03T00:00:10Z,2003-07-02T00:00:10Z,df166300-5a78-3502-a46a-832842197811,,Self,Clarinda196 Mayert710
6fbddf55-7096-b883-7cd3-260f27953080,6fbddf55-7096-b883-895a-c9f323ef3e9f,2003-07-02T00:00:10Z,2004-07-07T00:00:10Z,df166300-5a78-3502-a46a-832842197811,,Self,Clarinda196 Mayert710
6fbddf55-7096-b883-7cd3-260f27953080,6fbddf55-7096-b883-17d4-4c085113a60d,2004-07-07T00:00:10Z,2005-07-06T00:00:10Z,df166300-5a78-3502-a46a-832842197811,,Self,Clarinda196 Mayert710
6fbddf55-7096-b883-7cd3-260f27953080,6fbddf55-7096-b883-48c2-a0a251e4862c,2005-07-06T00:00:10Z,2006-07-05T00:00:10Z,df166300-5a78-3502-a46a-832842197811,,Self,Clarinda196 Mayert710
6fbddf55-7096-b883-7cd3-260f27953080,6fbddf55-7096-b883-3018-fd1c8117e1e4,2006-07-05T00:00:10Z,2007-07-04T00:00:10Z,df166300-5a78-3502-a46a-832842197811,,Self,Clarinda196 Mayert710
6fbddf55-7096-b883-7cd3-260f27953080,6fbddf55-7096-b883-491a-1e1218037e98,2007-07-04T00:00:10Z,2008-07-02T00:00:10Z,df166300-5a78-3502-a46a-832842197811,,Self,Clarinda196 Mayert710
6fbddf55-7096-b883-7cd3-260f27953080,6fbddf55-7096-b883-0e9f-2210e0938904,2008-07-02T00:00:10Z,2009-07-01T00:00:10Z,df166300-5a78-3502-a46a-832842197811,,Self,Clarinda196 Mayert710
6fbddf55-7096-b883-7cd3-260f27953080,6fbddf55-7096-b883-ade5-b95d0e554da4,2009-07-01T00:00:10Z,2010-07-07T00:00:10Z,df166300-5a78-3502-a46a-832842197811,,Self,Clarinda196 Mayert710
6fbddf55-7096-b883-7cd3-260f27953080,6fbddf55-7096-b883-eb65-d8619018df65,2010-07-07T00:00:10Z,2011-07-06T00:00:10Z,df166300-5a78-3502-a46a-832842197811,,Self,Clarinda196 Serena400 Farrell962
6fbddf55-7096-b883-7cd3-260f27953080,6fbddf55-7096-b883-9cf0-5d8b77a179b6,2011-07-06T00:00:10Z,2012-07-04T00:00:10Z,df166300-5a78-3502-a46a-832842197811,,Spouse,Mr. Farrell962
6fbddf55-7096-b883-7cd3-260f27953080,6fbddf55-7096-b883-f5fc-8dd74f833647,2012-07-04T00:00:10Z,2013-07-03T00:00:10Z,df166300-5a78-3502-a46a-832842197811,,Self,Clarinda196 Serena400 Farrell962
6fbddf55-7096-b883-7cd3-260f27953080,6fbddf55-7096-b883-e4a8-7f6cc44c7c46,2013-07-03T00:00:10Z,2014-07-02T00:00:10Z,df166300-5a78-3502-a46a-832842197811,,Spouse,Mr. Farrell962
6fbddf55-7096-b883-7cd3-260f27953080,6fbddf55-7096-b883-5d4e-a8c8a07828b3,2014-07-02T00:00:10Z,2015-07-01T00:00:10Z,df166300-5a78-3502-a46a-832842197811,,Self,Clarinda196 Serena400 Farrell962
6fbddf55-7096-b883-7cd3-260f27953080,6fbddf55-7096-b883-2832-a5a51c02f17e,2015-07-01T00:00:10Z,2016-07-06T00:00:10Z,df166300-5a78-3502-a46a-832842197811,,Self,Clarinda196 Serena400 Farrell962
6fbddf55-7096-b883-7cd3-260f27953080,6fbddf55-7096-b883-7d6d-f97f166381cd,2016-07-06T00:00:10Z,2017-07-05T00:00:10Z,df166300-5a78-3502-a46a-832842197811,,Self,Clarinda196 Serena400 Farrell962
6fbddf55-7096-b883-7cd3-260f27953080,6fbddf55-7096-b883-8d25-c0c3a4c54e59,2017-07-05T00:00:10Z,2018-07-04T00:00:10Z,df166300-5a78-3502-a46a-832842197811,,Spouse,Mr. Farrell962
6fbddf55-7096-b883-7cd3-260f27953080,6fbddf55-7096-b883-0e53-b9eb5f2718a5,2018-07-04T00:00:10Z,2019-07-03T00:00:10Z,df166300-5a78-3502-a46a-832842197811,,Self,Clarinda196 Serena400 Farrell962
6fbddf55-7096-b883-7cd3-260f27953080,6fbddf55-7096-b883-dd1f-63fb6db4d8e5,2019-07-03T00:00:10Z,2020-07-01T00:00:10Z,df166300-5a78-3502-a46a-832842197811,,Spouse,Mr. Farrell962
6fbddf55-7096-b883-7cd3-260f27953080,6fbddf55-7096-b883-82db-6d5d29e7907a,2020-07-01T00:00:10Z,2021-07-07T00:00:10Z,df166300-5a78-3502-a46a-832842197811,,Self,Clarinda196 Serena400 Farrell962
6fbddf55-7096-b883-7cd3-260f27953080,6fbddf55-7096-b883-3df4-41aa78b24b64,2021-07-07T00:00:10Z,2022-07-06T00:00:10Z,df166300-5a78-3502-a46a-832842197811,,Spouse,Mr. Farrell962
6fbddf55-7096-b883-7cd3-260f27953080,6fbddf55-7096-b883-69eb-df525dd7f931,2022-07-06T00:00:10Z,2023-07-05T00:00:10Z,df166300-5a78-3502-a46a-832842197811,,Self,Clarinda196 Serena400 Farrell962
6fbddf55-7096-b883-7cd3-260f27953080,6fbddf55-7096-b883-885e-8ad3e0c7f10d,2023-07-05T00:00:10Z,2024-07-03T00:00:10Z,df166300-5a78-3502-a46a-832842197811,,Spouse,Mr. Farrell962
6fbddf55-7096-b883-7cd3-260f27953080,6fbddf55-7096-b883-ad9f-bae5095ef936,2024-07-03T00:00:10Z,2025-07-02T00:00:10Z,df166300-5a78-3502-a46a-832842197811,,Self,Clarinda196 Serena400 Farrell962
6fbddf55-7096-b883-7cd3-260f27953080,6fbddf55-7096-b883-82d1-3322fd2bf388,2025-07-02T00:00:10Z,2026-07-01T00:00:10Z,df166300-5a78-3502-a46a-832842197811,,Spouse,Mr. Farrell962
6fbddf55-7096-b883-7cd3-260f27953080,6fbddf55-7096-b883-7e3d-5010f4ceb253,2026-07-01T00:00:10Z,2027-07-01T00:00:10Z,df166300-5a78-3502-a46a-832842197811,,Spouse,Mr. Farrell962
d3727ff2-5d7b-347f-d78c-edc4323cf890,,2009-06-18T15:50:58Z,2010-06-24T15:50:58Z,e03e23c9-4df1-3eb6-a62d-f70f02301496,,,
d3727ff2-5d7b-347f-d78c-edc4323cf890,,2010-06-24T15:50:58Z,2011-06-23T15:50:58Z,e03e23c9-4df1-3eb6-a62d-f70f02301496,,,
d3727ff2-5d7b-347f-d78c-edc4323cf890,,2011-06-23T15:50:58Z,2012-06-21T15:50:58Z,e03e23c9-4df1-3eb6-a62d-f70f02301496,,,
d3727ff2-5d7b-347f-d78c-edc4323cf890,,2012-06-21T15:50:58Z,2013-06-20T15:50:58Z,e03e23c9-4df1-3eb6-a62d-f70f02301496,,,
d3727ff2-5d7b-347f-d78c-edc4323cf890,,2013-06-20T15:50:58Z,2014-06-19T15:50:58Z,e03e23c9-4df1-3eb6-a62d-f70f02301496,,,
d3727ff2-5d7b-347f-d78c-edc4323cf890,,2014-06-19T15:50:58Z,2015-06-18T15:50:58Z,e03e23c9-4df1-3eb6-a62d-f70f02301496,,,
d3727ff2-5d7b-347f-d78c-edc4323cf890,,2015-06-18T15:50:58Z,2016-06-23T15:50:58Z,e03e23c9-4df1-3eb6-a62d-f70f02301496,,,
d3727ff2-5d7b-347f-d78c-edc4323cf890,,2016-06-23T15:50:58Z,2017-06-22T15:50:58Z,e03e23c9-4df1-3eb6-a62d-f70f02301496,,,
d3727ff2-5d7b-347f-d78c-edc4323cf890,,2017-06-22T15:50:58Z,2018-06-21T15:50:58Z,e03e23c9-4df1-3eb6-a62d-f70f02301496,,,
d3727ff2-5d7b-347f-d78c-edc4323cf890,,2018-06-21T15:50:58Z,2019-06-20T15:50:58Z,e03e23c9-4df1-3eb6-a62d-f70f02301496,,,
d3727ff2-5d7b-347f-d78c-edc4323cf890,,2019-06-20T15:50:58Z,2020-06-18T15:50:58Z,e03e23c9-4df1-3eb6-a62d-f70f02301496,,,
d3727ff2-5d7b-347f-d78c-edc4323cf890,,2020-06-18T15:50:58Z,2021-06-24T15:50:58Z,e03e23c9-4df1-3eb6-a62d-f70f02301496,,,
d3727ff2-5d7b-347f-d78c-edc4323cf890,,2021-06-24T15:50:58Z,2022-06-23T15:50:58Z,e03e23c9-4df1-3eb6-a62d-f70f02301496,,,
d3727ff2-5d7b-347f-d78c-edc4323cf890,,2022-06-23T15:50:58Z,2023-06-22T15:50:58Z,e03e23c9-4df1-3eb6-a62d-f70f02301496,,,
d3727ff2-5d7b-347f-d78c-edc4323cf890,d3727ff2-5d7b-347f-de84-42ddac298a15,2023-06-22T15:50:58Z,2024-06-18T15:50:58Z,a735bf55-83e9-331a-899d-a82a60b9f60c,b046940f-1664-3047-bca7-dfa76be352a4,Self,Eunice461 Fay398
14a5a697-29a3-48b2-969a-3ceefe74a700,,1969-11-15T02:14:47Z,1970-11-21T02:14:47Z,e03e23c9-4df1-3eb6-a62d-f70f02301496,,,
14a5a697-29a3-48b2-969a-3ceefe74a700,,1970-11-21T02:14:47Z,1971-11-20T02:14:47Z,e03e23c9-4df1-3eb6-a62d-f70f02301496,,,
14a5a697-29a3-48b2-969a-3ceefe74a700,,1971-11-20T02:14:47Z,1972-11-18T02:14:47Z,e03e23c9-4df1-3eb6-a62d-f70f02301496,,,
14a5a697-29a3-48b2-969a-3ceefe74a700,,1972-11-18T02:14:47Z,1973-11-17T02:14:47Z,e03e23c9-4df1-3eb6-a62d-f70f02301496,,,
14a5a697-29a3-48b2-969a-3ceefe74a700,,1973-11-17T02:14:47Z,1974-11-16T02:14:47Z,e03e23c9-4df1-3eb6-a62d-f70f02301496,,,
14a5a697-29a3-48b2-969a-3ceefe74a700,,1974-11-16T02:14:47Z,1975-11-15T02:14:47Z,e03e23c9-4df1-3eb6-a62d-f70f02301496,,,
14a5a697-29a3-48b2-969a-3ceefe74a700,,1975-11-15T02:14:47Z,1976-11-20T02:14:47Z,e03e23c9-4df1-3eb6-a62d-f70f02301496,,,
14a5a697-29a3-48b2-969a-3ceefe74a700,,1976-11-20T02:14:47Z,1977-11-19T02:14:47Z,e03e23c9-4df1-3eb6-a62d-f70f02301496,,,
14a5a697-29a3-48b2-969a-3ceefe74a700,,1977-11-19T02:14:47Z,1978-11-18T02:14:47Z,e03e23c9-4df1-3eb6-a62d-f70f02301496,,,
14a5a697-29a3-48b2-969a-3ceefe74a700,,1978-11-18T02:14:47Z,1979-11-17T02:14:47Z,e03e23c9-4df1-3eb6-a62d-f70f02301496,,,
14a5a697-29a3-48b2-969a-3ceefe74a700,,1979-11-17T02:14:47Z,1980-11-15T02:14:47Z,e03e23c9-4df1-3eb6-a62d-f70f02301496,,,
14a5a697-29a3-48b2-969a-3ceefe74a700,14a5a697-29a3-48b2-982f-b2d848f5f477,1980-11-15T02:14:47Z,1981-11-21T02:14:47Z,df166300-5a78-3502-a46a-832842197811,,Self,Drusilla108 Leuschke194
14a5a697-29a3-48b2-969a-3ceefe74a700,,1981-11-21T02:14:47Z,1982-11-20T02:14:47Z,e03e23c9-4df1-3eb6-a62d-f70f02301496,,,
14a5a697-29a3-48b2-969a-3ceefe74a700,,1982-11-20T02:14:47Z,1983-11-19T02:14:47Z,e03e23c9-4df1-3eb6-a62d-f70f02301496,,,
14a5a697-29a3-48b2-969a-3ceefe74a700,,1983-11-19T02:14:47Z,1984-11-17T02:14:47Z,e03e23c9-4df1-3eb6-a62d-f70f02301496,,,
14a5a697-29a3-48b2-969a-3ceefe74a700,,1984-11-17T02:14:47Z,1985-11-16T02:14:47Z,e03e23c9-4df1-3eb6-a62d-f70f02301496,,,
14a5a697-29a3-48b2-969a-3ceefe74a700,,1985-11-16T02:14:47Z,1986-11-15T02:14:47Z,e03e23c9-4df1-3eb6-a62d-f70f02301496,,,
14a5a697-29a3-48b2-969a-3ceefe74a700,14a5a697-29a3-48b2-24e0-0dea43a98974,1986-11-15T02:14:47Z,1987-11-21T02:14:47Z,df166300-5a78-3502-a46a-832842197811,,Self,Drusilla108 Leuschke194
14a5a697-29a3-48b2-969a-3ceefe74a700,,1987-11-21T02:14:47Z,1988-11-19T02:14:47Z,e03e23c9-4df1-3eb6-a62d-f70f02301496,,,
14a5a697-29a3-48b2-969a-3ceefe74a700,,1988-11-19T02:14:47Z,1989-11-18T02:14:47Z,e03e23c9-4df1-3eb6-a62d-f70f02301496,,,
14a5a697-29a3-48b2-969a-3ceefe74a700,,1989-11-18T02:14:47Z,1990-11-17T02:14:47Z,e03e23c9-4df1-3eb6-a62d-f70f02301496,,,
14a5a697-29a3-48b2-969a-3ceefe74a700,,1990-11-17T02:14:47Z,1991-11-16T02:14:47Z,e03e23c9-4df1-3eb6-a62d-f70f02301496,,,
14a5a697-29a3-48b2-969a-3ceefe74a700,,1991-11-16T02:14:47Z,1992-11-21T02:14:47Z,e03e23c9-4df1-3eb6-a62d-f70f02301496,,,
14a5a697-29a3-48b2-969a-3ceefe74a700,,1992-11-21T02:14:47Z,1993-11-20T02:14:47Z,e03e23c9-4df1-3eb6-a62d-f70f02301496,,,
14a5a697-29a3-48b2-969a-3ceefe74a700,,1993-11-20T02:14:47Z,1994-11-19T02:14:47Z,e03e23c9-4df1-3eb6-a62d-f70f02301496,,,
14a5a697-29a3-48b2-969a-3ceefe74a700,,1994-11-19T02:14:47Z,1995-11-18T02:14:47Z,e03e23c9-4df1-3eb6-a62d-f70f02301496,,,
14a5a697-29a3-48b2-969a-3ceefe74a700,,1995-11-18T02:14:47Z,1996-11-16T02:14:47Z,e03e23c9-4df1-3eb6-a62d-f70f02301496,,,
14a5a697-29a3-48b2-969a-3ceefe74a700,,1996-11-16T02:14:47Z,1997-11-15T02:14:47Z,e03e23c9-4df1-3eb6-a62d-f70f02301496,,,
14a5a697-29a3-48b2-969a-3ceefe74a700,,1997-11-15T02:14:47Z,1998-11-21T02:14:47Z,e03e23c9-4df1-3eb6-a62d-f70f02301496,,,
14a5a697-29a3-48b2-969a-3ceefe74a700,,1998-11-21T02:14:47Z,1999-11-20T02:14:47Z,e03e23c9-4df1-3eb6-a62d-f70f02301496,,,
14a5a697-29a3-48b2-969a-3ceefe74a700,14a5a697-29a3-48b2-c7ba-f9a0548cab1f,1999-11-20T02:14:47Z,2000-11-18T02:14:47Z,df166300-5a78-3502-a46a-832842197811,,Self,Drusilla108 Cherilyn114 Schumm995
14a5a697-29a3-48b2-969a-3ceefe74a700,,2000-11-18T02:14:47Z,2001-11-17T02:14:47Z,e03e23c9-4df1-3eb6-a62d-f70f02301496,,,
14a5a697-29a3-48b2-969a-3ceefe74a700,,2001-11-17T02:14:47Z,2002-11-16T02:14:47Z,e03e23c9-4df1-3eb6-a62d-f70f02301496,,,
14a5a697-29a3-48b2-969a-3ceefe74a700,,2002-11-16T02:14:47Z,2003-11-15T02:14:47Z,e03e23c9-4df1-3eb6-a62d-f70f02301496,,,
14a5a697-29a3-48b2-969a-3ceefe74a700,14a5a697-29a3-48b2-0afc-8c3511b27204,2003-11-15T02:14:47Z,2004-11-20T02:14:47Z,a735bf55-83e9-331a-899d-a82a60b9f60c,b046940f-1664-3047-bca7-dfa76be352a4,Self,Drusilla108 Cherilyn114 Schumm995
14a5a697-29a3-48b2-969a-3ceefe74a700,14a5a697-29a3-48b2-5de4-0cba4b5e9ed7,2004-11-20T02:14:47Z,2005-11-19T02:14:47Z,a735bf55-83e9-331a-899d-a82a60b9f60c,b046940f-1664-3047-bca7-dfa76be352a4,Spouse,Mr. Schumm995
14a5a697-29a3-48b2-969a-3ceefe74a700,14a5a697-29a3-48b2-b22d-71c20305c005,2005-11-19T02:14:47Z,2006-11-18T02:14:47Z,a735bf55-83e9-331a-899d-a82a60b9f60c,b046940f-1664-3047-bca7-dfa76be352a4,Spouse,Mr. Schumm995
14a5a697-29a3-48b2-969a-3ceefe74a700,14a5a697-29a3-48b2-61ed-416854d26363,2006-11-18T02:14:47Z,2007-11-17T02:14:47Z,a735bf55-83e9-331a-899d-a82a60b9f60c,b046940f-1664-3047-bca7-dfa76be352a4,Self,Drusilla108 Cherilyn114 Schumm995
14a5a697-29a3-48b2-969a-3ceefe74a700,14a5a697-29a3-48b2-4d60-66e9b078f8ba,2007-11-17T02:14:47Z,2008-11-15T02:14:47Z,a735bf55-83e9-331a-899d-a82a60b9f60c,b046940f-1664-3047-bca7-dfa76be352a4,Spouse,Mr. Schumm995
14a5a697-29a3-48b2-969a-3ceefe74a700,14a5a697-29a3-48b2-0a03-3e3ef8b10389,2008-11-15T02:14:47Z,2009-11-21T02:14:47Z,a735bf55-83e9-331a-899d-a82a60b9f60c,b046940f-1664-3047-bca7-dfa76be352a4,Spouse,Mr. Schumm995
14a5a697-29a3-48b2-969a-3ceefe74a700,14a5a697-29a3-48b2-cfa5-a8404b5e891c,2009-11-21T02:14:47Z,2010-11-20T02:14:47Z,a735bf55-83e9-331a-899d-a82a60b9f60c,b046940f-1664-3047-bca7-dfa76be352a4,Self,Drusilla108 Cherilyn114 Schumm995
14a5a697-29a3-48b2-969a-3ceefe74a700,14a5a697-29a3-48b2-8beb-98ff1619253c,2010-11-20T02:14:47Z,2011-11-19T02:14:47Z,a735bf55-83e9-331a-899d-a82a60b9f60c,b046940f-1664-3047-bca7-dfa76be352a4,Self,Drusilla108 Cherilyn114 Schumm995
14a5a697-29a3-48b2-969a-3ceefe74a700,14a5a697-29a3-48b2-687e-458cc4830a2b,2011-11-19T02:14:47Z,2012-11-17T02:14:47Z,a735bf55-83e9-331a-899d-a82a60b9f60c,b046940f-1664-3047-bca7-dfa76be352a4,Self,Drusilla108 Cherilyn114 Schumm995
14a5a697-29a3-48b2-969a-3ceefe74a700,14a5a697-29a3-48b2-b353-29f4ceca021f,2012-11-17T02:14:47Z,2013-11-16T02:14:47Z,a735bf55-83e9-331a-899d-a82a60b9f60c,b046940f-1664-3047-bca7-dfa76be352a4,Spouse,Mr. Schumm995
14a5a697-29a3-48b2-969a-3ceefe74a700,14a5a697-29a3-48b2-11c2-b59d75e86f2d,2013-11-16T02:14:47Z,2014-11-15T02:14:47Z,a735bf55-83e9-331a-899d-a82a60b9f60c,b046940f-1664-3047-bca7-dfa76be352a4,Self,Drusilla108 Cherilyn114 Schumm995
14a5a697-29a3-48b2-969a-3ceefe74a700,14a5a697-29a3-48b2-180c-8535c7c2d68d,2014-11-15T02:14:47Z,2015-11-21T02:14:47Z,a735bf55-83e9-331a-899d-a82a60b9f60c,b046940f-1664-3047-bca7-dfa76be352a4,Spouse,Mr. Schumm995
14a5a697-29a3-48b2-969a-3ceefe74a700,14a5a697-29a3-48b2-8392-fbc6982fda1e,2015-11-21T02:14:47Z,2016-11-19T02:14:47Z,a735bf55-83e9-331a-899d-a82a60b9f60c,b046940f-1664-3047-bca7-dfa76be352a4,Self,Drusilla108 Cherilyn114 Schumm995
14a5a697-29a3-48b2-969a-3ceefe74a700,14a5a697-29a3-48b2-d9db-b45abb3be9d7,2016-11-19T02:14:47Z,2017-11-18T02:14:47Z,a735bf55-83e9-331a-899d-a82a60b9f60c,,Self,Drusilla108 Cherilyn114 Schumm995
14a5a697-29a3-48b2-969a-3ceefe74a700,14a5a697-29a3-48b2-89f8-68c8b9f8117e,2017-11-18T02:14:47Z,2018-11-17T02:14:47Z,a735bf55-83e9-331a-899d-a82a60b9f60c,b046940f-1664-3047-bca7-dfa76be352a4,Spouse,Mr. Schumm995
14a5a697-29a3-48b2-969a-3ceefe74a700,14a5a697-29a3-48b2-8edf-e983cc141c38,2018-11-17T02:14:47Z,2019-11-16T02:14:47Z,a735bf55-83e9-331a-899d-a82a60b9f60c,b046940f-1664-3047-bca7-dfa76be352a4,Self,Drusilla108 Cherilyn114 Schumm995
14a5a697-29a3-48b2-969a-3ceefe74a700,14a5a697-29a3-48b2-caff-ab34a26def54,2019-11-16T02:14:47Z,2020-11-21T02:14:47Z,a735bf55-83e9-331a-899d-a82a60b9f60c,b046940f-1664-3047-bca7-dfa76be352a4,Self,Drusilla108 Cherilyn114 Schumm995
14a5a697-29a3-48b2-969a-3ceefe74a700,14a5a697-29a3-48b2-c4d6-d68cec6d4f9a,2020-11-21T02:14:47Z,2021-11-20T02:14:47Z,a735bf55-83e9-331a-899d-a82a60b9f60c,b046940f-1664-3047-bca7-dfa76be352a4,Spouse,Mr. Schumm995
14a5a697-29a3-48b2-969a-3ceefe74a700,14a5a697-29a3-48b2-0ed3-4298d1914535,2021-11-20T02:14:47Z,2022-11-19T02:14:47Z,a735bf55-83e9-331a-899d-a82a60b9f60c,b046940f-1664-3047-bca7-dfa76be352a4,Self,Drusilla108 Cherilyn114 Schumm995
14a5a697-29a3-48b2-969a-3ceefe74a700,14a5a697-29a3-48b2-a107-93ff139c059a,2022-11-19T02:14:47Z,2023-11-18T02:14:47Z,a735bf55-83e9-331a-899d-a82a60b9f60c,b046940f-1664-3047-bca7-dfa76be352a4,Spouse,Mr. Schumm995
14a5a697-29a3-48b2-969a-3ceefe74a700,14a5a697-29a3-48b2-c429-f200f3ec965b,2023-11-18T02:14:47Z,2024-11-16T02:14:47Z,a735bf55-83e9-331a-899d-a82a60b9f60c,b046940f-1664-3047-bca7-dfa76be352a4,Spouse,Mr. Schumm995
14a5a697-29a3-48b2-969a-3ceefe74a700,14a5a697-29a3-48b2-8bb4-cb62c5dd10fc,2024-11-16T02:14:47Z,2025-11-15T02:14:47Z,a735bf55-83e9-331a-899d-a82a60b9f60c,,Spouse,Mr. Schumm995
14a5a697-29a3-48b2-969a-3ceefe74a700,14a5a697-29a3-48b2-da51-f041583400c9,2025-11-15T02:14:47Z,2026-11-15T02:14:47Z,a735bf55-83e9-331a-899d-a82a60b9f60c,b046940f-1664-3047-bca7-dfa76be352a4,Spouse,Mr. Schumm995
62f60bdb-cc5c-8305-b98b-f2b229a55eca,,1975-10-22T21:06:28Z,1976-10-27T21:06:28Z,e03e23c9-4df1-3eb6-a62d-f70f02301496,,,
62f60bdb-cc5c-8305-b98b-f2b229a55eca,,1976-10-27T21:06:28Z,1977-10-26T21:06:28Z,e03e23c9-4df1-3eb6-a62d-f70f02301496,,,
62f60bdb-cc5c-8305-b98b-f2b229a55eca,,1977-10-26T21:06:28Z,1978-10-25T21:06:28Z,e03e23c9-4df1-3eb6-a62d-f70f02301496,,,
62f60bdb-cc5c-8305-b98b-f2b229a55eca,,1978-10-25T21:06:28Z,1979-10-24T21:06:28Z,e03e23c9-4df1-3eb6-a62d-f70f02301496,,,
62f60bdb-cc5c-8305-b98b-f2b229a55eca,,1979-10-24T21:06:28Z,1980-10-22T21:06:28Z,e03e23c9-4df1-3eb6-a62d-f70f02301496,,,
62f60bdb-cc5c-8305-b98b-f2b229a55eca,,1980-10-22T21:06:28Z,1981-10-28T21:06:28Z,e03e23c9-4df1-3eb6-a62d-f70f02301496,,,
62f60bdb-cc5c-8305-b98b-f2b229a55eca,,1981-10-28T21:06:28Z,1982-10-27T21:06:28Z,e03e23c9-4df1-3eb6-a62d-f70f02301496,,,
62f60bdb-cc5c-8305-b98b-f2b229a55eca,,1982-10-27T21:06:28Z,1983-10-26T21:06:28Z,e03e23c9-4df1-3eb6-a62d-f70f02301496,,,
62f60bdb-cc5c-8305-b98b-f2b229a55eca,,1983-10-26T21:06:28Z,1984-10-24T21:06:28Z,e03e23c9-4df1-3eb6-a62d-f70f02301496,,,
62f60bdb-cc5c-8305-b98b-f2b229a55eca,,1984-10-24T21:06:28Z,1985-10-23T21:06:28Z,e03e23c9-4df1-3eb6-a62d-f70f02301496,,,
62f60bdb-cc5c-8305-b98b-f2b229a55eca,,1985-10-23T21:06:28Z,1986-10-22T21:06:28Z,e03e23c9-4df1-3eb6-a62d-f70f02301496,,,
62f60bdb-cc5c-8305-b98b-f2b229a55eca,,1986-10-22T21:06:28Z,1987-10-28T21:06:28Z,e03e23c9-4df1-3eb6-a62d-f70f02301496,,,
62f60bdb-cc5c-8305-b98b-f2b229a55eca,,1987-10-28T21:06:28Z,1988-10-26T21:06:28Z,e03e23c9-4df1-3eb6-a62d-f70f02301496,,,
62f60bdb-cc5c-8305-b98b-f2b229a55eca,,1988-10-26T21:06:28Z,1989-10-25T21:06:28Z,e03e23c9-4df1-3eb6-a62d-f70f02301496,,,
62f60bdb-cc5c-8305-b98b-f2b229a55eca,,1989-10-25T21:06:28Z,1990-10-24T21:06:28Z,e03e23c9-4df1-3eb6-a62d-f70f02301496,,,
62f60bdb-cc5c-8305-b98b-f2b229a55eca,,1990-10-24T21:06:28Z,1991-10-23T21:06:28Z,e03e23c9-4df1-3eb6-a62d-f70f02301496,,,
62f60bdb-cc5c-8305-b98b-f2b229a55eca,,1991-10-23T21:06:28Z,1992-10-28T21:06:28Z,e03e23c9-4df1-3eb6-a62d-f70f02301496,,,
62f60bdb-cc5c-8305-b98b-f2b229a55eca,,1992-10-28T21:06:28Z,1993-10-27T21:06:28Z,e03e23c9-4df1-3eb6-a62d-f70f02301496,,,
62f60bdb-cc5c-8305-b98b-f2b229a55eca,,1993-10-27T21:06:28Z,1994-10-26T21:06:28Z,e03e23c9-4df1-3eb6-a62d-f70f02301496,,,
62f60bdb-cc5c-8305-b98b-f2b229a55eca,,1994-10-26T21:06:28Z,1995-10-25T21:06:28Z,e03e23c9-4df1-3eb6-a62d-f70f02301496,,,
62f60bdb-cc5c-8305-b98b-f2b229a55eca,,1995-10-25T21:06:28Z,1996-10-23T21:06:28Z,e03e23c9-4df1-3eb6-a62d-f70f02301496,,,
62f60bdb-cc5c-8305-b98b-f2b229a55eca,,1996-10-23T21:06:28Z,1997-10-22T21:06:28Z,e03e23c9-4df1-3eb6-a62d-f70f02301496,,,
62f60bdb-cc5c-8305-b98b-f2b229a55eca,,1997-10-22T21:06:28Z,1998-10-28T21:06:28Z,e03e23c9-4df1-3eb6-a62d-f70f02301496,,,
62f60bdb-cc5c-8305-b98b-f2b229a55eca,62f60bdb-cc5c-8305-a7f2-d9857ffd44c5,1998-10-28T21:06:28Z,1999-10-27T21:06:28Z,df166300-5a78-3502-a46a-832842197811,,Self,Angel97 Luettgen772
62f60bdb-cc5c-8305-b98b-f2b229a55eca,,1999-10-27T21:06:28Z,2000-10-25T21:06:28Z,e03e23c9-4df1-3eb6-a62d-f70f02301496,,,
62f60bdb-cc5c-8305-b98b-f2b229a55eca,62f60bdb-cc5c-8305-b865-8d397eee1793,2000-10-25T21:06:28Z,2001-10-24T21:06:28Z,df166300-5a78-3502-a46a-832842197811,,Self,Angel97 Luettgen772
62f60bdb-cc5c-8305-b98b-f2b229a55eca,,2001-10-24T21:06:28Z,2002-10-23T21:06:28Z,e03e23c9-4df1-3eb6-a62d-f70f02301496,,,
62f60bdb-cc5c-8305-b98b-f2b229a55eca,,2002-10-23T21:06:28Z,2003-10-22T21:06:28Z,e03e23c9-4df1-3eb6-a62d-f70f02301496,,,
62f60bdb-cc5c-8305-b98b-f2b229a55eca,,2003-10-22T21:06:28Z,2004-10-27T21:06:28Z,e03e23c9-4df1-3eb6-a62d-f70f02301496,,,
62f60bdb-cc5c-8305-b98b-f2b229a55eca,,2004-10-27T21:06:28Z,2005-10-26T21:06:28Z,e03e23c9-4df1-3eb6-a62d-f70f02301496,,,
62f60bdb-cc5c-8305-b98b-f2b229a55eca,62f60bdb-cc5c-8305-9793-bf91726ba428,2005-10-26T21:06:28Z,2006-10-25T21:06:28Z,df166300-5a78-3502-a46a-832842197811,,Spouse,Mr. Frami345
62f60bdb-cc5c-8305-b98b-f2b229a55eca,62f60bdb-cc5c-8305-4085-57e1900276f7,2006-10-25T21:06:28Z,2007-10-24T21:06:28Z,b046940f-1664-3047-bca7-dfa76be352a4,,Spouse,Mr. Frami345
62f60bdb-cc5c-8305-b98b-f2b229a55eca,62f60bdb-cc5c-8305-60e2-db1d847e08d1,2007-10-24T21:06:28Z,2008-10-22T21:06:28Z,b046940f-1664-3047-bca7-dfa76be352a4,,Spouse,Mr. Frami345
62f60bdb-cc5c-8305-b98b-f2b229a55eca,62f60bdb-cc5c-8305-5ecd-4409ab12e385,2008-10-22T21:06:28Z,2009-10-28T21:06:28Z,b046940f-1664-3047-bca7-dfa76be352a4,,Self,Angel97 Rocio28 Frami345
62f60bdb-cc5c-8305-b98b-f2b229a55eca,62f60bdb-cc5c-8305-f354-d6a9492c1cea,2009-10-28T21:06:28Z,2010-10-27T21:06:28Z,b046940f-1664-3047-bca7-dfa76be352a4,,Spouse,Mr. Frami345
62f60bdb-cc5c-8305-b98b-f2b229a55eca,62f60bdb-cc5c-8305-3763-c9e765245dea,2010-10-27T21:06:28Z,2011-10-26T21:06:28Z,b046940f-1664-3047-bca7-dfa76be352a4,,Self,Angel97 Rocio28 Frami345
62f60bdb-cc5c-8305-b98b-f2b229a55eca,62f60bdb-cc5c-8305-c090-e646107b7613,2011-10-26T21:06:28Z,2012-10-24T21:06:28Z,b046940f-1664-3047-bca7-dfa76be352a4,,Self,Angel97 Rocio28 Frami345
62f60bdb-cc5c-8305-b98b-f2b229a55eca,62f60bdb-cc5c-8305-428d-6a8efe431768,2012-10-24T21:06:28Z,2013-10-23T21:06:28Z,b046940f-1664-3047-bca7-dfa76be352a4,,Self,Angel97 Rocio28 Frami345
62f60bdb-cc5c-8305-b98b-f2b229a55eca,62f60bdb-cc5c-8305-efde-d01c73a38222,2013-10-23T21:06:28Z,2014-10-22T21:06:28Z,b046940f-1664-3047-bca7-dfa76be352a4,,Self,Angel97 Rocio28 Frami345
62f60bdb-cc5c-8305-b98b-f2b229a55eca,62f60bdb-cc5c-8305-94d9-bb1e161d9d94,2014-10-22T21:06:28Z,2015-10-28T21:06:28Z,b046940f-1664-3047-bca7-dfa76be352a4,,Self,Angel97 Rocio28 Frami345
62f60bdb-cc5c-8305-b98b-f2b229a55eca,62f60bdb-cc5c-8305-cf34-a28eadb208fd,2015-10-28T21:06:28Z,2016-10-26T21:06:28Z,b046940f-1664-3047-bca7-dfa76be352a4,,Self,Angel97 Rocio28 Frami345
62f60bdb-cc5c-8305-b98b-f2b229a55eca,62f60bdb-cc5c-8305-d178-7c08d5707f3c,2016-10-26T21:06:28Z,2017-10-25T21:06:28Z,b046940f-1664-3047-bca7-dfa76be352a4,,Self,Angel97 Rocio28 Frami345
62f60bdb-cc5c-8305-b98b-f2b229a55eca,62f60bdb-cc5c-8305-fa3a-3fa2f73f801c,2017-10-25T21:06:28Z,2018-10-24T21:06:28Z,b046940f-1664-3047-bca7-dfa76be352a4,,Self,Angel97 Rocio28 Frami345
62f60bdb-cc5c-8305-b98b-f2b229a55eca,62f60bdb-cc5c-8305-4346-4439e02124bd,2018-10-24T21:06:28Z,2019-10-23T21:06:28Z,b046940f-1664-3047-bca7-dfa76be352a4,,Self,Angel97 Rocio28 Frami345
62f60bdb-cc5c-8305-b98b-f2b229a55eca,62f60bdb-cc5c-8305-918d-5188cef115c0,2019-10-23T21:06:28Z,2020-10-28T21:06:28Z,b046940f-1664-3047-bca7-dfa76be352a4,,Self,Angel97 Rocio28 Frami345
62f60bdb-cc5c-8305-b98b-f2b229a55eca,62f60bdb-cc5c-8305-92d7-9ef36bf6eff7,2020-10-28T21:06:28Z,2021-10-27T21:06:28Z,b046940f-1664-3047-bca7-dfa76be352a4,,Self,Angel97 Rocio28 Frami345
62f60bdb-cc5c-8305-b98b-f2b229a55eca,62f60bdb-cc5c-8305-a622-244777a89955,2021-10-27T21:06:28Z,2022-10-26T21:06:28Z,b046940f-1664-3047-bca7-dfa76be352a4,,Self,Angel97 Rocio28 Frami345
62f60bdb-cc5c-8305-b98b-f2b229a55eca,62f60bdb-cc5c-8305-84a3-975920f4ca08,2022-10-26T21:06:28Z,2023-10-25T21:06:28Z,b046940f-1664-3047-bca7-dfa76be352a4,,Self,Angel97 Rocio28 Frami345
62f60bdb-cc5c-8305-b98b-f2b229a55eca,62f60bdb-cc5c-8305-dc0a-d495faf95350,2023-10-25T21:06:28Z,2024-10-23T21:06:28Z,b046940f-1664-3047-bca7-dfa76be352a4,,Self,Angel97 Rocio28 Frami345
62f60bdb-cc5c-8305-b98b-f2b229a55eca,62f60bdb-cc5c-8305-ef7a-103489fe4e0b,2024-10-23T21:06:28Z,2025-10-22T21:06:28Z,b046940f-1664-3047-bca7-dfa76be352a4,,Self,Angel97 Rocio28 Frami345
62f60bdb-cc5c-8305-b98b-f2b229a55eca,62f60bdb-cc5c-8305-2881-0228e02f5cea,2025-10-22T21:06:28Z,2026-10-22T21:06:28Z,b046940f-1664-3047-bca7-dfa76be352a4,,Self,Angel97 Rocio28 Frami345
ba419d35-0dfe-8af7-347c-eebf02485a56,ba419d35-0dfe-8af7-dbba-6daf9217eeeb,1969-09-19T17:51:43Z,1970-09-18T17:51:43Z,df166300-5a78-3502-a46a-832842197811,,Self,Corie618 Sofia418 Kohler843
ba419d35-0dfe-8af7-347c-eebf02485a56,ba419d35-0dfe-8af7-07d5-0f74bd38be6a,1970-09-18T17:51:43Z,1971-09-24T17:51:43Z,df166300-5a78-3502-a46a-832842197811,,Self,Corie618 Sofia418 Kohler843
ba419d35-0dfe-8af7-347c-eebf02485a56,ba419d35-0dfe-8af7-bf5d-089dc3c74706,1971-09-24T17:51:43Z,1972-09-22T17:51:43Z,df166300-5a78-3502-a46a-832842197811,,Self,Corie618 Sofia418 Kohler843
ba419d35-0dfe-8af7-347c-eebf02485a56,ba419d35-0dfe-8af7-6960-11bf783282bc,1972-09-22T17:51:43Z,1973-09-21T17:51:43Z,df166300-5a78-3502-a46a-832842197811,,Self,Corie618 Sofia418 Kohler843
ba419d35-0dfe-8af7-347c-eebf02485a56,ba419d35-0dfe-8af7-de6a-b52978ad9a6f,1973-09-21T17:51:43Z,1974-09-20T17:51:43Z,df166300-5a78-3502-a46a-832842197811,,Self,Corie618 Sofia418 Kohler843
ba419d35-0dfe-8af7-347c-eebf02485a56,ba419d35-0dfe-8af7-0cea-c4d289b46aa5,1974-09-20T17:51:43Z,1975-09-19T17:51:43Z,df166300-5a78-3502-a46a-832842197811,,Self,Corie618 Sofia418 Kohler843
ba419d35-0dfe-8af7-347c-eebf02485a56,ba419d35-0dfe-8af7-86c3-41e8dfe86036,1975-09-19T17:51:43Z,1976-09-24T17:51:43Z,df166300-5a78-3502-a46a-832842197811,,Self,Corie618 Sofia418 Kohler843
ba419d35-0dfe-8af7-347c-eebf02485a56,ba419d35-0dfe-8af7-5fde-cd2c035846a0,1976-09-24T17:51:43Z,1977-09-23T17:51:43Z,df166300-5a78-3502-a46a-832842197811,,Self,Corie618 Sofia418 Kohler843
ba419d35-0dfe-8af7-347c-eebf02485a56,ba419d35-0dfe-8af7-9a21-35c7edaddcef,1977-09-23T17:51:43Z,1978-09-22T17:51:43Z,df166300-5a78-3502-a46a-832842197811,,Self,Corie618 Sofia418 Kohler843
ba419d35-0dfe-8af7-347c-eebf02485a56,ba419d35-0dfe-8af7-51c2-7ea3d6b7a440,1978-09-22T17:51:43Z,1979-09-21T17:51:43Z,df166300-5a78-3502-a46a-832842197811,,Self,Corie618 Sofia418 Kohler843
ba419d35-0dfe-8af7-347c-eebf02485a56,ba419d35-0dfe-8af7-e4d4-cb4fd9cd1e53,1979-09-21T17:51:43Z,1980-09-19T17:51:43Z,df166300-5a78-3502-a46a-832842197811,,Self,Corie618 Sofia418 Kohler843
ba419d35-0dfe-8af7-347c-eebf02485a56,ba419d35-0dfe-8af7-d6ce-c05bfa45786a,1980-09-19T17:51:43Z,1981-09-18T17:51:43Z,df166300-5a78-3502-a46a-832842197811,,Self,Corie618 Sofia418 Kohler843
ba419d35-0dfe-8af7-347c-eebf02485a56,ba419d35-0dfe-8af7-a777-3bdce3a6a0ea,1981-09-18T17:51:43Z,1982-09-24T17:51:43Z,df166300-5a78-3502-a46a-832842197811,,Self,Corie618 Sofia418 Kohler843
ba419d35-0dfe-8af7-347c-eebf02485a56,ba419d35-0dfe-8af7-b3dc-104b8aad1c15,1982-09-24T17:51:43Z,1983-09-23T17:51:43Z,df166300-5a78-3502-a46a-832842197811,,Self,Corie618 Sofia418 Kohler843
ba419d35-0dfe-8af7-347c-eebf02485a56,ba419d35-0dfe-8af7-d3b7-f9db43a43839,1983-09-23T17:51:43Z,1984-09-21T17:51:43Z,df166300-5a78-3502-a46a-832842197811,,Self,Corie618 Sofia418 Kohler843
ba419d35-0dfe-8af7-347c-eebf02485a56,ba419d35-0dfe-8af7-ab1d-3f3507c8bdf3,1984-09-21T17:51:43Z,1985-09-20T17:51:43Z,df166300-5a78-3502-a46a-832842197811,,Self,Corie618 Sofia418 Kohler843
ba419d35-0dfe-8af7-347c-eebf02485a56,ba419d35-0dfe-8af7-5ace-a07629a0c4ee,1985-09-20T17:51:43Z,1986-09-19T17:51:43Z,df166300-5a78-3502-a46a-832842197811,,Self,Corie618 Sofia418 Kohler843
ba419d35-0dfe-8af7-347c-eebf02485a56,ba419d35-0dfe-8af7-a742-92d3b2564273,1986-09-19T17:51:43Z,1987-09-18T17:51:43Z,df166300-5a78-3502-a46a-832842197811,,Self,Corie618 Sofia418 Kohler843
ba419d35-0dfe-8af7-347c-eebf02485a56,ba419d35-0dfe-8af7-f4d9-f8a09015bed2,1987-09-18T17:51:43Z,1988-09-23T17:51:43Z,df166300-5a78-3502-a46a-832842197811,,Self,Corie618 Sofia418 Kohler843
ba419d35-0dfe-8af7-347c-eebf02485a56,ba419d35-0dfe-8af7-e9a0-07d3357da8d3,1988-09-23T17:51:43Z,1989-09-22T17:51:43Z,df166300-5a78-3502-a46a-832842197811,,Self,Corie618 Sofia418 Kohler843
ba419d35-0dfe-8af7-347c-eebf02485a56,ba419d35-0dfe-8af7-0496-499a7efed66a,1989-09-22T17:51:43Z,1990-09-21T17:51:43Z,df166300-5a78-3502-a46a-832842197811,,Self,Corie618 Sofia418 Kohler843
ba419d35-0dfe-8af7-347c-eebf02485a56,ba419d35-0dfe-8af7-9f63-a51842e1c736,1990-09-21T17:51:43Z,1991-09-20T17:51:43Z,d18ef2e6-ef40-324c-be54-34a5ee865625,,Self,Corie618 Sofia418 Kohler843
ba419d35-0dfe-8af7-347c-eebf02485a56,ba419d35-0dfe-8af7-0980-4cfa4de9f627,1991-09-20T17:51:43Z,1992-09-18T17:51:43Z,df166300-5a78-3502-a46a-832842197811,,Self,Corie618 Sofia418 Kohler843
ba419d35-0dfe-8af7-347c-eebf02485a56,ba419d35-0dfe-8af7-0411-0285bedd8aff,1992-09-18T17:51:43Z,1993-09-24T17:51:43Z,d18ef2e6-ef40-324c-be54-34a5ee865625,,Self,Corie618 Sofia418 Kohler843
ba419d35-0dfe-8af7-347c-eebf02485a56,ba419d35-0dfe-8af7-e96b-e9b37a470fce,1993-09-24T17:51:43Z,1994-09-23T17:51:43Z,d18ef2e6-ef40-324c-be54-34a5ee865625,,Self,Corie618 Sofia418 Kohler843
ba419d35-0dfe-8af7-347c-eebf02485a56,ba419d35-0dfe-8af7-4ba3-826a2ee75f57,1994-09-23T17:51:43Z,1995-09-22T17:51:43Z,d18ef2e6-ef40-324c-be54-34a5ee865625,,Self,Corie618 Sofia418 Kohler843
ba419d35-0dfe-8af7-347c-eebf02485a56,ba419d35-0dfe-8af7-c789-51e535d813d3,1995-09-22T17:51:43Z,1996-09-20T17:51:43Z,d18ef2e6-ef40-324c-be54-34a5ee865625,,Self,Corie618 Sofia418 Kohler843
ba419d35-0dfe-8af7-347c-eebf02485a56,ba419d35-0dfe-8af7-58a5-36297eb0ef23,1996-09-20T17:51:43Z,1997-09-19T17:51:43Z,d18ef2e6-ef40-324c-be54-34a5ee865625,,Self,Corie618 Sofia418 Kohler843
ba419d35-0dfe-8af7-347c-eebf02485a56,ba419d35-0dfe-8af7-23e1-f06cb49ffeb1,1997-09-19T17:51:43Z,1998-09-18T17:51:43Z,d18ef2e6-ef40-324c-be54-34a5ee865625,,Self,Corie618 Sofia418 Kohler843
ba419d35-0dfe-8af7-347c-eebf02485a56,ba419d35-0dfe-8af7-322b-963a069e964d,1998-09-18T17:51:43Z,1999-09-24T17:51:43Z,d18ef2e6-ef40-324c-be54-34a5ee865625,,Self,Corie618 Sofia418 Kohler843
ba419d35-0dfe-8af7-347c-eebf02485a56,ba419d35-0dfe-8af7-9ded-2a296b3ab870,1999-09-24T17:51:43Z,2000-09-22T17:51:43Z,d18ef2e6-ef40-324c-be54-34a5ee865625,,Self,Corie618 Sofia418 Kohler843
ba419d35-0dfe-8af7-347c-eebf02485a56,ba419d35-0dfe-8af7-2f66-2046b18412be,2000-09-22T17:51:43Z,2001-09-21T17:51:43Z,d18ef2e6-ef40-324c-be54-34a5ee865625,,Self,Corie618 Sofia418 Kohler843
ba419d35-0dfe-8af7-347c-eebf02485a56,ba419d35-0dfe-8af7-8632-fe2d789e13f9,2001-09-21T17:51:43Z,2002-09-20T17:51:43Z,a735bf55-83e9-331a-899d-a82a60b9f60c,,Self,Corie618 Sofia418 Kohler843
ba419d35-0dfe-8af7-347c-eebf02485a56,ba419d35-0dfe-8af7-d526-a0f67191e06b,2002-09-20T17:51:43Z,2003-09-19T17:51:43Z,a735bf55-83e9-331a-899d-a82a60b9f60c,,Self,Corie618 Sofia418 Kohler843
ba419d35-0dfe-8af7-347c-eebf02485a56,ba419d35-0dfe-8af7-73c2-2e69eae0f838,2003-09-19T17:51:43Z,2004-09-24T17:51:43Z,d18ef2e6-ef40-324c-be54-34a5ee865625,,Self,Corie618 Sofia418 Kohler843
ba419d35-0dfe-8af7-347c-eebf02485a56,ba419d35-0dfe-8af7-c478-afba49c12717,2004-09-24T17:51:43Z,2005-09-23T17:51:43Z,d18ef2e6-ef40-324c-be54-34a5ee865625,,Self,Corie618 Sofia418 Kohler843
ba419d35-0dfe-8af7-347c-eebf02485a56,ba419d35-0dfe-8af7-50da-1e285f4446da,2005-09-23T17:51:43Z,2006-09-22T17:51:43Z,d18ef2e6-ef40-324c-be54-34a5ee865625,,Self,Corie618 Sofia418 Kohler843
ba419d35-0dfe-8af7-347c-eebf02485a56,ba419d35-0dfe-8af7-a6b9-19582a24d442,2006-09-22T17:51:43Z,2007-09-21T17:51:43Z,d18ef2e6-ef40-324c-be54-34a5ee865625,,Self,Corie618 Sofia418 Kohler843
ba419d35-0dfe-8af7-347c-eebf02485a56,ba419d35-0dfe-8af7-0ca6-d47350d2f3ad,2007-09-21T17:51:43Z,2008-09-19T17:51:43Z,d18ef2e6-ef40-324c-be54-34a5ee865625,,Self,Corie618 Sofia418 Kohler843
ba419d35-0dfe-8af7-347c-eebf02485a56,ba419d35-0dfe-8af7-1249-f8239c911999,2008-09-19T17:51:43Z,2009-09-18T17:51:43Z,d18ef2e6-ef40-324c-be54-34a5ee865625,,Self,Corie618 Sofia418 Kohler843
ba419d35-0dfe-8af7-347c-eebf02485a56,ba419d35-0dfe-8af7-2f9d-ae678cc3b6f2,2009-09-18T17:51:43Z,2010-09-24T17:51:43Z,d18ef2e6-ef40-324c-be54-34a5ee865625,,Self,Corie618 Sofia418 Kohler843
ba419d35-0dfe-8af7-347c-eebf02485a56,ba419d35-0dfe-8af7-afc9-c530ccee1f0c,2010-09-24T17:51:43Z,2011-09-23T17:51:43Z,d18ef2e6-ef40-324c-be54-34a5ee865625,,Self,Corie618 Sofia418 Kohler843
ba419d35-0dfe-8af7-347c-eebf02485a56,ba419d35-0dfe-8af7-0a88-ab52a1bbd8a5,2011-09-23T17:51:43Z,2012-09-21T17:51:43Z,d18ef2e6-ef40-324c-be54-34a5ee865625,,Self,Corie618 Sofia418 Kohler843
ba419d35-0dfe-8af7-347c-eebf02485a56,ba419d35-0dfe-8af7-ee8a-d18636aefe63,2012-09-21T17:51:43Z,2013-09-20T17:51:43Z,d18ef2e6-ef40-324c-be54-34a5ee865625,,Self,Corie618 Sofia418 Kohler843
ba419d35-0dfe-8af7-347c-eebf02485a56,ba419d35-0dfe-8af7-0129-483074c9d3bd,2013-09-20T17:51:43Z,2014-09-19T17:51:43Z,d18ef2e6-ef40-324c-be54-34a5ee865625,,Self,Corie618 Sofia418 Kohler843
ba419d35-0dfe-8af7-347c-eebf02485a56,ba419d35-0dfe-8af7-73ce-30fb57edb46e,2014-09-19T17:51:43Z,2015-09-18T17:51:43Z,d18ef2e6-ef40-324c-be54-34a5ee865625,,Self,Corie618 Sofia418 Kohler843
ba419d35-0dfe-8af7-347c-eebf02485a56,ba419d35-0dfe-8af7-c568-a95b038911a0,2015-09-18T17:51:43Z,2016-09-23T17:51:43Z,d18ef2e6-ef40-324c-be54-34a5ee865625,,Self,Corie618 Sofia418 Kohler843
ba419d35-0dfe-8af7-347c-eebf02485a56,ba419d35-0dfe-8af7-4628-8449de431b4d,2016-09-23T17:51:43Z,2017-09-22T17:51:43Z,d18ef2e6-ef40-324c-be54-34a5ee865625,,Self,Corie618 Sofia418 Kohler843
ba419d35-0dfe-8af7-347c-eebf02485a56,ba419d35-0dfe-8af7-7f56-4d2ffc76b751,2017-09-22T17:51:43Z,2018-09-21T17:51:43Z,d18ef2e6-ef40-324c-be54-34a5ee865625,,Self,Corie618 Sofia418 Kohler843
ba419d35-0dfe-8af7-347c-eebf02485a56,ba419d35-0dfe-8af7-1b2d-413888daf8b6,2018-09-21T17:51:43Z,2019-09-20T17:51:43Z,d18ef2e6-ef40-324c-be54-34a5ee865625,,Self,Corie618 Sofia418 Kohler843
ba419d35-0dfe-8af7-347c-eebf02485a56,ba419d35-0dfe-8af7-27b4-63e0788bd542,2019-09-20T17:51:43Z,2020-09-18T17:51:43Z,df166300-5a78-3502-a46a-832842197811,,Self,Corie618 Sofia418 Kohler843
ba419d35-0dfe-8af7-347c-eebf02485a56,ba419d35-0dfe-8af7-43dd-9469a7c52727,2020-09-18T17:51:43Z,2021-09-18T17:51:43Z,d18ef2e6-ef40-324c-be54-34a5ee865625,,Self,Corie618 Sofia418 Kohler843
982750f4-569b-5949-196b-60699bdda3fb,,1986-11-12T03:17:39Z,1987-11-18T03:17:39Z,e03e23c9-4df1-3eb6-a62d-f70f02301496,,,
982750f4-569b-5949-196b-60699bdda3fb,,1987-11-18T03:17:39Z,1988-11-16T03:17:39Z,e03e23c9-4df1-3eb6-a62d-f70f02301496,,,
982750f4-569b-5949-196b-60699bdda3fb,,1988-11-16T03:17:39Z,1989-11-15T03:17:39Z,e03e23c9-4df1-3eb6-a62d-f70f02301496,,,
982750f4-569b-5949-196b-60699bdda3fb,,1989-11-15T03:17:39Z,1990-11-14T03:17:39Z,e03e23c9-4df1-3eb6-a62d-f70f02301496,,,
982750f4-569b-5949-196b-60699bdda3fb,,1990-11-14T03:17:39Z,1991-11-13T03:17:39Z,e03e23c9-4df1-3eb6-a62d-f70f02301496,,,
982750f4-569b-5949-196b-60699bdda3fb,,1991-11-13T03:17:39Z,1992-11-18T03:17:39Z,e03e23c9-4df1-3eb6-a62d-f70f02301496,,,
982750f4-569b-5949-196b-60699bdda3fb,,1992-11-18T03:17:39Z,1993-11-17T03:17:39Z,e03e23c9-4df1-3eb6-a62d-f70f02301496,,,
982750f4-569b-5949-196b-60699bdda3fb,,1993-11-17T03:17:39Z,1994-11-16T03:17:39Z,e03e23c9-4df1-3eb6-a62d-f70f02301496,,,
982750f4-569b-5949-196b-60699bdda3fb,,1994-11-16T03:17:39Z,1995-11-15T03:17:39Z,e03e23c9-4df1-3eb6-a62d-f70f02301496,,,
982750f4-569b-5949-196b-60699bdda3fb,,1995-11-15T03:17:39Z,1996-11-13T03:17:39Z,e03e23c9-4df1-3eb6-a62d-f70f02301496,,,
982750f4-569b-5949-196b-60699bdda3fb,,1996-11-13T03:17:39Z,1997-11-12T03:17:39Z,e03e23c9-4df1-3eb6-a62d-f70f02301496,,,
982750f4-569b-5949-196b-60699bdda3fb,,1997-11-12T03:17:39Z,1998-11-18T03:17:39Z,e03e23c9-4df1-3eb6-a62d-f70f02301496,,,
982750f4-569b-5949-196b-60699bdda3fb,,1998-11-18T03:17:39Z,1999-11-17T03:17:39Z,e03e23c9-4df1-3eb6-a62d-f70f02301496,,,
982750f4-569b-5949-196b-60699bdda3fb,,1999-11-17T03:17:39Z,2000-11-15T03:17:39Z,e03e23c9-4df1-3eb6-a62d-f70f02301496,,,
982750f4-569b-5949-196b-60699bdda3fb,,2000-11-15T03:17:39Z,2001-11-14T03:17:39Z,e03e23c9-4df1-3eb6-a62d-f70f02301496,,,
982750f4-569b-5949-196b-60699bdda3fb,,2001-11-14T03:17:39Z,2002-11-13T03:17:39Z,e03e23c9-4df1-3eb6-a62d-f70f02301496,,,
982750f4-569b-5949-196b-60699bdda3fb,,2002-11-13T03:17:39Z,2003-11-12T03:17:39Z,e03e23c9-4df1-3eb6-a62d-f70f02301496,,,
982750f4-569b-5949-196b-60699bdda3fb,,2003-11-12T03:17:39Z,2004-11-17T03:17:39Z,e03e23c9-4df1-3eb6-a62d-f70f02301496,,,
982750f4-569b-5949-196b-60699bdda3fb,,2004-11-17T03:17:39Z,2005-11-16T03:17:39Z,e03e23c9-4df1-3eb6-a62d-f70f02301496,,,
982750f4-569b-5949-196b-60699bdda3fb,,2005-11-16T03:17:39Z,2006-11-15T03:17:39Z,e03e23c9-4df1-3eb6-a62d-f70f02301496,,,
982750f4-569b-5949-196b-60699bdda3fb,982750f4-569b-5949-de94-43918aa219f9,2006-11-15T03:17:39Z,2007-11-14T03:17:39Z,734afbd6-4794-363b-9bc0-6a3981533ed5,,Self,Dwana281 Schuppe920
982750f4-569b-5949-196b-60699bdda3fb,982750f4-569b-5949-8e77-c4f89f0d8c30,2007-11-14T03:17:39Z,2008-11-12T03:17:39Z,734afbd6-4794-363b-9bc0-6a3981533ed5,,Self,Dwana281 Schuppe920
982750f4-569b-5949-196b-60699bdda3fb,982750f4-569b-5949-c852-c6e2c4c01e53,2008-11-12T03:17:39Z,2009-11-18T03:17:39Z,734afbd6-4794-363b-9bc0-6a3981533ed5,,Self,Dwana281 Schuppe920
982750f4-569b-5949-196b-60699bdda3fb,982750f4-569b-5949-56fb-820a3b0ed0d7,2009-11-18T03:17:39Z,2010-11-17T03:17:39Z,734afbd6-4794-363b-9bc0-6a3981533ed5,,Self,Dwana281 Schuppe920
982750f4-569b-5949-196b-60699bdda3fb,982750f4-569b-5949-0496-6c261d820a2a,2010-11-17T03:17:39Z,2011-11-16T03:17:39Z,734afbd6-4794-363b-9bc0-6a3981533ed5,,Self,Dwana281 Schuppe920
982750f4-569b-5949-196b-60699bdda3fb,982750f4-569b-5949-59d9-11420b56aff8,2011-11-16T03:17:39Z,2012-11-14T03:17:39Z,734afbd6-4794-363b-9bc0-6a3981533ed5,,Self,Dwana281 Schuppe920
982750f4-569b-5949-196b-60699bdda3fb,982750f4-569b-5949-a35a-30cdfc946d1a,2012-11-14T03:17:39Z,2013-11-13T03:17:39Z,734afbd6-4794-363b-9bc0-6a3981533ed5,,Self,Dwana281 Schuppe920
982750f4-569b-5949-196b-60699bdda3fb,982750f4-569b-5949-9f4c-c74239c61903,2013-11-13T03:17:39Z,2014-11-12T03:17:39Z,734afbd6-4794-363b-9bc0-6a3981533ed5,,Self,Dwana281 Schuppe920
982750f4-569b-5949-196b-60699bdda3fb,982750f4-569b-5949-4706-64dcf783a11f,2014-11-12T03:17:39Z,2015-11-18T03:17:39Z,734afbd6-4794-363b-9bc0-6a3981533ed5,,Self,Dwana281 Schuppe920
982750f4-569b-5949-196b-60699bdda3fb,982750f4-569b-5949-f44c-7f2013e189bc,2015-11-18T03:17:39Z,2016-11-16T03:17:39Z,734afbd6-4794-363b-9bc0-6a3981533ed5,,Spouse,Mr. Wolf938
982750f4-569b-5949-196b-60699bdda3fb,982750f4-569b-5949-96c9-c059bf29b225,2016-11-16T03:17:39Z,2017-11-15T03:17:39Z,734afbd6-4794-363b-9bc0-6a3981533ed5,,Spouse,Mr. Wolf938
982750f4-569b-5949-196b-60699bdda3fb,982750f4-569b-5949-9aea-b89429d0395e,2017-11-15T03:17:39Z,2018-11-14T03:17:39Z,734afbd6-4794-363b-9bc0-6a3981533ed5,,Spouse,Mr. Wolf938
982750f4-569b-5949-196b-60699bdda3fb,982750f4-569b-5949-df1a-a35aff6d2823,2018-11-14T03:17:39Z,2019-11-13T03:17:39Z,734afbd6-4794-363b-9bc0-6a3981533ed5,,Self,Dwana281 Zora492 Wolf938
982750f4-569b-5949-196b-60699bdda3fb,982750f4-569b-5949-9b68-829fb93f85f1,2019-11-13T03:17:39Z,2020-11-18T03:17:39Z,734afbd6-4794-363b-9bc0-6a3981533ed5,,Spouse,Mr. Wolf938
982750f4-569b-5949-196b-60699bdda3fb,982750f4-569b-5949-106c-32287357522e,2020-11-18T03:17:39Z,2021-11-17T03:17:39Z,734afbd6-4794-363b-9bc0-6a3981533ed5,,Spouse,Mr. Wolf938
982750f4-569b-5949-196b-60699bdda3fb,982750f4-569b-5949-bd44-cb6f2a5912b9,2021-11-17T03:17:39Z,2022-11-16T03:17:39Z,734afbd6-4794-363b-9bc0-6a3981533ed5,,Self,Dwana281 Zora492 Wolf938
982750f4-569b-5949-196b-60699bdda3fb,982750f4-569b-5949-1a27-f64f83e0c22e,2022-11-16T03:17:39Z,2023-11-15T03:17:39Z,734afbd6-4794-363b-9bc0-6a3981533ed5,,Self,Dwana281 Zora492 Wolf938
982750f4-569b-5949-196b-60699bdda3fb,982750f4-569b-5949-6cdb-54c9cc51bd43,2023-11-15T03:17:39Z,2024-11-13T03:17:39Z,0133f751-9229-3cfd-815f-b6d4979bdd6a,,Spouse,Mr. Wolf938
982750f4-569b-5949-196b-60699bdda3fb,982750f4-569b-5949-5d56-b7a7d164d41e,2024-11-13T03:17:39Z,2025-11-12T03:17:39Z,0133f751-9229-3cfd-815f-b6d4979bdd6a,,Spouse,Mr. Wolf938
982750f4-569b-5949-196b-60699bdda3fb,982750f4-569b-5949-5ff2-3f1cd131e563,2025-11-12T03:17:39Z,2026-11-12T03:17:39Z,8fa6c185-e44e-3e34-8bd8-39be8694f4ce,,Self,Dwana281 Zora492 Wolf938
0f1067c3-9151-8829-56cd-2eff898db59c,,2009-06-18T15:50:58Z,2010-06-24T15:50:58Z,e03e23c9-4df1-3eb6-a62d-f70f02301496,,,
0f1067c3-9151-8829-56cd-2eff898db59c,,2010-06-24T15:50:58Z,2011-06-23T15:50:58Z,e03e23c9-4df1-3eb6-a62d-f70f02301496,,,
0f1067c3-9151-8829-56cd-2eff898db59c,,2011-06-23T15:50:58Z,2012-06-21T15:50:58Z,e03e23c9-4df1-3eb6-a62d-f70f02301496,,,
0f1067c3-9151-8829-56cd-2eff898db59c,,2012-06-21T15:50:58Z,2013-06-20T15:50:58Z,e03e23c9-4df1-3eb6-a62d-f70f02301496,,,
0f1067c3-9151-8829-56cd-2eff898db59c,,2013-06-20T15:50:58Z,2014-06-19T15:50:58Z,e03e23c9-4df1-3eb6-a62d-f70f02301496,,,
0f1067c3-9151-8829-56cd-2eff898db59c,,2014-06-19T15:50:58Z,2015-06-18T15:50:58Z,e03e23c9-4df1-3eb6-a62d-f70f02301496,,,
0f1067c3-9151-8829-56cd-2eff898db59c,,2015-06-18T15:50:58Z,2016-06-23T15:50:58Z,e03e23c9-4df1-3eb6-a62d-f70f02301496,,,
0f1067c3-9151-8829-56cd-2eff898db59c,,2016-06-23T15:50:58Z,2017-06-22T15:50:58Z,e03e23c9-4df1-3eb6-a62d-f70f02301496,,,
0f1067c3-9151-8829-56cd-2eff898db59c,,2017-06-22T15:50:58Z,2018-06-21T15:50:58Z,e03e23c9-4df1-3eb6-a62d-f70f02301496,,,
0f1067c3-9151-8829-56cd-2eff898db59c,,2018-06-21T15:50:58Z,2019-06-20T15:50:58Z,e03e23c9-4df1-3eb6-a62d-f70f02301496,,,
0f1067c3-9151-8829-56cd-2eff898db59c,,2019-06-20T15:50:58Z,2020-06-18T15:50:58Z,e03e23c9-4df1-3eb6-a62d-f70f02301496,,,
0f1067c3-9151-8829-56cd-2eff898db59c,,2020-06-18T15:50:58Z,2021-06-24T15:50:58Z,e03e23c9-4df1-3eb6-a62d-f70f02301496,,,
0f1067c3-9151-8829-56cd-2eff898db59c,,2021-06-24T15:50:58Z,2022-06-23T15:50:58Z,e03e23c9-4df1-3eb6-a62d-f70f02301496,,,
0f1067c3-9151-8829-56cd-2eff898db59c,,2022-06-23T15:50:58Z,2023-06-22T15:50:58Z,e03e23c9-4df1-3eb6-a62d-f70f02301496,,,
0f1067c3-9151-8829-56cd-2eff898db59c,0f1067c3-9151-8829-7655-57bb8f523af7,2023-06-22T15:50:58Z,2024-06-20T15:50:58Z,df166300-5a78-3502-a46a-832842197811,,Self,Virgie92 Aufderhar910
0f1067c3-9151-8829-56cd-2eff898db59c,,2024-06-20T15:50:58Z,2025-06-19T15:50:58Z,e03e23c9-4df1-3eb6-a62d-f70f02301496,,,
0f1067c3-9151-8829-56cd-2eff898db59c,0f1067c3-9151-8829-354c-00b70cc87abb,2025-06-19T15:50:58Z,2026-06-18T15:50:58Z,df166300-5a78-3502-a46a-832842197811,,Self,Virgie92 Aufderhar910
0f1067c3-9151-8829-56cd-2eff898db59c,,2026-06-18T15:50:58Z,2027-06-18T15:50:58Z,e03e23c9-4df1-3eb6-a62d-f70f02301496,,,
c053e996-a4c4-6c02-e2b6-284227156c67,c053e996-a4c4-6c02-a533-5b253758b0c7,2023-09-15T02:39:53Z,2024-09-20T02:39:53Z,0133f751-9229-3cfd-815f-b6d4979bdd6a,,Guardian,Branden904 Hagenes547
c053e996-a4c4-6c02-e2b6-284227156c67,c053e996-a4c4-6c02-b9b6-08972e244001,2024-09-20T02:39:53Z,2025-09-19T02:39:53Z,734afbd6-4794-363b-9bc0-6a3981533ed5,,Guardian,Dwana281 Auer97
c053e996-a4c4-6c02-e2b6-284227156c67,c053e996-a4c4-6c02-b9b6-08972e244001,2025-09-19T02:39:53Z,2026-09-18T02:39:53Z,734afbd6-4794-363b-9bc0-6a3981533ed5,,Guardian,Dwana281 Auer97
c053e996-a4c4-6c02-e2b6-284227156c67,c053e996-a4c4-6c02-b9b6-08972e244001,2026-09-18T02:39:53Z,2027-09-15T02:39:53Z,734afbd6-4794-363b-9bc0-6a3981533ed5,,Guardian,Dwana281 Auer97
80fcbdbc-e907-9bd5-2644-ad9ef5d6545b,,1969-03-03T02:28:54Z,1970-03-09T02:28:54Z,e03e23c9-4df1-3eb6-a62d-f70f02301496,,,
80fcbdbc-e907-9bd5-2644-ad9ef5d6545b,,1970-03-09T02:28:54Z,1971-03-08T02:28:54Z,e03e23c9-4df1-3eb6-a62d-f70f02301496,,,
80fcbdbc-e907-9bd5-2644-ad9ef5d6545b,,1971-03-08T02:28:54Z,1972-03-06T02:28:54Z,e03e23c9-4df1-3eb6-a62d-f70f02301496,,,
80fcbdbc-e907-9bd5-2644-ad9ef5d6545b,,1972-03-06T02:28:54Z,1973-03-05T02:28:54Z,e03e23c9-4df1-3eb6-a62d-f70f02301496,,,
80fcbdbc-e907-9bd5-2644-ad9ef5d6545b,,1973-03-05T02:28:54Z,1974-03-04T02:28:54Z,e03e23c9-4df1-3eb6-a62d-f70f02301496,,,
80fcbdbc-e907-9bd5-2644-ad9ef5d6545b,,1974-03-04T02:28:54Z,1975-03-03T02:28:54Z,e03e23c9-4df1-3eb6-a62d-f70f02301496,,,
80fcbdbc-e907-9bd5-2644-ad9ef5d6545b,,1975-03-03T02:28:54Z,1976-03-08T02:28:54Z,e03e23c9-4df1-3eb6-a62d-f70f02301496,,,
80fcbdbc-e907-9bd5-2644-ad9ef5d6545b,,1976-03-08T02:28:54Z,1977-03-07T02:28:54Z,e03e23c9-4df1-3eb6-a62d-f70f02301496,,,
80fcbdbc-e907-9bd5-2644-ad9ef5d6545b,,1977-03-07T02:28:54Z,1978-03-06T02:28:54Z,e03e23c9-4df1-3eb6-a62d-f70f02301496,,,
80fcbdbc-e907-9bd5-2644-ad9ef5d6545b,,1978-03-06T02:28:54Z,1979-03-05T02:28:54Z,e03e23c9-4df1-3eb6-a62d-f70f02301496,,,
80fcbdbc-e907-9bd5-2644-ad9ef5d6545b,,1979-03-05T02:28:54Z,1980-03-03T02:28:54Z,e03e23c9-4df1-3eb6-a62d-f70f02301496,,,
80fcbdbc-e907-9bd5-2644-ad9ef5d6545b,,1980-03-03T02:28:54Z,1981-03-09T02:28:54Z,e03e23c9-4df1-3eb6-a62d-f70f02301496,,,
80fcbdbc-e907-9bd5-2644-ad9ef5d6545b,,1981-03-09T02:28:54Z,1982-03-08T02:28:54Z,e03e23c9-4df1-3eb6-a62d-f70f02301496,,,
80fcbdbc-e907-9bd5-2644-ad9ef5d6545b,,1982-03-08T02:28:54Z,1983-03-07T02:28:54Z,e03e23c9-4df1-3eb6-a62d-f70f02301496,,,
80fcbdbc-e907-9bd5-2644-ad9ef5d6545b,,1983-03-07T02:28:54Z,1984-03-05T02:28:54Z,e03e23c9-4df1-3eb6-a62d-f70f02301496,,,
80fcbdbc-e907-9bd5-2644-ad9ef5d6545b,,1984-03-05T02:28:54Z,1985-03-04T02:28:54Z,e03e23c9-4df1-3eb6-a62d-f70f02301496,,,
80fcbdbc-e907-9bd5-2644-ad9ef5d6545b,,1985-03-04T02:28:54Z,1986-03-03T02:28:54Z,e03e23c9-4df1-3eb6-a62d-f70f02301496,,,
80fcbdbc-e907-9bd5-2644-ad9ef5d6545b,,1986-03-03T02:28:54Z,1987-03-09T02:28:54Z,e03e23c9-4df1-3eb6-a62d-f70f02301496,,,
80fcbdbc-e907-9bd5-2644-ad9ef5d6545b,,1987-03-09T02:28:54Z,1988-03-07T02:28:54Z,e03e23c9-4df1-3eb6-a62d-f70f02301496,,,
80fcbdbc-e907-9bd5-2644-ad9ef5d6545b,,1988-03-07T02:28:54Z,1989-03-06T02:28:54Z,e03e23c9-4df1-3eb6-a62d-f70f02301496,,,
80fcbdbc-e907-9bd5-2644-ad9ef5d6545b,,1989-03-06T02:28:54Z,1990-03-05T02:28:54Z,e03e23c9-4df1-3eb6-a62d-f70f02301496,,,
80fcbdbc-e907-9bd5-2644-ad9ef5d6545b,,1990-03-05T02:28:54Z,1991-03-04T02:28:54Z,e03e23c9-4df1-3eb6-a62d-f70f02301496,,,
80fcbdbc-e907-9bd5-2644-ad9ef5d6545b,,1991-03-04T02:28:54Z,1992-03-09T02:28:54Z,e03e23c9-4df1-3eb6-a62d-f70f02301496,,,
80fcbdbc-e907-9bd5-2644-ad9ef5d6545b,,1992-03-09T02:28:54Z,1993-03-08T02:28:54Z,e03e23c9-4df1-3eb6-a62d-f70f02301496,,,
80fcbdbc-e907-9bd5-2644-ad9ef5d6545b,,1993-03-08T02:28:54Z,1994-03-07T02:28:54Z,e03e23c9-4df1-3eb6-a62d-f70f02301496,,,
80fcbdbc-e907-9bd5-2644-ad9ef5d6545b,,1994-03-07T02:28:54Z,1995-03-06T02:28:54Z,e03e23c9-4df1-3eb6-a62d-f70f02301496,,,
80fcbdbc-e907-9bd5-2644-ad9ef5d6545b,,1995-03-06T02:28:54Z,1996-03-04T02:28:54Z,e03e23c9-4df1-3eb6-a62d-f70f02301496,,,
80fcbdbc-e907-9bd5-2644-ad9ef5d6545b,,1996-03-04T02:28:54Z,1997-03-03T02:28:54Z,e03e23c9-4df1-3eb6-a62d-f70f02301496,,,
80fcbdbc-e907-9bd5-2644-ad9ef5d6545b,,1997-03-03T02:28:54Z,1998-03-09T02:28:54Z,e03e23c9-4df1-3eb6-a62d-f70f02301496,,,
80fcbdbc-e907-9bd5-2644-ad9ef5d6545b,,1998-03-09T02:28:54Z,1999-03-08T02:28:54Z,e03e23c9-4df1-3eb6-a62d-f70f02301496,,,
80fcbdbc-e907-9bd5-2644-ad9ef5d6545b,,1999-03-08T02:28:54Z,2000-03-06T02:28:54Z,e03e23c9-4df1-3eb6-a62d-f70f02301496,,,
80fcbdbc-e907-9bd5-2644-ad9ef5d6545b,,2000-03-06T02:28:54Z,2001-03-05T02:28:54Z,e03e23c9-4df1-3eb6-a62d-f70f02301496,,,
80fcbdbc-e907-9bd5-2644-ad9ef5d6545b,,2001-03-05T02:28:54Z,2002-03-04T02:28:54Z,e03e23c9-4df1-3eb6-a62d-f70f02301496,,,
80fcbdbc-e907-9bd5-2644-ad9ef5d6545b,,2002-03-04T02:28:54Z,2003-03-03T02:28:54Z,e03e23c9-4df1-3eb6-a62d-f70f02301496,,,
80fcbdbc-e907-9bd5-2644-ad9ef5d6545b,,2003-03-03T02:28:54Z,2004-03-08T02:28:54Z,e03e23c9-4df1-3eb6-a62d-f70f02301496,,,
80fcbdbc-e907-9bd5-2644-ad9ef5d6545b,,2004-03-08T02:28:54Z,2005-03-07T02:28:54Z,e03e23c9-4df1-3eb6-a62d-f70f02301496,,,
80fcbdbc-e907-9bd5-2644-ad9ef5d6545b,,2005-03-07T02:28:54Z,2006-03-06T02:28:54Z,e03e23c9-4df1-3eb6-a62d-f70f02301496,,,
80fcbdbc-e907-9bd5-2644-ad9ef5d6545b,80fcbdbc-e907-9bd5-ded8-db7c04718119,2006-03-06T02:28:54Z,2007-03-05T02:28:54Z,26aab0cd-6aba-3e1b-ac5b-05c8867e762c,,Spouse,Mrs. Aponte375
80fcbdbc-e907-9bd5-2644-ad9ef5d6545b,80fcbdbc-e907-9bd5-6904-64d9e8308b83,2007-03-05T02:28:54Z,2008-03-03T02:28:54Z,26aab0cd-6aba-3e1b-ac5b-05c8867e762c,,Self,Jaime666 Aponte375
80fcbdbc-e907-9bd5-2644-ad9ef5d6545b,80fcbdbc-e907-9bd5-bd13-3a143ee2d90a,2008-03-03T02:28:54Z,2009-03-09T02:28:54Z,26aab0cd-6aba-3e1b-ac5b-05c8867e762c,,Self,Jaime666 Aponte375
80fcbdbc-e907-9bd5-2644-ad9ef5d6545b,80fcbdbc-e907-9bd5-3bd4-e947df00652c,2009-03-09T02:28:54Z,2010-03-08T02:28:54Z,26aab0cd-6aba-3e1b-ac5b-05c8867e762c,,Spouse,Mrs. Aponte375
80fcbdbc-e907-9bd5-2644-ad9ef5d6545b,80fcbdbc-e907-9bd5-1c96-623d5349d367,2010-03-08T02:28:54Z,2011-03-07T02:28:54Z,26aab0cd-6aba-3e1b-ac5b-05c8867e762c,,Self,Jaime666 Aponte375
80fcbdbc-e907-9bd5-2644-ad9ef5d6545b,80fcbdbc-e907-9bd5-42b6-0bd52cf45463,2011-03-07T02:28:54Z,2012-03-05T02:28:54Z,26aab0cd-6aba-3e1b-ac5b-05c8867e762c,,Self,Jaime666 Aponte375
80fcbdbc-e907-9bd5-2644-ad9ef5d6545b,80fcbdbc-e907-9bd5-2cae-c215dbf900e3,2012-03-05T02:28:54Z,2013-03-04T02:28:54Z,a735bf55-83e9-331a-899d-a82a60b9f60c,b046940f-1664-3047-bca7-dfa76be352a4,Self,Jaime666 Aponte375
80fcbdbc-e907-9bd5-2644-ad9ef5d6545b,80fcbdbc-e907-9bd5-2a7e-c4779c085c47,2013-03-04T02:28:54Z,2014-03-03T02:28:54Z,a735bf55-83e9-331a-899d-a82a60b9f60c,,Spouse,Mrs. Aponte375
80fcbdbc-e907-9bd5-2644-ad9ef5d6545b,80fcbdbc-e907-9bd5-6df3-06c6123d693e,2014-03-03T02:28:54Z,2015-03-09T02:28:54Z,a735bf55-83e9-331a-899d-a82a60b9f60c,b046940f-1664-3047-bca7-dfa76be352a4,Spouse,Mrs. Aponte375
80fcbdbc-e907-9bd5-2644-ad9ef5d6545b,80fcbdbc-e907-9bd5-75e3-61063dcc3f8f,2015-03-09T02:28:54Z,2016-03-07T02:28:54Z,a735bf55-83e9-331a-899d-a82a60b9f60c,b046940f-1664-3047-bca7-dfa76be352a4,Spouse,Mrs. Aponte375
80fcbdbc-e907-9bd5-2644-ad9ef5d6545b,80fcbdbc-e907-9bd5-de7f-673455c4cb31,2016-03-07T02:28:54Z,2017-03-06T02:28:54Z,a735bf55-83e9-331a-899d-a82a60b9f60c,b046940f-1664-3047-bca7-dfa76be352a4,Spouse,Mrs. Aponte375
80fcbdbc-e907-9bd5-2644-ad9ef5d6545b,80fcbdbc-e907-9bd5-7d3f-147d7cf5a414,2017-03-06T02:28:54Z,2018-03-05T02:28:54Z,a735bf55-83e9-331a-899d-a82a60b9f60c,b046940f-1664-3047-bca7-dfa76be352a4,Self,Jaime666 Aponte375
80fcbdbc-e907-9bd5-2644-ad9ef5d6545b,80fcbdbc-e907-9bd5-cfb3-031d9a32e5e0,2018-03-05T02:28:54Z,2019-03-04T02:28:54Z,a735bf55-83e9-331a-899d-a82a60b9f60c,,Spouse,Mrs. Aponte375
80fcbdbc-e907-9bd5-2644-ad9ef5d6545b,80fcbdbc-e907-9bd5-8c8f-85673e35a4d1,2019-03-04T02:28:54Z,2020-03-09T02:28:54Z,a735bf55-83e9-331a-899d-a82a60b9f60c,b046940f-1664-3047-bca7-dfa76be352a4,Spouse,Mrs. Aponte375
80fcbdbc-e907-9bd5-2644-ad9ef5d6545b,80fcbdbc-e907-9bd5-8e84-b881ffc83c84,2020-03-09T02:28:54Z,2021-03-08T02:28:54Z,a735bf55-83e9-331a-899d-a82a60b9f60c,b046940f-1664-3047-bca7-dfa76be352a4,Spouse,Mrs. Aponte375
80fcbdbc-e907-9bd5-2644-ad9ef5d6545b,80fcbdbc-e907-9bd5-e609-9523695af2fb,2021-03-08T02:28:54Z,2022-03-07T02:28:54Z,a735bf55-83e9-331a-899d-a82a60b9f60c,b046940f-1664-3047-bca7-dfa76be352a4,Spouse,Mrs. Aponte375
80fcbdbc-e907-9bd5-2644-ad9ef5d6545b,80fcbdbc-e907-9bd5-45c9-4c25baa73f2f,2022-03-07T02:28:54Z,2023-03-06T02:28:54Z,a735bf55-83e9-331a-899d-a82a60b9f60c,b046940f-1664-3047-bca7-dfa76be352a4,Self,Jaime666 Aponte375
80fcbdbc-e907-9bd5-2644-ad9ef5d6545b,80fcbdbc-e907-9bd5-a9f3-426cc7ea1cff,2023-03-06T02:28:54Z,2024-03-04T02:28:54Z,a735bf55-83e9-331a-899d-a82a60b9f60c,b046940f-1664-3047-bca7-dfa76be352a4,Spouse,Mrs. Aponte375
80fcbdbc-e907-9bd5-2644-ad9ef5d6545b,80fcbdbc-e907-9bd5-fe84-07ab38eeecfd,2024-03-04T02:28:54Z,2025-03-03T02:28:54Z,a735bf55-83e9-331a-899d-a82a60b9f60c,b046940f-1664-3047-bca7-dfa76be352a4,Spouse,Mrs. Aponte375
80fcbdbc-e907-9bd5-2644-ad9ef5d6545b,80fcbdbc-e907-9bd5-d46c-623e9574c7da,2025-03-03T02:28:54Z,2026-03-09T02:28:54Z,a735bf55-83e9-331a-899d-a82a60b9f60c,b046940f-1664-3047-bca7-dfa76be352a4,Self,Jaime666 Aponte375
80fcbdbc-e907-9bd5-2644-ad9ef5d6545b,80fcbdbc-e907-9bd5-25b5-bc2aae40147c,2026-03-09T02:28:54Z,2027-03-03T02:28:54Z,a735bf55-83e9-331a-899d-a82a60b9f60c,b046940f-1664-3047-bca7-dfa76be352a4,Spouse,Mrs. Aponte375
bff9d9d5-ee3d-d852-9c67-36d8361a4a4a,bff9d9d5-ee3d-d852-aa92-59c4b50dccbb,1969-02-02T02:07:40Z,1970-02-01T02:07:40Z,b046940f-1664-3047-bca7-dfa76be352a4,,Self,Rosario163 Ortiz186
bff9d9d5-ee3d-d852-9c67-36d8361a4a4a,bff9d9d5-ee3d-d852-40f0-73a7f0750e48,1970-02-01T02:07:40Z,1971-01-31T02:07:40Z,b046940f-1664-3047-bca7-dfa76be352a4,,Self,Rosario163 Ortiz186
bff9d9d5-ee3d-d852-9c67-36d8361a4a4a,bff9d9d5-ee3d-d852-18ab-59434664effe,1971-01-31T02:07:40Z,1972-01-30T02:07:40Z,b046940f-1664-3047-bca7-dfa76be352a4,,Self,Rosario163 Ortiz186
bff9d9d5-ee3d-d852-9c67-36d8361a4a4a,bff9d9d5-ee3d-d852-ab54-f6406c0393c3,1972-01-30T02:07:40Z,1973-01-28T02:07:40Z,b046940f-1664-3047-bca7-dfa76be352a4,,Self,Rosario163 Ortiz186
bff9d9d5-ee3d-d852-9c67-36d8361a4a4a,bff9d9d5-ee3d-d852-45fc-50c3cce5ec81,1973-01-28T02:07:40Z,1974-02-03T02:07:40Z,b046940f-1664-3047-bca7-dfa76be352a4,,Self,Rosario163 Ortiz186
bff9d9d5-ee3d-d852-9c67-36d8361a4a4a,bff9d9d5-ee3d-d852-225b-c5d819045a5d,1974-02-03T02:07:40Z,1975-02-02T02:07:40Z,b046940f-1664-3047-bca7-dfa76be352a4,,Self,Rosario163 Ortiz186
bff9d9d5-ee3d-d852-9c67-36d8361a4a4a,bff9d9d5-ee3d-d852-ceda-776fb5d73afe,1975-02-02T02:07:40Z,1976-02-01T02:07:40Z,b046940f-1664-3047-bca7-dfa76be352a4,,Self,Rosario163 Ortiz186
bff9d9d5-ee3d-d852-9c67-36d8361a4a4a,bff9d9d5-ee3d-d852-2abb-18755c9fc939,1976-02-01T02:07:40Z,1977-01-30T02:07:40Z,b046940f-1664-3047-bca7-dfa76be352a4,,Self,Rosario163 Ortiz186
bff9d9d5-ee3d-d852-9c67-36d8361a4a4a,bff9d9d5-ee3d-d852-3d30-0e9c8bb8039a,1977-01-30T02:07:40Z,1978-01-29T02:07:40Z,b046940f-1664-3047-bca7-dfa76be352a4,,Self,Rosario163 Ortiz186
bff9d9d5-ee3d-d852-9c67-36d8361a4a4a,bff9d9d5-ee3d-d852-88d1-2b6d23f5ee8e,1978-01-29T02:07:40Z,1979-01-28T02:07:40Z,b046940f-1664-3047-bca7-dfa76be352a4,,Self,Rosario163 Ortiz186
bff9d9d5-ee3d-d852-9c67-36d8361a4a4a,bff9d9d5-ee3d-d852-2bb2-1028c6128e2c,1979-01-28T02:07:40Z,1980-02-03T02:07:40Z,b046940f-1664-3047-bca7-dfa76be352a4,,Self,Rosario163 Ortiz186
bff9d9d5-ee3d-d852-9c67-36d8361a4a4a,bff9d9d5-ee3d-d852-6ee9-bf5e51f7380d,1980-02-03T02:07:40Z,1981-02-01T02:07:40Z,b046940f-1664-3047-bca7-dfa76be352a4,,Self,Rosario163 Ortiz186
bff9d9d5-ee3d-d852-9c67-36d8361a4a4a,bff9d9d5-ee3d-d852-02ed-6a3a2ecaf84a,1981-02-01T02:07:40Z,1982-01-31T02:07:40Z,b046940f-1664-3047-bca7-dfa76be352a4,,Self,Rosario163 Ortiz186
bff9d9d5-ee3d-d852-9c67-36d8361a4a4a,bff9d9d5-ee3d-d852-cb4b-d69226ef6ae1,1982-01-31T02:07:40Z,1983-01-30T02:07:40Z,b046940f-1664-3047-bca7-dfa76be352a4,,Self,Rosario163 Ortiz186
bff9d9d5-ee3d-d852-9c67-36d8361a4a4a,bff9d9d5-ee3d-d852-08e2-cf79edfd368c,1983-01-30T02:07:40Z,1984-01-29T02:07:40Z,b046940f-1664-3047-bca7-dfa76be352a4,,Self,Rosario163 Ortiz186
bff9d9d5-ee3d-d852-9c67-36d8361a4a4a,bff9d9d5-ee3d-d852-42d0-aa5915130af0,1984-01-29T02:07:40Z,1985-02-03T02:07:40Z,b046940f-1664-3047-bca7-dfa76be352a4,,Self,Rosario163 Ortiz186
bff9d9d5-ee3d-d852-9c67-36d8361a4a4a,bff9d9d5-ee3d-d852-9dea-d717db12011b,1985-02-03T02:07:40Z,1986-02-02T02:07:40Z,b046940f-1664-3047-bca7-dfa76be352a4,,Self,Rosario163 Ortiz186
bff9d9d5-ee3d-d852-9c67-36d8361a4a4a,bff9d9d5-ee3d-d852-f7e1-b4d51af0a27f,1986-02-02T02:07:40Z,1987-02-01T02:07:40Z,b046940f-1664-3047-bca7-dfa76be352a4,,Self,Rosario163 Ortiz186
bff9d9d5-ee3d-d852-9c67-36d8361a4a4a,bff9d9d5-ee3d-d852-7a6b-ce8ac4eb9e61,1987-02-01T02:07:40Z,1988-01-31T02:07:40Z,b046940f-1664-3047-bca7-dfa76be352a4,,Self,Rosario163 Ortiz186
bff9d9d5-ee3d-d852-9c67-36d8361a4a4a,bff9d9d5-ee3d-d852-c2d3-c89b6b806d48,1988-01-31T02:07:40Z,1989-01-29T02:07:40Z,b046940f-1664-3047-bca7-dfa76be352a4,,Self,Rosario163 Ortiz186
bff9d9d5-ee3d-d852-9c67-36d8361a4a4a,bff9d9d5-ee3d-d852-96e0-d5e112b79664,1989-01-29T02:07:40Z,1990-01-28T02:07:40Z,b046940f-1664-3047-bca7-dfa76be352a4,,Self,Rosario163 Ortiz186
bff9d9d5-ee3d-d852-9c67-36d8361a4a4a,bff9d9d5-ee3d-d852-2294-4b8c2093e184,1990-01-28T02:07:40Z,1991-02-03T02:07:40Z,b046940f-1664-3047-bca7-dfa76be352a4,,Self,Rosario163 Ortiz186
bff9d9d5-ee3d-d852-9c67-36d8361a4a4a,bff9d9d5-ee3d-d852-470b-9e7438f52259,1991-02-03T02:07:40Z,1992-02-02T02:07:40Z,b046940f-1664-3047-bca7-dfa76be352a4,,Self,Rosario163 Ortiz186
bff9d9d5-ee3d-d852-9c67-36d8361a4a4a,bff9d9d5-ee3d-d852-8861-08c85746dfa8,1992-02-02T02:07:40Z,1993-01-31T02:07:40Z,b046940f-1664-3047-bca7-dfa76be352a4,,Self,Rosario163 Ortiz186
bff9d9d5-ee3d-d852-9c67-36d8361a4a4a,bff9d9d5-ee3d-d852-7192-a97a546fb75e,1993-01-31T02:07:40Z,1994-01-30T02:07:40Z,b046940f-1664-3047-bca7-dfa76be352a4,,Self,Rosario163 Ortiz186
bff9d9d5-ee3d-d852-9c67-36d8361a4a4a,bff9d9d5-ee3d-d852-9f6b-2150ce8392ed,1994-01-30T02:07:40Z,1995-01-29T02:07:40Z,b046940f-1664-3047-bca7-dfa76be352a4,,Self,Rosario163 Ortiz186
bff9d9d5-ee3d-d852-9c67-36d8361a4a4a,bff9d9d5-ee3d-d852-9dc3-138b239df690,1995-01-29T02:07:40Z,1996-01-28T02:07:40Z,b046940f-1664-3047-bca7-dfa76be352a4,,Self,Rosario163 Ortiz186
bff9d9d5-ee3d-d852-9c67-36d8361a4a4a,bff9d9d5-ee3d-d852-9766-2e307f8ac545,1996-01-28T02:07:40Z,1997-02-02T02:07:40Z,b046940f-1664-3047-bca7-dfa76be352a4,,Self,Rosario163 Ortiz186
bff9d9d5-ee3d-d852-9c67-36d8361a4a4a,bff9d9d5-ee3d-d852-c9b9-108b30c900ef,1997-02-02T02:07:40Z,1998-02-01T02:07:40Z,b046940f-1664-3047-bca7-dfa76be352a4,,Self,Rosario163 Ortiz186
bff9d9d5-ee3d-d852-9c67-36d8361a4a4a,bff9d9d5-ee3d-d852-220b-3cef4458ac03,1998-02-01T02:07:40Z,1999-01-31T02:07:40Z,b046940f-1664-3047-bca7-dfa76be352a4,,Self,Rosario163 Ortiz186
bff9d9d5-ee3d-d852-9c67-36d8361a4a4a,bff9d9d5-ee3d-d852-3860-bff6eb955a28,1999-01-31T02:07:40Z,2000-01-30T02:07:40Z,b046940f-1664-3047-bca7-dfa76be352a4,,Self,Rosario163 Ortiz186
bff9d9d5-ee3d-d852-9c67-36d8361a4a4a,bff9d9d5-ee3d-d852-850d-512d276aa9ae,2000-01-30T02:07:40Z,2001-01-28T02:07:40Z,b046940f-1664-3047-bca7-dfa76be352a4,,Self,Rosario163 Ortiz186
bff9d9d5-ee3d-d852-9c67-36d8361a4a4a,bff9d9d5-ee3d-d852-b41c-2445121f27fb,2001-01-28T02:07:40Z,2002-02-03T02:07:40Z,b046940f-1664-3047-bca7-dfa76be352a4,,Self,Rosario163 Ortiz186
bff9d9d5-ee3d-d852-9c67-36d8361a4a4a,bff9d9d5-ee3d-d852-814c-de21596bd2fa,2002-02-03T02:07:40Z,2003-02-02T02:07:40Z,b046940f-1664-3047-bca7-dfa76be352a4,,Self,Rosario163 Ortiz186
bff9d9d5-ee3d-d852-9c67-36d8361a4a4a,bff9d9d5-ee3d-d852-dd38-b686706d181d,2003-02-02T02:07:40Z,2004-02-01T02:07:40Z,b046940f-1664-3047-bca7-dfa76be352a4,,Self,Rosario163 Ortiz186
bff9d9d5-ee3d-d852-9c67-36d8361a4a4a,bff9d9d5-ee3d-d852-ab92-639638f28554,2004-02-01T02:07:40Z,2005-01-30T02:07:40Z,b046940f-1664-3047-bca7-dfa76be352a4,,Self,Rosario163 Ortiz186
bff9d9d5-ee3d-d852-9c67-36d8361a4a4a,bff9d9d5-ee3d-d852-ef6c-90f6e310faec,2005-01-30T02:07:40Z,2006-01-29T02:07:40Z,b046940f-1664-3047-bca7-dfa76be352a4,,Self,Rosario163 Ortiz186
bff9d9d5-ee3d-d852-9c67-36d8361a4a4a,bff9d9d5-ee3d-d852-27de-0cbb2f18743b,2006-01-29T02:07:40Z,2007-01-28T02:07:40Z,b046940f-1664-3047-bca7-dfa76be352a4,,Self,Rosario163 Ortiz186
bff9d9d5-ee3d-d852-9c67-36d8361a4a4a,bff9d9d5-ee3d-d852-c6d3-bf710b909d6d,2007-01-28T02:07:40Z,2008-02-03T02:07:40Z,b046940f-1664-3047-bca7-dfa76be352a4,,Self,Rosario163 Ortiz186
bff9d9d5-ee3d-d852-9c67-36d8361a4a4a,bff9d9d5-ee3d-d852-5c8f-efd73be3fbff,2008-02-03T02:07:40Z,2009-02-01T02:07:40Z,b046940f-1664-3047-bca7-dfa76be352a4,,Self,Rosario163 Ortiz186
bff9d9d5-ee3d-d852-9c67-36d8361a4a4a,bff9d9d5-ee3d-d852-4257-e9b7f3cc7ee8,2009-02-01T02:07:40Z,2010-01-31T02:07:40Z,b046940f-1664-3047-bca7-dfa76be352a4,,Self,Rosario163 Ortiz186
bff9d9d5-ee3d-d852-9c67-36d8361a4a4a,bff9d9d5-ee3d-d852-7a80-1bd1ba8137fb,2010-01-31T02:07:40Z,2011-01-30T02:07:40Z,a735bf55-83e9-331a-899d-a82a60b9f60c,b046940f-1664-3047-bca7-dfa76be352a4,Self,Rosario163 Ortiz186
bff9d9d5-ee3d-d852-9c67-36d8361a4a4a,bff9d9d5-ee3d-d852-463e-db4104679bda,2011-01-30T02:07:40Z,2012-01-29T02:07:40Z,a735bf55-83e9-331a-899d-a82a60b9f60c,b046940f-1664-3047-bca7-dfa76be352a4,Self,Rosario163 Ortiz186
bff9d9d5-ee3d-d852-9c67-36d8361a4a4a,bff9d9d5-ee3d-d852-e026-539f91ae2210,2012-01-29T02:07:40Z,2013-02-03T02:07:40Z,a735bf55-83e9-331a-899d-a82a60b9f60c,b046940f-1664-3047-bca7-dfa76be352a4,Self,Rosario163 Ortiz186
bff9d9d5-ee3d-d852-9c67-36d8361a4a4a,bff9d9d5-ee3d-d852-f471-2ac044d329b8,2013-02-03T02:07:40Z,2014-02-02T02:07:40Z,a735bf55-83e9-331a-899d-a82a60b9f60c,b046940f-1664-3047-bca7-dfa76be352a4,Self,Rosario163 Ortiz186
bff9d9d5-ee3d-d852-9c67-36d8361a4a4a,bff9d9d5-ee3d-d852-4bb7-aff7e0e65d37,2014-02-02T02:07:40Z,2015-02-01T02:07:40Z,a735bf55-83e9-331a-899d-a82a60b9f60c,b046940f-1664-3047-bca7-dfa76be352a4,Self,Rosario163 Ortiz186
bff9d9d5-ee3d-d852-9c67-36d8361a4a4a,bff9d9d5-ee3d-d852-fabd-4b35e098ada1,2015-02-01T02:07:40Z,2016-01-31T02:07:40Z,a735bf55-83e9-331a-899d-a82a60b9f60c,b046940f-1664-3047-bca7-dfa76be352a4,Self,Rosario163 Ortiz186
bff9d9d5-ee3d-d852-9c67-36d8361a4a4a,bff9d9d5-ee3d-d852-d9b1-e9ce1a32ef32,2016-01-31T02:07:40Z,2017-01-29T02:07:40Z,a735bf55-83e9-331a-899d-a82a60b9f60c,b046940f-1664-3047-bca7-dfa76be352a4,Self,Rosario163 Ortiz186
bff9d9d5-ee3d-d852-9c67-36d8361a4a4a,bff9d9d5-ee3d-d852-d78a-2ba925166fdf,2017-01-29T02:07:40Z,2018-01-28T02:07:40Z,a735bf55-83e9-331a-899d-a82a60b9f60c,b046940f-1664-3047-bca7-dfa76be352a4,Self,Rosario163 Ortiz186
bff9d9d5-ee3d-d852-9c67-36d8361a4a4a,bff9d9d5-ee3d-d852-1017-0668511ee9fb,2018-01-28T02:07:40Z,2019-02-03T02:07:40Z,a735bf55-83e9-331a-899d-a82a60b9f60c,,Self,Rosario163 Ortiz186
bff9d9d5-ee3d-d852-9c67-36d8361a4a4a,bff9d9d5-ee3d-d852-7d29-9832b420ac27,2019-02-03T02:07:40Z,2020-02-02T02:07:40Z,a735bf55-83e9-331a-899d-a82a60b9f60c,b046940f-1664-3047-bca7-dfa76be352a4,Self,Rosario163 Ortiz186
bff9d9d5-ee3d-d852-9c67-36d8361a4a4a,bff9d9d5-ee3d-d852-2d8e-538c37fe3331,2020-02-02T02:07:40Z,2021-01-31T02:07:40Z,a735bf55-83e9-331a-899d-a82a60b9f60c,b046940f-1664-3047-bca7-dfa76be352a4,Self,Rosario163 Ortiz186
bff9d9d5-ee3d-d852-9c67-36d8361a4a4a,bff9d9d5-ee3d-d852-bb39-a98049e86ce0,2021-01-31T02:07:40Z,2022-01-30T02:07:40Z,a735bf55-83e9-331a-899d-a82a60b9f60c,b046940f-1664-3047-bca7-dfa76be352a4,Self,Rosario163 Ortiz186
bff9d9d5-ee3d-d852-9c67-36d8361a4a4a,bff9d9d5-ee3d-d852-2938-95bf32cbc25c,2022-01-30T02:07:40Z,2023-01-29T02:07:40Z,a735bf55-83e9-331a-899d-a82a60b9f60c,b046940f-1664-3047-bca7-dfa76be352a4,Self,Rosario163 Ortiz186
bff9d9d5-ee3d-d852-9c67-36d8361a4a4a,bff9d9d5-ee3d-d852-dd64-0136483c8489,2023-01-29T02:07:40Z,2024-01-28T02:07:40Z,a735bf55-83e9-331a-899d-a82a60b9f60c,b046940f-1664-3047-bca7-dfa76be352a4,Self,Rosario163 Ortiz186
bff9d9d5-ee3d-d852-9c67-36d8361a4a4a,bff9d9d5-ee3d-d852-b811-80649b8a8b25,2024-01-28T02:07:40Z,2025-02-02T02:07:40Z,a735bf55-83e9-331a-899d-a82a60b9f60c,b046940f-1664-3047-bca7-dfa76be352a4,Self,Rosario163 Ortiz186
bff9d9d5-ee3d-d852-9c67-36d8361a4a4a,bff9d9d5-ee3d-d852-dc15-c3b6f963d04f,2025-02-02T02:07:40Z,2026-02-01T02:07:40Z,a735bf55-83e9-331a-899d-a82a60b9f60c,b046940f-1664-3047-bca7-dfa76be352a4,Self,Rosario163 Ortiz186
bff9d9d5-ee3d-d852-9c67-36d8361a4a4a,bff9d9d5-ee3d-d852-20c0-f3f01540f379,2026-02-01T02:07:40Z,2027-01-28T02:07:40Z,a735bf55-83e9-331a-899d-a82a60b9f60c,b046940f-1664-3047-bca7-dfa76be352a4,Self,Rosario163 Ortiz186
35b353dd-402b-571a-d67a-af0a104d0854,35b353dd-402b-571a-5e5e-7bd1d9c09d3c,1969-09-20T16:47:43Z,1970-09-19T16:47:43Z,b046940f-1664-3047-bca7-dfa76be352a4,,Self,Jody426 Monahan736
35b353dd-402b-571a-d67a-af0a104d0854,35b353dd-402b-571a-357a-de19edcbf0c9,1970-09-19T16:47:43Z,1971-09-18T16:47:43Z,b046940f-1664-3047-bca7-dfa76be352a4,,Self,Jody426 Monahan736
35b353dd-402b-571a-d67a-af0a104d0854,35b353dd-402b-571a-1246-e19df85d2ad2,1971-09-18T16:47:43Z,1972-09-23T16:47:43Z,b046940f-1664-3047-bca7-dfa76be352a4,,Self,Jody426 Monahan736
35b353dd-402b-571a-d67a-af0a104d0854,35b353dd-402b-571a-9af6-d72e26082957,1972-09-23T16:47:43Z,1973-09-22T16:47:43Z,b046940f-1664-3047-bca7-dfa76be352a4,,Spouse,Mrs. Monahan736
35b353dd-402b-571a-d67a-af0a104d0854,35b353dd-402b-571a-4462-19526fcadd74,1973-09-22T16:47:43Z,1974-09-21T16:47:43Z,b046940f-1664-3047-bca7-dfa76be352a4,,Self,Jody426 Monahan736
35b353dd-402b-571a-d67a-af0a104d0854,35b353dd-402b-571a-3493-0402ecfb7c5d,1974-09-21T16:47:43Z,1975-09-20T16:47:43Z,b046940f-1664-3047-bca7-dfa76be352a4,,Self,Jody426 Monahan736
35b353dd-402b-571a-d67a-af0a104d0854,35b353dd-402b-571a-a599-d21764a9c60b,1975-09-20T16:47:43Z,1976-09-18T16:47:43Z,b046940f-1664-3047-bca7-dfa76be352a4,,Spouse,Mrs. Monahan736
35b353dd-402b-571a-d67a-af0a104d0854,35b353dd-402b-571a-a1ca-45a7012d21e6,1976-09-18T16:47:43Z,1977-09-24T16:47:43Z,b046940f-1664-3047-bca7-dfa76be352a4,,Self,Jody426 Monahan736
35b353dd-402b-571a-d67a-af0a104d0854,35b353dd-402b-571a-d3be-36d9e2d5a71a,1977-09-24T16:47:43Z,1978-09-23T16:47:43Z,b046940f-1664-3047-bca7-dfa76be352a4,,Spouse,Mrs. Monahan736
35b353dd-402b-571a-d67a-af0a104d0854,35b353dd-402b-571a-70ea-25598b1936b5,1978-09-23T16:47:43Z,1979-09-22T16:47:43Z,b046940f-1664-3047-bca7-dfa76be352a4,,Self,Jody426 Monahan736
35b353dd-402b-571a-d67a-af0a104d0854,35b353dd-402b-571a-2d1e-9361b7b7dd48,1979-09-22T16:47:43Z,1980-09-20T16:47:43Z,b046940f-1664-3047-bca7-dfa76be352a4,,Spouse,Mrs. Monahan736
35b353dd-402b-571a-d67a-af0a104d0854,35b353dd-402b-571a-1166-1a054a439975,1980-09-20T16:47:43Z,1981-09-19T16:47:43Z,b046940f-1664-3047-bca7-dfa76be352a4,,Spouse,Mrs. Monahan736
35b353dd-402b-571a-d67a-af0a104d0854,35b353dd-402b-571a-c0c0-678c615a1109,1981-09-19T16:47:43Z,1982-09-18T16:47:43Z,b046940f-1664-3047-bca7-dfa76be352a4,,Self,Jody426 Monahan736
35b353dd-402b-571a-d67a-af0a104d0854,35b353dd-402b-571a-a520-9b9ecaeef7c6,1982-09-18T16:47:43Z,1983-09-24T16:47:43Z,b046940f-1664-3047-bca7-dfa76be352a4,,Self,Jody426 Monahan736
35b353dd-402b-571a-d67a-af0a104d0854,35b353dd-402b-571a-67af-467f0817b44d,1983-09-24T16:47:43Z,1984-09-22T16:47:43Z,b046940f-1664-3047-bca7-dfa76be352a4,,Self,Jody426 Monahan736
35b353dd-402b-571a-d67a-af0a104d0854,35b353dd-402b-571a-4eb8-35c4e6c965f6,1984-09-22T16:47:43Z,1985-09-21T16:47:43Z,b046940f-1664-3047-bca7-dfa76be352a4,,Self,Jody426 Monahan736
35b353dd-402b-571a-d67a-af0a104d0854,35b353dd-402b-571a-b16c-d6583b51507b,1985-09-21T16:47:43Z,1986-09-20T16:47:43Z,b046940f-1664-3047-bca7-dfa76be352a4,,Spouse,Mrs. Monahan736
35b353dd-402b-571a-d67a-af0a104d0854,35b353dd-402b-571a-504b-1107fff42700,1986-09-20T16:47:43Z,1987-09-19T16:47:43Z,b046940f-1664-3047-bca7-dfa76be352a4,,Self,Jody426 Monahan736
35b353dd-402b-571a-d67a-af0a104d0854,35b353dd-402b-571a-0d25-f77112327ae0,1987-09-19T16:47:43Z,1988-09-24T16:47:43Z,b046940f-1664-3047-bca7-dfa76be352a4,,Spouse,Mrs. Monahan736
35b353dd-402b-571a-d67a-af0a104d0854,35b353dd-402b-571a-4562-770f8220cf84,1988-09-24T16:47:43Z,1989-09-23T16:47:43Z,b046940f-1664-3047-bca7-dfa76be352a4,,Self,Jody426 Monahan736
35b353dd-402b-571a-d67a-af0a104d0854,35b353dd-402b-571a-02a1-a9d1c7381b99,1989-09-23T16:47:43Z,1990-09-22T16:47:43Z,b046940f-1664-3047-bca7-dfa76be352a4,,Spouse,Mrs. Monahan736
35b353dd-402b-571a-d67a-af0a104d0854,35b353dd-402b-571a-e996-afbfa8c52a2e,1990-09-22T16:47:43Z,1991-09-21T16:47:43Z,b046940f-1664-3047-bca7-dfa76be352a4,,Spouse,Mrs. Monahan736
35b353dd-402b-571a-d67a-af0a104d0854,35b353dd-402b-571a-5118-5812a60a997d,1991-09-21T16:47:43Z,1992-09-19T16:47:43Z,b046940f-1664-3047-bca7-dfa76be352a4,,Spouse,Mrs. Monahan736
35b353dd-402b-571a-d67a-af0a104d0854,35b353dd-402b-571a-822b-e37983d7de10,1992-09-19T16:47:43Z,1993-09-18T16:47:43Z,a735bf55-83e9-331a-899d-a82a60b9f60c,b046940f-1664-3047-bca7-dfa76be352a4,Spouse,Mrs. Monahan736
35b353dd-402b-571a-d67a-af0a104d0854,35b353dd-402b-571a-da9c-c1422b529b90,1993-09-18T16:47:43Z,1994-09-24T16:47:43Z,a735bf55-83e9-331a-899d-a82a60b9f60c,,Spouse,Mrs. Monahan736
35b353dd-402b-571a-d67a-af0a104d0854,35b353dd-402b-571a-9f78-6f5412fd402e,1994-09-24T16:47:43Z,1995-09-23T16:47:43Z,a735bf55-83e9-331a-899d-a82a60b9f60c,b046940f-1664-3047-bca7-dfa76be352a4,Self,Jody426 Monahan736
35b353dd-402b-571a-d67a-af0a104d0854,35b353dd-402b-571a-f087-c4121a96f507,1995-09-23T16:47:43Z,1996-09-21T16:47:43Z,a735bf55-83e9-331a-899d-a82a60b9f60c,b046940f-1664-3047-bca7-dfa76be352a4,Spouse,Mrs. Monahan736
35b353dd-402b-571a-d67a-af0a104d0854,35b353dd-402b-571a-78dd-25384c6e002e,1996-09-21T16:47:43Z,1997-09-20T16:47:43Z,a735bf55-83e9-331a-899d-a82a60b9f60c,b046940f-1664-3047-bca7-dfa76be352a4,Self,Jody426 Monahan736
35b353dd-402b-571a-d67a-af0a104d0854,35b353dd-402b-571a-64a8-30fef52cda04,1997-09-20T16:47:43Z,1998-09-19T16:47:43Z,a735bf55-83e9-331a-899d-a82a60b9f60c,b046940f-1664-3047-bca7-dfa76be352a4,Self,Jody426 Monahan736
35b353dd-402b-571a-d67a-af0a104d0854,35b353dd-402b-571a-ea5a-15684ea79f9a,1998-09-19T16:47:43Z,1999-09-18T16:47:43Z,a735bf55-83e9-331a-899d-a82a60b9f60c,b046940f-1664-3047-bca7-dfa76be352a4,Self,Jody426 Monahan736
35b353dd-402b-571a-d67a-af0a104d0854,35b353dd-402b-571a-c0bd-7841b424cc58,1999-09-18T16:47:43Z,2000-09-23T16:47:43Z,a735bf55-83e9-331a-899d-a82a60b9f60c,b046940f-1664-3047-bca7-dfa76be352a4,Spouse,Mrs. Monahan736
35b353dd-402b-571a-d67a-af0a104d0854,35b353dd-402b-571a-d6fb-5604334214f9,2000-09-23T16:47:43Z,2001-09-22T16:47:43Z,a735bf55-83e9-331a-899d-a82a60b9f60c,b046940f-1664-3047-bca7-dfa76be352a4,Spouse,Mrs. Monahan736
35b353dd-402b-571a-d67a-af0a104d0854,35b353dd-402b-571a-4567-9fafd4dff536,2001-09-22T16:47:43Z,2002-09-21T16:47:43Z,a735bf55-83e9-331a-899d-a82a60b9f60c,,Self,Jody426 Monahan736
35b353dd-402b-571a-d67a-af0a104d0854,35b353dd-402b-571a-371c-7e469f6175de,2002-09-21T16:47:43Z,2003-09-20T16:47:43Z,a735bf55-83e9-331a-899d-a82a60b9f60c,b046940f-1664-3047-bca7-dfa76be352a4,Self,Jody426 Monahan736
35b353dd-402b-571a-d67a-af0a104d0854,35b353dd-402b-571a-7c4c-6fc7303b0803,2003-09-20T16:47:43Z,2004-09-18T16:47:43Z,a735bf55-83e9-331a-899d-a82a60b9f60c,b046940f-1664-3047-bca7-dfa76be352a4,Self,Jody426 Monahan736
35b353dd-402b-571a-d67a-af0a104d0854,35b353dd-402b-571a-ba8b-4a90e3f48b1f,2004-09-18T16:47:43Z,2005-09-24T16:47:43Z,a735bf55-83e9-331a-899d-a82a60b9f60c,b046940f-1664-3047-bca7-dfa76be352a4,Spouse,Mrs. Monahan736
35b353dd-402b-571a-d67a-af0a104d0854,35b353dd-402b-571a-537b-6f8e09914c9e,2005-09-24T16:47:43Z,2006-09-23T16:47:43Z,a735bf55-83e9-331a-899d-a82a60b9f60c,b046940f-1664-3047-bca7-dfa76be352a4,Self,Jody426 Monahan736
35b353dd-402b-571a-d67a-af0a104d0854,35b353dd-402b-571a-da24-b5f63c5f620f,2006-09-23T16:47:43Z,2007-09-22T16:47:43Z,d31fccc3-1767-390d-966a-22a5156f4219,,Spouse,Mrs. Monahan736
35b353dd-402b-571a-d67a-af0a104d0854,35b353dd-402b-571a-31bc-045df44edc1b,2007-09-22T16:47:43Z,2008-09-20T16:47:43Z,a735bf55-83e9-331a-899d-a82a60b9f60c,b046940f-1664-3047-bca7-dfa76be352a4,Self,Jody426 Monahan736
35b353dd-402b-571a-d67a-af0a104d0854,35b353dd-402b-571a-cf2b-771066cb66b1,2008-09-20T16:47:43Z,2009-09-19T16:47:43Z,a735bf55-83e9-331a-899d-a82a60b9f60c,b046940f-1664-3047-bca7-dfa76be352a4,Spouse,Mrs. Monahan736
35b353dd-402b-571a-d67a-af0a104d0854,35b353dd-402b-571a-09a5-1c30b1f6ef37,2009-09-19T16:47:43Z,2010-09-18T16:47:43Z,a735bf55-83e9-331a-899d-a82a60b9f60c,b046940f-1664-3047-bca7-dfa76be352a4,Self,Jody426 Monahan736
35b353dd-402b-571a-d67a-af0a104d0854,35b353dd-402b-571a-0812-7ef90a0076a8,2010-09-18T16:47:43Z,2011-09-24T16:47:43Z,a735bf55-83e9-331a-899d-a82a60b9f60c,,Self,Jody426 Monahan736
35b353dd-402b-571a-d67a-af0a104d0854,35b353dd-402b-571a-6047-49bfe038fae1,2011-09-24T16:47:43Z,2012-09-22T16:47:43Z,a735bf55-83e9-331a-899d-a82a60b9f60c,b046940f-1664-3047-bca7-dfa76be352a4,Spouse,Mrs. Monahan736
35b353dd-402b-571a-d67a-af0a104d0854,35b353dd-402b-571a-9025-e6f7cd802e52,2012-09-22T16:47:43Z,2013-09-21T16:47:43Z,a735bf55-83e9-331a-899d-a82a60b9f60c,,Spouse,Mrs. Monahan736
35b353dd-402b-571a-d67a-af0a104d0854,35b353dd-402b-571a-6291-07f1b9141085,2013-09-21T16:47:43Z,2014-09-20T16:47:43Z,a735bf55-83e9-331a-899d-a82a60b9f60c,b046940f-1664-3047-bca7-dfa76be352a4,Self,Jody426 Monahan736
35b353dd-402b-571a-d67a-af0a104d0854,35b353dd-402b-571a-40aa-fcf22e6765c3,2014-09-20T16:47:43Z,2015-09-19T16:47:43Z,a735bf55-83e9-331a-899d-a82a60b9f60c,b046940f-1664-3047-bca7-dfa76be352a4,Self,Jody426 Monahan736
35b353dd-402b-571a-d67a-af0a104d0854,35b353dd-402b-571a-6e97-56da38524b73,2015-09-19T16:47:43Z,2016-09-24T16:47:43Z,a735bf55-83e9-331a-899d-a82a60b9f60c,b046940f-1664-3047-bca7-dfa76be352a4,Self,Jody426 Monahan736
35b353dd-402b-571a-d67a-af0a104d0854,35b353dd-402b-571a-a80d-6063e7468d0a,2016-09-24T16:47:43Z,2017-09-23T16:47:43Z,a735bf55-83e9-331a-899d-a82a60b9f60c,b046940f-1664-3047-bca7-dfa76be352a4,Self,Jody426 Monahan736
35b353dd-402b-571a-d67a-af0a104d0854,35b353dd-402b-571a-087b-c2b57e8afb5d,2017-09-23T16:47:43Z,2018-09-22T16:47:43Z,a735bf55-83e9-331a-899d-a82a60b9f60c,b046940f-1664-3047-bca7-dfa76be352a4,Spouse,Mrs. Monahan736
35b353dd-402b-571a-d67a-af0a104d0854,35b353dd-402b-571a-0a5a-4546aac1f240,2018-09-22T16:47:43Z,2019-09-21T16:47:43Z,a735bf55-83e9-331a-899d-a82a60b9f60c,,Spouse,Mrs. Monahan736
35b353dd-402b-571a-d67a-af0a104d0854,35b353dd-402b-571a-11f5-e4933cbb38b5,2019-09-21T16:47:43Z,2020-09-19T16:47:43Z,a735bf55-83e9-331a-899d-a82a60b9f60c,b046940f-1664-3047-bca7-dfa76be352a4,Self,Jody426 Monahan736
35b353dd-402b-571a-d67a-af0a104d0854,35b353dd-402b-571a-44da-12851671f866,2020-09-19T16:47:43Z,2021-09-18T16:47:43Z,a735bf55-83e9-331a-899d-a82a60b9f60c,b046940f-1664-3047-bca7-dfa76be352a4,Spouse,Mrs. Monahan736
35b353dd-402b-571a-d67a-af0a104d0854,35b353dd-402b-571a-6f0f-83328606cd44,2021-09-18T16:47:43Z,2022-09-24T16:47:43Z,a735bf55-83e9-331a-899d-a82a60b9f60c,b046940f-1664-3047-bca7-dfa76be352a4,Self,Jody426 Monahan736
35b353dd-402b-571a-d67a-af0a104d0854,35b353dd-402b-571a-5600-84c138807d7d,2022-09-24T16:47:43Z,2023-09-23T16:47:43Z,a735bf55-83e9-331a-899d-a82a60b9f60c,b046940f-1664-3047-bca7-dfa76be352a4,Self,Jody426 Monahan736
35b353dd-402b-571a-d67a-af0a104d0854,35b353dd-402b-571a-7947-2d4ac252f570,2023-09-23T16:47:43Z,2024-09-21T16:47:43Z,a735bf55-83e9-331a-899d-a82a60b9f60c,b046940f-1664-3047-bca7-dfa76be352a4,Self,Jody426 Monahan736
35b353dd-402b-571a-d67a-af0a104d0854,35b353dd-402b-571a-052b-f8ad506a83d3,2024-09-21T16:47:43Z,2025-09-20T16:47:43Z,a735bf55-83e9-331a-899d-a82a60b9f60c,b046940f-1664-3047-bca7-dfa76be352a4,Spouse,Mrs. Monahan736
35b353dd-402b-571a-d67a-af0a104d0854,35b353dd-402b-571a-1e01-e5ce060a826a,2025-09-20T16:47:43Z,2026-09-19T16:47:43Z,a735bf55-83e9-331a-899d-a82a60b9f60c,,Spouse,Mrs. Monahan736
35b353dd-402b-571a-d67a-af0a104d0854,35b353dd-402b-571a-0061-37b80277371c,2026-09-19T16:47:43Z,2027-09-18T16:47:43Z,a735bf55-83e9-331a-899d-a82a60b9f60c,b046940f-1664-3047-bca7-dfa76be352a4,Spouse,Mrs. Monahan736
947c82ee-1735-c9ed-8210-38cb93d8070c,947c82ee-1735-c9ed-27b1-098a76065260,2016-05-17T11:16:09Z,2017-05-23T11:16:09Z,26aab0cd-6aba-3e1b-ac5b-05c8867e762c,,Guardian,Mark765 Hammes673
947c82ee-1735-c9ed-8210-38cb93d8070c,947c82ee-1735-c9ed-27b1-098a76065260,2017-05-23T11:16:09Z,2018-05-22T11:16:09Z,26aab0cd-6aba-3e1b-ac5b-05c8867e762c,,Guardian,Mark765 Hammes673
947c82ee-1735-c9ed-8210-38cb93d8070c,947c82ee-1735-c9ed-27b1-098a76065260,2018-05-22T11:16:09Z,2019-05-21T11:16:09Z,26aab0cd-6aba-3e1b-ac5b-05c8867e762c,,Guardian,Mark765 Hammes673
947c82ee-1735-c9ed-8210-38cb93d8070c,947c82ee-1735-c9ed-27b1-098a76065260,2019-05-21T11:16:09Z,2020-05-19T11:16:09Z,26aab0cd-6aba-3e1b-ac5b-05c8867e762c,,Guardian,Mark765 Hammes673
947c82ee-1735-c9ed-8210-38cb93d8070c,947c82ee-1735-c9ed-27b1-098a76065260,2020-05-19T11:16:09Z,2021-05-18T11:16:09Z,26aab0cd-6aba-3e1b-ac5b-05c8867e762c,,Guardian,Mark765 Hammes673
947c82ee-1735-c9ed-8210-38cb93d8070c,947c82ee-1735-c9ed-27b1-098a76065260,2021-05-18T11:16:09Z,2022-05-17T11:16:09Z,26aab0cd-6aba-3e1b-ac5b-05c8867e762c,,Guardian,Mark765 Hammes673
947c82ee-1735-c9ed-8210-38cb93d8070c,947c82ee-1735-c9ed-27b1-098a76065260,2022-05-17T11:16:09Z,2023-05-23T11:16:09Z,26aab0cd-6aba-3e1b-ac5b-05c8867e762c,,Guardian,Mark765 Hammes673
947c82ee-1735-c9ed-8210-38cb93d8070c,947c82ee-1735-c9ed-27b1-098a76065260,2023-05-23T11:16:09Z,2024-05-21T11:16:09Z,26aab0cd-6aba-3e1b-ac5b-05c8867e762c,,Guardian,Mark765 Hammes673
947c82ee-1735-c9ed-8210-38cb93d8070c,947c82ee-1735-c9ed-27b1-098a76065260,2024-05-21T11:16:09Z,2025-05-20T11:16:09Z,26aab0cd-6aba-3e1b-ac5b-05c8867e762c,,Guardian,Mark765 Hammes673
947c82ee-1735-c9ed-8210-38cb93d8070c,947c82ee-1735-c9ed-27b1-098a76065260,2025-05-20T11:16:09Z,2026-05-19T11:16:09Z,26aab0cd-6aba-3e1b-ac5b-05c8867e762c,,Guardian,Mark765 Hammes673
947c82ee-1735-c9ed-8210-38cb93d8070c,947c82ee-1735-c9ed-27b1-098a76065260,2026-05-19T11:16:09Z,2027-05-17T11:16:09Z,26aab0cd-6aba-3e1b-ac5b-05c8867e762c,,Guardian,Mark765 Hammes673
2c167999-289d-95fa-5c27-7d8b8d35348c,2c167999-289d-95fa-7dcb-4c9194c5e096,1974-01-12T14:17:29Z,1975-01-18T14:17:29Z,df166300-5a78-3502-a46a-832842197811,,Self,Eliseo499 Nader710
2c167999-289d-95fa-5c27-7d8b8d35348c,2c167999-289d-95fa-8296-38f73ab55855,1975-01-18T14:17:29Z,1976-01-17T14:17:29Z,df166300-5a78-3502-a46a-832842197811,,Self,Eliseo499 Nader710
2c167999-289d-95fa-5c27-7d8b8d35348c,,1976-01-17T14:17:29Z,1977-01-15T14:17:29Z,e03e23c9-4df1-3eb6-a62d-f70f02301496,,,
2c167999-289d-95fa-5c27-7d8b8d35348c,2c167999-289d-95fa-da4e-3c5c5e6b31c3,1977-01-15T14:17:29Z,1978-01-14T14:17:29Z,8fa6c185-e44e-3e34-8bd8-39be8694f4ce,,Guardian,Dorathy429 Dietrich576
2c167999-289d-95fa-5c27-7d8b8d35348c,2c167999-289d-95fa-895e-5ea53c63922e,1978-01-14T14:17:29Z,1979-01-13T14:17:29Z,0133f751-9229-3cfd-815f-b6d4979bdd6a,,Guardian,Dorathy429 Dietrich576
2c167999-289d-95fa-5c27-7d8b8d35348c,2c167999-289d-95fa-895e-5ea53c63922e,1979-01-13T14:17:29Z,1980-01-12T14:17:29Z,0133f751-9229-3cfd-815f-b6d4979bdd6a,,Guardian,Dorathy429 Dietrich576
2c167999-289d-95fa-5c27-7d8b8d35348c,2c167999-289d-95fa-895e-5ea53c63922e,1980-01-12T14:17:29Z,1981-01-17T14:17:29Z,0133f751-9229-3cfd-815f-b6d4979bdd6a,,Guardian,Dorathy429 Dietrich576
2c167999-289d-95fa-5c27-7d8b8d35348c,2c167999-289d-95fa-895e-5ea53c63922e,1981-01-17T14:17:29Z,1982-01-16T14:17:29Z,0133f751-9229-3cfd-815f-b6d4979bdd6a,,Guardian,Dorathy429 Dietrich576
2c167999-289d-95fa-5c27-7d8b8d35348c,2c167999-289d-95fa-895e-5ea53c63922e,1982-01-16T14:17:29Z,1983-01-15T14:17:29Z,0133f751-9229-3cfd-815f-b6d4979bdd6a,,Guardian,Dorathy429 Dietrich576
2c167999-289d-95fa-5c27-7d8b8d35348c,2c167999-289d-95fa-895e-5ea53c63922e,1983-01-15T14:17:29Z,1984-01-14T14:17:29Z,0133f751-9229-3cfd-815f-b6d4979bdd6a,,Guardian,Dorathy429 Dietrich576
2c167999-289d-95fa-5c27-7d8b8d35348c,,1984-01-14T14:17:29Z,1985-01-12T14:17:29Z,e03e23c9-4df1-3eb6-a62d-f70f02301496,,,
2c167999-289d-95fa-5c27-7d8b8d35348c,2c167999-289d-95fa-3c5d-1988694f5a7c,1985-01-12T14:17:29Z,1986-01-18T14:17:29Z,8fa6c185-e44e-3e34-8bd8-39be8694f4ce,,Guardian,Dorathy429 Dietrich576
2c167999-289d-95fa-5c27-7d8b8d35348c,2c167999-289d-95fa-3c5d-1988694f5a7c,1986-01-18T14:17:29Z,1987-01-17T14:17:29Z,8fa6c185-e44e-3e34-8bd8-39be8694f4ce,,Guardian,Dorathy429 Dietrich576
2c167999-289d-95fa-5c27-7d8b8d35348c,2c167999-289d-95fa-3c5d-1988694f5a7c,1987-01-17T14:17:29Z,1988-01-16T14:17:29Z,8fa6c185-e44e-3e34-8bd8-39be8694f4ce,,Guardian,Dorathy429 Dietrich576
2c167999-289d-95fa-5c27-7d8b8d35348c,2c167999-289d-95fa-3c5d-1988694f5a7c,1988-01-16T14:17:29Z,1989-01-14T14:17:29Z,8fa6c185-e44e-3e34-8bd8-39be8694f4ce,,Guardian,Dorathy429 Dietrich576
2c167999-289d-95fa-5c27-7d8b8d35348c,2c167999-289d-95fa-3c5d-1988694f5a7c,1989-01-14T14:17:29Z,1990-01-13T14:17:29Z,8fa6c185-e44e-3e34-8bd8-39be8694f4ce,,Guardian,Dorathy429 Dietrich576
2c167999-289d-95fa-5c27-7d8b8d35348c,2c167999-289d-95fa-3c5d-1988694f5a7c,1990-01-13T14:17:29Z,1991-01-12T14:17:29Z,8fa6c185-e44e-3e34-8bd8-39be8694f4ce,,Guardian,Dorathy429 Dietrich576
2c167999-289d-95fa-5c27-7d8b8d35348c,2c167999-289d-95fa-3c5d-1988694f5a7c,1991-01-12T14:17:29Z,1992-01-18T14:17:29Z,8fa6c185-e44e-3e34-8bd8-39be8694f4ce,,Guardian,Dorathy429 Dietrich576
2c167999-289d-95fa-5c27-7d8b8d35348c,2c167999-289d-95fa-3c5d-1988694f5a7c,1992-01-18T14:17:29Z,1993-01-16T14:17:29Z,8fa6c185-e44e-3e34-8bd8-39be8694f4ce,,Guardian,Dorathy429 Dietrich576
2c167999-289d-95fa-5c27-7d8b8d35348c,2c167999-289d-95fa-3617-c6533be0bf02,1993-01-16T14:17:29Z,1994-01-15T14:17:29Z,8fa6c185-e44e-3e34-8bd8-39be8694f4ce,,Self,Eliseo499 Nader710
2c167999-289d-95fa-5c27-7d8b8d35348c,2c167999-289d-95fa-b469-7fab4c9c0e4f,1994-01-15T14:17:29Z,1995-01-14T14:17:29Z,8fa6c185-e44e-3e34-8bd8-39be8694f4ce,,Self,Eliseo499 Nader710
2c167999-289d-95fa-5c27-7d8b8d35348c,2c167999-289d-95fa-d596-102a3f51e04e,1995-01-14T14:17:29Z,1996-01-13T14:17:29Z,8fa6c185-e44e-3e34-8bd8-39be8694f4ce,,Self,Eliseo499 Nader710
2c167999-289d-95fa-5c27-7d8b8d35348c,2c167999-289d-95fa-7caf-10b35242e42c,1996-01-13T14:17:29Z,1997-01-18T14:17:29Z,0133f751-9229-3cfd-815f-b6d4979bdd6a,,Self,Eliseo499 Nader710
2c167999-289d-95fa-5c27-7d8b8d35348c,2c167999-289d-95fa-652f-479995a45b9c,1997-01-18T14:17:29Z,1998-01-17T14:17:29Z,0133f751-9229-3cfd-815f-b6d4979bdd6a,,Self,Eliseo499 Nader710
2c167999-289d-95fa-5c27-7d8b8d35348c,2c167999-289d-95fa-f54c-f1cc00f389e0,1998-01-17T14:17:29Z,1999-01-16T14:17:29Z,0133f751-9229-3cfd-815f-b6d4979bdd6a,,Self,Eliseo499 Nader710
2c167999-289d-95fa-5c27-7d8b8d35348c,2c167999-289d-95fa-c035-75d2322e2ba1,1999-01-16T14:17:29Z,2000-01-15T14:17:29Z,0133f751-9229-3cfd-815f-b6d4979bdd6a,,Self,Eliseo499 Nader710
2c167999-289d-95fa-5c27-7d8b8d35348c,2c167999-289d-95fa-a10e-352186b741f2,2000-01-15T14:17:29Z,2001-01-13T14:17:29Z,0133f751-9229-3cfd-815f-b6d4979bdd6a,,Self,Eliseo499 Nader710
2c167999-289d-95fa-5c27-7d8b8d35348c,2c167999-289d-95fa-881c-6191766e1ea7,2001-01-13T14:17:29Z,2002-01-12T14:17:29Z,0133f751-9229-3cfd-815f-b6d4979bdd6a,,Self,Eliseo499 Nader710
2c167999-289d-95fa-5c27-7d8b8d35348c,2c167999-289d-95fa-1b29-f77a0e3bf769,2002-01-12T14:17:29Z,2003-01-18T14:17:29Z,0133f751-9229-3cfd-815f-b6d4979bdd6a,,Self,Eliseo499 Nader710
2c167999-289d-95fa-5c27-7d8b8d35348c,2c167999-289d-95fa-75a3-a1d148c096a6,2003-01-18T14:17:29Z,2004-01-17T14:17:29Z,0133f751-9229-3cfd-815f-b6d4979bdd6a,,Spouse,Mrs. Nader710
2c167999-289d-95fa-5c27-7d8b8d35348c,2c167999-289d-95fa-c59a-2100699944a3,2004-01-17T14:17:29Z,2005-01-15T14:17:29Z,0133f751-9229-3cfd-815f-b6d4979bdd6a,,Self,Eliseo499 Nader710
2c167999-289d-95fa-5c27-7d8b8d35348c,2c167999-289d-95fa-377e-872a08c0874f,2005-01-15T14:17:29Z,2006-01-14T14:17:29Z,0133f751-9229-3cfd-815f-b6d4979bdd6a,,Self,Eliseo499 Nader710
2c167999-289d-95fa-5c27-7d8b8d35348c,2c167999-289d-95fa-5c1b-895f24229343,2006-01-14T14:17:29Z,2007-01-13T14:17:29Z,734afbd6-4794-363b-9bc0-6a3981533ed5,,Self,Eliseo499 Nader710
2c167999-289d-95fa-5c27-7d8b8d35348c,2c167999-289d-95fa-3f52-e3378962f9a5,2007-01-13T14:17:29Z,2008-01-12T14:17:29Z,734afbd6-4794-363b-9bc0-6a3981533ed5,,Spouse,Mrs. Nader710
2c167999-289d-95fa-5c27-7d8b8d35348c,2c167999-289d-95fa-aada-096abdc00e65,2008-01-12T14:17:29Z,2009-01-17T14:17:29Z,734afbd6-4794-363b-9bc0-6a3981533ed5,,Spouse,Mrs. Nader710
2c167999-289d-95fa-5c27-7d8b8d35348c,2c167999-289d-95fa-278b-608631161e47,2009-01-17T14:17:29Z,2010-01-16T14:17:29Z,734afbd6-4794-363b-9bc0-6a3981533ed5,,Self,Eliseo499 Nader710
2c167999-289d-95fa-5c27-7d8b8d35348c,2c167999-289d-95fa-ef30-4e558402e529,2010-01-16T14:17:29Z,2011-01-15T14:17:29Z,734afbd6-4794-363b-9bc0-6a3981533ed5,,Self,Eliseo499 Nader710
2c167999-289d-95fa-5c27-7d8b8d35348c,2c167999-289d-95fa-bf29-25a6e6683fcd,2011-01-15T14:17:29Z,2012-01-14T14:17:29Z,734afbd6-4794-363b-9bc0-6a3981533ed5,,Spouse,Mrs. Nader710
2c167999-289d-95fa-5c27-7d8b8d35348c,2c167999-289d-95fa-3764-9145fe943227,2012-01-14T14:17:29Z,2013-01-12T14:17:29Z,734afbd6-4794-363b-9bc0-6a3981533ed5,,Spouse,Mrs. Nader710
2c167999-289d-95fa-5c27-7d8b8d35348c,2c167999-289d-95fa-23c3-14c5e01995e2,2013-01-12T14:17:29Z,2014-01-18T14:17:29Z,734afbd6-4794-363b-9bc0-6a3981533ed5,,Spouse,Mrs. Nader710
2c167999-289d-95fa-5c27-7d8b8d35348c,2c167999-289d-95fa-d0ed-f2f1208f82cd,2014-01-18T14:17:29Z,2015-01-17T14:17:29Z,734afbd6-4794-363b-9bc0-6a3981533ed5,,Spouse,Mrs. Nader710
2c167999-289d-95fa-5c27-7d8b8d35348c,2c167999-289d-95fa-ef94-8dd5d3988f0b,2015-01-17T14:17:29Z,2016-01-16T14:17:29Z,734afbd6-4794-363b-9bc0-6a3981533ed5,,Self,Eliseo499 Nader710
2c167999-289d-95fa-5c27-7d8b8d35348c,2c167999-289d-95fa-99f1-7d9426eee6bb,2016-01-16T14:17:29Z,2017-01-14T14:17:29Z,734afbd6-4794-363b-9bc0-6a3981533ed5,,Spouse,Mrs. Nader710
2c167999-289d-95fa-5c27-7d8b8d35348c,2c167999-289d-95fa-a4c2-a432b1bb91a9,2017-01-14T14:17:29Z,2018-01-13T14:17:29Z,734afbd6-4794-363b-9bc0-6a3981533ed5,,Spouse,Mrs. Nader710
2c167999-289d-95fa-5c27-7d8b8d35348c,2c167999-289d-95fa-5866-b1e8ff609def,2018-01-13T14:17:29Z,2019-01-12T14:17:29Z,8fa6c185-e44e-3e34-8bd8-39be8694f4ce,,Spouse,Mrs. Nader710
2c167999-289d-95fa-5c27-7d8b8d35348c,2c167999-289d-95fa-b59e-815c52a08c3e,2019-01-12T14:17:29Z,2020-01-18T14:17:29Z,0133f751-9229-3cfd-815f-b6d4979bdd6a,,Self,Eliseo499 Nader710
2c167999-289d-95fa-5c27-7d8b8d35348c,2c167999-289d-95fa-82a2-d7d540cf96c4,2020-01-18T14:17:29Z,2021-01-16T14:17:29Z,0133f751-9229-3cfd-815f-b6d4979bdd6a,,Spouse,Mrs. Nader710
2c167999-289d-95fa-5c27-7d8b8d35348c,2c167999-289d-95fa-7b88-eb66a030cb01,2021-01-16T14:17:29Z,2022-01-15T14:17:29Z,0133f751-9229-3cfd-815f-b6d4979bdd6a,,Self,Eliseo499 Nader710
2c167999-289d-95fa-5c27-7d8b8d35348c,2c167999-289d-95fa-b221-041c06d7ba48,2022-01-15T14:17:29Z,2023-01-14T14:17:29Z,0133f751-9229-3cfd-815f-b6d4979bdd6a,,Spouse,Mrs. Nader710
2c167999-289d-95fa-5c27-7d8b8d35348c,2c167999-289d-95fa-f4c6-1129dd7b1db8,2023-01-14T14:17:29Z,2024-01-13T14:17:29Z,0133f751-9229-3cfd-815f-b6d4979bdd6a,,Spouse,Mrs. Nader710
2c167999-289d-95fa-5c27-7d8b8d35348c,2c167999-289d-95fa-2ce0-071946f6e4f9,2024-01-13T14:17:29Z,2025-01-18T14:17:29Z,0133f751-9229-3cfd-815f-b6d4979bdd6a,,Self,Eliseo499 Nader710
2c167999-289d-95fa-5c27-7d8b8d35348c,2c167999-289d-95fa-4252-db2381248fae,2025-01-18T14:17:29Z,2026-01-17T14:17:29Z,0133f751-9229-3cfd-815f-b6d4979bdd6a,,Spouse,Mrs. Nader710
2c167999-289d-95fa-5c27-7d8b8d35348c,2c167999-289d-95fa-58e3-de76d7104c4c,2026-01-17T14:17:29Z,2027-01-12T14:17:29Z,0133f751-9229-3cfd-815f-b6d4979bdd6a,,Spouse,Mrs. Nader710
d15b23ed-02d5-3e28-efbd-2604425317c5,d15b23ed-02d5-3e28-3269-b53675aaf9e9,2026-05-13T17:33:41Z,2027-05-13T17:33:41Z,df166300-5a78-3502-a46a-832842197811,,Self,Ivan258 Goodwin327
c0a47dee-cc72-29ce-df5a-ea6d306c36a4,c0a47dee-cc72-29ce-7899-248b4bbfd43c,1987-02-23T08:17:08Z,1988-02-29T08:17:08Z,26aab0cd-6aba-3e1b-ac5b-05c8867e762c,,Guardian,Lavada531 Pfeffer420
c0a47dee-cc72-29ce-df5a-ea6d306c36a4,c0a47dee-cc72-29ce-7899-248b4bbfd43c,1988-02-29T08:17:08Z,1989-02-27T08:17:08Z,26aab0cd-6aba-3e1b-ac5b-05c8867e762c,,Guardian,Lavada531 Pfeffer420
c0a47dee-cc72-29ce-df5a-ea6d306c36a4,c0a47dee-cc72-29ce-7899-248b4bbfd43c,1989-02-27T08:17:08Z,1990-02-26T08:17:08Z,26aab0cd-6aba-3e1b-ac5b-05c8867e762c,,Guardian,Lavada531 Pfeffer420
c0a47dee-cc72-29ce-df5a-ea6d306c36a4,c0a47dee-cc72-29ce-7899-248b4bbfd43c,1990-02-26T08:17:08Z,1991-02-25T08:17:08Z,26aab0cd-6aba-3e1b-ac5b-05c8867e762c,,Guardian,Lavada531 Pfeffer420
c0a47dee-cc72-29ce-df5a-ea6d306c36a4,c0a47dee-cc72-29ce-7899-248b4bbfd43c,1991-02-25T08:17:08Z,1992-02-24T08:17:08Z,26aab0cd-6aba-3e1b-ac5b-05c8867e762c,,Guardian,Lavada531 Pfeffer420
c0a47dee-cc72-29ce-df5a-ea6d306c36a4,c0a47dee-cc72-29ce-7899-248b4bbfd43c,1992-02-24T08:17:08Z,1993-03-01T08:17:08Z,26aab0cd-6aba-3e1b-ac5b-05c8867e762c,,Guardian,Lavada531 Pfeffer420
c0a47dee-cc72-29ce-df5a-ea6d306c36a4,c0a47dee-cc72-29ce-7899-248b4bbfd43c,1993-03-01T08:17:08Z,1994-02-28T08:17:08Z,26aab0cd-6aba-3e1b-ac5b-05c8867e762c,,Guardian,Lavada531 Pfeffer420
c0a47dee-cc72-29ce-df5a-ea6d306c36a4,c0a47dee-cc72-29ce-7899-248b4bbfd43c,1994-02-28T08:17:08Z,1995-02-27T08:17:08Z,26aab0cd-6aba-3e1b-ac5b-05c8867e762c,,Guardian,Lavada531 Pfeffer420
c0a47dee-cc72-29ce-df5a-ea6d306c36a4,c0a47dee-cc72-29ce-7899-248b4bbfd43c,1995-02-27T08:17:08Z,1996-02-26T08:17:08Z,26aab0cd-6aba-3e1b-ac5b-05c8867e762c,,Guardian,Lavada531 Pfeffer420
c0a47dee-cc72-29ce-df5a-ea6d306c36a4,c0a47dee-cc72-29ce-7899-248b4bbfd43c,1996-02-26T08:17:08Z,1997-02-24T08:17:08Z,26aab0cd-6aba-3e1b-ac5b-05c8867e762c,,Guardian,Lavada531 Pfeffer420
c0a47dee-cc72-29ce-df5a-ea6d306c36a4,c0a47dee-cc72-29ce-7899-248b4bbfd43c,1997-02-24T08:17:08Z,1998-02-23T08:17:08Z,26aab0cd-6aba-3e1b-ac5b-05c8867e762c,,Guardian,Lavada531 Pfeffer420
c0a47dee-cc72-29ce-df5a-ea6d306c36a4,c0a47dee-cc72-29ce-7899-248b4bbfd43c,1998-02-23T08:17:08Z,1999-03-01T08:17:08Z,26aab0cd-6aba-3e1b-ac5b-05c8867e762c,,Guardian,Lavada531 Pfeffer420
c0a47dee-cc72-29ce-df5a-ea6d306c36a4,c0a47dee-cc72-29ce-7899-248b4bbfd43c,1999-03-01T08:17:08Z,2000-02-28T08:17:08Z,26aab0cd-6aba-3e1b-ac5b-05c8867e762c,,Guardian,Lavada531 Pfeffer420
c0a47dee-cc72-29ce-df5a-ea6d306c36a4,c0a47dee-cc72-29ce-7899-248b4bbfd43c,2000-02-28T08:17:08Z,2001-02-26T08:17:08Z,26aab0cd-6aba-3e1b-ac5b-05c8867e762c,,Guardian,Lavada531 Pfeffer420
c0a47dee-cc72-29ce-df5a-ea6d306c36a4,c0a47dee-cc72-29ce-7899-248b4bbfd43c,2001-02-26T08:17:08Z,2002-02-25T08:17:08Z,26aab0cd-6aba-3e1b-ac5b-05c8867e762c,,Guardian,Lavada531 Pfeffer420
c0a47dee-cc72-29ce-df5a-ea6d306c36a4,c0a47dee-cc72-29ce-7899-248b4bbfd43c,2002-02-25T08:17:08Z,2003-02-24T08:17:08Z,26aab0cd-6aba-3e1b-ac5b-05c8867e762c,,Guardian,Lavada531 Pfeffer420
c0a47dee-cc72-29ce-df5a-ea6d306c36a4,c0a47dee-cc72-29ce-7899-248b4bbfd43c,2003-02-24T08:17:08Z,2004-02-23T08:17:08Z,26aab0cd-6aba-3e1b-ac5b-05c8867e762c,,Guardian,Lavada531 Pfeffer420
c0a47dee-cc72-29ce-df5a-ea6d306c36a4,c0a47dee-cc72-29ce-7899-248b4bbfd43c,2004-02-23T08:17:08Z,2005-02-28T08:17:08Z,26aab0cd-6aba-3e1b-ac5b-05c8867e762c,,Guardian,Lavada531 Pfeffer420
c0a47dee-cc72-29ce-df5a-ea6d306c36a4,c0a47dee-cc72-29ce-7899-248b4bbfd43c,2005-02-28T08:17:08Z,2006-02-27T08:17:08Z,26aab0cd-6aba-3e1b-ac5b-05c8867e762c,,Guardian,Lavada531 Pfeffer420
c0a47dee-cc72-29ce-df5a-ea6d306c36a4,c0a47dee-cc72-29ce-6af9-f7f92c433d5a,2006-02-27T08:17:08Z,2007-02-26T08:17:08Z,26aab0cd-6aba-3e1b-ac5b-05c8867e762c,,Self,Jonathan639 Carroll471
c0a47dee-cc72-29ce-df5a-ea6d306c36a4,c0a47dee-cc72-29ce-5763-003e6469b13c,2007-02-26T08:17:08Z,2008-02-25T08:17:08Z,26aab0cd-6aba-3e1b-ac5b-05c8867e762c,,Self,Jonathan639 Carroll471
c0a47dee-cc72-29ce-df5a-ea6d306c36a4,c0a47dee-cc72-29ce-cb5e-95cfd9acd3d4,2008-02-25T08:17:08Z,2009-02-23T08:17:08Z,26aab0cd-6aba-3e1b-ac5b-05c8867e762c,,Self,Jonathan639 Carroll471
c0a47dee-cc72-29ce-df5a-ea6d306c36a4,c0a47dee-cc72-29ce-6f86-ae832944aad8,2009-02-23T08:17:08Z,2010-03-01T08:17:08Z,26aab0cd-6aba-3e1b-ac5b-05c8867e762c,,Self,Jonathan639 Carroll471
c0a47dee-cc72-29ce-df5a-ea6d306c36a4,c0a47dee-cc72-29ce-e9e8-e3e8ce38c66c,2010-03-01T08:17:08Z,2011-02-28T08:17:08Z,26aab0cd-6aba-3e1b-ac5b-05c8867e762c,,Self,Jonathan639 Carroll471
c0a47dee-cc72-29ce-df5a-ea6d306c36a4,c0a47dee-cc72-29ce-c813-9ef439084a20,2011-02-28T08:17:08Z,2012-02-27T08:17:08Z,26aab0cd-6aba-3e1b-ac5b-05c8867e762c,,Self,Jonathan639 Carroll471
c0a47dee-cc72-29ce-df5a-ea6d306c36a4,c0a47dee-cc72-29ce-ef62-08260d2a23f0,2012-02-27T08:17:08Z,2013-02-25T08:17:08Z,26aab0cd-6aba-3e1b-ac5b-05c8867e762c,,Self,Jonathan639 Carroll471
c0a47dee-cc72-29ce-df5a-ea6d306c36a4,c0a47dee-cc72-29ce-5c07-bd821b3ac7b8,2013-02-25T08:17:08Z,2014-02-24T08:17:08Z,26aab0cd-6aba-3e1b-ac5b-05c8867e762c,,Self,Jonathan639 Carroll471
c0a47dee-cc72-29ce-df5a-ea6d306c36a4,c0a47dee-cc72-29ce-a295-bd415ceee109,2014-02-24T08:17:08Z,2015-02-23T08:17:08Z,26aab0cd-6aba-3e1b-ac5b-05c8867e762c,,Self,Jonathan639 Carroll471
c0a47dee-cc72-29ce-df5a-ea6d306c36a4,c0a47dee-cc72-29ce-0aa7-4f4765105f82,2015-02-23T08:17:08Z,2016-02-29T08:17:08Z,26aab0cd-6aba-3e1b-ac5b-05c8867e762c,,Self,Jonathan639 Carroll471
c0a47dee-cc72-29ce-df5a-ea6d306c36a4,c0a47dee-cc72-29ce-7068-498ec8285256,2016-02-29T08:17:08Z,2017-02-27T08:17:08Z,26aab0cd-6aba-3e1b-ac5b-05c8867e762c,,Spouse,Mrs. Carroll471
c0a47dee-cc72-29ce-df5a-ea6d306c36a4,c0a47dee-cc72-29ce-b69b-5450a61e234a,2017-02-27T08:17:08Z,2018-02-26T08:17:08Z,26aab0cd-6aba-3e1b-ac5b-05c8867e762c,,Self,Jonathan639 Carroll471
c0a47dee-cc72-29ce-df5a-ea6d306c36a4,c0a47dee-cc72-29ce-807d-b083e1d2bf1a,2018-02-26T08:17:08Z,2019-02-25T08:17:08Z,26aab0cd-6aba-3e1b-ac5b-05c8867e762c,,Self,Jonathan639 Carroll471
c0a47dee-cc72-29ce-df5a-ea6d306c36a4,c0a47dee-cc72-29ce-9619-1dfff89855f8,2019-02-25T08:17:08Z,2020-02-24T08:17:08Z,26aab0cd-6aba-3e1b-ac5b-05c8867e762c,,Spouse,Mrs. Carroll471
c0a47dee-cc72-29ce-df5a-ea6d306c36a4,c0a47dee-cc72-29ce-fc13-77c423764b2e,2020-02-24T08:17:08Z,2021-03-01T08:17:08Z,26aab0cd-6aba-3e1b-ac5b-05c8867e762c,,Self,Jonathan639 Carroll471
c0a47dee-cc72-29ce-df5a-ea6d306c36a4,c0a47dee-cc72-29ce-5b89-19e785dfbfaf,2021-03-01T08:17:08Z,2022-02-28T08:17:08Z,26aab0cd-6aba-3e1b-ac5b-05c8867e762c,,Self,Jonathan639 Carroll471
c0a47dee-cc72-29ce-df5a-ea6d306c36a4,c0a47dee-cc72-29ce-c779-d4407a20d16d,2022-02-28T08:17:08Z,2023-02-27T08:17:08Z,26aab0cd-6aba-3e1b-ac5b-05c8867e762c,,Spouse,Mrs. Carroll471
c0a47dee-cc72-29ce-df5a-ea6d306c36a4,c0a47dee-cc72-29ce-caa7-68fad97c9569,2023-02-27T08:17:08Z,2024-02-26T08:17:08Z,26aab0cd-6aba-3e1b-ac5b-05c8867e762c,,Self,Jonathan639 Carroll471
c0a47dee-cc72-29ce-df5a-ea6d306c36a4,c0a47dee-cc72-29ce-3e4b-612d94e33efc,2024-02-26T08:17:08Z,2025-02-24T08:17:08Z,26aab0cd-6aba-3e1b-ac5b-05c8867e762c,,Self,Jonathan639 Carroll471
c0a47dee-cc72-29ce-df5a-ea6d306c36a4,c0a47dee-cc72-29ce-b5a8-573472a878ef,2025-02-24T08:17:08Z,2026-02-23T08:17:08Z,26aab0cd-6aba-3e1b-ac5b-05c8867e762c,,Self,Jonathan639 Carroll471
c0a47dee-cc72-29ce-df5a-ea6d306c36a4,c0a47dee-cc72-29ce-c5b5-bebccac3d756,2026-02-23T08:17:08Z,2027-02-23T08:17:08Z,26aab0cd-6aba-3e1b-ac5b-05c8867e762c,,Self,Jonathan639 Carroll471
5ba0a3f3-32f7-02b1-ec6a-8f568923954c,5ba0a3f3-32f7-02b1-d9a4-44c95dbdf240,1998-06-17T15:31:39Z,1999-06-23T15:31:39Z,df166300-5a78-3502-a46a-832842197811,,Self,Faustino767 Langworth352
5ba0a3f3-32f7-02b1-ec6a-8f568923954c,5ba0a3f3-32f7-02b1-09ed-896696dba0e6,1999-06-23T15:31:39Z,2000-06-21T15:31:39Z,df166300-5a78-3502-a46a-832842197811,,Self,Faustino767 Langworth352
5ba0a3f3-32f7-02b1-ec6a-8f568923954c,5ba0a3f3-32f7-02b1-2efc-f73358a860f5,2000-06-21T15:31:39Z,2001-06-20T15:31:39Z,df166300-5a78-3502-a46a-832842197811,,Self,Faustino767 Langworth352
5ba0a3f3-32f7-02b1-ec6a-8f568923954c,5ba0a3f3-32f7-02b1-27e5-ecbfb45b5bc2,2001-06-20T15:31:39Z,2002-06-19T15:31:39Z,df166300-5a78-3502-a46a-832842197811,,Self,Faustino767 Langworth352
5ba0a3f3-32f7-02b1-ec6a-8f568923954c,5ba0a3f3-32f7-02b1-7169-84454e05d651,2002-06-19T15:31:39Z,2003-06-18T15:31:39Z,df166300-5a78-3502-a46a-832842197811,,Self,Faustino767 Langworth352
5ba0a3f3-32f7-02b1-ec6a-8f568923954c,5ba0a3f3-32f7-02b1-52d4-07ff93cfffc5,2003-06-18T15:31:39Z,2004-06-23T15:31:39Z,df166300-5a78-3502-a46a-832842197811,,Self,Faustino767 Langworth352
5ba0a3f3-32f7-02b1-ec6a-8f568923954c,5ba0a3f3-32f7-02b1-0727-ba1509aebcfd,2004-06-23T15:31:39Z,2005-06-22T15:31:39Z,df166300-5a78-3502-a46a-832842197811,,Self,Faustino767 Langworth352
5ba0a3f3-32f7-02b1-ec6a-8f568923954c,5ba0a3f3-32f7-02b1-d9d0-bd498262dc57,2005-06-22T15:31:39Z,2006-06-21T15:31:39Z,df166300-5a78-3502-a46a-832842197811,,Self,Faustino767 Langworth352
5ba0a3f3-32f7-02b1-ec6a-8f568923954c,5ba0a3f3-32f7-02b1-e1c3-f86c02526655,2006-06-21T15:31:39Z,2007-06-20T15:31:39Z,df166300-5a78-3502-a46a-832842197811,,Self,Faustino767 Langworth352
5ba0a3f3-32f7-02b1-ec6a-8f568923954c,5ba0a3f3-32f7-02b1-9037-f52b36dfe273,2007-06-20T15:31:39Z,2008-06-18T15:31:39Z,df166300-5a78-3502-a46a-832842197811,,Self,Faustino767 Langworth352
5ba0a3f3-32f7-02b1-ec6a-8f568923954c,5ba0a3f3-32f7-02b1-07a5-b5d79f36d24a,2008-06-18T15:31:39Z,2009-06-17T15:31:39Z,df166300-5a78-3502-a46a-832842197811,,Self,Faustino767 Langworth352
5ba0a3f3-32f7-02b1-ec6a-8f568923954c,5ba0a3f3-32f7-02b1-5904-a25413598d6f,2009-06-17T15:31:39Z,2010-06-23T15:31:39Z,df166300-5a78-3502-a46a-832842197811,,Self,Faustino767 Langworth352
5ba0a3f3-32f7-02b1-ec6a-8f568923954c,5ba0a3f3-32f7-02b1-4a59-b033e45a6e90,2010-06-23T15:31:39Z,2011-06-22T15:31:39Z,df166300-5a78-3502-a46a-832842197811,,Self,Faustino767 Langworth352
5ba0a3f3-32f7-02b1-ec6a-8f568923954c,5ba0a3f3-32f7-02b1-049d-f93f63e7819a,2011-06-22T15:31:39Z,2012-06-20T15:31:39Z,df166300-5a78-3502-a46a-832842197811,,Self,Faustino767 Langworth352
5ba0a3f3-32f7-02b1-ec6a-8f568923954c,5ba0a3f3-32f7-02b1-605a-f5ed276eacd2,2012-06-20T15:31:39Z,2013-06-19T15:31:39Z,df166300-5a78-3502-a46a-832842197811,,Self,Faustino767 Langworth352
5ba0a3f3-32f7-02b1-ec6a-8f568923954c,5ba0a3f3-32f7-02b1-dd2f-b5af59824d53,2013-06-19T15:31:39Z,2014-06-18T15:31:39Z,df166300-5a78-3502-a46a-832842197811,,Self,Faustino767 Langworth352
5ba0a3f3-32f7-02b1-ec6a-8f568923954c,5ba0a3f3-32f7-02b1-e47c-5992e2d5b89f,2014-06-18T15:31:39Z,2015-06-17T15:31:39Z,df166300-5a78-3502-a46a-832842197811,,Self,Faustino767 Langworth352
5ba0a3f3-32f7-02b1-ec6a-8f568923954c,5ba0a3f3-32f7-02b1-39d1-51ade989e6ad,2015-06-17T15:31:39Z,2016-06-22T15:31:39Z,df166300-5a78-3502-a46a-832842197811,,Self,Faustino767 Langworth352
5ba0a3f3-32f7-02b1-ec6a-8f568923954c,5ba0a3f3-32f7-02b1-8fb7-1dc57d13bcee,2016-06-22T15:31:39Z,2017-06-21T15:31:39Z,df166300-5a78-3502-a46a-832842197811,,Self,Faustino767 Langworth352
5ba0a3f3-32f7-02b1-ec6a-8f568923954c,5ba0a3f3-32f7-02b1-f913-a0d73ece5f2f,2017-06-21T15:31:39Z,2018-06-20T15:31:39Z,df166300-5a78-3502-a46a-832842197811,,Self,Faustino767 Langworth352
5ba0a3f3-32f7-02b1-ec6a-8f568923954c,5ba0a3f3-32f7-02b1-df44-70f003798dad,2018-06-20T15:31:39Z,2019-06-19T15:31:39Z,df166300-5a78-3502-a46a-832842197811,,Self,Faustino767 Langworth352
5ba0a3f3-32f7-02b1-ec6a-8f568923954c,5ba0a3f3-32f7-02b1-2064-d41c35fe5a31,2019-06-19T15:31:39Z,2020-06-17T15:31:39Z,df166300-5a78-3502-a46a-832842197811,,Self,Faustino767 Langworth352
5ba0a3f3-32f7-02b1-ec6a-8f568923954c,5ba0a3f3-32f7-02b1-eadf-21d6850f871f,2020-06-17T15:31:39Z,2021-06-23T15:31:39Z,df166300-5a78-3502-a46a-832842197811,,Self,Faustino767 Langworth352
5ba0a3f3-32f7-02b1-ec6a-8f568923954c,5ba0a3f3-32f7-02b1-e39a-50897223d631,2021-06-23T15:31:39Z,2022-06-22T15:31:39Z,df166300-5a78-3502-a46a-832842197811,,Self,Faustino767 Langworth352
5ba0a3f3-32f7-02b1-ec6a-8f568923954c,5ba0a3f3-32f7-02b1-7f92-947b1c8bcc45,2022-06-22T15:31:39Z,2023-06-21T15:31:39Z,df166300-5a78-3502-a46a-832842197811,,Self,Faustino767 Langworth352
5ba0a3f3-32f7-02b1-ec6a-8f568923954c,5ba0a3f3-32f7-02b1-82c5-2ab65d7fdc6f,2023-06-21T15:31:39Z,2024-06-19T15:31:39Z,df166300-5a78-3502-a46a-832842197811,,Self,Faustino767 Langworth352
5ba0a3f3-32f7-02b1-ec6a-8f568923954c,5ba0a3f3-32f7-02b1-0054-602a14a7fe7e,2024-06-19T15:31:39Z,2025-06-18T15:31:39Z,df166300-5a78-3502-a46a-832842197811,,Self,Faustino767 Langworth352
5ba0a3f3-32f7-02b1-ec6a-8f568923954c,5ba0a3f3-32f7-02b1-8c18-a7626c7626f6,2025-06-18T15:31:39Z,2026-06-17T15:31:39Z,df166300-5a78-3502-a46a-832842197811,,Self,Faustino767 Langworth352
5ba0a3f3-32f7-02b1-ec6a-8f568923954c,5ba0a3f3-32f7-02b1-c825-417031bb94b2,2026-06-17T15:31:39Z,2027-06-17T15:31:39Z,df166300-5a78-3502-a46a-832842197811,,Self,Faustino767 Langworth352
9661a432-4630-2cd9-142c-386845fae837,9661a432-4630-2cd9-59c9-61d63cc3924f,1978-02-14T17:12:50Z,1979-02-20T17:12:50Z,df166300-5a78-3502-a46a-832842197811,,Self,Paul232 Tremblay80
9661a432-4630-2cd9-142c-386845fae837,9661a432-4630-2cd9-6ad2-5544a0a6ffab,1979-02-20T17:12:50Z,1980-02-19T17:12:50Z,df166300-5a78-3502-a46a-832842197811,,Self,Paul232 Tremblay80
9661a432-4630-2cd9-142c-386845fae837,9661a432-4630-2cd9-6324-408e8d47fe6b,1980-02-19T17:12:50Z,1981-02-17T17:12:50Z,df166300-5a78-3502-a46a-832842197811,,Self,Paul232 Tremblay80
9661a432-4630-2cd9-142c-386845fae837,9661a432-4630-2cd9-4dce-d8b484c449ea,1981-02-17T17:12:50Z,1982-02-16T17:12:50Z,df166300-5a78-3502-a46a-832842197811,,Self,Paul232 Tremblay80
9661a432-4630-2cd9-142c-386845fae837,9661a432-4630-2cd9-e009-79546ae7e892,1982-02-16T17:12:50Z,1983-02-15T17:12:50Z,df166300-5a78-3502-a46a-832842197811,,Self,Paul232 Tremblay80
9661a432-4630-2cd9-142c-386845fae837,9661a432-4630-2cd9-ce29-591c53cb250e,1983-02-15T17:12:50Z,1984-02-14T17:12:50Z,df166300-5a78-3502-a46a-832842197811,,Self,Paul232 Tremblay80
9661a432-4630-2cd9-142c-386845fae837,9661a432-4630-2cd9-c7a7-afe86913f05e,1984-02-14T17:12:50Z,1985-02-19T17:12:50Z,df166300-5a78-3502-a46a-832842197811,,Self,Paul232 Tremblay80
9661a432-4630-2cd9-142c-386845fae837,9661a432-4630-2cd9-a546-5da14bf5f82a,1985-02-19T17:12:50Z,1986-02-18T17:12:50Z,df166300-5a78-3502-a46a-832842197811,,Self,Paul232 Tremblay80
9661a432-4630-2cd9-142c-386845fae837,9661a432-4630-2cd9-db12-558c6b47f73c,1986-02-18T17:12:50Z,1987-02-17T17:12:50Z,df166300-5a78-3502-a46a-832842197811,,Self,Paul232 Tremblay80
9661a432-4630-2cd9-142c-386845fae837,9661a432-4630-2cd9-ac92-924a503c479a,1987-02-17T17:12:50Z,1988-02-16T17:12:50Z,df166300-5a78-3502-a46a-832842197811,,Self,Paul232 Tremblay80
9661a432-4630-2cd9-142c-386845fae837,9661a432-4630-2cd9-f271-fb978be17a6b,1988-02-16T17:12:50Z,1989-02-14T17:12:50Z,df166300-5a78-3502-a46a-832842197811,,Self,Paul232 Tremblay80
9661a432-4630-2cd9-142c-386845fae837,9661a432-4630-2cd9-81a5-f8e4dbeff198,1989-02-14T17:12:50Z,1990-02-20T17:12:50Z,df166300-5a78-3502-a46a-832842197811,,Self,Paul232 Tremblay80
9661a432-4630-2cd9-142c-386845fae837,9661a432-4630-2cd9-3f0e-08ccb9080c72,1990-02-20T17:12:50Z,1991-02-19T17:12:50Z,df166300-5a78-3502-a46a-832842197811,,Self,Paul232 Tremblay80
9661a432-4630-2cd9-142c-386845fae837,9661a432-4630-2cd9-55f5-aae39d3a1744,1991-02-19T17:12:50Z,1992-02-18T17:12:50Z,df166300-5a78-3502-a46a-832842197811,,Self,Paul232 Tremblay80
9661a432-4630-2cd9-142c-386845fae837,9661a432-4630-2cd9-e7a4-573830650580,1992-02-18T17:12:50Z,1993-02-16T17:12:50Z,df166300-5a78-3502-a46a-832842197811,,Self,Paul232 Tremblay80
9661a432-4630-2cd9-142c-386845fae837,9661a432-4630-2cd9-67d9-eb954a097aca,1993-02-16T17:12:50Z,1994-02-15T17:12:50Z,df166300-5a78-3502-a46a-832842197811,,Self,Paul232 Tremblay80
9661a432-4630-2cd9-142c-386845fae837,9661a432-4630-2cd9-7b5e-3cafdc290a24,1994-02-15T17:12:50Z,1995-02-14T17:12:50Z,df166300-5a78-3502-a46a-832842197811,,Self,Paul232 Tremblay80
9661a432-4630-2cd9-142c-386845fae837,9661a432-4630-2cd9-0786-ea155e12ab29,1995-02-14T17:12:50Z,1996-02-20T17:12:50Z,df166300-5a78-3502-a46a-832842197811,,Self,Paul232 Tremblay80
9661a432-4630-2cd9-142c-386845fae837,9661a432-4630-2cd9-3bf8-f086b1e3c2f2,1996-02-20T17:12:50Z,1997-02-18T17:12:50Z,df166300-5a78-3502-a46a-832842197811,,Self,Paul232 Tremblay80
9661a432-4630-2cd9-142c-386845fae837,9661a432-4630-2cd9-ec85-4ec4c301ee7e,1997-02-18T17:12:50Z,1998-02-17T17:12:50Z,df166300-5a78-3502-a46a-832842197811,,Self,Paul232 Tremblay80
9661a432-4630-2cd9-142c-386845fae837,9661a432-4630-2cd9-c190-b6ae083f8363,1998-02-17T17:12:50Z,1999-02-16T17:12:50Z,df166300-5a78-3502-a46a-832842197811,,Self,Paul232 Tremblay80
9661a432-4630-2cd9-142c-386845fae837,9661a432-4630-2cd9-54a8-cea0ff7a194e,1999-02-16T17:12:50Z,2000-02-15T17:12:50Z,df166300-5a78-3502-a46a-832842197811,,Self,Paul232 Tremblay80
9661a432-4630-2cd9-142c-386845fae837,9661a432-4630-2cd9-b58f-00d0052b3f45,2000-02-15T17:12:50Z,2001-02-20T17:12:50Z,df166300-5a78-3502-a46a-832842197811,,Self,Paul232 Tremblay80
9661a432-4630-2cd9-142c-386845fae837,9661a432-4630-2cd9-e63d-15adca360c76,2001-02-20T17:12:50Z,2002-02-19T17:12:50Z,df166300-5a78-3502-a46a-832842197811,,Self,Paul232 Tremblay80
9661a432-4630-2cd9-142c-386845fae837,9661a432-4630-2cd9-29ca-47d93b67bd18,2002-02-19T17:12:50Z,2003-02-18T17:12:50Z,df166300-5a78-3502-a46a-832842197811,,Self,Paul232 Tremblay80
9661a432-4630-2cd9-142c-386845fae837,9661a432-4630-2cd9-bba4-e29160dea7f4,2003-02-18T17:12:50Z,2004-02-17T17:12:50Z,df166300-5a78-3502-a46a-832842197811,,Self,Paul232 Tremblay80
9661a432-4630-2cd9-142c-386845fae837,9661a432-4630-2cd9-8135-76294ed72753,2004-02-17T17:12:50Z,2005-02-15T17:12:50Z,df166300-5a78-3502-a46a-832842197811,,Self,Paul232 Tremblay80
9661a432-4630-2cd9-142c-386845fae837,9661a432-4630-2cd9-9af4-2d8e311019cd,2005-02-15T17:12:50Z,2006-02-14T17:12:50Z,df166300-5a78-3502-a46a-832842197811,,Self,Paul232 Tremblay80
9661a432-4630-2cd9-142c-386845fae837,9661a432-4630-2cd9-beed-9f952ed9295f,2006-02-14T17:12:50Z,2007-02-20T17:12:50Z,df166300-5a78-3502-a46a-832842197811,,Self,Paul232 Tremblay80
9661a432-4630-2cd9-142c-386845fae837,9661a432-4630-2cd9-8058-20825a0eb596,2007-02-20T17:12:50Z,2008-02-19T17:12:50Z,df166300-5a78-3502-a46a-832842197811,,Self,Paul232 Tremblay80
9661a432-4630-2cd9-142c-386845fae837,9661a432-4630-2cd9-5c6e-b9706af4b74c,2008-02-19T17:12:50Z,2009-02-17T17:12:50Z,df166300-5a78-3502-a46a-832842197811,,Self,Paul232 Tremblay80
9661a432-4630-2cd9-142c-386845fae837,9661a432-4630-2cd9-37cf-8f0afc41c54b,2009-02-17T17:12:50Z,2010-02-16T17:12:50Z,df166300-5a78-3502-a46a-832842197811,,Spouse,Mrs. Tremblay80
9661a432-4630-2cd9-142c-386845fae837,9661a432-4630-2cd9-06d4-842a6e44b6af,2010-02-16T17:12:50Z,2011-02-15T17:12:50Z,df166300-5a78-3502-a46a-832842197811,,Spouse,Mrs. Tremblay80
9661a432-4630-2cd9-142c-386845fae837,9661a432-4630-2cd9-1747-68f8cf54388b,2011-02-15T17:12:50Z,2012-02-14T17:12:50Z,df166300-5a78-3502-a46a-832842197811,,Self,Paul232 Tremblay80
9661a432-4630-2cd9-142c-386845fae837,9661a432-4630-2cd9-d0b5-63e85af33e72,2012-02-14T17:12:50Z,2013-02-19T17:12:50Z,df166300-5a78-3502-a46a-832842197811,,Self,Paul232 Tremblay80
9661a432-4630-2cd9-142c-386845fae837,9661a432-4630-2cd9-efcb-dd2afc72ab45,2013-02-19T17:12:50Z,2014-02-18T17:12:50Z,df166300-5a78-3502-a46a-832842197811,,Spouse,Mrs. Tremblay80
9661a432-4630-2cd9-142c-386845fae837,9661a432-4630-2cd9-5cbb-887784d0f28e,2014-02-18T17:12:50Z,2015-02-17T17:12:50Z,df166300-5a78-3502-a46a-832842197811,,Spouse,Mrs. Tremblay80
9661a432-4630-2cd9-142c-386845fae837,9661a432-4630-2cd9-5b8e-ecef8c4418ea,2015-02-17T17:12:50Z,2016-02-16T17:12:50Z,df166300-5a78-3502-a46a-832842197811,,Spouse,Mrs. Tremblay80
9661a432-4630-2cd9-142c-386845fae837,9661a432-4630-2cd9-e390-a3f57e981d72,2016-02-16T17:12:50Z,2017-02-14T17:12:50Z,df166300-5a78-3502-a46a-832842197811,,Spouse,Mrs. Tremblay80
9661a432-4630-2cd9-142c-386845fae837,9661a432-4630-2cd9-8155-763b20225939,2017-02-14T17:12:50Z,2018-02-20T17:12:50Z,df166300-5a78-3502-a46a-832842197811,,Self,Paul232 Tremblay80
9661a432-4630-2cd9-142c-386845fae837,9661a432-4630-2cd9-6362-ef99b55f09dc,2018-02-20T17:12:50Z,2019-02-19T17:12:50Z,df166300-5a78-3502-a46a-832842197811,,Spouse,Mrs. Tremblay80
9661a432-4630-2cd9-142c-386845fae837,9661a432-4630-2cd9-3dda-df939d7a2ffb,2019-02-19T17:12:50Z,2020-02-18T17:12:50Z,df166300-5a78-3502-a46a-832842197811,,Spouse,Mrs. Tremblay80
9661a432-4630-2cd9-142c-386845fae837,9661a432-4630-2cd9-c3b4-96f3547f7799,2020-02-18T17:12:50Z,2021-02-16T17:12:50Z,df166300-5a78-3502-a46a-832842197811,,Self,Paul232 Tremblay80
9661a432-4630-2cd9-142c-386845fae837,9661a432-4630-2cd9-c88f-e553a5b8c6bd,2021-02-16T17:12:50Z,2022-02-15T17:12:50Z,df166300-5a78-3502-a46a-832842197811,,Spouse,Mrs. Tremblay80
9661a432-4630-2cd9-142c-386845fae837,9661a432-4630-2cd9-5d48-701fafaa9f36,2022-02-15T17:12:50Z,2023-02-14T17:12:50Z,df166300-5a78-3502-a46a-832842197811,,Self,Paul232 Tremblay80
9661a432-4630-2cd9-142c-386845fae837,9661a432-4630-2cd9-ab51-b02bd4f6529a,2023-02-14T17:12:50Z,2024-02-20T17:12:50Z,df166300-5a78-3502-a46a-832842197811,,Spouse,Mrs. Tremblay80
9661a432-4630-2cd9-142c-386845fae837,9661a432-4630-2cd9-987f-514a8f3baede,2024-02-20T17:12:50Z,2025-02-18T17:12:50Z,df166300-5a78-3502-a46a-832842197811,,Self,Paul232 Tremblay80
9661a432-4630-2cd9-142c-386845fae837,9661a432-4630-2cd9-048f-88c47f585c14,2025-02-18T17:12:50Z,2026-02-17T17:12:50Z,df166300-5a78-3502-a46a-832842197811,,Self,Paul232 Tremblay80
9661a432-4630-2cd9-142c-386845fae837,9661a432-4630-2cd9-6eab-362b36c973a1,2026-02-17T17:12:50Z,2027-02-14T17:12:50Z,df166300-5a78-3502-a46a-832842197811,,Self,Paul232 Tremblay80
922fb35e-148d-9e82-7e65-bfa05e3b3515,922fb35e-148d-9e82-208f-52d2f68c022e,1986-12-19T01:10:28Z,1987-12-25T01:10:28Z,26aab0cd-6aba-3e1b-ac5b-05c8867e762c,,Guardian,Anja508 Bailey598
922fb35e-148d-9e82-7e65-bfa05e3b3515,922fb35e-148d-9e82-208f-52d2f68c022e,1987-12-25T01:10:28Z,1988-12-23T01:10:28Z,26aab0cd-6aba-3e1b-ac5b-05c8867e762c,,Guardian,Anja508 Bailey598
922fb35e-148d-9e82-7e65-bfa05e3b3515,922fb35e-148d-9e82-208f-52d2f68c022e,1988-12-23T01:10:28Z,1989-12-22T01:10:28Z,26aab0cd-6aba-3e1b-ac5b-05c8867e762c,,Guardian,Anja508 Bailey598
922fb35e-148d-9e82-7e65-bfa05e3b3515,922fb35e-148d-9e82-208f-52d2f68c022e,1989-12-22T01:10:28Z,1990-12-21T01:10:28Z,26aab0cd-6aba-3e1b-ac5b-05c8867e762c,,Guardian,Anja508 Bailey598
922fb35e-148d-9e82-7e65-bfa05e3b3515,922fb35e-148d-9e82-208f-52d2f68c022e,1990-12-21T01:10:28Z,1991-12-20T01:10:28Z,26aab0cd-6aba-3e1b-ac5b-05c8867e762c,,Guardian,Anja508 Bailey598
922fb35e-148d-9e82-7e65-bfa05e3b3515,922fb35e-148d-9e82-208f-52d2f68c022e,1991-12-20T01:10:28Z,1992-12-25T01:10:28Z,26aab0cd-6aba-3e1b-ac5b-05c8867e762c,,Guardian,Anja508 Bailey598
922fb35e-148d-9e82-7e65-bfa05e3b3515,922fb35e-148d-9e82-208f-52d2f68c022e,1992-12-25T01:10:28Z,1993-12-24T01:10:28Z,26aab0cd-6aba-3e1b-ac5b-05c8867e762c,,Guardian,Anja508 Bailey598
922fb35e-148d-9e82-7e65-bfa05e3b3515,922fb35e-148d-9e82-208f-52d2f68c022e,1993-12-24T01:10:28Z,1994-12-23T01:10:28Z,26aab0cd-6aba-3e1b-ac5b-05c8867e762c,,Guardian,Anja508 Bailey598
922fb35e-148d-9e82-7e65-bfa05e3b3515,922fb35e-148d-9e82-208f-52d2f68c022e,1994-12-23T01:10:28Z,1995-12-22T01:10:28Z,26aab0cd-6aba-3e1b-ac5b-05c8867e762c,,Guardian,Anja508 Bailey598
922fb35e-148d-9e82-7e65-bfa05e3b3515,922fb35e-148d-9e82-208f-52d2f68c022e,1995-12-22T01:10:28Z,1996-12-20T01:10:28Z,26aab0cd-6aba-3e1b-ac5b-05c8867e762c,,Guardian,Anja508 Bailey598
922fb35e-148d-9e82-7e65-bfa05e3b3515,922fb35e-148d-9e82-208f-52d2f68c022e,1996-12-20T01:10:28Z,1997-12-19T01:10:28Z,26aab0cd-6aba-3e1b-ac5b-05c8867e762c,,Guardian,Anja508 Bailey598
922fb35e-148d-9e82-7e65-bfa05e3b3515,922fb35e-148d-9e82-208f-52d2f68c022e,1997-12-19T01:10:28Z,1998-12-25T01:10:28Z,26aab0cd-6aba-3e1b-ac5b-05c8867e762c,,Guardian,Anja508 Bailey598
922fb35e-148d-9e82-7e65-bfa05e3b3515,922fb35e-148d-9e82-208f-52d2f68c022e,1998-12-25T01:10:28Z,1999-12-24T01:10:28Z,26aab0cd-6aba-3e1b-ac5b-05c8867e762c,,Guardian,Anja508 Bailey598
922fb35e-148d-9e82-7e65-bfa05e3b3515,922fb35e-148d-9e82-208f-52d2f68c022e,1999-12-24T01:10:28Z,2000-12-22T01:10:28Z,26aab0cd-6aba-3e1b-ac5b-05c8867e762c,,Guardian,Anja508 Bailey598
922fb35e-148d-9e82-7e65-bfa05e3b3515,922fb35e-148d-9e82-208f-52d2f68c022e,2000-12-22T01:10:28Z,2001-12-21T01:10:28Z,26aab0cd-6aba-3e1b-ac5b-05c8867e762c,,Guardian,Anja508 Bailey598
922fb35e-148d-9e82-7e65-bfa05e3b3515,922fb35e-148d-9e82-208f-52d2f68c022e,2001-12-21T01:10:28Z,2002-12-20T01:10:28Z,26aab0cd-6aba-3e1b-ac5b-05c8867e762c,,Guardian,Anja508 Bailey598
922fb35e-148d-9e82-7e65-bfa05e3b3515,922fb35e-148d-9e82-208f-52d2f68c022e,2002-12-20T01:10:28Z,2003-12-19T01:10:28Z,26aab0cd-6aba-3e1b-ac5b-05c8867e762c,,Guardian,Anja508 Bailey598
922fb35e-148d-9e82-7e65-bfa05e3b3515,922fb35e-148d-9e82-208f-52d2f68c022e,2003-12-19T01:10:28Z,2004-12-24T01:10:28Z,26aab0cd-6aba-3e1b-ac5b-05c8867e762c,,Guardian,Anja508 Bailey598
922fb35e-148d-9e82-7e65-bfa05e3b3515,922fb35e-148d-9e82-208f-52d2f68c022e,2004-12-24T01:10:28Z,2005-12-23T01:10:28Z,26aab0cd-6aba-3e1b-ac5b-05c8867e762c,,Guardian,Anja508 Bailey598
922fb35e-148d-9e82-7e65-bfa05e3b3515,922fb35e-148d-9e82-a7ed-36d529f9a094,2005-12-23T01:10:28Z,2006-12-22T01:10:28Z,26aab0cd-6aba-3e1b-ac5b-05c8867e762c,,Self,Agnes294 Muller251
922fb35e-148d-9e82-7e65-bfa05e3b3515,922fb35e-148d-9e82-1cce-5aade050d9a0,2006-12-22T01:10:28Z,2007-12-21T01:10:28Z,26aab0cd-6aba-3e1b-ac5b-05c8867e762c,,Self,Agnes294 Muller251
922fb35e-148d-9e82-7e65-bfa05e3b3515,922fb35e-148d-9e82-aac5-451bfa5fd63e,2007-12-21T01:10:28Z,2008-12-19T01:10:28Z,26aab0cd-6aba-3e1b-ac5b-05c8867e762c,,Self,Agnes294 Muller251
922fb35e-148d-9e82-7e65-bfa05e3b3515,922fb35e-148d-9e82-0e08-fe256c05e134,2008-12-19T01:10:28Z,2009-12-25T01:10:28Z,26aab0cd-6aba-3e1b-ac5b-05c8867e762c,,Self,Agnes294 Muller251
922fb35e-148d-9e82-7e65-bfa05e3b3515,922fb35e-148d-9e82-ed1a-e996040e0fed,2009-12-25T01:10:28Z,2010-12-24T01:10:28Z,26aab0cd-6aba-3e1b-ac5b-05c8867e762c,,Self,Agnes294 Muller251
922fb35e-148d-9e82-7e65-bfa05e3b3515,922fb35e-148d-9e82-23f3-bc20d2e7d5ae,2010-12-24T01:10:28Z,2011-12-23T01:10:28Z,26aab0cd-6aba-3e1b-ac5b-05c8867e762c,,Self,Agnes294 Muller251
922fb35e-148d-9e82-7e65-bfa05e3b3515,922fb35e-148d-9e82-2d00-2ec13e4f3b52,2011-12-23T01:10:28Z,2012-12-21T01:10:28Z,26aab0cd-6aba-3e1b-ac5b-05c8867e762c,,Self,Agnes294 Muller251
922fb35e-148d-9e82-7e65-bfa05e3b3515,922fb35e-148d-9e82-0e90-b3bd0c9968e8,2012-12-21T01:10:28Z,2013-12-20T01:10:28Z,26aab0cd-6aba-3e1b-ac5b-05c8867e762c,,Self,Agnes294 Muller251
922fb35e-148d-9e82-7e65-bfa05e3b3515,922fb35e-148d-9e82-b385-20de3ae70d58,2013-12-20T01:10:28Z,2014-12-19T01:10:28Z,26aab0cd-6aba-3e1b-ac5b-05c8867e762c,,Self,Agnes294 Muller251
922fb35e-148d-9e82-7e65-bfa05e3b3515,922fb35e-148d-9e82-32c7-386f8ac05984,2014-12-19T01:10:28Z,2015-12-25T01:10:28Z,26aab0cd-6aba-3e1b-ac5b-05c8867e762c,,Self,Agnes294 Muller251
922fb35e-148d-9e82-7e65-bfa05e3b3515,922fb35e-148d-9e82-982e-29ca84ca3395,2015-12-25T01:10:28Z,2016-12-23T01:10:28Z,26aab0cd-6aba-3e1b-ac5b-05c8867e762c,,Self,Agnes294 Laree109 Weber641
922fb35e-148d-9e82-7e65-bfa05e3b3515,922fb35e-148d-9e82-4c8e-e221a98ccbf3,2016-12-23T01:10:28Z,2017-12-22T01:10:28Z,26aab0cd-6aba-3e1b-ac5b-05c8867e762c,,Spouse,Mr. Weber641
922fb35e-148d-9e82-7e65-bfa05e3b3515,922fb35e-148d-9e82-9f99-50e08542c550,2017-12-22T01:10:28Z,2018-12-21T01:10:28Z,26aab0cd-6aba-3e1b-ac5b-05c8867e762c,,Self,Agnes294 Laree109 Weber641
922fb35e-148d-9e82-7e65-bfa05e3b3515,922fb35e-148d-9e82-b921-b6b919d59dfa,2018-12-21T01:10:28Z,2019-12-20T01:10:28Z,26aab0cd-6aba-3e1b-ac5b-05c8867e762c,,Self,Agnes294 Laree109 Weber641
922fb35e-148d-9e82-7e65-bfa05e3b3515,922fb35e-148d-9e82-865c-dc8a8ee231f4,2019-12-20T01:10:28Z,2020-12-25T01:10:28Z,26aab0cd-6aba-3e1b-ac5b-05c8867e762c,,Spouse,Mr. Weber641
922fb35e-148d-9e82-7e65-bfa05e3b3515,922fb35e-148d-9e82-4cd2-6e6bcacb1e9b,2020-12-25T01:10:28Z,2021-12-24T01:10:28Z,26aab0cd-6aba-3e1b-ac5b-05c8867e762c,,Self,Agnes294 Laree109 Weber641
922fb35e-148d-9e82-7e65-bfa05e3b3515,922fb35e-148d-9e82-8a80-becb70471da7,2021-12-24T01:10:28Z,2022-12-23T01:10:28Z,26aab0cd-6aba-3e1b-ac5b-05c8867e762c,,Spouse,Mr. Weber641
922fb35e-148d-9e82-7e65-bfa05e3b3515,922fb35e-148d-9e82-8155-ad6dc96b1b5f,2022-12-23T01:10:28Z,2023-12-22T01:10:28Z,26aab0cd-6aba-3e1b-ac5b-05c8867e762c,,Self,Agnes294 Laree109 Weber641
922fb35e-148d-9e82-7e65-bfa05e3b3515,922fb35e-148d-9e82-926b-d5d9b8692b6f,2023-12-22T01:10:28Z,2024-12-20T01:10:28Z,26aab0cd-6aba-3e1b-ac5b-05c8867e762c,,Self,Agnes294 Laree109 Weber641
922fb35e-148d-9e82-7e65-bfa05e3b3515,922fb35e-148d-9e82-a09b-6be7d202ed8d,2024-12-20T01:10:28Z,2025-12-19T01:10:28Z,26aab0cd-6aba-3e1b-ac5b-05c8867e762c,,Spouse,Mr. Weber641
922fb35e-148d-9e82-7e65-bfa05e3b3515,922fb35e-148d-9e82-0a8a-f9ccf082c913,2025-12-19T01:10:28Z,2026-12-19T01:10:28Z,26aab0cd-6aba-3e1b-ac5b-05c8867e762c,,Self,Agnes294 Laree109 Weber641
f95a6723-14a5-c4b6-78df-fa97f7ab361c,f95a6723-14a5-c4b6-17d0-d1d58a56b31e,1986-08-23T03:53:24Z,1987-08-29T03:53:24Z,d31fccc3-1767-390d-966a-22a5156f4219,,Guardian,Harris789 Bosco882
f95a6723-14a5-c4b6-78df-fa97f7ab361c,f95a6723-14a5-c4b6-17d0-d1d58a56b31e,1987-08-29T03:53:24Z,1988-08-27T03:53:24Z,d31fccc3-1767-390d-966a-22a5156f4219,,Guardian,Harris789 Bosco882
f95a6723-14a5-c4b6-78df-fa97f7ab361c,f95a6723-14a5-c4b6-17d0-d1d58a56b31e,1988-08-27T03:53:24Z,1989-08-26T03:53:24Z,d31fccc3-1767-390d-966a-22a5156f4219,,Guardian,Harris789 Bosco882
f95a6723-14a5-c4b6-78df-fa97f7ab361c,f95a6723-14a5-c4b6-17d0-d1d58a56b31e,1989-08-26T03:53:24Z,1990-08-25T03:53:24Z,d31fccc3-1767-390d-966a-22a5156f4219,,Guardian,Harris789 Bosco882
f95a6723-14a5-c4b6-78df-fa97f7ab361c,f95a6723-14a5-c4b6-17d0-d1d58a56b31e,1990-08-25T03:53:24Z,1991-08-24T03:53:24Z,d31fccc3-1767-390d-966a-22a5156f4219,,Guardian,Harris789 Bosco882
f95a6723-14a5-c4b6-78df-fa97f7ab361c,f95a6723-14a5-c4b6-3a25-c49e9eeef628,1991-08-24T03:53:24Z,1992-08-29T03:53:24Z,a735bf55-83e9-331a-899d-a82a60b9f60c,,Self,Roxann426 Bosco882
f95a6723-14a5-c4b6-78df-fa97f7ab361c,f95a6723-14a5-c4b6-56e7-cb3628be9d3f,1992-08-29T03:53:24Z,1993-08-28T03:53:24Z,a735bf55-83e9-331a-899d-a82a60b9f60c,b046940f-1664-3047-bca7-dfa76be352a4,Self,Roxann426 Bosco882
f95a6723-14a5-c4b6-78df-fa97f7ab361c,f95a6723-14a5-c4b6-84b5-d9fbaa929306,1993-08-28T03:53:24Z,1994-08-27T03:53:24Z,d31fccc3-1767-390d-966a-22a5156f4219,,Guardian,Jame231 Boehm581
f95a6723-14a5-c4b6-78df-fa97f7ab361c,f95a6723-14a5-c4b6-9ff5-798c81df3db5,1994-08-27T03:53:24Z,1995-08-26T03:53:24Z,a735bf55-83e9-331a-899d-a82a60b9f60c,b046940f-1664-3047-bca7-dfa76be352a4,Self,Roxann426 Bosco882
f95a6723-14a5-c4b6-78df-fa97f7ab361c,f95a6723-14a5-c4b6-6b1d-8d345fe11580,1995-08-26T03:53:24Z,1996-08-24T03:53:24Z,a735bf55-83e9-331a-899d-a82a60b9f60c,b046940f-1664-3047-bca7-dfa76be352a4,Self,Roxann426 Bosco882
f95a6723-14a5-c4b6-78df-fa97f7ab361c,f95a6723-14a5-c4b6-e522-9a475855b7bf,1996-08-24T03:53:24Z,1997-08-23T03:53:24Z,a735bf55-83e9-331a-899d-a82a60b9f60c,b046940f-1664-3047-bca7-dfa76be352a4,Self,Roxann426 Bosco882
f95a6723-14a5-c4b6-78df-fa97f7ab361c,f95a6723-14a5-c4b6-c2a2-cb3ed4ccd9a8,1997-08-23T03:53:24Z,1998-08-29T03:53:24Z,a735bf55-83e9-331a-899d-a82a60b9f60c,b046940f-1664-3047-bca7-dfa76be352a4,Self,Roxann426 Bosco882
f95a6723-14a5-c4b6-78df-fa97f7ab361c,f95a6723-14a5-c4b6-a65d-1e5fff5311b6,1998-08-29T03:53:24Z,1999-08-28T03:53:24Z,a735bf55-83e9-331a-899d-a82a60b9f60c,b046940f-1664-3047-bca7-dfa76be352a4,Self,Roxann426 Bosco882
f95a6723-14a5-c4b6-78df-fa97f7ab361c,f95a6723-14a5-c4b6-fc9b-c7b1fc1f8dfa,1999-08-28T03:53:24Z,2000-08-26T03:53:24Z,a735bf55-83e9-331a-899d-a82a60b9f60c,,Self,Roxann426 Bosco882
f95a6723-14a5-c4b6-78df-fa97f7ab361c,f95a6723-14a5-c4b6-a37f-959fa25f1e6c,2000-08-26T03:53:24Z,2001-08-25T03:53:24Z,a735bf55-83e9-331a-899d-a82a60b9f60c,b046940f-1664-3047-bca7-dfa76be352a4,Self,Roxann426 Bosco882
f95a6723-14a5-c4b6-78df-fa97f7ab361c,f95a6723-14a5-c4b6-28dc-471df78a2b8d,2001-08-25T03:53:24Z,2002-08-24T03:53:24Z,a735bf55-83e9-331a-899d-a82a60b9f60c,b046940f-1664-3047-bca7-dfa76be352a4,Self,Roxann426 Bosco882
f95a6723-14a5-c4b6-78df-fa97f7ab361c,f95a6723-14a5-c4b6-bc88-27211904859f,2002-08-24T03:53:24Z,2003-08-23T03:53:24Z,a735bf55-83e9-331a-899d-a82a60b9f60c,b046940f-1664-3047-bca7-dfa76be352a4,Self,Roxann426 Bosco882
f95a6723-14a5-c4b6-78df-fa97f7ab361c,f95a6723-14a5-c4b6-c54c-fe1a3fcd98ab,2003-08-23T03:53:24Z,2004-08-28T03:53:24Z,a735bf55-83e9-331a-899d-a82a60b9f60c,b046940f-1664-3047-bca7-dfa76be352a4,Self,Roxann426 Bosco882
f95a6723-14a5-c4b6-78df-fa97f7ab361c,f95a6723-14a5-c4b6-ca5b-9912a5d98c63,2004-08-28T03:53:24Z,2005-08-27T03:53:24Z,26aab0cd-6aba-3e1b-ac5b-05c8867e762c,,Self,Roxann426 Bosco882
f95a6723-14a5-c4b6-78df-fa97f7ab361c,f95a6723-14a5-c4b6-7d3c-b2c7ebb4870a,2005-08-27T03:53:24Z,2006-08-26T03:53:24Z,26aab0cd-6aba-3e1b-ac5b-05c8867e762c,,Self,Roxann426 Bosco882
f95a6723-14a5-c4b6-78df-fa97f7ab361c,f95a6723-14a5-c4b6-fab6-d6cd01dbba7d,2006-08-26T03:53:24Z,2007-08-25T03:53:24Z,26aab0cd-6aba-3e1b-ac5b-05c8867e762c,,Self,Roxann426 Bosco882
f95a6723-14a5-c4b6-78df-fa97f7ab361c,f95a6723-14a5-c4b6-5208-b2a92c34b553,2007-08-25T03:53:24Z,2008-08-23T03:53:24Z,26aab0cd-6aba-3e1b-ac5b-05c8867e762c,,Self,Roxann426 Bosco882
f95a6723-14a5-c4b6-78df-fa97f7ab361c,f95a6723-14a5-c4b6-46e1-4dc08a6ac83d,2008-08-23T03:53:24Z,2009-08-29T03:53:24Z,26aab0cd-6aba-3e1b-ac5b-05c8867e762c,,Self,Roxann426 Bosco882
f95a6723-14a5-c4b6-78df-fa97f7ab361c,f95a6723-14a5-c4b6-b099-d76b6e38eccc,2009-08-29T03:53:24Z,2010-08-28T03:53:24Z,26aab0cd-6aba-3e1b-ac5b-05c8867e762c,,Self,Roxann426 Bosco882
f95a6723-14a5-c4b6-78df-fa97f7ab361c,f95a6723-14a5-c4b6-8cb5-4d87b677061c,2010-08-28T03:53:24Z,2011-08-27T03:53:24Z,26aab0cd-6aba-3e1b-ac5b-05c8867e762c,,Self,Roxann426 Bosco882
f95a6723-14a5-c4b6-78df-fa97f7ab361c,f95a6723-14a5-c4b6-088e-584db8f37731,2011-08-27T03:53:24Z,2012-08-25T03:53:24Z,26aab0cd-6aba-3e1b-ac5b-05c8867e762c,,Self,Roxann426 Bosco882
f95a6723-14a5-c4b6-78df-fa97f7ab361c,f95a6723-14a5-c4b6-b58b-a698368b8984,2012-08-25T03:53:24Z,2013-08-24T03:53:24Z,26aab0cd-6aba-3e1b-ac5b-05c8867e762c,,Self,Roxann426 Bosco882
f95a6723-14a5-c4b6-78df-fa97f7ab361c,f95a6723-14a5-c4b6-da3b-3620f871b3f3,2013-08-24T03:53:24Z,2014-08-23T03:53:24Z,26aab0cd-6aba-3e1b-ac5b-05c8867e762c,,Self,Roxann426 Bosco882
f95a6723-14a5-c4b6-78df-fa97f7ab361c,f95a6723-14a5-c4b6-622c-abfbef3ad8ee,2014-08-23T03:53:24Z,2015-08-29T03:53:24Z,26aab0cd-6aba-3e1b-ac5b-05c8867e762c,,Self,Roxann426 Bosco882
f95a6723-14a5-c4b6-78df-fa97f7ab361c,f95a6723-14a5-c4b6-aa90-d177fe82e652,2015-08-29T03:53:24Z,2016-08-27T03:53:24Z,26aab0cd-6aba-3e1b-ac5b-05c8867e762c,,Spouse,Mr. Sauer652
f95a6723-14a5-c4b6-78df-fa97f7ab361c,f95a6723-14a5-c4b6-80fd-5dd85b942652,2016-08-27T03:53:24Z,2017-08-26T03:53:24Z,26aab0cd-6aba-3e1b-ac5b-05c8867e762c,,Self,Roxann426 Sauer652
f95a6723-14a5-c4b6-78df-fa97f7ab361c,f95a6723-14a5-c4b6-0b74-da0f97d83ad9,2017-08-26T03:53:24Z,2018-08-25T03:53:24Z,26aab0cd-6aba-3e1b-ac5b-05c8867e762c,,Self,Roxann426 Sauer652
f95a6723-14a5-c4b6-78df-fa97f7ab361c,f95a6723-14a5-c4b6-7a5e-68f846e00679,2018-08-25T03:53:24Z,2019-08-24T03:53:24Z,26aab0cd-6aba-3e1b-ac5b-05c8867e762c,,Spouse,Mr. Sauer652
f95a6723-14a5-c4b6-78df-fa97f7ab361c,f95a6723-14a5-c4b6-f21c-ad2b50d25753,2019-08-24T03:53:24Z,2020-08-29T03:53:24Z,26aab0cd-6aba-3e1b-ac5b-05c8867e762c,,Spouse,Mr. Sauer652
f95a6723-14a5-c4b6-78df-fa97f7ab361c,f95a6723-14a5-c4b6-a85c-6e7766405049,2020-08-29T03:53:24Z,2021-08-28T03:53:24Z,26aab0cd-6aba-3e1b-ac5b-05c8867e762c,,Self,Roxann426 Sauer652
f95a6723-14a5-c4b6-78df-fa97f7ab361c,f95a6723-14a5-c4b6-73ef-99a5ea9ae48d,2021-08-28T03:53:24Z,2022-08-27T03:53:24Z,26aab0cd-6aba-3e1b-ac5b-05c8867e762c,,Self,Roxann426 Sauer652
f95a6723-14a5-c4b6-78df-fa97f7ab361c,f95a6723-14a5-c4b6-a379-478923c0257c,2022-08-27T03:53:24Z,2023-08-26T03:53:24Z,26aab0cd-6aba-3e1b-ac5b-05c8867e762c,,Spouse,Mr. Sauer652
f95a6723-14a5-c4b6-78df-fa97f7ab361c,f95a6723-14a5-c4b6-b58d-bdccc170303a,2023-08-26T03:53:24Z,2024-08-24T03:53:24Z,26aab0cd-6aba-3e1b-ac5b-05c8867e762c,,Self,Roxann426 Sauer652
f95a6723-14a5-c4b6-78df-fa97f7ab361c,f95a6723-14a5-c4b6-4119-e53d11fa9b6a,2024-08-24T03:53:24Z,2025-08-23T03:53:24Z,26aab0cd-6aba-3e1b-ac5b-05c8867e762c,,Spouse,Mr. Sauer652
f95a6723-14a5-c4b6-78df-fa97f7ab361c,f95a6723-14a5-c4b6-c150-f79c597c3150,2025-08-23T03:53:24Z,2026-08-29T03:53:24Z,a735bf55-83e9-331a-899d-a82a60b9f60c,,Spouse,Mr. Sauer652
f95a6723-14a5-c4b6-78df-fa97f7ab361c,f95a6723-14a5-c4b6-86ad-1d31347641a9,2026-08-29T03:53:24Z,2027-08-23T03:53:24Z,a735bf55-83e9-331a-899d-a82a60b9f60c,b046940f-1664-3047-bca7-dfa76be352a4,Spouse,Mr. Sauer652
7b06ee52-df9a-8487-0be6-dff27cc7d519,7b06ee52-df9a-8487-899b-c40b8bd66cfc,2001-08-06T09:02:05Z,2002-08-12T09:02:05Z,26aab0cd-6aba-3e1b-ac5b-05c8867e762c,,Guardian,Lemuel304 Nader710
7b06ee52-df9a-8487-0be6-dff27cc7d519,7b06ee52-df9a-8487-899b-c40b8bd66cfc,2002-08-12T09:02:05Z,2003-08-11T09:02:05Z,26aab0cd-6aba-3e1b-ac5b-05c8867e762c,,Guardian,Lemuel304 Nader710
7b06ee52-df9a-8487-0be6-dff27cc7d519,7b06ee52-df9a-8487-899b-c40b8bd66cfc,2003-08-11T09:02:05Z,2004-08-09T09:02:05Z,26aab0cd-6aba-3e1b-ac5b-05c8867e762c,,Guardian,Lemuel304 Nader710
7b06ee52-df9a-8487-0be6-dff27cc7d519,7b06ee52-df9a-8487-899b-c40b8bd66cfc,2004-08-09T09:02:05Z,2005-08-08T09:02:05Z,26aab0cd-6aba-3e1b-ac5b-05c8867e762c,,Guardian,Lemuel304 Nader710
7b06ee52-df9a-8487-0be6-dff27cc7d519,7b06ee52-df9a-8487-899b-c40b8bd66cfc,2005-08-08T09:02:05Z,2006-08-07T09:02:05Z,26aab0cd-6aba-3e1b-ac5b-05c8867e762c,,Guardian,Lemuel304 Nader710
7b06ee52-df9a-8487-0be6-dff27cc7d519,7b06ee52-df9a-8487-899b-c40b8bd66cfc,2006-08-07T09:02:05Z,2007-08-06T09:02:05Z,26aab0cd-6aba-3e1b-ac5b-05c8867e762c,,Guardian,Lemuel304 Nader710
7b06ee52-df9a-8487-0be6-dff27cc7d519,7b06ee52-df9a-8487-899b-c40b8bd66cfc,2007-08-06T09:02:05Z,2008-08-11T09:02:05Z,26aab0cd-6aba-3e1b-ac5b-05c8867e762c,,Guardian,Lemuel304 Nader710
7b06ee52-df9a-8487-0be6-dff27cc7d519,7b06ee52-df9a-8487-899b-c40b8bd66cfc,2008-08-11T09:02:05Z,2009-08-10T09:02:05Z,26aab0cd-6aba-3e1b-ac5b-05c8867e762c,,Guardian,Lemuel304 Nader710
7b06ee52-df9a-8487-0be6-dff27cc7d519,7b06ee52-df9a-8487-899b-c40b8bd66cfc,2009-08-10T09:02:05Z,2010-08-09T09:02:05Z,26aab0cd-6aba-3e1b-ac5b-05c8867e762c,,Guardian,Lemuel304 Nader710
7b06ee52-df9a-8487-0be6-dff27cc7d519,7b06ee52-df9a-8487-899b-c40b8bd66cfc,2010-08-09T09:02:05Z,2011-08-08T09:02:05Z,26aab0cd-6aba-3e1b-ac5b-05c8867e762c,,Guardian,Lemuel304 Nader710
7b06ee52-df9a-8487-0be6-dff27cc7d519,7b06ee52-df9a-8487-899b-c40b8bd66cfc,2011-08-08T09:02:05Z,2012-08-06T09:02:05Z,26aab0cd-6aba-3e1b-ac5b-05c8867e762c,,Guardian,Lemuel304 Nader710
7b06ee52-df9a-8487-0be6-dff27cc7d519,7b06ee52-df9a-8487-899b-c40b8bd66cfc,2012-08-06T09:02:05Z,2013-08-12T09:02:05Z,26aab0cd-6aba-3e1b-ac5b-05c8867e762c,,Guardian,Lemuel304 Nader710
7b06ee52-df9a-8487-0be6-dff27cc7d519,7b06ee52-df9a-8487-899b-c40b8bd66cfc,2013-08-12T09:02:05Z,2014-08-11T09:02:05Z,26aab0cd-6aba-3e1b-ac5b-05c8867e762c,,Guardian,Lemuel304 Nader710
7b06ee52-df9a-8487-0be6-dff27cc7d519,7b06ee52-df9a-8487-899b-c40b8bd66cfc,2014-08-11T09:02:05Z,2015-08-10T09:02:05Z,26aab0cd-6aba-3e1b-ac5b-05c8867e762c,,Guardian,Lemuel304 Nader710
7b06ee52-df9a-8487-0be6-dff27cc7d519,7b06ee52-df9a-8487-899b-c40b8bd66cfc,2015-08-10T09:02:05Z,2016-08-08T09:02:05Z,26aab0cd-6aba-3e1b-ac5b-05c8867e762c,,Guardian,Lemuel304 Nader710
7b06ee52-df9a-8487-0be6-dff27cc7d519,7b06ee52-df9a-8487-899b-c40b8bd66cfc,2016-08-08T09:02:05Z,2017-08-07T09:02:05Z,26aab0cd-6aba-3e1b-ac5b-05c8867e762c,,Guardian,Lemuel304 Nader710
7b06ee52-df9a-8487-0be6-dff27cc7d519,7b06ee52-df9a-8487-899b-c40b8bd66cfc,2017-08-07T09:02:05Z,2018-08-06T09:02:05Z,26aab0cd-6aba-3e1b-ac5b-05c8867e762c,,Guardian,Lemuel304 Nader710
7b06ee52-df9a-8487-0be6-dff27cc7d519,7b06ee52-df9a-8487-899b-c40b8bd66cfc,2018-08-06T09:02:05Z,2019-08-12T09:02:05Z,26aab0cd-6aba-3e1b-ac5b-05c8867e762c,,Guardian,Lemuel304 Nader710
7b06ee52-df9a-8487-0be6-dff27cc7d519,7b06ee52-df9a-8487-899b-c40b8bd66cfc,2019-08-12T09:02:05Z,2020-08-10T09:02:05Z,26aab0cd-6aba-3e1b-ac5b-05c8867e762c,,Guardian,Lemuel304 Nader710
7b06ee52-df9a-8487-0be6-dff27cc7d519,7b06ee52-df9a-8487-9d96-066b8f9846ac,2020-08-10T09:02:05Z,2021-08-09T09:02:05Z,26aab0cd-6aba-3e1b-ac5b-05c8867e762c,,Self,Ressie457 Nader710
7b06ee52-df9a-8487-0be6-dff27cc7d519,7b06ee52-df9a-8487-f9ad-2fb0544c00e4,2021-08-09T09:02:05Z,2022-08-08T09:02:05Z,26aab0cd-6aba-3e1b-ac5b-05c8867e762c,,Self,Ressie457 Nader710
7b06ee52-df9a-8487-0be6-dff27cc7d519,7b06ee52-df9a-8487-e2ee-34d7cf791d69,2022-08-08T09:02:05Z,2023-08-07T09:02:05Z,26aab0cd-6aba-3e1b-ac5b-05c8867e762c,,Self,Ressie457 Nader710
7b06ee52-df9a-8487-0be6-dff27cc7d519,7b06ee52-df9a-8487-f708-fccd5174a188,2023-08-07T09:02:05Z,2024-08-12T09:02:05Z,26aab0cd-6aba-3e1b-ac5b-05c8867e762c,,Self,Ressie457 Nader710
7b06ee52-df9a-8487-0be6-dff27cc7d519,7b06ee52-df9a-8487-8a31-36a92594a4c8,2024-08-12T09:02:05Z,2025-08-11T09:02:05Z,26aab0cd-6aba-3e1b-ac5b-05c8867e762c,,Self,Ressie457 Nader710
7b06ee52-df9a-8487-0be6-dff27cc7d519,7b06ee52-df9a-8487-1804-bf015f005beb,2025-08-11T09:02:05Z,2026-08-10T09:02:05Z,26aab0cd-6aba-3e1b-ac5b-05c8867e762c,,Self,Ressie457 Nader710
7b06ee52-df9a-8487-0be6-dff27cc7d519,7b06ee52-df9a-8487-15a4-20f050d8c52f,2026-08-10T09:02:05Z,2027-08-06T09:02:05Z,26aab0cd-6aba-3e1b-ac5b-05c8867e762c,,Self,Ressie457 Nader710
b6a1cac9-8873-36a7-e726-4aad8a07d44d,b6a1cac9-8873-36a7-74fa-8001c2d0daf8,1993-04-14T01:13:31Z,1994-04-20T01:13:31Z,df166300-5a78-3502-a46a-832842197811,,Self,Renaldo199 Crist667
b6a1cac9-8873-36a7-e726-4aad8a07d44d,b6a1cac9-8873-36a7-f500-cca8ca20ceeb,1994-04-20T01:13:31Z,1995-04-19T01:13:31Z,df166300-5a78-3502-a46a-832842197811,,Self,Renaldo199 Crist667
b6a1cac9-8873-36a7-e726-4aad8a07d44d,b6a1cac9-8873-36a7-0421-e64f68d25f01,1995-04-19T01:13:31Z,1996-04-17T01:13:31Z,df166300-5a78-3502-a46a-832842197811,,Self,Renaldo199 Crist667
b6a1cac9-8873-36a7-e726-4aad8a07d44d,b6a1cac9-8873-36a7-2ede-cbed58f95bf6,1996-04-17T01:13:31Z,1997-04-16T01:13:31Z,df166300-5a78-3502-a46a-832842197811,,Self,Renaldo199 Crist667
b6a1cac9-8873-36a7-e726-4aad8a07d44d,b6a1cac9-8873-36a7-0bc7-bff5a30db4b1,1997-04-16T01:13:31Z,1998-04-15T01:13:31Z,df166300-5a78-3502-a46a-832842197811,,Self,Renaldo199 Crist667
b6a1cac9-8873-36a7-e726-4aad8a07d44d,b6a1cac9-8873-36a7-1440-0a6acbc2813f,1998-04-15T01:13:31Z,1999-04-14T01:13:31Z,df166300-5a78-3502-a46a-832842197811,,Self,Renaldo199 Crist667
b6a1cac9-8873-36a7-e726-4aad8a07d44d,b6a1cac9-8873-36a7-e035-58f4a9669caf,1999-04-14T01:13:31Z,2000-04-19T01:13:31Z,df166300-5a78-3502-a46a-832842197811,,Self,Renaldo199 Crist667
b6a1cac9-8873-36a7-e726-4aad8a07d44d,b6a1cac9-8873-36a7-134c-fb5abfad6a34,2000-04-19T01:13:31Z,2001-04-18T01:13:31Z,df166300-5a78-3502-a46a-832842197811,,Self,Renaldo199 Crist667
b6a1cac9-8873-36a7-e726-4aad8a07d44d,b6a1cac9-8873-36a7-3680-3d0c1b149bcd,2001-04-18T01:13:31Z,2002-04-17T01:13:31Z,df166300-5a78-3502-a46a-832842197811,,Self,Renaldo199 Crist667
b6a1cac9-8873-36a7-e726-4aad8a07d44d,b6a1cac9-8873-36a7-d88a-f7d7856b1678,2002-04-17T01:13:31Z,2003-04-16T01:13:31Z,df166300-5a78-3502-a46a-832842197811,,Self,Renaldo199 Crist667
b6a1cac9-8873-36a7-e726-4aad8a07d44d,b6a1cac9-8873-36a7-f8ce-fe3b9a291617,2003-04-16T01:13:31Z,2004-04-14T01:13:31Z,df166300-5a78-3502-a46a-832842197811,,Self,Renaldo199 Crist667
b6a1cac9-8873-36a7-e726-4aad8a07d44d,b6a1cac9-8873-36a7-93c4-3fc559a298cc,2004-04-14T01:13:31Z,2005-04-20T01:13:31Z,df166300-5a78-3502-a46a-832842197811,,Self,Renaldo199 Crist667
b6a1cac9-8873-36a7-e726-4aad8a07d44d,b6a1cac9-8873-36a7-56c6-d178ccc81fcb,2005-04-20T01:13:31Z,2006-04-19T01:13:31Z,df166300-5a78-3502-a46a-832842197811,,Self,Renaldo199 Crist667
b6a1cac9-8873-36a7-e726-4aad8a07d44d,b6a1cac9-8873-36a7-b710-96eda16b541f,2006-04-19T01:13:31Z,2007-04-18T01:13:31Z,df166300-5a78-3502-a46a-832842197811,,Self,Renaldo199 Crist667
b6a1cac9-8873-36a7-e726-4aad8a07d44d,b6a1cac9-8873-36a7-2ac8-f82a30ff15a5,2007-04-18T01:13:31Z,2008-04-16T01:13:31Z,df166300-5a78-3502-a46a-832842197811,,Self,Renaldo199 Crist667
b6a1cac9-8873-36a7-e726-4aad8a07d44d,b6a1cac9-8873-36a7-cb0b-8fe55d0d7e43,2008-04-16T01:13:31Z,2009-04-15T01:13:31Z,df166300-5a78-3502-a46a-832842197811,,Self,Renaldo199 Crist667
b6a1cac9-8873-36a7-e726-4aad8a07d44d,b6a1cac9-8873-36a7-dae0-b253dceee679,2009-04-15T01:13:31Z,2010-04-14T01:13:31Z,df166300-5a78-3502-a46a-832842197811,,Self,Renaldo199 Crist667
b6a1cac9-8873-36a7-e726-4aad8a07d44d,b6a1cac9-8873-36a7-28b7-be73058881e7,2010-04-14T01:13:31Z,2011-04-20T01:13:31Z,df166300-5a78-3502-a46a-832842197811,,Self,Renaldo199 Crist667
b6a1cac9-8873-36a7-e726-4aad8a07d44d,b6a1cac9-8873-36a7-c3d4-1d142fa381da,2011-04-20T01:13:31Z,2012-04-18T01:13:31Z,df166300-5a78-3502-a46a-832842197811,,Self,Renaldo199 Crist667
b6a1cac9-8873-36a7-e726-4aad8a07d44d,b6a1cac9-8873-36a7-0f40-1daa5d669082,2012-04-18T01:13:31Z,2013-04-17T01:13:31Z,df166300-5a78-3502-a46a-832842197811,,Self,Renaldo199 Crist667
b6a1cac9-8873-36a7-e726-4aad8a07d44d,b6a1cac9-8873-36a7-024e-1965be7f6691,2013-04-17T01:13:31Z,2014-04-16T01:13:31Z,df166300-5a78-3502-a46a-832842197811,,Self,Renaldo199 Crist667
b6a1cac9-8873-36a7-e726-4aad8a07d44d,b6a1cac9-8873-36a7-84c8-5693fa1357bd,2014-04-16T01:13:31Z,2015-04-15T01:13:31Z,df166300-5a78-3502-a46a-832842197811,,Self,Renaldo199 Crist667
b6a1cac9-8873-36a7-e726-4aad8a07d44d,b6a1cac9-8873-36a7-63f9-5098ee6fe9a6,2015-04-15T01:13:31Z,2016-04-20T01:13:31Z,df166300-5a78-3502-a46a-832842197811,,Self,Renaldo199 Crist667
b6a1cac9-8873-36a7-e726-4aad8a07d44d,b6a1cac9-8873-36a7-dc22-16ad97989a25,2016-04-20T01:13:31Z,2017-04-19T01:13:31Z,df166300-5a78-3502-a46a-832842197811,,Self,Renaldo199 Crist667
b6a1cac9-8873-36a7-e726-4aad8a07d44d,b6a1cac9-8873-36a7-bf18-6eb00d7c77cd,2017-04-19T01:13:31Z,2018-04-18T01:13:31Z,df166300-5a78-3502-a46a-832842197811,,Self,Renaldo199 Crist667
b6a1cac9-8873-36a7-e726-4aad8a07d44d,b6a1cac9-8873-36a7-bda3-19f1db1b8932,2018-04-18T01:13:31Z,2019-04-17T01:13:31Z,df166300-5a78-3502-a46a-832842197811,,Self,Renaldo199 Crist667
b6a1cac9-8873-36a7-e726-4aad8a07d44d,b6a1cac9-8873-36a7-221f-e04ff5207c2e,2019-04-17T01:13:31Z,2020-04-15T01:13:31Z,df166300-5a78-3502-a46a-832842197811,,Self,Renaldo199 Crist667
b6a1cac9-8873-36a7-e726-4aad8a07d44d,b6a1cac9-8873-36a7-b69d-7a1ee2a79cb3,2020-04-15T01:13:31Z,2021-04-14T01:13:31Z,df166300-5a78-3502-a46a-832842197811,,Self,Renaldo199 Crist667
b6a1cac9-8873-36a7-e726-4aad8a07d44d,b6a1cac9-8873-36a7-b0d7-3088db48e294,2021-04-14T01:13:31Z,2022-04-20T01:13:31Z,df166300-5a78-3502-a46a-832842197811,,Self,Renaldo199 Crist667
b6a1cac9-8873-36a7-e726-4aad8a07d44d,b6a1cac9-8873-36a7-31fd-f0923e6abf1a,2022-04-20T01:13:31Z,2023-04-19T01:13:31Z,df166300-5a78-3502-a46a-832842197811,,Self,Renaldo199 Crist667
b6a1cac9-8873-36a7-e726-4aad8a07d44d,b6a1cac9-8873-36a7-6972-caaca03cf13f,2023-04-19T01:13:31Z,2024-04-17T01:13:31Z,df166300-5a78-3502-a46a-832842197811,,Spouse,Mrs. Crist667
b6a1cac9-8873-36a7-e726-4aad8a07d44d,b6a1cac9-8873-36a7-8ce5-8457c0a32885,2024-04-17T01:13:31Z,2025-04-16T01:13:31Z,df166300-5a78-3502-a46a-832842197811,,Spouse,Mrs. Crist667
b6a1cac9-8873-36a7-e726-4aad8a07d44d,b6a1cac9-8873-36a7-6f9a-3b3bd930a99b,2025-04-16T01:13:31Z,2026-04-15T01:13:31Z,df166300-5a78-3502-a46a-832842197811,,Spouse,Mrs. Crist667
b6a1cac9-8873-36a7-e726-4aad8a07d44d,b6a1cac9-8873-36a7-0705-5dfe0c19d0d0,2026-04-15T01:13:31Z,2027-04-14T01:13:31Z,df166300-5a78-3502-a46a-832842197811,,Self,Renaldo199 Crist667
4aaa0001-3832-cc52-e2f3-47aad08f4284,4aaa0001-3832-cc52-b10f-a2b3a1337968,2006-02-05T20:20:24Z,2007-02-11T20:20:24Z,df166300-5a78-3502-a46a-832842197811,,Self,Marvin195 Weissnat378
4aaa0001-3832-cc52-e2f3-47aad08f4284,4aaa0001-3832-cc52-f54b-ac4c841cc80e,2007-02-11T20:20:24Z,2008-02-10T20:20:24Z,df166300-5a78-3502-a46a-832842197811,,Self,Marvin195 Weissnat378
4aaa0001-3832-cc52-e2f3-47aad08f4284,4aaa0001-3832-cc52-1f2c-4fab97a152d2,2008-02-10T20:20:24Z,2009-02-08T20:20:24Z,df166300-5a78-3502-a46a-832842197811,,Self,Marvin195 Weissnat378
4aaa0001-3832-cc52-e2f3-47aad08f4284,4aaa0001-3832-cc52-d02d-e42e462f2f70,2009-02-08T20:20:24Z,2010-02-07T20:20:24Z,df166300-5a78-3502-a46a-832842197811,,Self,Marvin195 Weissnat378
4aaa0001-3832-cc52-e2f3-47aad08f4284,4aaa0001-3832-cc52-e3ef-9f09b7bc22c3,2010-02-07T20:20:24Z,2011-02-06T20:20:24Z,df166300-5a78-3502-a46a-832842197811,,Self,Marvin195 Weissnat378
4aaa0001-3832-cc52-e2f3-47aad08f4284,4aaa0001-3832-cc52-a2f1-e4dad9763f70,2011-02-06T20:20:24Z,2012-02-05T20:20:24Z,df166300-5a78-3502-a46a-832842197811,,Self,Marvin195 Weissnat378
4aaa0001-3832-cc52-e2f3-47aad08f4284,4aaa0001-3832-cc52-3cc4-5db8e69c0879,2012-02-05T20:20:24Z,2013-02-10T20:20:24Z,df166300-5a78-3502-a46a-832842197811,,Self,Marvin195 Weissnat378
4aaa0001-3832-cc52-e2f3-47aad08f4284,4aaa0001-3832-cc52-cadd-93d6722e295e,2013-02-10T20:20:24Z,2014-02-09T20:20:24Z,df166300-5a78-3502-a46a-832842197811,,Self,Marvin195 Weissnat378
4aaa0001-3832-cc52-e2f3-47aad08f4284,4aaa0001-3832-cc52-3c21-587668dc46a3,2014-02-09T20:20:24Z,2015-02-08T20:20:24Z,df166300-5a78-3502-a46a-832842197811,,Self,Marvin195 Weissnat378
4aaa0001-3832-cc52-e2f3-47aad08f4284,4aaa0001-3832-cc52-9bbc-ee1f6d36c16a,2015-02-08T20:20:24Z,2016-02-07T20:20:24Z,df166300-5a78-3502-a46a-832842197811,,Self,Marvin195 Weissnat378
4aaa0001-3832-cc52-e2f3-47aad08f4284,4aaa0001-3832-cc52-529f-60c50ff6486a,2016-02-07T20:20:24Z,2017-02-05T20:20:24Z,df166300-5a78-3502-a46a-832842197811,,Self,Marvin195 Weissnat378
4aaa0001-3832-cc52-e2f3-47aad08f4284,4aaa0001-3832-cc52-3720-60ac6348a261,2017-02-05T20:20:24Z,2018-02-11T20:20:24Z,df166300-5a78-3502-a46a-832842197811,,Self,Marvin195 Weissnat378
4aaa0001-3832-cc52-e2f3-47aad08f4284,4aaa0001-3832-cc52-e831-8ef80bdbfb9d,2018-02-11T20:20:24Z,2019-02-10T20:20:24Z,df166300-5a78-3502-a46a-832842197811,,Self,Marvin195 Weissnat378
4aaa0001-3832-cc52-e2f3-47aad08f4284,4aaa0001-3832-cc52-89a5-ddb7f0522817,2019-02-10T20:20:24Z,2020-02-09T20:20:24Z,df166300-5a78-3502-a46a-832842197811,,Self,Marvin195 Weissnat378
4aaa0001-3832-cc52-e2f3-47aad08f4284,4aaa0001-3832-cc52-d523-4d858d52221e,2020-02-09T20:20:24Z,2021-02-07T20:20:24Z,df166300-5a78-3502-a46a-832842197811,,Self,Marvin195 Weissnat378
4aaa0001-3832-cc52-e2f3-47aad08f4284,4aaa0001-3832-cc52-3a24-e6e4b922a068,2021-02-07T20:20:24Z,2022-02-06T20:20:24Z,df166300-5a78-3502-a46a-832842197811,,Self,Marvin195 Weissnat378
4aaa0001-3832-cc52-e2f3-47aad08f4284,4aaa0001-3832-cc52-75e2-99c189cc1385,2022-02-06T20:20:24Z,2023-02-05T20:20:24Z,df166300-5a78-3502-a46a-832842197811,,Self,Marvin195 Weissnat378
4aaa0001-3832-cc52-e2f3-47aad08f4284,4aaa0001-3832-cc52-f1fb-0e5902fbaf63,2023-02-05T20:20:24Z,2024-02-11T20:20:24Z,df166300-5a78-3502-a46a-832842197811,,Self,Marvin195 Weissnat378
4aaa0001-3832-cc52-e2f3-47aad08f4284,4aaa0001-3832-cc52-c337-e289ad3578c4,2024-02-11T20:20:24Z,2025-02-09T20:20:24Z,df166300-5a78-3502-a46a-832842197811,,Self,Marvin195 Weissnat378
4aaa0001-3832-cc52-e2f3-47aad08f4284,4aaa0001-3832-cc52-f1bd-139d33d7e72a,2025-02-09T20:20:24Z,2026-02-08T20:20:24Z,df166300-5a78-3502-a46a-832842197811,,Self,Marvin195 Weissnat378
4aaa0001-3832-cc52-e2f3-47aad08f4284,4aaa0001-3832-cc52-0eba-324cc4bf2e87,2026-02-08T20:20:24Z,2027-02-05T20:20:24Z,df166300-5a78-3502-a46a-832842197811,,Self,Marvin195 Weissnat378
f32a088b-988b-d7d5-008b-89ea4ed1fc48,f32a088b-988b-d7d5-045a-26d0e5696c28,2006-08-16T08:16:28Z,2007-08-22T08:16:28Z,df166300-5a78-3502-a46a-832842197811,,Self,Wayne846 McLaughlin530
f32a088b-988b-d7d5-008b-89ea4ed1fc48,f32a088b-988b-d7d5-787d-b0d52fba317f,2007-08-22T08:16:28Z,2008-08-20T08:16:28Z,df166300-5a78-3502-a46a-832842197811,,Self,Wayne846 McLaughlin530
f32a088b-988b-d7d5-008b-89ea4ed1fc48,f32a088b-988b-d7d5-0495-9319ab95f1d9,2008-08-20T08:16:28Z,2009-08-19T08:16:28Z,df166300-5a78-3502-a46a-832842197811,,Self,Wayne846 McLaughlin530
f32a088b-988b-d7d5-008b-89ea4ed1fc48,f32a088b-988b-d7d5-ceda-cdc59d184ebf,2009-08-19T08:16:28Z,2010-08-18T08:16:28Z,df166300-5a78-3502-a46a-832842197811,,Self,Wayne846 McLaughlin530
f32a088b-988b-d7d5-008b-89ea4ed1fc48,f32a088b-988b-d7d5-2081-f2a2005333dc,2010-08-18T08:16:28Z,2011-08-17T08:16:28Z,df166300-5a78-3502-a46a-832842197811,,Self,Wayne846 McLaughlin530
f32a088b-988b-d7d5-008b-89ea4ed1fc48,f32a088b-988b-d7d5-6e32-47d8393dbafd,2011-08-17T08:16:28Z,2012-08-22T08:16:28Z,df166300-5a78-3502-a46a-832842197811,,Self,Wayne846 McLaughlin530
f32a088b-988b-d7d5-008b-89ea4ed1fc48,f32a088b-988b-d7d5-2a2f-da28a5440ae4,2012-08-22T08:16:28Z,2013-08-21T08:16:28Z,df166300-5a78-3502-a46a-832842197811,,Self,Wayne846 McLaughlin530
f32a088b-988b-d7d5-008b-89ea4ed1fc48,f32a088b-988b-d7d5-50fd-2dd8028ada8f,2013-08-21T08:16:28Z,2014-08-20T08:16:28Z,df166300-5a78-3502-a46a-832842197811,,Self,Wayne846 McLaughlin530
f32a088b-988b-d7d5-008b-89ea4ed1fc48,f32a088b-988b-d7d5-8c18-c72d5f5d461d,2014-08-20T08:16:28Z,2015-08-19T08:16:28Z,df166300-5a78-3502-a46a-832842197811,,Self,Wayne846 McLaughlin530
f32a088b-988b-d7d5-008b-89ea4ed1fc48,f32a088b-988b-d7d5-de55-36e1e9570611,2015-08-19T08:16:28Z,2016-08-17T08:16:28Z,df166300-5a78-3502-a46a-832842197811,,Self,Wayne846 McLaughlin530
f32a088b-988b-d7d5-008b-89ea4ed1fc48,f32a088b-988b-d7d5-3f91-45967f2e0c17,2016-08-17T08:16:28Z,2017-08-16T08:16:28Z,df166300-5a78-3502-a46a-832842197811,,Self,Wayne846 McLaughlin530
f32a088b-988b-d7d5-008b-89ea4ed1fc48,f32a088b-988b-d7d5-bde2-36741b722d5e,2017-08-16T08:16:28Z,2018-08-22T08:16:28Z,df166300-5a78-3502-a46a-832842197811,,Self,Wayne846 McLaughlin530
f32a088b-988b-d7d5-008b-89ea4ed1fc48,f32a088b-988b-d7d5-b76a-e0a014f8dd07,2018-08-22T08:16:28Z,2019-08-21T08:16:28Z,df166300-5a78-3502-a46a-832842197811,,Self,Wayne846 McLaughlin530
f32a088b-988b-d7d5-008b-89ea4ed1fc48,f32a088b-988b-d7d5-aba0-ea16fee2d8a9,2019-08-21T08:16:28Z,2020-08-19T08:16:28Z,df166300-5a78-3502-a46a-832842197811,,Self,Wayne846 McLaughlin530
f32a088b-988b-d7d5-008b-89ea4ed1fc48,f32a088b-988b-d7d5-6a15-dd8cb763c5f0,2020-08-19T08:16:28Z,2021-08-18T08:16:28Z,df166300-5a78-3502-a46a-832842197811,,Self,Wayne846 McLaughlin530
f32a088b-988b-d7d5-008b-89ea4ed1fc48,f32a088b-988b-d7d5-162e-83872c6df31f,2021-08-18T08:16:28Z,2022-08-17T08:16:28Z,df166300-5a78-3502-a46a-832842197811,,Self,Wayne846 McLaughlin530
f32a088b-988b-d7d5-008b-89ea4ed1fc48,f32a088b-988b-d7d5-c64e-9bf8e6f438f4,2022-08-17T08:16:28Z,2023-08-16T08:16:28Z,df166300-5a78-3502-a46a-832842197811,,Self,Wayne846 McLaughlin530
f32a088b-988b-d7d5-008b-89ea4ed1fc48,f32a088b-988b-d7d5-a857-496910e9c1f2,2023-08-16T08:16:28Z,2024-08-21T08:16:28Z,df166300-5a78-3502-a46a-832842197811,,Self,Wayne846 McLaughlin530
f32a088b-988b-d7d5-008b-89ea4ed1fc48,f32a088b-988b-d7d5-61c5-b84aeed2977e,2024-08-21T08:16:28Z,2025-08-20T08:16:28Z,df166300-5a78-3502-a46a-832842197811,,Self,Wayne846 McLaughlin530
f32a088b-988b-d7d5-008b-89ea4ed1fc48,f32a088b-988b-d7d5-6bcf-56aef95ac45e,2025-08-20T08:16:28Z,2026-08-19T08:16:28Z,df166300-5a78-3502-a46a-832842197811,,Self,Wayne846 McLaughlin530
f32a088b-988b-d7d5-008b-89ea4ed1fc48,f32a088b-988b-d7d5-b333-669925ca0ad6,2026-08-19T08:16:28Z,2027-08-16T08:16:28Z,df166300-5a78-3502-a46a-832842197811,,Self,Wayne846 McLaughlin530
d20bc0bc-3051-ae6f-f391-ceec7ec0370f,d20bc0bc-3051-ae6f-f6a3-7cb450fd97c2,2010-03-24T11:41:36Z,2011-03-30T11:41:36Z,df166300-5a78-3502-a46a-832842197811,,Self,Lavette209 Kozey370
d20bc0bc-3051-ae6f-f391-ceec7ec0370f,d20bc0bc-3051-ae6f-f9f3-6bd25c6540c8,2011-03-30T11:41:36Z,2012-03-28T11:41:36Z,df166300-5a78-3502-a46a-832842197811,,Self,Lavette209 Kozey370
d20bc0bc-3051-ae6f-f391-ceec7ec0370f,d20bc0bc-3051-ae6f-7cbe-24f1bd8d3c6d,2012-03-28T11:41:36Z,2013-03-27T11:41:36Z,df166300-5a78-3502-a46a-832842197811,,Self,Lavette209 Kozey370
d20bc0bc-3051-ae6f-f391-ceec7ec0370f,d20bc0bc-3051-ae6f-6850-01a29f24188e,2013-03-27T11:41:36Z,2014-03-26T11:41:36Z,df166300-5a78-3502-a46a-832842197811,,Self,Lavette209 Kozey370
d20bc0bc-3051-ae6f-f391-ceec7ec0370f,d20bc0bc-3051-ae6f-c368-29dd2e2428c5,2014-03-26T11:41:36Z,2015-03-25T11:41:36Z,df166300-5a78-3502-a46a-832842197811,,Self,Lavette209 Kozey370
d20bc0bc-3051-ae6f-f391-ceec7ec0370f,d20bc0bc-3051-ae6f-c6e2-7b2de9284ff5,2015-03-25T11:41:36Z,2016-03-30T11:41:36Z,df166300-5a78-3502-a46a-832842197811,,Self,Lavette209 Kozey370
d20bc0bc-3051-ae6f-f391-ceec7ec0370f,d20bc0bc-3051-ae6f-74ec-6de9d5c46b4c,2016-03-30T11:41:36Z,2017-03-29T11:41:36Z,df166300-5a78-3502-a46a-832842197811,,Self,Lavette209 Kozey370
d20bc0bc-3051-ae6f-f391-ceec7ec0370f,d20bc0bc-3051-ae6f-085c-d02a9bc0edb7,2017-03-29T11:41:36Z,2018-03-28T11:41:36Z,df166300-5a78-3502-a46a-832842197811,,Self,Lavette209 Kozey370
d20bc0bc-3051-ae6f-f391-ceec7ec0370f,d20bc0bc-3051-ae6f-c2f9-b74680981fd9,2018-03-28T11:41:36Z,2019-03-27T11:41:36Z,df166300-5a78-3502-a46a-832842197811,,Self,Lavette209 Kozey370
d20bc0bc-3051-ae6f-f391-ceec7ec0370f,d20bc0bc-3051-ae6f-404b-514e4f3e7c75,2019-03-27T11:41:36Z,2020-03-25T11:41:36Z,df166300-5a78-3502-a46a-832842197811,,Self,Lavette209 Kozey370
d20bc0bc-3051-ae6f-f391-ceec7ec0370f,d20bc0bc-3051-ae6f-b638-738303c1e20e,2020-03-25T11:41:36Z,2021-03-24T11:41:36Z,df166300-5a78-3502-a46a-832842197811,,Self,Lavette209 Kozey370
d20bc0bc-3051-ae6f-f391-ceec7ec0370f,d20bc0bc-3051-ae6f-1d9b-0fa9ffd0ab53,2021-03-24T11:41:36Z,2022-03-30T11:41:36Z,df166300-5a78-3502-a46a-832842197811,,Self,Lavette209 Kozey370
d20bc0bc-3051-ae6f-f391-ceec7ec0370f,d20bc0bc-3051-ae6f-fb2f-d0e588b418c1,2022-03-30T11:41:36Z,2023-03-29T11:41:36Z,df166300-5a78-3502-a46a-832842197811,,Self,Lavette209 Kozey370
d20bc0bc-3051-ae6f-f391-ceec7ec0370f,d20bc0bc-3051-ae6f-0f5d-a3f4e04224c2,2023-03-29T11:41:36Z,2024-03-27T11:41:36Z,df166300-5a78-3502-a46a-832842197811,,Self,Lavette209 Kozey370
d20bc0bc-3051-ae6f-f391-ceec7ec0370f,d20bc0bc-3051-ae6f-9d96-b1df89f3359d,2024-03-27T11:41:36Z,2025-03-26T11:41:36Z,df166300-5a78-3502-a46a-832842197811,,Self,Lavette209 Kozey370
d20bc0bc-3051-ae6f-f391-ceec7ec0370f,d20bc0bc-3051-ae6f-63c6-340ae964ff8d,2025-03-26T11:41:36Z,2026-03-25T11:41:36Z,df166300-5a78-3502-a46a-832842197811,,Self,Lavette209 Kozey370
d20bc0bc-3051-ae6f-f391-ceec7ec0370f,d20bc0bc-3051-ae6f-43e0-1f6a6bcd3949,2026-03-25T11:41:36Z,2027-03-24T11:41:36Z,df166300-5a78-3502-a46a-832842197811,,Self,Lavette209 Kozey370
7512bbb4-b22b-0979-6edc-389e16607ac7,7512bbb4-b22b-0979-ec87-010e6afbdcc1,2025-02-23T06:17:02Z,2026-03-01T06:17:02Z,df166300-5a78-3502-a46a-832842197811,,Self,Tamie596 Herzog843
7512bbb4-b22b-0979-6edc-389e16607ac7,7512bbb4-b22b-0979-e651-26cdf135053e,2026-03-01T06:17:02Z,2027-02-23T06:17:02Z,df166300-5a78-3502-a46a-832842197811,,Self,Tamie596 Herzog843
080b069b-5108-46b6-ecef-6aacd3b9ef3f,080b069b-5108-46b6-1972-c7e084ce00a3,1969-11-25T22:22:55Z,1970-11-24T22:22:55Z,df166300-5a78-3502-a46a-832842197811,,Self,Chester802 Aufderhar910
080b069b-5108-46b6-ecef-6aacd3b9ef3f,080b069b-5108-46b6-99fb-976d192d24a9,1970-11-24T22:22:55Z,1971-11-23T22:22:55Z,df166300-5a78-3502-a46a-832842197811,,Self,Chester802 Aufderhar910
080b069b-5108-46b6-ecef-6aacd3b9ef3f,080b069b-5108-46b6-71c0-ef12b4966c8c,1971-11-23T22:22:55Z,1972-11-28T22:22:55Z,df166300-5a78-3502-a46a-832842197811,,Self,Chester802 Aufderhar910
080b069b-5108-46b6-ecef-6aacd3b9ef3f,080b069b-5108-46b6-36d4-e379de88692a,1972-11-28T22:22:55Z,1973-11-27T22:22:55Z,df166300-5a78-3502-a46a-832842197811,,Self,Chester802 Aufderhar910
080b069b-5108-46b6-ecef-6aacd3b9ef3f,080b069b-5108-46b6-3154-a0d239624c76,1973-11-27T22:22:55Z,1974-11-26T22:22:55Z,df166300-5a78-3502-a46a-832842197811,,Self,Chester802 Aufderhar910
080b069b-5108-46b6-ecef-6aacd3b9ef3f,080b069b-5108-46b6-6ccc-4c3a50aba517,1974-11-26T22:22:55Z,1975-11-25T22:22:55Z,df166300-5a78-3502-a46a-832842197811,,Self,Chester802 Aufderhar910
080b069b-5108-46b6-ecef-6aacd3b9ef3f,080b069b-5108-46b6-68e6-5af9c653d04e,1975-11-25T22:22:55Z,1976-11-23T22:22:55Z,df166300-5a78-3502-a46a-832842197811,,Self,Chester802 Aufderhar910
080b069b-5108-46b6-ecef-6aacd3b9ef3f,080b069b-5108-46b6-b363-3576269c2052,1976-11-23T22:22:55Z,1977-11-22T22:22:55Z,df166300-5a78-3502-a46a-832842197811,,Self,Chester802 Aufderhar910
080b069b-5108-46b6-ecef-6aacd3b9ef3f,080b069b-5108-46b6-b8fd-98ded3c25582,1977-11-22T22:22:55Z,1978-11-28T22:22:55Z,df166300-5a78-3502-a46a-832842197811,,Self,Chester802 Aufderhar910
080b069b-5108-46b6-ecef-6aacd3b9ef3f,080b069b-5108-46b6-a33a-0f0fde10fd68,1978-11-28T22:22:55Z,1979-11-27T22:22:55Z,df166300-5a78-3502-a46a-832842197811,,Self,Chester802 Aufderhar910
080b069b-5108-46b6-ecef-6aacd3b9ef3f,080b069b-5108-46b6-14cc-3f73af26e5f3,1979-11-27T22:22:55Z,1980-11-25T22:22:55Z,df166300-5a78-3502-a46a-832842197811,,Self,Chester802 Aufderhar910
080b069b-5108-46b6-ecef-6aacd3b9ef3f,080b069b-5108-46b6-99c7-ba71124c0f89,1980-11-25T22:22:55Z,1981-11-24T22:22:55Z,df166300-5a78-3502-a46a-832842197811,,Self,Chester802 Aufderhar910
080b069b-5108-46b6-ecef-6aacd3b9ef3f,080b069b-5108-46b6-220d-6bb34a333c44,1981-11-24T22:22:55Z,1982-11-23T22:22:55Z,df166300-5a78-3502-a46a-832842197811,,Self,Chester802 Aufderhar910
080b069b-5108-46b6-ecef-6aacd3b9ef3f,080b069b-5108-46b6-542e-6050fdd2a1c5,1982-11-23T22:22:55Z,1983-11-22T22:22:55Z,df166300-5a78-3502-a46a-832842197811,,Self,Chester802 Aufderhar910
080b069b-5108-46b6-ecef-6aacd3b9ef3f,080b069b-5108-46b6-8ac8-4701c89c02a1,1983-11-22T22:22:55Z,1984-11-27T22:22:55Z,df166300-5a78-3502-a46a-832842197811,,Self,Chester802 Aufderhar910
080b069b-5108-46b6-ecef-6aacd3b9ef3f,080b069b-5108-46b6-35cd-b216526d8927,1984-11-27T22:22:55Z,1985-11-26T22:22:55Z,df166300-5a78-3502-a46a-832842197811,,Self,Chester802 Aufderhar910
080b069b-5108-46b6-ecef-6aacd3b9ef3f,080b069b-5108-46b6-ce28-a99951a90e55,1985-11-26T22:22:55Z,1986-11-25T22:22:55Z,df166300-5a78-3502-a46a-832842197811,,Self,Chester802 Aufderhar910
080b069b-5108-46b6-ecef-6aacd3b9ef3f,080b069b-5108-46b6-f28c-9396183635c5,1986-11-25T22:22:55Z,1987-11-24T22:22:55Z,df166300-5a78-3502-a46a-832842197811,,Self,Chester802 Aufderhar910
080b069b-5108-46b6-ecef-6aacd3b9ef3f,080b069b-5108-46b6-5714-7b6bc4c97904,1987-11-24T22:22:55Z,1988-11-22T22:22:55Z,df166300-5a78-3502-a46a-832842197811,,Self,Chester802 Aufderhar910
080b069b-5108-46b6-ecef-6aacd3b9ef3f,080b069b-5108-46b6-67e0-9a899d8f648c,1988-11-22T22:22:55Z,1989-11-28T22:22:55Z,df166300-5a78-3502-a46a-832842197811,,Self,Chester802 Aufderhar910
080b069b-5108-46b6-ecef-6aacd3b9ef3f,080b069b-5108-46b6-29f9-fb2097e503d9,1989-11-28T22:22:55Z,1990-11-27T22:22:55Z,df166300-5a78-3502-a46a-832842197811,,Self,Chester802 Aufderhar910
080b069b-5108-46b6-ecef-6aacd3b9ef3f,080b069b-5108-46b6-349a-d9fa542c754a,1990-11-27T22:22:55Z,1991-11-26T22:22:55Z,df166300-5a78-3502-a46a-832842197811,,Self,Chester802 Aufderhar910
080b069b-5108-46b6-ecef-6aacd3b9ef3f,080b069b-5108-46b6-36d6-050ac9ad4c60,1991-11-26T22:22:55Z,1992-11-24T22:22:55Z,df166300-5a78-3502-a46a-832842197811,,Self,Chester802 Aufderhar910
080b069b-5108-46b6-ecef-6aacd3b9ef3f,080b069b-5108-46b6-8df4-8a18563007d0,1992-11-24T22:22:55Z,1993-11-23T22:22:55Z,df166300-5a78-3502-a46a-832842197811,,Self,Chester802 Aufderhar910
080b069b-5108-46b6-ecef-6aacd3b9ef3f,080b069b-5108-46b6-7291-360d59bf019e,1993-11-23T22:22:55Z,1994-11-22T22:22:55Z,df166300-5a78-3502-a46a-832842197811,,Self,Chester802 Aufderhar910
080b069b-5108-46b6-ecef-6aacd3b9ef3f,080b069b-5108-46b6-93e4-723651a79a0b,1994-11-22T22:22:55Z,1995-11-28T22:22:55Z,df166300-5a78-3502-a46a-832842197811,,Self,Chester802 Aufderhar910
080b069b-5108-46b6-ecef-6aacd3b9ef3f,080b069b-5108-46b6-565e-c564b3e3374d,1995-11-28T22:22:55Z,1996-11-26T22:22:55Z,df166300-5a78-3502-a46a-832842197811,,Spouse,Mrs. Aufderhar910
080b069b-5108-46b6-ecef-6aacd3b9ef3f,080b069b-5108-46b6-a447-7370f1f9038f,1996-11-26T22:22:55Z,1997-11-25T22:22:55Z,df166300-5a78-3502-a46a-832842197811,,Spouse,Mrs. Aufderhar910
080b069b-5108-46b6-ecef-6aacd3b9ef3f,080b069b-5108-46b6-22bc-92586bba802f,1997-11-25T22:22:55Z,1998-11-24T22:22:55Z,df166300-5a78-3502-a46a-832842197811,,Spouse,Mrs. Aufderhar910
080b069b-5108-46b6-ecef-6aacd3b9ef3f,080b069b-5108-46b6-0173-be37518f3c86,1998-11-24T22:22:55Z,1999-11-23T22:22:55Z,df166300-5a78-3502-a46a-832842197811,,Self,Chester802 Aufderhar910
080b069b-5108-46b6-ecef-6aacd3b9ef3f,080b069b-5108-46b6-8506-92e3f53b5f79,1999-11-23T22:22:55Z,2000-11-28T22:22:55Z,df166300-5a78-3502-a46a-832842197811,,Spouse,Mrs. Aufderhar910
080b069b-5108-46b6-ecef-6aacd3b9ef3f,080b069b-5108-46b6-290f-f55de351548a,2000-11-28T22:22:55Z,2001-11-27T22:22:55Z,df166300-5a78-3502-a46a-832842197811,,Spouse,Mrs. Aufderhar910
080b069b-5108-46b6-ecef-6aacd3b9ef3f,080b069b-5108-46b6-571d-b9d46fad6277,2001-11-27T22:22:55Z,2002-11-26T22:22:55Z,df166300-5a78-3502-a46a-832842197811,,Spouse,Mrs. Aufderhar910
080b069b-5108-46b6-ecef-6aacd3b9ef3f,080b069b-5108-46b6-3f35-46313cf2187b,2002-11-26T22:22:55Z,2003-11-25T22:22:55Z,df166300-5a78-3502-a46a-832842197811,,Self,Chester802 Aufderhar910
080b069b-5108-46b6-ecef-6aacd3b9ef3f,080b069b-5108-46b6-e09c-2d3ae5dc6d73,2003-11-25T22:22:55Z,2004-11-23T22:22:55Z,df166300-5a78-3502-a46a-832842197811,,Spouse,Mrs. Aufderhar910
080b069b-5108-46b6-ecef-6aacd3b9ef3f,080b069b-5108-46b6-0fe7-494512f866c6,2004-11-23T22:22:55Z,2005-11-22T22:22:55Z,df166300-5a78-3502-a46a-832842197811,,Self,Chester802 Aufderhar910
080b069b-5108-46b6-ecef-6aacd3b9ef3f,080b069b-5108-46b6-0d7b-e21b7737ec77,2005-11-22T22:22:55Z,2006-11-28T22:22:55Z,df166300-5a78-3502-a46a-832842197811,,Spouse,Mrs. Aufderhar910
080b069b-5108-46b6-ecef-6aacd3b9ef3f,080b069b-5108-46b6-c965-349f2903950f,2006-11-28T22:22:55Z,2007-11-27T22:22:55Z,df166300-5a78-3502-a46a-832842197811,,Spouse,Mrs. Aufderhar910
080b069b-5108-46b6-ecef-6aacd3b9ef3f,080b069b-5108-46b6-b20d-6d926ebe11cd,2007-11-27T22:22:55Z,2008-11-25T22:22:55Z,df166300-5a78-3502-a46a-832842197811,,Self,Chester802 Aufderhar910
080b069b-5108-46b6-ecef-6aacd3b9ef3f,080b069b-5108-46b6-b407-a02b260cf4a6,2008-11-25T22:22:55Z,2009-11-24T22:22:55Z,df166300-5a78-3502-a46a-832842197811,,Spouse,Mrs. Aufderhar910
080b069b-5108-46b6-ecef-6aacd3b9ef3f,080b069b-5108-46b6-22d4-ebabe083ab91,2009-11-24T22:22:55Z,2010-11-23T22:22:55Z,df166300-5a78-3502-a46a-832842197811,,Self,Chester802 Aufderhar910
080b069b-5108-46b6-ecef-6aacd3b9ef3f,080b069b-5108-46b6-089c-7cf69c3e0ecd,2010-11-23T22:22:55Z,2011-11-22T22:22:55Z,df166300-5a78-3502-a46a-832842197811,,Spouse,Mrs. Aufderhar910
080b069b-5108-46b6-ecef-6aacd3b9ef3f,080b069b-5108-46b6-6159-ea355617c594,2011-11-22T22:22:55Z,2012-11-27T22:22:55Z,df166300-5a78-3502-a46a-832842197811,,Self,Chester802 Aufderhar910
080b069b-5108-46b6-ecef-6aacd3b9ef3f,080b069b-5108-46b6-b7a3-7dcd249a64d6,2012-11-27T22:22:55Z,2013-11-26T22:22:55Z,df166300-5a78-3502-a46a-832842197811,,Spouse,Mrs. Aufderhar910
080b069b-5108-46b6-ecef-6aacd3b9ef3f,080b069b-5108-46b6-45b8-94eb53ddd037,2013-11-26T22:22:55Z,2014-11-25T22:22:55Z,df166300-5a78-3502-a46a-832842197811,,Spouse,Mrs. Aufderhar910
080b069b-5108-46b6-ecef-6aacd3b9ef3f,080b069b-5108-46b6-6885-07e43fa1d65b,2014-11-25T22:22:55Z,2015-11-24T22:22:55Z,df166300-5a78-3502-a46a-832842197811,,Spouse,Mrs. Aufderhar910
080b069b-5108-46b6-ecef-6aacd3b9ef3f,080b069b-5108-46b6-e1f6-0ae1c0fd275b,2015-11-24T22:22:55Z,2016-11-22T22:22:55Z,df166300-5a78-3502-a46a-832842197811,,Self,Chester802 Aufderhar910
080b069b-5108-46b6-ecef-6aacd3b9ef3f,080b069b-5108-46b6-a065-56f04dd88e3c,2016-11-22T22:22:55Z,2017-11-28T22:22:55Z,df166300-5a78-3502-a46a-832842197811,,Spouse,Mrs. Aufderhar910
080b069b-5108-46b6-ecef-6aacd3b9ef3f,080b069b-5108-46b6-e20d-49515a729c29,2017-11-28T22:22:55Z,2018-11-27T22:22:55Z,df166300-5a78-3502-a46a-832842197811,,Self,Chester802 Aufderhar910
080b069b-5108-46b6-ecef-6aacd3b9ef3f,080b069b-5108-46b6-236e-196152ad70a4,2018-11-27T22:22:55Z,2019-11-26T22:22:55Z,df166300-5a78-3502-a46a-832842197811,,Self,Chester802 Aufderhar910
080b069b-5108-46b6-ecef-6aacd3b9ef3f,080b069b-5108-46b6-5bdb-196bc5757123,2019-11-26T22:22:55Z,2020-11-24T22:22:55Z,df166300-5a78-3502-a46a-832842197811,,Spouse,Mrs. Aufderhar910
080b069b-5108-46b6-ecef-6aacd3b9ef3f,080b069b-5108-46b6-9a16-2ba569771ec0,2020-11-24T22:22:55Z,2021-11-23T22:22:55Z,df166300-5a78-3502-a46a-832842197811,,Self,Chester802 Aufderhar910
080b069b-5108-46b6-ecef-6aacd3b9ef3f,080b069b-5108-46b6-2869-83ccf525324f,2021-11-23T22:22:55Z,2022-11-22T22:22:55Z,df166300-5a78-3502-a46a-832842197811,,Self,Chester802 Aufderhar910
080b069b-5108-46b6-ecef-6aacd3b9ef3f,080b069b-5108-46b6-f603-eb494a8fc7b5,2022-11-22T22:22:55Z,2023-11-28T22:22:55Z,df166300-5a78-3502-a46a-832842197811,,Self,Chester802 Aufderhar910
080b069b-5108-46b6-ecef-6aacd3b9ef3f,080b069b-5108-46b6-1e86-8729bc72afdb,2023-11-28T22:22:55Z,2024-11-26T22:22:55Z,df166300-5a78-3502-a46a-832842197811,,Self,Chester802 Aufderhar910
080b069b-5108-46b6-ecef-6aacd3b9ef3f,080b069b-5108-46b6-3389-4ced5dc4549c,2024-11-26T22:22:55Z,2025-11-25T22:22:55Z,df166300-5a78-3502-a46a-832842197811,,Spouse,Mrs. Aufderhar910
080b069b-5108-46b6-ecef-6aacd3b9ef3f,080b069b-5108-46b6-7e8e-943975401048,2025-11-25T22:22:55Z,2026-11-22T22:22:55Z,df166300-5a78-3502-a46a-832842197811,,Spouse,Mrs. Aufderhar910
5c39a9da-6fb0-3cbb-0181-add875529d46,5c39a9da-6fb0-3cbb-c096-2463cfa56ccc,2011-03-31T10:53:11Z,2012-04-05T10:53:11Z,0133f751-9229-3cfd-815f-b6d4979bdd6a,,Guardian,Marilyn850 Treutel973
5c39a9da-6fb0-3cbb-0181-add875529d46,5c39a9da-6fb0-3cbb-c096-2463cfa56ccc,2012-04-05T10:53:11Z,2013-04-04T10:53:11Z,0133f751-9229-3cfd-815f-b6d4979bdd6a,,Guardian,Marilyn850 Treutel973
5c39a9da-6fb0-3cbb-0181-add875529d46,5c39a9da-6fb0-3cbb-a09a-fbd6c106cca5,2013-04-04T10:53:11Z,2014-04-03T10:53:11Z,734afbd6-4794-363b-9bc0-6a3981533ed5,,Guardian,Marilyn850 Treutel973
5c39a9da-6fb0-3cbb-0181-add875529d46,5c39a9da-6fb0-3cbb-a09a-fbd6c106cca5,2014-04-03T10:53:11Z,2015-04-02T10:53:11Z,734afbd6-4794-363b-9bc0-6a3981533ed5,,Guardian,Marilyn850 Treutel973
5c39a9da-6fb0-3cbb-0181-add875529d46,5c39a9da-6fb0-3cbb-a09a-fbd6c106cca5,2015-04-02T10:53:11Z,2016-03-31T10:53:11Z,734afbd6-4794-363b-9bc0-6a3981533ed5,,Guardian,Marilyn850 Treutel973
5c39a9da-6fb0-3cbb-0181-add875529d46,5c39a9da-6fb0-3cbb-a09a-fbd6c106cca5,2016-03-31T10:53:11Z,2017-04-06T10:53:11Z,734afbd6-4794-363b-9bc0-6a3981533ed5,,Guardian,Marilyn850 Treutel973
5c39a9da-6fb0-3cbb-0181-add875529d46,5c39a9da-6fb0-3cbb-a09a-fbd6c106cca5,2017-04-06T10:53:11Z,2018-04-05T10:53:11Z,734afbd6-4794-363b-9bc0-6a3981533ed5,,Guardian,Marilyn850 Treutel973
5c39a9da-6fb0-3cbb-0181-add875529d46,5c39a9da-6fb0-3cbb-a09a-fbd6c106cca5,2018-04-05T10:53:11Z,2019-04-04T10:53:11Z,734afbd6-4794-363b-9bc0-6a3981533ed5,,Guardian,Marilyn850 Treutel973
5c39a9da-6fb0-3cbb-0181-add875529d46,5c39a9da-6fb0-3cbb-a09a-fbd6c106cca5,2019-04-04T10:53:11Z,2020-04-02T10:53:11Z,734afbd6-4794-363b-9bc0-6a3981533ed5,,Guardian,Marilyn850 Treutel973
5c39a9da-6fb0-3cbb-0181-add875529d46,5c39a9da-6fb0-3cbb-a09a-fbd6c106cca5,2020-04-02T10:53:11Z,2021-04-01T10:53:11Z,734afbd6-4794-363b-9bc0-6a3981533ed5,,Guardian,Marilyn850 Treutel973
5c39a9da-6fb0-3cbb-0181-add875529d46,5c39a9da-6fb0-3cbb-a09a-fbd6c106cca5,2021-04-01T10:53:11Z,2022-03-31T10:53:11Z,734afbd6-4794-363b-9bc0-6a3981533ed5,,Guardian,Marilyn850 Treutel973
5c39a9da-6fb0-3cbb-0181-add875529d46,5c39a9da-6fb0-3cbb-a09a-fbd6c106cca5,2022-03-31T10:53:11Z,2023-04-06T10:53:11Z,734afbd6-4794-363b-9bc0-6a3981533ed5,,Guardian,Marilyn850 Treutel973
5c39a9da-6fb0-3cbb-0181-add875529d46,5c39a9da-6fb0-3cbb-a09a-fbd6c106cca5,2023-04-06T10:53:11Z,2024-04-04T10:53:11Z,734afbd6-4794-363b-9bc0-6a3981533ed5,,Guardian,Marilyn850 Treutel973
5c39a9da-6fb0-3cbb-0181-add875529d46,5c39a9da-6fb0-3cbb-a09a-fbd6c106cca5,2024-04-04T10:53:11Z,2025-04-03T10:53:11Z,734afbd6-4794-363b-9bc0-6a3981533ed5,,Guardian,Marilyn850 Treutel973
5c39a9da-6fb0-3cbb-0181-add875529d46,5c39a9da-6fb0-3cbb-a09a-fbd6c106cca5,2025-04-03T10:53:11Z,2026-04-02T10:53:11Z,734afbd6-4794-363b-9bc0-6a3981533ed5,,Guardian,Marilyn850 Treutel973
5c39a9da-6fb0-3cbb-0181-add875529d46,5c39a9da-6fb0-3cbb-a09a-fbd6c106cca5,2026-04-02T10:53:11Z,2027-03-31T10:53:11Z,734afbd6-4794-363b-9bc0-6a3981533ed5,,Guardian,Marilyn850 Treutel973
6aed9210-c500-4375-b0fc-3374c40b8591,,1969-07-10T03:59:29Z,1970-07-09T03:59:29Z,e03e23c9-4df1-3eb6-a62d-f70f02301496,,,
6aed9210-c500-4375-b0fc-3374c40b8591,,1970-07-09T03:59:29Z,1971-07-08T03:59:29Z,e03e23c9-4df1-3eb6-a62d-f70f02301496,,,
6aed9210-c500-4375-b0fc-3374c40b8591,,1971-07-08T03:59:29Z,1972-07-13T03:59:29Z,e03e23c9-4df1-3eb6-a62d-f70f02301496,,,
6aed9210-c500-4375-b0fc-3374c40b8591,,1972-07-13T03:59:29Z,1973-07-12T03:59:29Z,e03e23c9-4df1-3eb6-a62d-f70f02301496,,,
6aed9210-c500-4375-b0fc-3374c40b8591,,1973-07-12T03:59:29Z,1974-07-11T03:59:29Z,e03e23c9-4df1-3eb6-a62d-f70f02301496,,,
6aed9210-c500-4375-b0fc-3374c40b8591,,1974-07-11T03:59:29Z,1975-07-10T03:59:29Z,e03e23c9-4df1-3eb6-a62d-f70f02301496,,,
6aed9210-c500-4375-b0fc-3374c40b8591,,1975-07-10T03:59:29Z,1976-07-08T03:59:29Z,e03e23c9-4df1-3eb6-a62d-f70f02301496,,,
6aed9210-c500-4375-b0fc-3374c40b8591,,1976-07-08T03:59:29Z,1977-07-14T03:59:29Z,e03e23c9-4df1-3eb6-a62d-f70f02301496,,,
6aed9210-c500-4375-b0fc-3374c40b8591,,1977-07-14T03:59:29Z,1978-07-13T03:59:29Z,e03e23c9-4df1-3eb6-a62d-f70f02301496,,,
6aed9210-c500-4375-b0fc-3374c40b8591,,1978-07-13T03:59:29Z,1979-07-12T03:59:29Z,e03e23c9-4df1-3eb6-a62d-f70f02301496,,,
6aed9210-c500-4375-b0fc-3374c40b8591,,1979-07-12T03:59:29Z,1980-07-10T03:59:29Z,e03e23c9-4df1-3eb6-a62d-f70f02301496,,,
6aed9210-c500-4375-b0fc-3374c40b8591,,1980-07-10T03:59:29Z,1981-07-09T03:59:29Z,e03e23c9-4df1-3eb6-a62d-f70f02301496,,,
6aed9210-c500-4375-b0fc-3374c40b8591,,1981-07-09T03:59:29Z,1982-07-08T03:59:29Z,e03e23c9-4df1-3eb6-a62d-f70f02301496,,,
6aed9210-c500-4375-b0fc-3374c40b8591,,1982-07-08T03:59:29Z,1983-07-14T03:59:29Z,e03e23c9-4df1-3eb6-a62d-f70f02301496,,,
6aed9210-c500-4375-b0fc-3374c40b8591,,1983-07-14T03:59:29Z,1984-07-12T03:59:29Z,e03e23c9-4df1-3eb6-a62d-f70f02301496,,,
6aed9210-c500-4375-b0fc-3374c40b8591,,1984-07-12T03:59:29Z,1985-07-11T03:59:29Z,e03e23c9-4df1-3eb6-a62d-f70f02301496,,,
6aed9210-c500-4375-b0fc-3374c40b8591,,1985-07-11T03:59:29Z,1986-07-10T03:59:29Z,e03e23c9-4df1-3eb6-a62d-f70f02301496,,,
6aed9210-c500-4375-b0fc-3374c40b8591,,1986-07-10T03:59:29Z,1987-07-09T03:59:29Z,e03e23c9-4df1-3eb6-a62d-f70f02301496,,,
6aed9210-c500-4375-b0fc-3374c40b8591,,1987-07-09T03:59:29Z,1988-07-14T03:59:29Z,e03e23c9-4df1-3eb6-a62d-f70f02301496,,,
6aed9210-c500-4375-b0fc-3374c40b8591,,1988-07-14T03:59:29Z,1989-07-13T03:59:29Z,e03e23c9-4df1-3eb6-a62d-f70f02301496,,,
6aed9210-c500-4375-b0fc-3374c40b8591,,1989-07-13T03:59:29Z,1990-07-12T03:59:29Z,e03e23c9-4df1-3eb6-a62d-f70f02301496,,,
6aed9210-c500-4375-b0fc-3374c40b8591,,1990-07-12T03:59:29Z,1991-07-11T03:59:29Z,e03e23c9-4df1-3eb6-a62d-f70f02301496,,,
6aed9210-c500-4375-b0fc-3374c40b8591,,1991-07-11T03:59:29Z,1992-07-09T03:59:29Z,e03e23c9-4df1-3eb6-a62d-f70f02301496,,,
6aed9210-c500-4375-b0fc-3374c40b8591,,1992-07-09T03:59:29Z,1993-07-08T03:59:29Z,e03e23c9-4df1-3eb6-a62d-f70f02301496,,,
6aed9210-c500-4375-b0fc-3374c40b8591,,1993-07-08T03:59:29Z,1994-07-14T03:59:29Z,e03e23c9-4df1-3eb6-a62d-f70f02301496,,,
6aed9210-c500-4375-b0fc-3374c40b8591,,1994-07-14T03:59:29Z,1995-07-13T03:59:29Z,e03e23c9-4df1-3eb6-a62d-f70f02301496,,,
6aed9210-c500-4375-b0fc-3374c40b8591,,1995-07-13T03:59:29Z,1996-07-11T03:59:29Z,e03e23c9-4df1-3eb6-a62d-f70f02301496,,,
6aed9210-c500-4375-b0fc-3374c40b8591,,1996-07-11T03:59:29Z,1997-07-10T03:59:29Z,e03e23c9-4df1-3eb6-a62d-f70f02301496,,,
6aed9210-c500-4375-b0fc-3374c40b8591,,1997-07-10T03:59:29Z,1998-07-09T03:59:29Z,e03e23c9-4df1-3eb6-a62d-f70f02301496,,,
6aed9210-c500-4375-b0fc-3374c40b8591,,1998-07-09T03:59:29Z,1999-07-08T03:59:29Z,e03e23c9-4df1-3eb6-a62d-f70f02301496,,,
6aed9210-c500-4375-b0fc-3374c40b8591,,1999-07-08T03:59:29Z,2000-07-13T03:59:29Z,e03e23c9-4df1-3eb6-a62d-f70f02301496,,,
6aed9210-c500-4375-b0fc-3374c40b8591,,2000-07-13T03:59:29Z,2001-07-12T03:59:29Z,e03e23c9-4df1-3eb6-a62d-f70f02301496,,,
6aed9210-c500-4375-b0fc-3374c40b8591,,2001-07-12T03:59:29Z,2002-07-11T03:59:29Z,e03e23c9-4df1-3eb6-a62d-f70f02301496,,,
6aed9210-c500-4375-b0fc-3374c40b8591,,2002-07-11T03:59:29Z,2003-07-10T03:59:29Z,e03e23c9-4df1-3eb6-a62d-f70f02301496,,,
6aed9210-c500-4375-b0fc-3374c40b8591,,2003-07-10T03:59:29Z,2004-07-08T03:59:29Z,e03e23c9-4df1-3eb6-a62d-f70f02301496,,,
6aed9210-c500-4375-b0fc-3374c40b8591,,2004-07-08T03:59:29Z,2005-07-14T03:59:29Z,e03e23c9-4df1-3eb6-a62d-f70f02301496,,,
6aed9210-c500-4375-b0fc-3374c40b8591,,2005-07-14T03:59:29Z,2006-07-13T03:59:29Z,e03e23c9-4df1-3eb6-a62d-f70f02301496,,,
6aed9210-c500-4375-b0fc-3374c40b8591,6aed9210-c500-4375-45c2-758140931def,2006-07-13T03:59:29Z,2007-07-12T03:59:29Z,8fa6c185-e44e-3e34-8bd8-39be8694f4ce,,Self,Lyman173 Runte676
6aed9210-c500-4375-b0fc-3374c40b8591,6aed9210-c500-4375-ea4f-8ee0ad5bdde9,2007-07-12T03:59:29Z,2008-07-10T03:59:29Z,8fa6c185-e44e-3e34-8bd8-39be8694f4ce,,Self,Lyman173 Runte676
6aed9210-c500-4375-b0fc-3374c40b8591,6aed9210-c500-4375-2aa1-c115ded81bf1,2008-07-10T03:59:29Z,2009-07-09T03:59:29Z,8fa6c185-e44e-3e34-8bd8-39be8694f4ce,,Self,Lyman173 Runte676
6aed9210-c500-4375-b0fc-3374c40b8591,6aed9210-c500-4375-9f7f-6bc103812f14,2009-07-09T03:59:29Z,2010-07-08T03:59:29Z,8fa6c185-e44e-3e34-8bd8-39be8694f4ce,,Self,Lyman173 Runte676
6aed9210-c500-4375-b0fc-3374c40b8591,6aed9210-c500-4375-d7d2-fe2f3c083aad,2010-07-08T03:59:29Z,2011-07-14T03:59:29Z,8fa6c185-e44e-3e34-8bd8-39be8694f4ce,,Self,Lyman173 Runte676
6aed9210-c500-4375-b0fc-3374c40b8591,6aed9210-c500-4375-10ba-75f6dbe66b44,2011-07-14T03:59:29Z,2012-07-12T03:59:29Z,8fa6c185-e44e-3e34-8bd8-39be8694f4ce,,Self,Lyman173 Runte676
6aed9210-c500-4375-b0fc-3374c40b8591,6aed9210-c500-4375-12f2-2d42f1ccc8fa,2012-07-12T03:59:29Z,2013-07-11T03:59:29Z,8fa6c185-e44e-3e34-8bd8-39be8694f4ce,,Self,Lyman173 Runte676
6aed9210-c500-4375-b0fc-3374c40b8591,6aed9210-c500-4375-1229-2e7f1a08d894,2013-07-11T03:59:29Z,2014-07-10T03:59:29Z,8fa6c185-e44e-3e34-8bd8-39be8694f4ce,,Self,Lyman173 Runte676
6aed9210-c500-4375-b0fc-3374c40b8591,6aed9210-c500-4375-13f5-10a4a265b81a,2014-07-10T03:59:29Z,2015-07-09T03:59:29Z,8fa6c185-e44e-3e34-8bd8-39be8694f4ce,,Self,Lyman173 Runte676
6aed9210-c500-4375-b0fc-3374c40b8591,6aed9210-c500-4375-287e-b7a52e2739a0,2015-07-09T03:59:29Z,2016-07-14T03:59:29Z,8fa6c185-e44e-3e34-8bd8-39be8694f4ce,,Self,Lyman173 Runte676
6aed9210-c500-4375-b0fc-3374c40b8591,6aed9210-c500-4375-dda7-a96ddcfea3d4,2016-07-14T03:59:29Z,2017-07-13T03:59:29Z,8fa6c185-e44e-3e34-8bd8-39be8694f4ce,,Self,Lyman173 Runte676
6aed9210-c500-4375-b0fc-3374c40b8591,6aed9210-c500-4375-6551-ea1533889437,2017-07-13T03:59:29Z,2018-07-12T03:59:29Z,8fa6c185-e44e-3e34-8bd8-39be8694f4ce,,Self,Lyman173 Runte676
6aed9210-c500-4375-b0fc-3374c40b8591,6aed9210-c500-4375-fb11-34cebf59502a,2018-07-12T03:59:29Z,2019-07-11T03:59:29Z,8fa6c185-e44e-3e34-8bd8-39be8694f4ce,,Self,Lyman173 Runte676
6aed9210-c500-4375-b0fc-3374c40b8591,6aed9210-c500-4375-e85e-fc45a06bf3d5,2019-07-11T03:59:29Z,2020-07-09T03:59:29Z,0133f751-9229-3cfd-815f-b6d4979bdd6a,,Self,Lyman173 Runte676
6aed9210-c500-4375-b0fc-3374c40b8591,6aed9210-c500-4375-23a4-33af2ba56470,2020-07-09T03:59:29Z,2021-07-08T03:59:29Z,0133f751-9229-3cfd-815f-b6d4979bdd6a,,Self,Lyman173 Runte676
6aed9210-c500-4375-b0fc-3374c40b8591,6aed9210-c500-4375-b323-7e2da62b5c54,2021-07-08T03:59:29Z,2022-07-14T03:59:29Z,0133f751-9229-3cfd-815f-b6d4979bdd6a,,Self,Lyman173 Runte676
6aed9210-c500-4375-b0fc-3374c40b8591,6aed9210-c500-4375-c44d-2dd9e404dcf0,2022-07-14T03:59:29Z,2023-07-13T03:59:29Z,0133f751-9229-3cfd-815f-b6d4979bdd6a,,Self,Lyman173 Runte676
6aed9210-c500-4375-b0fc-3374c40b8591,6aed9210-c500-4375-c8f1-828483e200ee,2023-07-13T03:59:29Z,2024-07-11T03:59:29Z,8fa6c185-e44e-3e34-8bd8-39be8694f4ce,,Self,Lyman173 Runte676
6aed9210-c500-4375-b0fc-3374c40b8591,6aed9210-c500-4375-1e03-0146a3c1e452,2024-07-11T03:59:29Z,2025-07-10T03:59:29Z,8fa6c185-e44e-3e34-8bd8-39be8694f4ce,,Self,Lyman173 Runte676
6aed9210-c500-4375-b0fc-3374c40b8591,6aed9210-c500-4375-1240-11ffbdd72d4e,2025-07-10T03:59:29Z,2026-07-09T03:59:29Z,8fa6c185-e44e-3e34-8bd8-39be8694f4ce,,Self,Lyman173 Runte676
6aed9210-c500-4375-b0fc-3374c40b8591,6aed9210-c500-4375-c4dc-0b3b47827a54,2026-07-09T03:59:29Z,2027-07-08T03:59:29Z,8fa6c185-e44e-3e34-8bd8-39be8694f4ce,,Self,Lyman173 Runte676
f999ef25-a612-87c9-206f-aacc9d469dc8,f999ef25-a612-87c9-c0dc-4f0bf3f3b3e5,1969-09-19T17:51:43Z,1970-09-18T17:51:43Z,df166300-5a78-3502-a46a-832842197811,,Self,Evangeline16 Lissa828 Ziemann98
f999ef25-a612-87c9-206f-aacc9d469dc8,f999ef25-a612-87c9-360a-20ffce345179,1970-09-18T17:51:43Z,1971-09-24T17:51:43Z,df166300-5a78-3502-a46a-832842197811,,Spouse,Mr. Ziemann98
f999ef25-a612-87c9-206f-aacc9d469dc8,f999ef25-a612-87c9-5d02-04d5625b4d91,1971-09-24T17:51:43Z,1972-09-22T17:51:43Z,df166300-5a78-3502-a46a-832842197811,,Spouse,Mr. Ziemann98
f999ef25-a612-87c9-206f-aacc9d469dc8,f999ef25-a612-87c9-1f95-9a47e12a020a,1972-09-22T17:51:43Z,1973-09-21T17:51:43Z,df166300-5a78-3502-a46a-832842197811,,Self,Evangeline16 Lissa828 Ziemann98
f999ef25-a612-87c9-206f-aacc9d469dc8,f999ef25-a612-87c9-329e-d69f7106d284,1973-09-21T17:51:43Z,1974-09-20T17:51:43Z,df166300-5a78-3502-a46a-832842197811,,Spouse,Mr. Ziemann98
f999ef25-a612-87c9-206f-aacc9d469dc8,f999ef25-a612-87c9-7e6e-cf8444d89d4c,1974-09-20T17:51:43Z,1975-09-19T17:51:43Z,df166300-5a78-3502-a46a-832842197811,,Spouse,Mr. Ziemann98
f999ef25-a612-87c9-206f-aacc9d469dc8,f999ef25-a612-87c9-053b-64966d203c5f,1975-09-19T17:51:43Z,1976-09-24T17:51:43Z,df166300-5a78-3502-a46a-832842197811,,Self,Evangeline16 Lissa828 Ziemann98
f999ef25-a612-87c9-206f-aacc9d469dc8,f999ef25-a612-87c9-527e-9d8f207848c3,1976-09-24T17:51:43Z,1977-09-23T17:51:43Z,df166300-5a78-3502-a46a-832842197811,,Self,Evangeline16 Lissa828 Ziemann98
f999ef25-a612-87c9-206f-aacc9d469dc8,f999ef25-a612-87c9-6e3b-3eb959788ba2,1977-09-23T17:51:43Z,1978-09-22T17:51:43Z,df166300-5a78-3502-a46a-832842197811,,Self,Evangeline16 Lissa828 Ziemann98
f999ef25-a612-87c9-206f-aacc9d469dc8,f999ef25-a612-87c9-d7e2-c46021f7e291,1978-09-22T17:51:43Z,1979-09-21T17:51:43Z,df166300-5a78-3502-a46a-832842197811,,Spouse,Mr. Ziemann98
f999ef25-a612-87c9-206f-aacc9d469dc8,f999ef25-a612-87c9-7a92-d39da866fe16,1979-09-21T17:51:43Z,1980-09-19T17:51:43Z,df166300-5a78-3502-a46a-832842197811,,Spouse,Mr. Ziemann98
f999ef25-a612-87c9-206f-aacc9d469dc8,f999ef25-a612-87c9-3c8a-8a795022736b,1980-09-19T17:51:43Z,1981-09-18T17:51:43Z,df166300-5a78-3502-a46a-832842197811,,Spouse,Mr. Ziemann98
f999ef25-a612-87c9-206f-aacc9d469dc8,f999ef25-a612-87c9-53e3-88f86f19e050,1981-09-18T17:51:43Z,1982-09-24T17:51:43Z,df166300-5a78-3502-a46a-832842197811,,Spouse,Mr. Ziemann98
f999ef25-a612-87c9-206f-aacc9d469dc8,f999ef25-a612-87c9-0d49-f6f2c15156ae,1982-09-24T17:51:43Z,1983-09-23T17:51:43Z,df166300-5a78-3502-a46a-832842197811,,Spouse,Mr. Ziemann98
f999ef25-a612-87c9-206f-aacc9d469dc8,f999ef25-a612-87c9-cac2-145ac4222b08,1983-09-23T17:51:43Z,1984-09-21T17:51:43Z,df166300-5a78-3502-a46a-832842197811,,Spouse,Mr. Ziemann98
f999ef25-a612-87c9-206f-aacc9d469dc8,f999ef25-a612-87c9-cf96-c1a49f518e3a,1984-09-21T17:51:43Z,1985-09-20T17:51:43Z,df166300-5a78-3502-a46a-832842197811,,Spouse,Mr. Ziemann98
f999ef25-a612-87c9-206f-aacc9d469dc8,f999ef25-a612-87c9-3150-08cf8748981c,1985-09-20T17:51:43Z,1986-09-19T17:51:43Z,df166300-5a78-3502-a46a-832842197811,,Spouse,Mr. Ziemann98
f999ef25-a612-87c9-206f-aacc9d469dc8,f999ef25-a612-87c9-b9c2-1ec48f4fac3b,1986-09-19T17:51:43Z,1987-09-18T17:51:43Z,df166300-5a78-3502-a46a-832842197811,,Spouse,Mr. Ziemann98
f999ef25-a612-87c9-206f-aacc9d469dc8,f999ef25-a612-87c9-8439-5dafae3f0d58,1987-09-18T17:51:43Z,1988-09-23T17:51:43Z,df166300-5a78-3502-a46a-832842197811,,Spouse,Mr. Ziemann98
f999ef25-a612-87c9-206f-aacc9d469dc8,f999ef25-a612-87c9-3ce5-a26d2f59468b,1988-09-23T17:51:43Z,1989-09-22T17:51:43Z,df166300-5a78-3502-a46a-832842197811,,Spouse,Mr. Ziemann98
f999ef25-a612-87c9-206f-aacc9d469dc8,f999ef25-a612-87c9-36eb-faad6dc1997c,1989-09-22T17:51:43Z,1990-09-21T17:51:43Z,df166300-5a78-3502-a46a-832842197811,,Self,Evangeline16 Lissa828 Ziemann98
f999ef25-a612-87c9-206f-aacc9d469dc8,f999ef25-a612-87c9-0fe0-a256c90be6e0,1990-09-21T17:51:43Z,1991-09-20T17:51:43Z,d18ef2e6-ef40-324c-be54-34a5ee865625,,Self,Evangeline16 Lissa828 Ziemann98
f999ef25-a612-87c9-206f-aacc9d469dc8,f999ef25-a612-87c9-d5d0-75fbde438e60,1991-09-20T17:51:43Z,1992-09-18T17:51:43Z,d18ef2e6-ef40-324c-be54-34a5ee865625,,Self,Evangeline16 Lissa828 Ziemann98
f999ef25-a612-87c9-206f-aacc9d469dc8,f999ef25-a612-87c9-d2da-22215c292dff,1992-09-18T17:51:43Z,1993-09-24T17:51:43Z,d18ef2e6-ef40-324c-be54-34a5ee865625,,Spouse,Mr. Ziemann98
f999ef25-a612-87c9-206f-aacc9d469dc8,f999ef25-a612-87c9-0352-f15b709f3d53,1993-09-24T17:51:43Z,1994-09-23T17:51:43Z,d18ef2e6-ef40-324c-be54-34a5ee865625,,Self,Evangeline16 Lissa828 Ziemann98
f999ef25-a612-87c9-206f-aacc9d469dc8,f999ef25-a612-87c9-ddd3-31997598f19d,1994-09-23T17:51:43Z,1995-09-22T17:51:43Z,d18ef2e6-ef40-324c-be54-34a5ee865625,,Spouse,Mr. Ziemann98
f999ef25-a612-87c9-206f-aacc9d469dc8,f999ef25-a612-87c9-e922-0c8d131364ad,1995-09-22T17:51:43Z,1996-09-20T17:51:43Z,d18ef2e6-ef40-324c-be54-34a5ee865625,,Spouse,Mr. Ziemann98
f999ef25-a612-87c9-206f-aacc9d469dc8,f999ef25-a612-87c9-743e-724c72f54d19,1996-09-20T17:51:43Z,1997-09-19T17:51:43Z,d18ef2e6-ef40-324c-be54-34a5ee865625,,Spouse,Mr. Ziemann98
f999ef25-a612-87c9-206f-aacc9d469dc8,f999ef25-a612-87c9-6594-5baa7abffef7,1997-09-19T17:51:43Z,1998-09-18T17:51:43Z,d18ef2e6-ef40-324c-be54-34a5ee865625,,Self,Evangeline16 Lissa828 Ziemann98
f999ef25-a612-87c9-206f-aacc9d469dc8,f999ef25-a612-87c9-aeb1-5361116d9bd5,1998-09-18T17:51:43Z,1999-09-24T17:51:43Z,d18ef2e6-ef40-324c-be54-34a5ee865625,,Spouse,Mr. Ziemann98
f999ef25-a612-87c9-206f-aacc9d469dc8,f999ef25-a612-87c9-2345-9745163be20e,1999-09-24T17:51:43Z,2000-09-22T17:51:43Z,d18ef2e6-ef40-324c-be54-34a5ee865625,,Self,Evangeline16 Lissa828 Ziemann98
f999ef25-a612-87c9-206f-aacc9d469dc8,f999ef25-a612-87c9-dbe0-c832b036168c,2000-09-22T17:51:43Z,2001-09-21T17:51:43Z,d18ef2e6-ef40-324c-be54-34a5ee865625,,Spouse,Mr. Ziemann98
f999ef25-a612-87c9-206f-aacc9d469dc8,f999ef25-a612-87c9-8cde-5aaad2ef4bc6,2001-09-21T17:51:43Z,2002-09-20T17:51:43Z,d18ef2e6-ef40-324c-be54-34a5ee865625,,Spouse,Mr. Ziemann98
f999ef25-a612-87c9-206f-aacc9d469dc8,f999ef25-a612-87c9-b74f-128b95cccf51,2002-09-20T17:51:43Z,2003-09-19T17:51:43Z,d18ef2e6-ef40-324c-be54-34a5ee865625,,Spouse,Mr. Ziemann98
f999ef25-a612-87c9-206f-aacc9d469dc8,f999ef25-a612-87c9-d952-af7007b47ff9,2003-09-19T17:51:43Z,2004-09-24T17:51:43Z,a735bf55-83e9-331a-899d-a82a60b9f60c,,Self,Evangeline16 Lissa828 Ziemann98
f999ef25-a612-87c9-206f-aacc9d469dc8,f999ef25-a612-87c9-fea0-59a3950fbfee,2004-09-24T17:51:43Z,2005-09-23T17:51:43Z,d18ef2e6-ef40-324c-be54-34a5ee865625,,Self,Evangeline16 Lissa828 Ziemann98
f999ef25-a612-87c9-206f-aacc9d469dc8,f999ef25-a612-87c9-1bb0-d7c3cfd78301,2005-09-23T17:51:43Z,2006-09-22T17:51:43Z,d18ef2e6-ef40-324c-be54-34a5ee865625,,Self,Evangeline16 Lissa828 Ziemann98
f999ef25-a612-87c9-206f-aacc9d469dc8,f999ef25-a612-87c9-7ec3-fc7073093b7b,2006-09-22T17:51:43Z,2007-09-21T17:51:43Z,d18ef2e6-ef40-324c-be54-34a5ee865625,,Self,Evangeline16 Lissa828 Ziemann98
f999ef25-a612-87c9-206f-aacc9d469dc8,f999ef25-a612-87c9-4d7a-0a1974900f1c,2007-09-21T17:51:43Z,2008-09-19T17:51:43Z,d18ef2e6-ef40-324c-be54-34a5ee865625,,Self,Evangeline16 Lissa828 Ziemann98
f999ef25-a612-87c9-206f-aacc9d469dc8,f999ef25-a612-87c9-7f73-0e1f757b4c12,2008-09-19T17:51:43Z,2009-09-18T17:51:43Z,d18ef2e6-ef40-324c-be54-34a5ee865625,,Spouse,Mr. Ziemann98
f999ef25-a612-87c9-206f-aacc9d469dc8,f999ef25-a612-87c9-1840-4290149867d4,2009-09-18T17:51:43Z,2010-09-24T17:51:43Z,d18ef2e6-ef40-324c-be54-34a5ee865625,,Spouse,Mr. Ziemann98
f999ef25-a612-87c9-206f-aacc9d469dc8,f999ef25-a612-87c9-bf7f-879efb2059ba,2010-09-24T17:51:43Z,2011-09-23T17:51:43Z,d18ef2e6-ef40-324c-be54-34a5ee865625,,Spouse,Mr. Ziemann98
f999ef25-a612-87c9-206f-aacc9d469dc8,f999ef25-a612-87c9-a3d4-12b4633cc844,2011-09-23T17:51:43Z,2012-09-21T17:51:43Z,d18ef2e6-ef40-324c-be54-34a5ee865625,,Self,Evangeline16 Lissa828 Ziemann98
f999ef25-a612-87c9-206f-aacc9d469dc8,f999ef25-a612-87c9-a781-8e18ea22ba5f,2012-09-21T17:51:43Z,2013-09-20T17:51:43Z,d18ef2e6-ef40-324c-be54-34a5ee865625,,Spouse,Mr. Ziemann98
f999ef25-a612-87c9-206f-aacc9d469dc8,f999ef25-a612-87c9-7d67-84c7268240bc,2013-09-20T17:51:43Z,2014-09-19T17:51:43Z,d18ef2e6-ef40-324c-be54-34a5ee865625,,Spouse,Mr. Ziemann98
f999ef25-a612-87c9-206f-aacc9d469dc8,f999ef25-a612-87c9-f2bb-c6782b1b6c37,2014-09-19T17:51:43Z,2015-09-18T17:51:43Z,d18ef2e6-ef40-324c-be54-34a5ee865625,,Self,Evangeline16 Lissa828 Ziemann98
f999ef25-a612-87c9-206f-aacc9d469dc8,f999ef25-a612-87c9-8055-a00263c9eea3,2015-09-18T17:51:43Z,2016-09-23T17:51:43Z,d18ef2e6-ef40-324c-be54-34a5ee865625,,Spouse,Mr. Ziemann98
f999ef25-a612-87c9-206f-aacc9d469dc8,f999ef25-a612-87c9-32a0-9baa45387b49,2016-09-23T17:51:43Z,2017-09-22T17:51:43Z,d18ef2e6-ef40-324c-be54-34a5ee865625,,Spouse,Mr. Ziemann98
f999ef25-a612-87c9-206f-aacc9d469dc8,f999ef25-a612-87c9-9af0-bcb9301266af,2017-09-22T17:51:43Z,2018-09-18T17:51:43Z,d18ef2e6-ef40-324c-be54-34a5ee865625,,Spouse,Mr. Ziemann98
79021b82-f370-50bb-c5a1-7333816d683f,79021b82-f370-50bb-8910-2c31289ed10f,2013-03-20T17:25:33Z,2014-03-26T17:25:33Z,8fa6c185-e44e-3e34-8bd8-39be8694f4ce,,Guardian,Yolando662 Mueller846
79021b82-f370-50bb-c5a1-7333816d683f,79021b82-f370-50bb-c49a-bfae61366ff1,2014-03-26T17:25:33Z,2015-03-25T17:25:33Z,0133f751-9229-3cfd-815f-b6d4979bdd6a,,Guardian,Cleveland582 Farrell962
79021b82-f370-50bb-c5a1-7333816d683f,79021b82-f370-50bb-c49a-bfae61366ff1,2015-03-25T17:25:33Z,2016-03-23T17:25:33Z,0133f751-9229-3cfd-815f-b6d4979bdd6a,,Guardian,Cleveland582 Farrell962
79021b82-f370-50bb-c5a1-7333816d683f,79021b82-f370-50bb-c49a-bfae61366ff1,2016-03-23T17:25:33Z,2017-03-22T17:25:33Z,0133f751-9229-3cfd-815f-b6d4979bdd6a,,Guardian,Cleveland582 Farrell962
79021b82-f370-50bb-c5a1-7333816d683f,79021b82-f370-50bb-3530-a9364401305d,2017-03-22T17:25:33Z,2018-03-21T17:25:33Z,734afbd6-4794-363b-9bc0-6a3981533ed5,,Guardian,Yolando662 Mueller846
79021b82-f370-50bb-c5a1-7333816d683f,79021b82-f370-50bb-3530-a9364401305d,2018-03-21T17:25:33Z,2019-03-20T17:25:33Z,734afbd6-4794-363b-9bc0-6a3981533ed5,,Guardian,Yolando662 Mueller846
79021b82-f370-50bb-c5a1-7333816d683f,79021b82-f370-50bb-3530-a9364401305d,2019-03-20T17:25:33Z,2020-03-25T17:25:33Z,734afbd6-4794-363b-9bc0-6a3981533ed5,,Guardian,Yolando662 Mueller846
79021b82-f370-50bb-c5a1-7333816d683f,79021b82-f370-50bb-3530-a9364401305d,2020-03-25T17:25:33Z,2021-03-24T17:25:33Z,734afbd6-4794-363b-9bc0-6a3981533ed5,,Guardian,Yolando662 Mueller846
79021b82-f370-50bb-c5a1-7333816d683f,79021b82-f370-50bb-3530-a9364401305d,2021-03-24T17:25:33Z,2022-03-23T17:25:33Z,734afbd6-4794-363b-9bc0-6a3981533ed5,,Guardian,Yolando662 Mueller846
79021b82-f370-50bb-c5a1-7333816d683f,79021b82-f370-50bb-3530-a9364401305d,2022-03-23T17:25:33Z,2023-03-22T17:25:33Z,734afbd6-4794-363b-9bc0-6a3981533ed5,,Guardian,Yolando662 Mueller846
79021b82-f370-50bb-c5a1-7333816d683f,79021b82-f370-50bb-3530-a9364401305d,2023-03-22T17:25:33Z,2024-03-20T17:25:33Z,734afbd6-4794-363b-9bc0-6a3981533ed5,,Guardian,Yolando662 Mueller846
79021b82-f370-50bb-c5a1-7333816d683f,79021b82-f370-50bb-3530-a9364401305d,2024-03-20T17:25:33Z,2025-03-26T17:25:33Z,734afbd6-4794-363b-9bc0-6a3981533ed5,,Guardian,Yolando662 Mueller846
79021b82-f370-50bb-c5a1-7333816d683f,79021b82-f370-50bb-3530-a9364401305d,2025-03-26T17:25:33Z,2026-03-25T17:25:33Z,734afbd6-4794-363b-9bc0-6a3981533ed5,,Guardian,Yolando662 Mueller846
79021b82-f370-50bb-c5a1-7333816d683f,79021b82-f370-50bb-3530-a9364401305d,2026-03-25T17:25:33Z,2027-03-20T17:25:33Z,734afbd6-4794-363b-9bc0-6a3981533ed5,,Guardian,Yolando662 Mueller846
6f45f2e9-a617-570a-8867-dec1260088bb,6f45f2e9-a617-570a-e569-26c2ec1342b3,2013-06-27T12:50:56Z,2014-07-03T12:50:56Z,8fa6c185-e44e-3e34-8bd8-39be8694f4ce,,Guardian,Idella49 Harris789
6f45f2e9-a617-570a-8867-dec1260088bb,6f45f2e9-a617-570a-e569-26c2ec1342b3,2014-07-03T12:50:56Z,2015-07-02T12:50:56Z,8fa6c185-e44e-3e34-8bd8-39be8694f4ce,,Guardian,Idella49 Harris789
6f45f2e9-a617-570a-8867-dec1260088bb,6f45f2e9-a617-570a-e45f-f9653bdd5a84,2015-07-02T12:50:56Z,2016-06-30T12:50:56Z,0133f751-9229-3cfd-815f-b6d4979bdd6a,,Guardian,Idella49 Harris789
6f45f2e9-a617-570a-8867-dec1260088bb,6f45f2e9-a617-570a-e45f-f9653bdd5a84,2016-06-30T12:50:56Z,2017-06-29T12:50:56Z,0133f751-9229-3cfd-815f-b6d4979bdd6a,,Guardian,Idella49 Harris789
6f45f2e9-a617-570a-8867-dec1260088bb,6f45f2e9-a617-570a-e45f-f9653bdd5a84,2017-06-29T12:50:56Z,2018-06-28T12:50:56Z,0133f751-9229-3cfd-815f-b6d4979bdd6a,,Guardian,Idella49 Harris789
6f45f2e9-a617-570a-8867-dec1260088bb,6f45f2e9-a617-570a-9a8a-3c19c3488adf,2018-06-28T12:50:56Z,2019-06-27T12:50:56Z,8fa6c185-e44e-3e34-8bd8-39be8694f4ce,,Guardian,Travis723 Mraz590
6f45f2e9-a617-570a-8867-dec1260088bb,6f45f2e9-a617-570a-9a8a-3c19c3488adf,2019-06-27T12:50:56Z,2020-07-02T12:50:56Z,8fa6c185-e44e-3e34-8bd8-39be8694f4ce,,Guardian,Travis723 Mraz590
6f45f2e9-a617-570a-8867-dec1260088bb,6f45f2e9-a617-570a-9a8a-3c19c3488adf,2020-07-02T12:50:56Z,2021-07-01T12:50:56Z,8fa6c185-e44e-3e34-8bd8-39be8694f4ce,,Guardian,Travis723 Mraz590
6f45f2e9-a617-570a-8867-dec1260088bb,6f45f2e9-a617-570a-9b66-61385d1af76f,2021-07-01T12:50:56Z,2022-06-30T12:50:56Z,734afbd6-4794-363b-9bc0-6a3981533ed5,,Guardian,Idella49 Harris789
6f45f2e9-a617-570a-8867-dec1260088bb,6f45f2e9-a617-570a-ba32-63db3d92d080,2022-06-30T12:50:56Z,2023-06-29T12:50:56Z,8fa6c185-e44e-3e34-8bd8-39be8694f4ce,,Guardian,Travis723 Mraz590
6f45f2e9-a617-570a-8867-dec1260088bb,6f45f2e9-a617-570a-ba32-63db3d92d080,2023-06-29T12:50:56Z,2024-06-27T12:50:56Z,8fa6c185-e44e-3e34-8bd8-39be8694f4ce,,Guardian,Travis723 Mraz590
6f45f2e9-a617-570a-8867-dec1260088bb,6f45f2e9-a617-570a-ba32-63db3d92d080,2024-06-27T12:50:56Z,2025-07-03T12:50:56Z,8fa6c185-e44e-3e34-8bd8-39be8694f4ce,,Guardian,Travis723 Mraz590
6f45f2e9-a617-570a-8867-dec1260088bb,6f45f2e9-a617-570a-ba32-63db3d92d080,2025-07-03T12:50:56Z,2026-07-02T12:50:56Z,8fa6c185-e44e-3e34-8bd8-39be8694f4ce,,Guardian,Travis723 Mraz590
6f45f2e9-a617-570a-8867-dec1260088bb,6f45f2e9-a617-570a-ba32-63db3d92d080,2026-07-02T12:50:56Z,2027-06-27T12:50:56Z,8fa6c185-e44e-3e34-8bd8-39be8694f4ce,,Guardian,Travis723 Mraz590
26aa011e-0d75-d1a3-3c5a-560a9450cc9d,26aa011e-0d75-d1a3-5e50-c1385ea127f1,2010-04-04T17:07:18Z,2011-04-10T17:07:18Z,734afbd6-4794-363b-9bc0-6a3981533ed5,,Guardian,Brian582 Rempel203
26aa011e-0d75-d1a3-3c5a-560a9450cc9d,26aa011e-0d75-d1a3-5e50-c1385ea127f1,2011-04-10T17:07:18Z,2012-04-08T17:07:18Z,734afbd6-4794-363b-9bc0-6a3981533ed5,,Guardian,Brian582 Rempel203
26aa011e-0d75-d1a3-3c5a-560a9450cc9d,26aa011e-0d75-d1a3-5e50-c1385ea127f1,2012-04-08T17:07:18Z,2013-04-07T17:07:18Z,734afbd6-4794-363b-9bc0-6a3981533ed5,,Guardian,Brian582 Rempel203
26aa011e-0d75-d1a3-3c5a-560a9450cc9d,26aa011e-0d75-d1a3-5e50-c1385ea127f1,2013-04-07T17:07:18Z,2014-04-06T17:07:18Z,734afbd6-4794-363b-9bc0-6a3981533ed5,,Guardian,Brian582 Rempel203
26aa011e-0d75-d1a3-3c5a-560a9450cc9d,26aa011e-0d75-d1a3-5e50-c1385ea127f1,2014-04-06T17:07:18Z,2015-04-05T17:07:18Z,734afbd6-4794-363b-9bc0-6a3981533ed5,,Guardian,Brian582 Rempel203
26aa011e-0d75-d1a3-3c5a-560a9450cc9d,26aa011e-0d75-d1a3-e0d2-05b92f3bd251,2015-04-05T17:07:18Z,2016-04-10T17:07:18Z,0133f751-9229-3cfd-815f-b6d4979bdd6a,,Guardian,Brian582 Rempel203
26aa011e-0d75-d1a3-3c5a-560a9450cc9d,26aa011e-0d75-d1a3-e0d2-05b92f3bd251,2016-04-10T17:07:18Z,2017-04-09T17:07:18Z,0133f751-9229-3cfd-815f-b6d4979bdd6a,,Guardian,Brian582 Rempel203
26aa011e-0d75-d1a3-3c5a-560a9450cc9d,26aa011e-0d75-d1a3-e0d2-05b92f3bd251,2017-04-09T17:07:18Z,2018-04-08T17:07:18Z,0133f751-9229-3cfd-815f-b6d4979bdd6a,,Guardian,Brian582 Rempel203
26aa011e-0d75-d1a3-3c5a-560a9450cc9d,26aa011e-0d75-d1a3-e0d2-05b92f3bd251,2018-04-08T17:07:18Z,2019-04-07T17:07:18Z,0133f751-9229-3cfd-815f-b6d4979bdd6a,,Guardian,Brian582 Rempel203
26aa011e-0d75-d1a3-3c5a-560a9450cc9d,26aa011e-0d75-d1a3-e0d2-05b92f3bd251,2019-04-07T17:07:18Z,2020-04-05T17:07:18Z,0133f751-9229-3cfd-815f-b6d4979bdd6a,,Guardian,Brian582 Rempel203
26aa011e-0d75-d1a3-3c5a-560a9450cc9d,26aa011e-0d75-d1a3-e0d2-05b92f3bd251,2020-04-05T17:07:18Z,2021-04-04T17:07:18Z,0133f751-9229-3cfd-815f-b6d4979bdd6a,,Guardian,Brian582 Rempel203
26aa011e-0d75-d1a3-3c5a-560a9450cc9d,26aa011e-0d75-d1a3-86e6-239d14eb1910,2021-04-04T17:07:18Z,2022-04-10T17:07:18Z,8fa6c185-e44e-3e34-8bd8-39be8694f4ce,,Guardian,Elisha578 Wolf938
26aa011e-0d75-d1a3-3c5a-560a9450cc9d,26aa011e-0d75-d1a3-86e6-239d14eb1910,2022-04-10T17:07:18Z,2023-04-09T17:07:18Z,8fa6c185-e44e-3e34-8bd8-39be8694f4ce,,Guardian,Elisha578 Wolf938
26aa011e-0d75-d1a3-3c5a-560a9450cc9d,26aa011e-0d75-d1a3-86e6-239d14eb1910,2023-04-09T17:07:18Z,2024-04-07T17:07:18Z,8fa6c185-e44e-3e34-8bd8-39be8694f4ce,,Guardian,Elisha578 Wolf938
26aa011e-0d75-d1a3-3c5a-560a9450cc9d,26aa011e-0d75-d1a3-86e6-239d14eb1910,2024-04-07T17:07:18Z,2025-04-06T17:07:18Z,8fa6c185-e44e-3e34-8bd8-39be8694f4ce,,Guardian,Elisha578 Wolf938
26aa011e-0d75-d1a3-3c5a-560a9450cc9d,26aa011e-0d75-d1a3-39e5-0da8fed336ff,2025-04-06T17:07:18Z,2026-04-05T17:07:18Z,734afbd6-4794-363b-9bc0-6a3981533ed5,,Guardian,Brian582 Rempel203
26aa011e-0d75-d1a3-3c5a-560a9450cc9d,26aa011e-0d75-d1a3-39e5-0da8fed336ff,2026-04-05T17:07:18Z,2027-04-04T17:07:18Z,734afbd6-4794-363b-9bc0-6a3981533ed5,,Guardian,Brian582 Rempel203
a2fb233f-60e0-b477-cd38-af3923f792a3,a2fb233f-60e0-b477-cdb5-de3431b8a1e3,1969-03-16T04:54:20Z,1970-03-15T04:54:20Z,8fa6c185-e44e-3e34-8bd8-39be8694f4ce,,Guardian,Reiko946 Balistreri607
a2fb233f-60e0-b477-cd38-af3923f792a3,a2fb233f-60e0-b477-cdb5-de3431b8a1e3,1970-03-15T04:54:20Z,1971-03-14T04:54:20Z,8fa6c185-e44e-3e34-8bd8-39be8694f4ce,,Guardian,Reiko946 Balistreri607
a2fb233f-60e0-b477-cd38-af3923f792a3,a2fb233f-60e0-b477-cdb5-de3431b8a1e3,1971-03-14T04:54:20Z,1972-03-12T04:54:20Z,8fa6c185-e44e-3e34-8bd8-39be8694f4ce,,Guardian,Reiko946 Balistreri607
a2fb233f-60e0-b477-cd38-af3923f792a3,a2fb233f-60e0-b477-cdb5-de3431b8a1e3,1972-03-12T04:54:20Z,1973-03-11T04:54:20Z,8fa6c185-e44e-3e34-8bd8-39be8694f4ce,,Guardian,Reiko946 Balistreri607
a2fb233f-60e0-b477-cd38-af3923f792a3,a2fb233f-60e0-b477-cdb5-de3431b8a1e3,1973-03-11T04:54:20Z,1974-03-17T04:54:20Z,8fa6c185-e44e-3e34-8bd8-39be8694f4ce,,Guardian,Reiko946 Balistreri607
a2fb233f-60e0-b477-cd38-af3923f792a3,a2fb233f-60e0-b477-638b-0b10487c9dc1,1974-03-17T04:54:20Z,1975-03-16T04:54:20Z,0133f751-9229-3cfd-815f-b6d4979bdd6a,,Guardian,Jules135 Mitchell808
a2fb233f-60e0-b477-cd38-af3923f792a3,a2fb233f-60e0-b477-638b-0b10487c9dc1,1975-03-16T04:54:20Z,1976-03-14T04:54:20Z,0133f751-9229-3cfd-815f-b6d4979bdd6a,,Guardian,Jules135 Mitchell808
a2fb233f-60e0-b477-cd38-af3923f792a3,a2fb233f-60e0-b477-638b-0b10487c9dc1,1976-03-14T04:54:20Z,1977-03-13T04:54:20Z,0133f751-9229-3cfd-815f-b6d4979bdd6a,,Guardian,Jules135 Mitchell808
a2fb233f-60e0-b477-cd38-af3923f792a3,a2fb233f-60e0-b477-638b-0b10487c9dc1,1977-03-13T04:54:20Z,1978-03-12T04:54:20Z,0133f751-9229-3cfd-815f-b6d4979bdd6a,,Guardian,Jules135 Mitchell808
a2fb233f-60e0-b477-cd38-af3923f792a3,a2fb233f-60e0-b477-638b-0b10487c9dc1,1978-03-12T04:54:20Z,1979-03-11T04:54:20Z,0133f751-9229-3cfd-815f-b6d4979bdd6a,,Guardian,Jules135 Mitchell808
a2fb233f-60e0-b477-cd38-af3923f792a3,a2fb233f-60e0-b477-638b-0b10487c9dc1,1979-03-11T04:54:20Z,1980-03-16T04:54:20Z,0133f751-9229-3cfd-815f-b6d4979bdd6a,,Guardian,Jules135 Mitchell808
a2fb233f-60e0-b477-cd38-af3923f792a3,a2fb233f-60e0-b477-638b-0b10487c9dc1,1980-03-16T04:54:20Z,1981-03-15T04:54:20Z,0133f751-9229-3cfd-815f-b6d4979bdd6a,,Guardian,Jules135 Mitchell808
a2fb233f-60e0-b477-cd38-af3923f792a3,a2fb233f-60e0-b477-d7b7-84f03689f014,1981-03-15T04:54:20Z,1982-03-14T04:54:20Z,0133f751-9229-3cfd-815f-b6d4979bdd6a,,Self,Tanner110 Mitchell808
a2fb233f-60e0-b477-cd38-af3923f792a3,a2fb233f-60e0-b477-449c-47caa8699a1f,1982-03-14T04:54:20Z,1983-03-13T04:54:20Z,8fa6c185-e44e-3e34-8bd8-39be8694f4ce,,Self,Tanner110 Mitchell808
a2fb233f-60e0-b477-cd38-af3923f792a3,a2fb233f-60e0-b477-92af-437048f1451c,1983-03-13T04:54:20Z,1984-03-11T04:54:20Z,8fa6c185-e44e-3e34-8bd8-39be8694f4ce,,Self,Tanner110 Mitchell808
a2fb233f-60e0-b477-cd38-af3923f792a3,a2fb233f-60e0-b477-bfaa-b95ad14e671b,1984-03-11T04:54:20Z,1985-03-17T04:54:20Z,0133f751-9229-3cfd-815f-b6d4979bdd6a,,Self,Tanner110 Mitchell808
a2fb233f-60e0-b477-cd38-af3923f792a3,a2fb233f-60e0-b477-b4c3-bf01736e766a,1985-03-17T04:54:20Z,1986-03-16T04:54:20Z,0133f751-9229-3cfd-815f-b6d4979bdd6a,,Self,Tanner110 Mitchell808
a2fb233f-60e0-b477-cd38-af3923f792a3,a2fb233f-60e0-b477-5af3-8f3e3e1c5af7,1986-03-16T04:54:20Z,1987-03-15T04:54:20Z,0133f751-9229-3cfd-815f-b6d4979bdd6a,,Self,Tanner110 Mitchell808
a2fb233f-60e0-b477-cd38-af3923f792a3,a2fb233f-60e0-b477-fd99-bcb25df90376,1987-03-15T04:54:20Z,1988-03-13T04:54:20Z,8fa6c185-e44e-3e34-8bd8-39be8694f4ce,,Self,Tanner110 Mitchell808
a2fb233f-60e0-b477-cd38-af3923f792a3,a2fb233f-60e0-b477-012f-159f4725563c,1988-03-13T04:54:20Z,1989-03-12T04:54:20Z,8fa6c185-e44e-3e34-8bd8-39be8694f4ce,,Self,Tanner110 Mitchell808
a2fb233f-60e0-b477-cd38-af3923f792a3,a2fb233f-60e0-b477-b089-20992963b652,1989-03-12T04:54:20Z,1990-03-11T04:54:20Z,8fa6c185-e44e-3e34-8bd8-39be8694f4ce,,Self,Tanner110 Mitchell808
a2fb233f-60e0-b477-cd38-af3923f792a3,a2fb233f-60e0-b477-1f25-efdf4a681df2,1990-03-11T04:54:20Z,1991-03-17T04:54:20Z,8fa6c185-e44e-3e34-8bd8-39be8694f4ce,,Self,Tanner110 Mitchell808
a2fb233f-60e0-b477-cd38-af3923f792a3,a2fb233f-60e0-b477-7cda-e63ca50ba922,1991-03-17T04:54:20Z,1992-03-15T04:54:20Z,8fa6c185-e44e-3e34-8bd8-39be8694f4ce,,Spouse,Mrs. Mitchell808
a2fb233f-60e0-b477-cd38-af3923f792a3,a2fb233f-60e0-b477-3aa7-839ee69360d7,1992-03-15T04:54:20Z,1993-03-14T04:54:20Z,8fa6c185-e44e-3e34-8bd8-39be8694f4ce,,Spouse,Mrs. Mitchell808
a2fb233f-60e0-b477-cd38-af3923f792a3,a2fb233f-60e0-b477-cc71-2b77deb54cd7,1993-03-14T04:54:20Z,1994-03-13T04:54:20Z,8fa6c185-e44e-3e34-8bd8-39be8694f4ce,,Spouse,Mrs. Mitchell808
a2fb233f-60e0-b477-cd38-af3923f792a3,a2fb233f-60e0-b477-b2ca-d914ac5802be,1994-03-13T04:54:20Z,1995-03-12T04:54:20Z,8fa6c185-e44e-3e34-8bd8-39be8694f4ce,,Spouse,Mrs. Mitchell808
a2fb233f-60e0-b477-cd38-af3923f792a3,a2fb233f-60e0-b477-d624-8465d67ff182,1995-03-12T04:54:20Z,1996-03-17T04:54:20Z,8fa6c185-e44e-3e34-8bd8-39be8694f4ce,,Self,Tanner110 Mitchell808
a2fb233f-60e0-b477-cd38-af3923f792a3,a2fb233f-60e0-b477-cae5-fbe39e75da5c,1996-03-17T04:54:20Z,1997-03-16T04:54:20Z,8fa6c185-e44e-3e34-8bd8-39be8694f4ce,,Spouse,Mrs. Mitchell808
a2fb233f-60e0-b477-cd38-af3923f792a3,a2fb233f-60e0-b477-fc76-03c3bc409780,1997-03-16T04:54:20Z,1998-03-15T04:54:20Z,8fa6c185-e44e-3e34-8bd8-39be8694f4ce,,Self,Tanner110 Mitchell808
a2fb233f-60e0-b477-cd38-af3923f792a3,a2fb233f-60e0-b477-e595-44052eaba425,1998-03-15T04:54:20Z,1999-03-14T04:54:20Z,8fa6c185-e44e-3e34-8bd8-39be8694f4ce,,Spouse,Mrs. Mitchell808
a2fb233f-60e0-b477-cd38-af3923f792a3,a2fb233f-60e0-b477-461f-9a82d602d811,1999-03-14T04:54:20Z,2000-03-12T04:54:20Z,8fa6c185-e44e-3e34-8bd8-39be8694f4ce,,Self,Tanner110 Mitchell808
a2fb233f-60e0-b477-cd38-af3923f792a3,a2fb233f-60e0-b477-177c-4106744f46a2,2000-03-12T04:54:20Z,2001-03-11T04:54:20Z,8fa6c185-e44e-3e34-8bd8-39be8694f4ce,,Spouse,Mrs. Mitchell808
a2fb233f-60e0-b477-cd38-af3923f792a3,a2fb233f-60e0-b477-0437-30dccdd3a044,2001-03-11T04:54:20Z,2002-03-17T04:54:20Z,8fa6c185-e44e-3e34-8bd8-39be8694f4ce,,Spouse,Mrs. Mitchell808
a2fb233f-60e0-b477-cd38-af3923f792a3,a2fb233f-60e0-b477-121b-4a114d8b6152,2002-03-17T04:54:20Z,2003-03-16T04:54:20Z,8fa6c185-e44e-3e34-8bd8-39be8694f4ce,,Self,Tanner110 Mitchell808
a2fb233f-60e0-b477-cd38-af3923f792a3,a2fb233f-60e0-b477-4b8a-550475cf98c0,2003-03-16T04:54:20Z,2004-03-14T04:54:20Z,8fa6c185-e44e-3e34-8bd8-39be8694f4ce,,Spouse,Mrs. Mitchell808
a2fb233f-60e0-b477-cd38-af3923f792a3,a2fb233f-60e0-b477-3bb7-676212cd9331,2004-03-14T04:54:20Z,2005-03-13T04:54:20Z,8fa6c185-e44e-3e34-8bd8-39be8694f4ce,,Spouse,Mrs. Mitchell808
a2fb233f-60e0-b477-cd38-af3923f792a3,a2fb233f-60e0-b477-6731-bbafca56244f,2005-03-13T04:54:20Z,2006-03-12T04:54:20Z,8fa6c185-e44e-3e34-8bd8-39be8694f4ce,,Spouse,Mrs. Mitchell808
a2fb233f-60e0-b477-cd38-af3923f792a3,a2fb233f-60e0-b477-f951-edfd2001654e,2006-03-12T04:54:20Z,2007-03-11T04:54:20Z,8fa6c185-e44e-3e34-8bd8-39be8694f4ce,,Spouse,Mrs. Mitchell808
a2fb233f-60e0-b477-cd38-af3923f792a3,a2fb233f-60e0-b477-031c-18d162357d42,2007-03-11T04:54:20Z,2008-03-16T04:54:20Z,8fa6c185-e44e-3e34-8bd8-39be8694f4ce,,Spouse,Mrs. Mitchell808
a2fb233f-60e0-b477-cd38-af3923f792a3,a2fb233f-60e0-b477-b8d8-cd096cc95b04,2008-03-16T04:54:20Z,2009-03-15T04:54:20Z,8fa6c185-e44e-3e34-8bd8-39be8694f4ce,,Spouse,Mrs. Mitchell808
a2fb233f-60e0-b477-cd38-af3923f792a3,a2fb233f-60e0-b477-94fa-012437a35101,2009-03-15T04:54:20Z,2010-03-14T04:54:20Z,8fa6c185-e44e-3e34-8bd8-39be8694f4ce,,Spouse,Mrs. Mitchell808
a2fb233f-60e0-b477-cd38-af3923f792a3,a2fb233f-60e0-b477-1945-bfe844f04d37,2010-03-14T04:54:20Z,2011-03-13T04:54:20Z,8fa6c185-e44e-3e34-8bd8-39be8694f4ce,,Self,Tanner110 Mitchell808
a2fb233f-60e0-b477-cd38-af3923f792a3,a2fb233f-60e0-b477-a7d4-49c161cee6bd,2011-03-13T04:54:20Z,2012-03-11T04:54:20Z,0133f751-9229-3cfd-815f-b6d4979bdd6a,,Self,Tanner110 Mitchell808
a2fb233f-60e0-b477-cd38-af3923f792a3,a2fb233f-60e0-b477-b302-f6001ad06207,2012-03-11T04:54:20Z,2013-03-17T04:54:20Z,734afbd6-4794-363b-9bc0-6a3981533ed5,,Self,Tanner110 Mitchell808
a2fb233f-60e0-b477-cd38-af3923f792a3,a2fb233f-60e0-b477-d227-907caee3dcb5,2013-03-17T04:54:20Z,2014-03-16T04:54:20Z,734afbd6-4794-363b-9bc0-6a3981533ed5,,Self,Tanner110 Mitchell808
a2fb233f-60e0-b477-cd38-af3923f792a3,a2fb233f-60e0-b477-44b5-42717d11602e,2014-03-16T04:54:20Z,2015-03-15T04:54:20Z,734afbd6-4794-363b-9bc0-6a3981533ed5,,Spouse,Mrs. Mitchell808
a2fb233f-60e0-b477-cd38-af3923f792a3,a2fb233f-60e0-b477-3b73-baba639f39be,2015-03-15T04:54:20Z,2016-03-13T04:54:20Z,0133f751-9229-3cfd-815f-b6d4979bdd6a,,Self,Tanner110 Mitchell808
a2fb233f-60e0-b477-cd38-af3923f792a3,a2fb233f-60e0-b477-da75-d9492f603e46,2016-03-13T04:54:20Z,2017-03-12T04:54:20Z,0133f751-9229-3cfd-815f-b6d4979bdd6a,,Self,Tanner110 Mitchell808
a2fb233f-60e0-b477-cd38-af3923f792a3,a2fb233f-60e0-b477-ea24-7366d380d606,2017-03-12T04:54:20Z,2018-03-11T04:54:20Z,0133f751-9229-3cfd-815f-b6d4979bdd6a,,Self,Tanner110 Mitchell808
a2fb233f-60e0-b477-cd38-af3923f792a3,a2fb233f-60e0-b477-e840-022d6f073e1c,2018-03-11T04:54:20Z,2019-03-17T04:54:20Z,0133f751-9229-3cfd-815f-b6d4979bdd6a,,Spouse,Mrs. Mitchell808
a2fb233f-60e0-b477-cd38-af3923f792a3,a2fb233f-60e0-b477-84ed-a6edd5c3b758,2019-03-17T04:54:20Z,2020-03-15T04:54:20Z,0133f751-9229-3cfd-815f-b6d4979bdd6a,,Self,Tanner110 Mitchell808
a2fb233f-60e0-b477-cd38-af3923f792a3,a2fb233f-60e0-b477-27e9-45ff581fe3b2,2020-03-15T04:54:20Z,2021-03-14T04:54:20Z,0133f751-9229-3cfd-815f-b6d4979bdd6a,,Self,Tanner110 Mitchell808
a2fb233f-60e0-b477-cd38-af3923f792a3,a2fb233f-60e0-b477-2a81-1f5f3f691ebb,2021-03-14T04:54:20Z,2022-03-13T04:54:20Z,0133f751-9229-3cfd-815f-b6d4979bdd6a,,Spouse,Mrs. Mitchell808
a2fb233f-60e0-b477-cd38-af3923f792a3,a2fb233f-60e0-b477-b572-4e10baedf599,2022-03-13T04:54:20Z,2023-03-12T04:54:20Z,0133f751-9229-3cfd-815f-b6d4979bdd6a,,Self,Tanner110 Mitchell808
a2fb233f-60e0-b477-cd38-af3923f792a3,a2fb233f-60e0-b477-0ec1-6e3e2b744c05,2023-03-12T04:54:20Z,2024-03-17T04:54:20Z,0133f751-9229-3cfd-815f-b6d4979bdd6a,,Self,Tanner110 Mitchell808
a2fb233f-60e0-b477-cd38-af3923f792a3,a2fb233f-60e0-b477-3a64-2208b529460b,2024-03-17T04:54:20Z,2025-03-16T04:54:20Z,a735bf55-83e9-331a-899d-a82a60b9f60c,b046940f-1664-3047-bca7-dfa76be352a4,Self,Tanner110 Mitchell808
a2fb233f-60e0-b477-cd38-af3923f792a3,a2fb233f-60e0-b477-a7e6-431981ccc17b,2025-03-16T04:54:20Z,2026-03-15T04:54:20Z,a735bf55-83e9-331a-899d-a82a60b9f60c,b046940f-1664-3047-bca7-dfa76be352a4,Spouse,Mrs. Mitchell808
a2fb233f-60e0-b477-cd38-af3923f792a3,a2fb233f-60e0-b477-1639-9da561202ffd,2026-03-15T04:54:20Z,2027-03-11T04:54:20Z,a735bf55-83e9-331a-899d-a82a60b9f60c,b046940f-1664-3047-bca7-dfa76be352a4,Spouse,Mrs. Mitchell808
75d6a35c-c2e1-5b9f-e7f8-6a5b05af8fc8,75d6a35c-c2e1-5b9f-74c7-281185c2fc5e,2013-02-01T21:30:01Z,2014-02-07T21:30:01Z,d31fccc3-1767-390d-966a-22a5156f4219,,Guardian,Hedy234 Sporer811
75d6a35c-c2e1-5b9f-e7f8-6a5b05af8fc8,75d6a35c-c2e1-5b9f-74c7-281185c2fc5e,2014-02-07T21:30:01Z,2015-02-06T21:30:01Z,d31fccc3-1767-390d-966a-22a5156f4219,,Guardian,Hedy234 Sporer811
75d6a35c-c2e1-5b9f-e7f8-6a5b05af8fc8,75d6a35c-c2e1-5b9f-74c7-281185c2fc5e,2015-02-06T21:30:01Z,2016-02-05T21:30:01Z,d31fccc3-1767-390d-966a-22a5156f4219,,Guardian,Hedy234 Sporer811
75d6a35c-c2e1-5b9f-e7f8-6a5b05af8fc8,75d6a35c-c2e1-5b9f-74c7-281185c2fc5e,2016-02-05T21:30:01Z,2017-02-03T21:30:01Z,d31fccc3-1767-390d-966a-22a5156f4219,,Guardian,Hedy234 Sporer811
75d6a35c-c2e1-5b9f-e7f8-6a5b05af8fc8,75d6a35c-c2e1-5b9f-74c7-281185c2fc5e,2017-02-03T21:30:01Z,2018-02-02T21:30:01Z,d31fccc3-1767-390d-966a-22a5156f4219,,Guardian,Hedy234 Sporer811
75d6a35c-c2e1-5b9f-e7f8-6a5b05af8fc8,75d6a35c-c2e1-5b9f-74c7-281185c2fc5e,2018-02-02T21:30:01Z,2019-02-01T21:30:01Z,d31fccc3-1767-390d-966a-22a5156f4219,,Guardian,Hedy234 Sporer811
75d6a35c-c2e1-5b9f-e7f8-6a5b05af8fc8,75d6a35c-c2e1-5b9f-74c7-281185c2fc5e,2019-02-01T21:30:01Z,2020-02-07T21:30:01Z,d31fccc3-1767-390d-966a-22a5156f4219,,Guardian,Hedy234 Sporer811
75d6a35c-c2e1-5b9f-e7f8-6a5b05af8fc8,75d6a35c-c2e1-5b9f-74c7-281185c2fc5e,2020-02-07T21:30:01Z,2021-02-05T21:30:01Z,d31fccc3-1767-390d-966a-22a5156f4219,,Guardian,Hedy234 Sporer811
75d6a35c-c2e1-5b9f-e7f8-6a5b05af8fc8,75d6a35c-c2e1-5b9f-74c7-281185c2fc5e,2021-02-05T21:30:01Z,2022-02-04T21:30:01Z,d31fccc3-1767-390d-966a-22a5156f4219,,Guardian,Hedy234 Sporer811
75d6a35c-c2e1-5b9f-e7f8-6a5b05af8fc8,75d6a35c-c2e1-5b9f-74c7-281185c2fc5e,2022-02-04T21:30:01Z,2023-02-03T21:30:01Z,d31fccc3-1767-390d-966a-22a5156f4219,,Guardian,Hedy234 Sporer811
75d6a35c-c2e1-5b9f-e7f8-6a5b05af8fc8,75d6a35c-c2e1-5b9f-74c7-281185c2fc5e,2023-02-03T21:30:01Z,2024-02-02T21:30:01Z,d31fccc3-1767-390d-966a-22a5156f4219,,Guardian,Hedy234 Sporer811
75d6a35c-c2e1-5b9f-e7f8-6a5b05af8fc8,75d6a35c-c2e1-5b9f-74c7-281185c2fc5e,2024-02-02T21:30:01Z,2025-02-07T21:30:01Z,d31fccc3-1767-390d-966a-22a5156f4219,,Guardian,Hedy234 Sporer811
75d6a35c-c2e1-5b9f-e7f8-6a5b05af8fc8,75d6a35c-c2e1-5b9f-74c7-281185c2fc5e,2025-02-07T21:30:01Z,2026-02-06T21:30:01Z,d31fccc3-1767-390d-966a-22a5156f4219,,Guardian,Hedy234 Sporer811
75d6a35c-c2e1-5b9f-e7f8-6a5b05af8fc8,75d6a35c-c2e1-5b9f-74c7-281185c2fc5e,2026-02-06T21:30:01Z,2027-02-01T21:30:01Z,d31fccc3-1767-390d-966a-22a5156f4219,,Guardian,Hedy234 Sporer811
5e7ebf2c-22ec-a89b-53ab-38edddd81be9,,1973-08-05T11:00:02Z,1974-08-11T11:00:02Z,e03e23c9-4df1-3eb6-a62d-f70f02301496,,,
5e7ebf2c-22ec-a89b-53ab-38edddd81be9,,1974-08-11T11:00:02Z,1975-08-10T11:00:02Z,e03e23c9-4df1-3eb6-a62d-f70f02301496,,,
5e7ebf2c-22ec-a89b-53ab-38edddd81be9,,1975-08-10T11:00:02Z,1976-08-08T11:00:02Z,e03e23c9-4df1-3eb6-a62d-f70f02301496,,,
5e7ebf2c-22ec-a89b-53ab-38edddd81be9,,1976-08-08T11:00:02Z,1977-08-07T11:00:02Z,e03e23c9-4df1-3eb6-a62d-f70f02301496,,,
5e7ebf2c-22ec-a89b-53ab-38edddd81be9,,1977-08-07T11:00:02Z,1978-08-06T11:00:02Z,e03e23c9-4df1-3eb6-a62d-f70f02301496,,,
5e7ebf2c-22ec-a89b-53ab-38edddd81be9,,1978-08-06T11:00:02Z,1979-08-05T11:00:02Z,e03e23c9-4df1-3eb6-a62d-f70f02301496,,,
5e7ebf2c-22ec-a89b-53ab-38edddd81be9,,1979-08-05T11:00:02Z,1980-08-10T11:00:02Z,e03e23c9-4df1-3eb6-a62d-f70f02301496,,,
5e7ebf2c-22ec-a89b-53ab-38edddd81be9,,1980-08-10T11:00:02Z,1981-08-09T11:00:02Z,e03e23c9-4df1-3eb6-a62d-f70f02301496,,,
5e7ebf2c-22ec-a89b-53ab-38edddd81be9,,1981-08-09T11:00:02Z,1982-08-08T11:00:02Z,e03e23c9-4df1-3eb6-a62d-f70f02301496,,,
5e7ebf2c-22ec-a89b-53ab-38edddd81be9,,1982-08-08T11:00:02Z,1983-08-07T11:00:02Z,e03e23c9-4df1-3eb6-a62d-f70f02301496,,,
5e7ebf2c-22ec-a89b-53ab-38edddd81be9,,1983-08-07T11:00:02Z,1984-08-05T11:00:02Z,e03e23c9-4df1-3eb6-a62d-f70f02301496,,,
5e7ebf2c-22ec-a89b-53ab-38edddd81be9,,1984-08-05T11:00:02Z,1985-08-11T11:00:02Z,e03e23c9-4df1-3eb6-a62d-f70f02301496,,,
5e7ebf2c-22ec-a89b-53ab-38edddd81be9,,1985-08-11T11:00:02Z,1986-08-10T11:00:02Z,e03e23c9-4df1-3eb6-a62d-f70f02301496,,,
5e7ebf2c-22ec-a89b-53ab-38edddd81be9,,1986-08-10T11:00:02Z,1987-08-09T11:00:02Z,e03e23c9-4df1-3eb6-a62d-f70f02301496,,,
5e7ebf2c-22ec-a89b-53ab-38edddd81be9,,1987-08-09T11:00:02Z,1988-08-07T11:00:02Z,e03e23c9-4df1-3eb6-a62d-f70f02301496,,,
5e7ebf2c-22ec-a89b-53ab-38edddd81be9,,1988-08-07T11:00:02Z,1989-08-06T11:00:02Z,e03e23c9-4df1-3eb6-a62d-f70f02301496,,,
5e7ebf2c-22ec-a89b-53ab-38edddd81be9,,1989-08-06T11:00:02Z,1990-08-05T11:00:02Z,e03e23c9-4df1-3eb6-a62d-f70f02301496,,,
5e7ebf2c-22ec-a89b-53ab-38edddd81be9,,1990-08-05T11:00:02Z,1991-08-11T11:00:02Z,e03e23c9-4df1-3eb6-a62d-f70f02301496,,,
5e7ebf2c-22ec-a89b-53ab-38edddd81be9,,1991-08-11T11:00:02Z,1992-08-09T11:00:02Z,e03e23c9-4df1-3eb6-a62d-f70f02301496,,,
5e7ebf2c-22ec-a89b-53ab-38edddd81be9,,1992-08-09T11:00:02Z,1993-08-08T11:00:02Z,e03e23c9-4df1-3eb6-a62d-f70f02301496,,,
5e7ebf2c-22ec-a89b-53ab-38edddd81be9,,1993-08-08T11:00:02Z,1994-08-07T11:00:02Z,e03e23c9-4df1-3eb6-a62d-f70f02301496,,,
5e7ebf2c-22ec-a89b-53ab-38edddd81be9,5e7ebf2c-22ec-a89b-de51-b0164f60790a,1994-08-07T11:00:02Z,1995-08-06T11:00:02Z,df166300-5a78-3502-a46a-832842197811,,Self,Rosalba160 Larson43
5e7ebf2c-22ec-a89b-53ab-38edddd81be9,,1995-08-06T11:00:02Z,1996-08-11T11:00:02Z,e03e23c9-4df1-3eb6-a62d-f70f02301496,,,
5e7ebf2c-22ec-a89b-53ab-38edddd81be9,5e7ebf2c-22ec-a89b-8a56-ae781835199d,1996-08-11T11:00:02Z,1997-08-10T11:00:02Z,df166300-5a78-3502-a46a-832842197811,,Self,Rosalba160 Larson43
5e7ebf2c-22ec-a89b-53ab-38edddd81be9,,1997-08-10T11:00:02Z,1998-08-09T11:00:02Z,e03e23c9-4df1-3eb6-a62d-f70f02301496,,,
5e7ebf2c-22ec-a89b-53ab-38edddd81be9,,1998-08-09T11:00:02Z,1999-08-08T11:00:02Z,e03e23c9-4df1-3eb6-a62d-f70f02301496,,,
5e7ebf2c-22ec-a89b-53ab-38edddd81be9,5e7ebf2c-22ec-a89b-f8d4-8bc1dbe602c0,1999-08-08T11:00:02Z,2000-08-06T11:00:02Z,df166300-5a78-3502-a46a-832842197811,,Self,Rosalba160 Larson43
5e7ebf2c-22ec-a89b-53ab-38edddd81be9,,2000-08-06T11:00:02Z,2001-08-05T11:00:02Z,e03e23c9-4df1-3eb6-a62d-f70f02301496,,,
5e7ebf2c-22ec-a89b-53ab-38edddd81be9,,2001-08-05T11:00:02Z,2002-08-11T11:00:02Z,e03e23c9-4df1-3eb6-a62d-f70f02301496,,,
5e7ebf2c-22ec-a89b-53ab-38edddd81be9,,2002-08-11T11:00:02Z,2003-08-10T11:00:02Z,e03e23c9-4df1-3eb6-a62d-f70f02301496,,,
5e7ebf2c-22ec-a89b-53ab-38edddd81be9,5e7ebf2c-22ec-a89b-6f4f-cd6aa7477d41,2003-08-10T11:00:02Z,2004-08-08T11:00:02Z,df166300-5a78-3502-a46a-832842197811,,Self,Rosalba160 Effertz744
5e7ebf2c-22ec-a89b-53ab-38edddd81be9,,2004-08-08T11:00:02Z,2005-08-07T11:00:02Z,e03e23c9-4df1-3eb6-a62d-f70f02301496,,,
5e7ebf2c-22ec-a89b-53ab-38edddd81be9,,2005-08-07T11:00:02Z,2006-08-06T11:00:02Z,e03e23c9-4df1-3eb6-a62d-f70f02301496,,,
5e7ebf2c-22ec-a89b-53ab-38edddd81be9,,2006-08-06T11:00:02Z,2007-08-05T11:00:02Z,e03e23c9-4df1-3eb6-a62d-f70f02301496,,,
5e7ebf2c-22ec-a89b-53ab-38edddd81be9,,2007-08-05T11:00:02Z,2008-08-10T11:00:02Z,e03e23c9-4df1-3eb6-a62d-f70f02301496,,,
5e7ebf2c-22ec-a89b-53ab-38edddd81be9,,2008-08-10T11:00:02Z,2009-08-09T11:00:02Z,e03e23c9-4df1-3eb6-a62d-f70f02301496,,,
5e7ebf2c-22ec-a89b-53ab-38edddd81be9,,2009-08-09T11:00:02Z,2010-08-08T11:00:02Z,e03e23c9-4df1-3eb6-a62d-f70f02301496,,,
5e7ebf2c-22ec-a89b-53ab-38edddd81be9,,2010-08-08T11:00:02Z,2011-08-07T11:00:02Z,e03e23c9-4df1-3eb6-a62d-f70f02301496,,,
5e7ebf2c-22ec-a89b-53ab-38edddd81be9,,2011-08-07T11:00:02Z,2012-08-05T11:00:02Z,e03e23c9-4df1-3eb6-a62d-f70f02301496,,,
5e7ebf2c-22ec-a89b-53ab-38edddd81be9,,2012-08-05T11:00:02Z,2013-08-11T11:00:02Z,e03e23c9-4df1-3eb6-a62d-f70f02301496,,,
5e7ebf2c-22ec-a89b-53ab-38edddd81be9,,2013-08-11T11:00:02Z,2014-08-10T11:00:02Z,e03e23c9-4df1-3eb6-a62d-f70f02301496,,,
5e7ebf2c-22ec-a89b-53ab-38edddd81be9,5e7ebf2c-22ec-a89b-2871-0340c3eb3b27,2014-08-10T11:00:02Z,2015-08-09T11:00:02Z,d18ef2e6-ef40-324c-be54-34a5ee865625,,Spouse,Mr. Effertz744
5e7ebf2c-22ec-a89b-53ab-38edddd81be9,5e7ebf2c-22ec-a89b-1145-6bfbbcf0a092,2015-08-09T11:00:02Z,2016-08-07T11:00:02Z,a735bf55-83e9-331a-899d-a82a60b9f60c,,Self,Rosalba160 Effertz744
5e7ebf2c-22ec-a89b-53ab-38edddd81be9,5e7ebf2c-22ec-a89b-8381-81a5b2c233e0,2016-08-07T11:00:02Z,2017-08-06T11:00:02Z,a735bf55-83e9-331a-899d-a82a60b9f60c,,Spouse,Mr. Effertz744
5e7ebf2c-22ec-a89b-53ab-38edddd81be9,5e7ebf2c-22ec-a89b-4369-c6d53ebe96c0,2017-08-06T11:00:02Z,2018-08-05T11:00:02Z,a735bf55-83e9-331a-899d-a82a60b9f60c,,Self,Rosalba160 Effertz744
5e7ebf2c-22ec-a89b-53ab-38edddd81be9,5e7ebf2c-22ec-a89b-7561-0809e25421dc,2018-08-05T11:00:02Z,2019-08-11T11:00:02Z,a735bf55-83e9-331a-899d-a82a60b9f60c,,Self,Rosalba160 Effertz744
5e7ebf2c-22ec-a89b-53ab-38edddd81be9,5e7ebf2c-22ec-a89b-9939-8648650c4e56,2019-08-11T11:00:02Z,2020-08-09T11:00:02Z,a735bf55-83e9-331a-899d-a82a60b9f60c,,Self,Rosalba160 Effertz744
5e7ebf2c-22ec-a89b-53ab-38edddd81be9,5e7ebf2c-22ec-a89b-cbf9-9b5879411f1b,2020-08-09T11:00:02Z,2021-08-08T11:00:02Z,a735bf55-83e9-331a-899d-a82a60b9f60c,,Self,Rosalba160 Effertz744
5e7ebf2c-22ec-a89b-53ab-38edddd81be9,,2021-08-08T11:00:02Z,2022-08-07T11:00:02Z,e03e23c9-4df1-3eb6-a62d-f70f02301496,,,
5e7ebf2c-22ec-a89b-53ab-38edddd81be9,5e7ebf2c-22ec-a89b-fde0-2303bc3ea05e,2022-08-07T11:00:02Z,2023-08-06T11:00:02Z,a735bf55-83e9-331a-899d-a82a60b9f60c,,Self,Rosalba160 Effertz744
5e7ebf2c-22ec-a89b-53ab-38edddd81be9,5e7ebf2c-22ec-a89b-5270-0facfba769bb,2023-08-06T11:00:02Z,2024-08-11T11:00:02Z,a735bf55-83e9-331a-899d-a82a60b9f60c,,Self,Rosalba160 Effertz744
5e7ebf2c-22ec-a89b-53ab-38edddd81be9,5e7ebf2c-22ec-a89b-3246-5b1cdd385bb7,2024-08-11T11:00:02Z,2025-08-10T11:00:02Z,a735bf55-83e9-331a-899d-a82a60b9f60c,,Self,Rosalba160 Effertz744
5e7ebf2c-22ec-a89b-53ab-38edddd81be9,,2025-08-10T11:00:02Z,2026-08-09T11:00:02Z,e03e23c9-4df1-3eb6-a62d-f70f02301496,,,
5e7ebf2c-22ec-a89b-53ab-38edddd81be9,,2026-08-09T11:00:02Z,2027-08-05T11:00:02Z,e03e23c9-4df1-3eb6-a62d-f70f02301496,,,
47d390c6-a1a2-1a80-dd1d-9722c7b24159,47d390c6-a1a2-1a80-4e75-05811b8dab62,2009-03-07T10:19:36Z,2010-03-13T10:19:36Z,d31fccc3-1767-390d-966a-22a5156f4219,,Guardian,Franklin857 Jones311
47d390c6-a1a2-1a80-dd1d-9722c7b24159,47d390c6-a1a2-1a80-4e75-05811b8dab62,2010-03-13T10:19:36Z,2011-03-12T10:19:36Z,d31fccc3-1767-390d-966a-22a5156f4219,,Guardian,Franklin857 Jones311
47d390c6-a1a2-1a80-dd1d-9722c7b24159,47d390c6-a1a2-1a80-4e75-05811b8dab62,2011-03-12T10:19:36Z,2012-03-10T10:19:36Z,d31fccc3-1767-390d-966a-22a5156f4219,,Guardian,Franklin857 Jones311
47d390c6-a1a2-1a80-dd1d-9722c7b24159,47d390c6-a1a2-1a80-4e75-05811b8dab62,2012-03-10T10:19:36Z,2013-03-09T10:19:36Z,d31fccc3-1767-390d-966a-22a5156f4219,,Guardian,Franklin857 Jones311
47d390c6-a1a2-1a80-dd1d-9722c7b24159,47d390c6-a1a2-1a80-4e75-05811b8dab62,2013-03-09T10:19:36Z,2014-03-08T10:19:36Z,d31fccc3-1767-390d-966a-22a5156f4219,,Guardian,Franklin857 Jones311
47d390c6-a1a2-1a80-dd1d-9722c7b24159,47d390c6-a1a2-1a80-4e75-05811b8dab62,2014-03-08T10:19:36Z,2015-03-07T10:19:36Z,d31fccc3-1767-390d-966a-22a5156f4219,,Guardian,Franklin857 Jones311
47d390c6-a1a2-1a80-dd1d-9722c7b24159,47d390c6-a1a2-1a80-4e75-05811b8dab62,2015-03-07T10:19:36Z,2016-03-12T10:19:36Z,d31fccc3-1767-390d-966a-22a5156f4219,,Guardian,Franklin857 Jones311
47d390c6-a1a2-1a80-dd1d-9722c7b24159,47d390c6-a1a2-1a80-4e75-05811b8dab62,2016-03-12T10:19:36Z,2017-03-11T10:19:36Z,d31fccc3-1767-390d-966a-22a5156f4219,,Guardian,Franklin857 Jones311
47d390c6-a1a2-1a80-dd1d-9722c7b24159,47d390c6-a1a2-1a80-4e75-05811b8dab62,2017-03-11T10:19:36Z,2018-03-10T10:19:36Z,d31fccc3-1767-390d-966a-22a5156f4219,,Guardian,Franklin857 Jones311
47d390c6-a1a2-1a80-dd1d-9722c7b24159,47d390c6-a1a2-1a80-4e75-05811b8dab62,2018-03-10T10:19:36Z,2019-03-09T10:19:36Z,d31fccc3-1767-390d-966a-22a5156f4219,,Guardian,Franklin857 Jones311
47d390c6-a1a2-1a80-dd1d-9722c7b24159,47d390c6-a1a2-1a80-4e75-05811b8dab62,2019-03-09T10:19:36Z,2020-03-07T10:19:36Z,d31fccc3-1767-390d-966a-22a5156f4219,,Guardian,Franklin857 Jones311
47d390c6-a1a2-1a80-dd1d-9722c7b24159,47d390c6-a1a2-1a80-4e75-05811b8dab62,2020-03-07T10:19:36Z,2021-03-13T10:19:36Z,d31fccc3-1767-390d-966a-22a5156f4219,,Guardian,Franklin857 Jones311
47d390c6-a1a2-1a80-dd1d-9722c7b24159,47d390c6-a1a2-1a80-4e75-05811b8dab62,2021-03-13T10:19:36Z,2022-03-12T10:19:36Z,d31fccc3-1767-390d-966a-22a5156f4219,,Guardian,Franklin857 Jones311
47d390c6-a1a2-1a80-dd1d-9722c7b24159,47d390c6-a1a2-1a80-4e75-05811b8dab62,2022-03-12T10:19:36Z,2023-03-11T10:19:36Z,d31fccc3-1767-390d-966a-22a5156f4219,,Guardian,Franklin857 Jones311
47d390c6-a1a2-1a80-dd1d-9722c7b24159,47d390c6-a1a2-1a80-4e75-05811b8dab62,2023-03-11T10:19:36Z,2024-03-09T10:19:36Z,d31fccc3-1767-390d-966a-22a5156f4219,,Guardian,Franklin857 Jones311
47d390c6-a1a2-1a80-dd1d-9722c7b24159,47d390c6-a1a2-1a80-4e75-05811b8dab62,2024-03-09T10:19:36Z,2025-03-08T10:19:36Z,d31fccc3-1767-390d-966a-22a5156f4219,,Guardian,Franklin857 Jones311
47d390c6-a1a2-1a80-dd1d-9722c7b24159,47d390c6-a1a2-1a80-4e75-05811b8dab62,2025-03-08T10:19:36Z,2026-03-07T10:19:36Z,d31fccc3-1767-390d-966a-22a5156f4219,,Guardian,Franklin857 Jones311
47d390c6-a1a2-1a80-dd1d-9722c7b24159,47d390c6-a1a2-1a80-4e75-05811b8dab62,2026-03-07T10:19:36Z,2027-03-07T10:19:36Z,d31fccc3-1767-390d-966a-22a5156f4219,,Guardian,Franklin857 Jones311
d3cb6736-0991-40ed-a220-7c714aba4c37,d3cb6736-0991-40ed-90a3-8faf131ebfb2,1982-08-01T13:49:24Z,1983-08-07T13:49:24Z,26aab0cd-6aba-3e1b-ac5b-05c8867e762c,,Guardian,Elois418 Sporer811
d3cb6736-0991-40ed-a220-7c714aba4c37,d3cb6736-0991-40ed-90a3-8faf131ebfb2,1983-08-07T13:49:24Z,1984-08-05T13:49:24Z,26aab0cd-6aba-3e1b-ac5b-05c8867e762c,,Guardian,Elois418 Sporer811
d3cb6736-0991-40ed-a220-7c714aba4c37,d3cb6736-0991-40ed-90a3-8faf131ebfb2,1984-08-05T13:49:24Z,1985-08-04T13:49:24Z,26aab0cd-6aba-3e1b-ac5b-05c8867e762c,,Guardian,Elois418 Sporer811
d3cb6736-0991-40ed-a220-7c714aba4c37,d3cb6736-0991-40ed-90a3-8faf131ebfb2,1985-08-04T13:49:24Z,1986-08-03T13:49:24Z,26aab0cd-6aba-3e1b-ac5b-05c8867e762c,,Guardian,Elois418 Sporer811
d3cb6736-0991-40ed-a220-7c714aba4c37,d3cb6736-0991-40ed-90a3-8faf131ebfb2,1986-08-03T13:49:24Z,1987-08-02T13:49:24Z,26aab0cd-6aba-3e1b-ac5b-05c8867e762c,,Guardian,Elois418 Sporer811
d3cb6736-0991-40ed-a220-7c714aba4c37,d3cb6736-0991-40ed-90a3-8faf131ebfb2,1987-08-02T13:49:24Z,1988-08-07T13:49:24Z,26aab0cd-6aba-3e1b-ac5b-05c8867e762c,,Guardian,Elois418 Sporer811
d3cb6736-0991-40ed-a220-7c714aba4c37,d3cb6736-0991-40ed-90a3-8faf131ebfb2,1988-08-07T13:49:24Z,1989-08-06T13:49:24Z,26aab0cd-6aba-3e1b-ac5b-05c8867e762c,,Guardian,Elois418 Sporer811
d3cb6736-0991-40ed-a220-7c714aba4c37,d3cb6736-0991-40ed-90a3-8faf131ebfb2,1989-08-06T13:49:24Z,1990-08-05T13:49:24Z,26aab0cd-6aba-3e1b-ac5b-05c8867e762c,,Guardian,Elois418 Sporer811
d3cb6736-0991-40ed-a220-7c714aba4c37,d3cb6736-0991-40ed-90a3-8faf131ebfb2,1990-08-05T13:49:24Z,1991-08-04T13:49:24Z,26aab0cd-6aba-3e1b-ac5b-05c8867e762c,,Guardian,Elois418 Sporer811
d3cb6736-0991-40ed-a220-7c714aba4c37,d3cb6736-0991-40ed-90a3-8faf131ebfb2,1991-08-04T13:49:24Z,1992-08-02T13:49:24Z,26aab0cd-6aba-3e1b-ac5b-05c8867e762c,,Guardian,Elois418 Sporer811
d3cb6736-0991-40ed-a220-7c714aba4c37,d3cb6736-0991-40ed-90a3-8faf131ebfb2,1992-08-02T13:49:24Z,1993-08-01T13:49:24Z,26aab0cd-6aba-3e1b-ac5b-05c8867e762c,,Guardian,Elois418 Sporer811
d3cb6736-0991-40ed-a220-7c714aba4c37,d3cb6736-0991-40ed-90a3-8faf131ebfb2,1993-08-01T13:49:24Z,1994-08-07T13:49:24Z,26aab0cd-6aba-3e1b-ac5b-05c8867e762c,,Guardian,Elois418 Sporer811
d3cb6736-0991-40ed-a220-7c714aba4c37,d3cb6736-0991-40ed-90a3-8faf131ebfb2,1994-08-07T13:49:24Z,1995-08-06T13:49:24Z,26aab0cd-6aba-3e1b-ac5b-05c8867e762c,,Guardian,Elois418 Sporer811
d3cb6736-0991-40ed-a220-7c714aba4c37,d3cb6736-0991-40ed-90a3-8faf131ebfb2,1995-08-06T13:49:24Z,1996-08-04T13:49:24Z,26aab0cd-6aba-3e1b-ac5b-05c8867e762c,,Guardian,Elois418 Sporer811
d3cb6736-0991-40ed-a220-7c714aba4c37,d3cb6736-0991-40ed-90a3-8faf131ebfb2,1996-08-04T13:49:24Z,1997-08-03T13:49:24Z,26aab0cd-6aba-3e1b-ac5b-05c8867e762c,,Guardian,Elois418 Sporer811
d3cb6736-0991-40ed-a220-7c714aba4c37,d3cb6736-0991-40ed-90a3-8faf131ebfb2,1997-08-03T13:49:24Z,1998-08-02T13:49:24Z,26aab0cd-6aba-3e1b-ac5b-05c8867e762c,,Guardian,Elois418 Sporer811
d3cb6736-0991-40ed-a220-7c714aba4c37,d3cb6736-0991-40ed-90a3-8faf131ebfb2,1998-08-02T13:49:24Z,1999-08-01T13:49:24Z,26aab0cd-6aba-3e1b-ac5b-05c8867e762c,,Guardian,Elois418 Sporer811
d3cb6736-0991-40ed-a220-7c714aba4c37,d3cb6736-0991-40ed-90a3-8faf131ebfb2,1999-08-01T13:49:24Z,2000-08-06T13:49:24Z,26aab0cd-6aba-3e1b-ac5b-05c8867e762c,,Guardian,Elois418 Sporer811
d3cb6736-0991-40ed-a220-7c714aba4c37,d3cb6736-0991-40ed-90a3-8faf131ebfb2,2000-08-06T13:49:24Z,2001-08-05T13:49:24Z,26aab0cd-6aba-3e1b-ac5b-05c8867e762c,,Guardian,Elois418 Sporer811
d3cb6736-0991-40ed-a220-7c714aba4c37,d3cb6736-0991-40ed-5ab1-06d1ecc99f2b,2001-08-05T13:49:24Z,2002-08-04T13:49:24Z,26aab0cd-6aba-3e1b-ac5b-05c8867e762c,,Self,Tristan353 Reichel38
d3cb6736-0991-40ed-a220-7c714aba4c37,d3cb6736-0991-40ed-c042-df77b50c1415,2002-08-04T13:49:24Z,2003-08-03T13:49:24Z,26aab0cd-6aba-3e1b-ac5b-05c8867e762c,,Self,Tristan353 Reichel38
d3cb6736-0991-40ed-a220-7c714aba4c37,d3cb6736-0991-40ed-2095-1b2960674537,2003-08-03T13:49:24Z,2004-08-01T13:49:24Z,26aab0cd-6aba-3e1b-ac5b-05c8867e762c,,Self,Tristan353 Reichel38
d3cb6736-0991-40ed-a220-7c714aba4c37,d3cb6736-0991-40ed-158b-190db82471d0,2004-08-01T13:49:24Z,2005-08-07T13:49:24Z,26aab0cd-6aba-3e1b-ac5b-05c8867e762c,,Self,Tristan353 Reichel38
d3cb6736-0991-40ed-a220-7c714aba4c37,d3cb6736-0991-40ed-30f5-75146f9fb000,2005-08-07T13:49:24Z,2006-08-06T13:49:24Z,26aab0cd-6aba-3e1b-ac5b-05c8867e762c,,Self,Tristan353 Reichel38
d3cb6736-0991-40ed-a220-7c714aba4c37,d3cb6736-0991-40ed-f00c-cf448c176375,2006-08-06T13:49:24Z,2007-08-05T13:49:24Z,26aab0cd-6aba-3e1b-ac5b-05c8867e762c,,Self,Tristan353 Reichel38
d3cb6736-0991-40ed-a220-7c714aba4c37,d3cb6736-0991-40ed-f40e-b183656146e7,2007-08-05T13:49:24Z,2008-08-03T13:49:24Z,26aab0cd-6aba-3e1b-ac5b-05c8867e762c,,Self,Tristan353 Reichel38
d3cb6736-0991-40ed-a220-7c714aba4c37,d3cb6736-0991-40ed-f1ce-de4490d656ac,2008-08-03T13:49:24Z,2009-08-02T13:49:24Z,26aab0cd-6aba-3e1b-ac5b-05c8867e762c,,Self,Tristan353 Reichel38
d3cb6736-0991-40ed-a220-7c714aba4c37,d3cb6736-0991-40ed-3047-99d2df5ef8cd,2009-08-02T13:49:24Z,2010-08-01T13:49:24Z,26aab0cd-6aba-3e1b-ac5b-05c8867e762c,,Self,Tristan353 Reichel38
d3cb6736-0991-40ed-a220-7c714aba4c37,d3cb6736-0991-40ed-7229-d05b16452719,2010-08-01T13:49:24Z,2011-08-07T13:49:24Z,26aab0cd-6aba-3e1b-ac5b-05c8867e762c,,Self,Tristan353 Reichel38
d3cb6736-0991-40ed-a220-7c714aba4c37,d3cb6736-0991-40ed-6612-5d2bdfaaa900,2011-08-07T13:49:24Z,2012-08-05T13:49:24Z,26aab0cd-6aba-3e1b-ac5b-05c8867e762c,,Spouse,Mrs. Reichel38
d3cb6736-0991-40ed-a220-7c714aba4c37,d3cb6736-0991-40ed-fc06-ec9e43546016,2012-08-05T13:49:24Z,2013-08-04T13:49:24Z,26aab0cd-6aba-3e1b-ac5b-05c8867e762c,,Spouse,Mrs. Reichel38
d3cb6736-0991-40ed-a220-7c714aba4c37,d3cb6736-0991-40ed-e3ad-52551ae1efe6,2013-08-04T13:49:24Z,2014-08-03T13:49:24Z,26aab0cd-6aba-3e1b-ac5b-05c8867e762c,,Spouse,Mrs. Reichel38
d3cb6736-0991-40ed-a220-7c714aba4c37,d3cb6736-0991-40ed-3233-a89b387636d1,2014-08-03T13:49:24Z,2015-08-02T13:49:24Z,26aab0cd-6aba-3e1b-ac5b-05c8867e762c,,Spouse,Mrs. Reichel38
d3cb6736-0991-40ed-a220-7c714aba4c37,d3cb6736-0991-40ed-c70b-a1d468d4f173,2015-08-02T13:49:24Z,2016-08-07T13:49:24Z,26aab0cd-6aba-3e1b-ac5b-05c8867e762c,,Spouse,Mrs. Reichel38
d3cb6736-0991-40ed-a220-7c714aba4c37,d3cb6736-0991-40ed-4065-5a29da7f6a0a,2016-08-07T13:49:24Z,2017-08-06T13:49:24Z,26aab0cd-6aba-3e1b-ac5b-05c8867e762c,,Self,Tristan353 Reichel38
d3cb6736-0991-40ed-a220-7c714aba4c37,d3cb6736-0991-40ed-319d-f3630a117cdc,2017-08-06T13:49:24Z,2018-08-05T13:49:24Z,26aab0cd-6aba-3e1b-ac5b-05c8867e762c,,Spouse,Mrs. Reichel38
d3cb6736-0991-40ed-a220-7c714aba4c37,d3cb6736-0991-40ed-e931-e01006cf4a9d,2018-08-05T13:49:24Z,2019-08-04T13:49:24Z,26aab0cd-6aba-3e1b-ac5b-05c8867e762c,,Self,Tristan353 Reichel38
d3cb6736-0991-40ed-a220-7c714aba4c37,d3cb6736-0991-40ed-c919-7e654806341c,2019-08-04T13:49:24Z,2020-08-02T13:49:24Z,26aab0cd-6aba-3e1b-ac5b-05c8867e762c,,Self,Tristan353 Reichel38
d3cb6736-0991-40ed-a220-7c714aba4c37,d3cb6736-0991-40ed-3999-114538ceaa9c,2020-08-02T13:49:24Z,2021-08-01T13:49:24Z,26aab0cd-6aba-3e1b-ac5b-05c8867e762c,,Self,Tristan353 Reichel38
d3cb6736-0991-40ed-a220-7c714aba4c37,d3cb6736-0991-40ed-4acb-ddf09db30def,2021-08-01T13:49:24Z,2022-08-07T13:49:24Z,26aab0cd-6aba-3e1b-ac5b-05c8867e762c,,Self,Tristan353 Reichel38
d3cb6736-0991-40ed-a220-7c714aba4c37,d3cb6736-0991-40ed-b9a6-b14df319afd5,2022-08-07T13:49:24Z,2023-08-06T13:49:24Z,26aab0cd-6aba-3e1b-ac5b-05c8867e762c,,Self,Tristan353 Reichel38
d3cb6736-0991-40ed-a220-7c714aba4c37,d3cb6736-0991-40ed-7489-c14f5cceaed1,2023-08-06T13:49:24Z,2024-08-04T13:49:24Z,26aab0cd-6aba-3e1b-ac5b-05c8867e762c,,Self,Tristan353 Reichel38
d3cb6736-0991-40ed-a220-7c714aba4c37,d3cb6736-0991-40ed-8ea3-974c0e03431d,2024-08-04T13:49:24Z,2025-08-03T13:49:24Z,26aab0cd-6aba-3e1b-ac5b-05c8867e762c,,Self,Tristan353 Reichel38
d3cb6736-0991-40ed-a220-7c714aba4c37,d3cb6736-0991-40ed-e43d-28d72433a568,2025-08-03T13:49:24Z,2026-08-02T13:49:24Z,26aab0cd-6aba-3e1b-ac5b-05c8867e762c,,Self,Tristan353 Reichel38
d3cb6736-0991-40ed-a220-7c714aba4c37,d3cb6736-0991-40ed-111e-ccfff3528933,2026-08-02T13:49:24Z,2027-08-01T13:49:24Z,26aab0cd-6aba-3e1b-ac5b-05c8867e762c,,Self,Tristan353 Reichel38
2de4dd0d-f665-8a2e-4c6b-997735e14ace,2de4dd0d-f665-8a2e-0f99-e412bcad0d14,2002-10-19T19:25:10Z,2003-10-25T19:25:10Z,df166300-5a78-3502-a46a-832842197811,,Self,Aron520 Hammes673
2de4dd0d-f665-8a2e-4c6b-997735e14ace,2de4dd0d-f665-8a2e-b150-aba3b222899f,2003-10-25T19:25:10Z,2004-10-23T19:25:10Z,df166300-5a78-3502-a46a-832842197811,,Self,Aron520 Hammes673
2de4dd0d-f665-8a2e-4c6b-997735e14ace,2de4dd0d-f665-8a2e-a965-ff4303388e3b,2004-10-23T19:25:10Z,2005-10-22T19:25:10Z,df166300-5a78-3502-a46a-832842197811,,Self,Aron520 Hammes673
2de4dd0d-f665-8a2e-4c6b-997735e14ace,2de4dd0d-f665-8a2e-592e-6a15a132caf7,2005-10-22T19:25:10Z,2006-10-21T19:25:10Z,df166300-5a78-3502-a46a-832842197811,,Self,Aron520 Hammes673
2de4dd0d-f665-8a2e-4c6b-997735e14ace,2de4dd0d-f665-8a2e-05a7-6d37c4c76340,2006-10-21T19:25:10Z,2007-10-20T19:25:10Z,df166300-5a78-3502-a46a-832842197811,,Self,Aron520 Hammes673
2de4dd0d-f665-8a2e-4c6b-997735e14ace,2de4dd0d-f665-8a2e-c451-8ca30d082f6c,2007-10-20T19:25:10Z,2008-10-25T19:25:10Z,df166300-5a78-3502-a46a-832842197811,,Self,Aron520 Hammes673
2de4dd0d-f665-8a2e-4c6b-997735e14ace,2de4dd0d-f665-8a2e-122e-7814e04c908c,2008-10-25T19:25:10Z,2009-10-24T19:25:10Z,df166300-5a78-3502-a46a-832842197811,,Self,Aron520 Hammes673
2de4dd0d-f665-8a2e-4c6b-997735e14ace,2de4dd0d-f665-8a2e-4a52-febfbdc965eb,2009-10-24T19:25:10Z,2010-10-23T19:25:10Z,df166300-5a78-3502-a46a-832842197811,,Self,Aron520 Hammes673
2de4dd0d-f665-8a2e-4c6b-997735e14ace,2de4dd0d-f665-8a2e-9f7b-f25d574c8e02,2010-10-23T19:25:10Z,2011-10-22T19:25:10Z,df166300-5a78-3502-a46a-832842197811,,Self,Aron520 Hammes673
2de4dd0d-f665-8a2e-4c6b-997735e14ace,2de4dd0d-f665-8a2e-09d7-7121b1a83eb7,2011-10-22T19:25:10Z,2012-10-20T19:25:10Z,df166300-5a78-3502-a46a-832842197811,,Self,Aron520 Hammes673
2de4dd0d-f665-8a2e-4c6b-997735e14ace,2de4dd0d-f665-8a2e-2ac0-6ebf88590672,2012-10-20T19:25:10Z,2013-10-19T19:25:10Z,df166300-5a78-3502-a46a-832842197811,,Self,Aron520 Hammes673
2de4dd0d-f665-8a2e-4c6b-997735e14ace,2de4dd0d-f665-8a2e-b157-61536d819b1e,2013-10-19T19:25:10Z,2014-10-25T19:25:10Z,df166300-5a78-3502-a46a-832842197811,,Self,Aron520 Hammes673
2de4dd0d-f665-8a2e-4c6b-997735e14ace,2de4dd0d-f665-8a2e-148f-2b6623b44635,2014-10-25T19:25:10Z,2015-10-24T19:25:10Z,df166300-5a78-3502-a46a-832842197811,,Self,Aron520 Hammes673
2de4dd0d-f665-8a2e-4c6b-997735e14ace,2de4dd0d-f665-8a2e-56da-0777f2039864,2015-10-24T19:25:10Z,2016-10-22T19:25:10Z,df166300-5a78-3502-a46a-832842197811,,Self,Aron520 Hammes673
2de4dd0d-f665-8a2e-4c6b-997735e14ace,2de4dd0d-f665-8a2e-9cba-8867c047041a,2016-10-22T19:25:10Z,2017-10-21T19:25:10Z,df166300-5a78-3502-a46a-832842197811,,Self,Aron520 Hammes673
2de4dd0d-f665-8a2e-4c6b-997735e14ace,2de4dd0d-f665-8a2e-c375-43ece863879a,2017-10-21T19:25:10Z,2018-10-20T19:25:10Z,df166300-5a78-3502-a46a-832842197811,,Self,Aron520 Hammes673
2de4dd0d-f665-8a2e-4c6b-997735e14ace,2de4dd0d-f665-8a2e-4f07-ebe6d410aff2,2018-10-20T19:25:10Z,2019-10-19T19:25:10Z,df166300-5a78-3502-a46a-832842197811,,Self,Aron520 Hammes673
2de4dd0d-f665-8a2e-4c6b-997735e14ace,2de4dd0d-f665-8a2e-7705-f8ffc292079f,2019-10-19T19:25:10Z,2020-10-24T19:25:10Z,df166300-5a78-3502-a46a-832842197811,,Self,Aron520 Hammes673
2de4dd0d-f665-8a2e-4c6b-997735e14ace,2de4dd0d-f665-8a2e-979d-ca58ba5ac7c9,2020-10-24T19:25:10Z,2021-10-23T19:25:10Z,df166300-5a78-3502-a46a-832842197811,,Self,Aron520 Hammes673
2de4dd0d-f665-8a2e-4c6b-997735e14ace,2de4dd0d-f665-8a2e-0dd7-ca28bd7d63b2,2021-10-23T19:25:10Z,2022-10-22T19:25:10Z,df166300-5a78-3502-a46a-832842197811,,Self,Aron520 Hammes673
2de4dd0d-f665-8a2e-4c6b-997735e14ace,2de4dd0d-f665-8a2e-140d-45a616cd1e71,2022-10-22T19:25:10Z,2023-10-21T19:25:10Z,df166300-5a78-3502-a46a-832842197811,,Self,Aron520 Hammes673
2de4dd0d-f665-8a2e-4c6b-997735e14ace,2de4dd0d-f665-8a2e-bf77-1f8ceb369528,2023-10-21T19:25:10Z,2024-10-19T19:25:10Z,df166300-5a78-3502-a46a-832842197811,,Self,Aron520 Hammes673
2de4dd0d-f665-8a2e-4c6b-997735e14ace,2de4dd0d-f665-8a2e-4536-b2b61ca1ccd4,2024-10-19T19:25:10Z,2025-10-25T19:25:10Z,df166300-5a78-3502-a46a-832842197811,,Self,Aron520 Hammes673
2de4dd0d-f665-8a2e-4c6b-997735e14ace,2de4dd0d-f665-8a2e-d1d2-5fea6cb26261,2025-10-25T19:25:10Z,2026-10-19T19:25:10Z,df166300-5a78-3502-a46a-832842197811,,Self,Aron520 Hammes673
d57841fa-c9e2-a3d1-0e78-09bdbe4eed66,d57841fa-c9e2-a3d1-04ea-17acceaea2c5,1969-07-21T03:06:00Z,1970-07-20T03:06:00Z,26aab0cd-6aba-3e1b-ac5b-05c8867e762c,,Guardian,Mavis612 Haag279
d57841fa-c9e2-a3d1-0e78-09bdbe4eed66,d57841fa-c9e2-a3d1-04ea-17acceaea2c5,1970-07-20T03:06:00Z,1971-07-19T03:06:00Z,26aab0cd-6aba-3e1b-ac5b-05c8867e762c,,Guardian,Mavis612 Haag279
d57841fa-c9e2-a3d1-0e78-09bdbe4eed66,d57841fa-c9e2-a3d1-04ea-17acceaea2c5,1971-07-19T03:06:00Z,1972-07-24T03:06:00Z,26aab0cd-6aba-3e1b-ac5b-05c8867e762c,,Guardian,Mavis612 Haag279
d57841fa-c9e2-a3d1-0e78-09bdbe4eed66,d57841fa-c9e2-a3d1-04ea-17acceaea2c5,1972-07-24T03:06:00Z,1973-07-23T03:06:00Z,26aab0cd-6aba-3e1b-ac5b-05c8867e762c,,Guardian,Mavis612 Haag279
d57841fa-c9e2-a3d1-0e78-09bdbe4eed66,d57841fa-c9e2-a3d1-04ea-17acceaea2c5,1973-07-23T03:06:00Z,1974-07-22T03:06:00Z,26aab0cd-6aba-3e1b-ac5b-05c8867e762c,,Guardian,Mavis612 Haag279
d57841fa-c9e2-a3d1-0e78-09bdbe4eed66,d57841fa-c9e2-a3d1-04ea-17acceaea2c5,1974-07-22T03:06:00Z,1975-07-21T03:06:00Z,26aab0cd-6aba-3e1b-ac5b-05c8867e762c,,Guardian,Mavis612 Haag279
d57841fa-c9e2-a3d1-0e78-09bdbe4eed66,d57841fa-c9e2-a3d1-04ea-17acceaea2c5,1975-07-21T03:06:00Z,1976-07-19T03:06:00Z,26aab0cd-6aba-3e1b-ac5b-05c8867e762c,,Guardian,Mavis612 Haag279
d57841fa-c9e2-a3d1-0e78-09bdbe4eed66,d57841fa-c9e2-a3d1-04ea-17acceaea2c5,1976-07-19T03:06:00Z,1977-07-25T03:06:00Z,26aab0cd-6aba-3e1b-ac5b-05c8867e762c,,Guardian,Mavis612 Haag279
d57841fa-c9e2-a3d1-0e78-09bdbe4eed66,d57841fa-c9e2-a3d1-04ea-17acceaea2c5,1977-07-25T03:06:00Z,1978-07-24T03:06:00Z,26aab0cd-6aba-3e1b-ac5b-05c8867e762c,,Guardian,Mavis612 Haag279
d57841fa-c9e2-a3d1-0e78-09bdbe4eed66,d57841fa-c9e2-a3d1-04ea-17acceaea2c5,1978-07-24T03:06:00Z,1979-07-23T03:06:00Z,26aab0cd-6aba-3e1b-ac5b-05c8867e762c,,Guardian,Mavis612 Haag279
d57841fa-c9e2-a3d1-0e78-09bdbe4eed66,d57841fa-c9e2-a3d1-04ea-17acceaea2c5,1979-07-23T03:06:00Z,1980-07-21T03:06:00Z,26aab0cd-6aba-3e1b-ac5b-05c8867e762c,,Guardian,Mavis612 Haag279
d57841fa-c9e2-a3d1-0e78-09bdbe4eed66,d57841fa-c9e2-a3d1-04ea-17acceaea2c5,1980-07-21T03:06:00Z,1981-07-20T03:06:00Z,26aab0cd-6aba-3e1b-ac5b-05c8867e762c,,Guardian,Mavis612 Haag279
d57841fa-c9e2-a3d1-0e78-09bdbe4eed66,d57841fa-c9e2-a3d1-04ea-17acceaea2c5,1981-07-20T03:06:00Z,1982-07-19T03:06:00Z,26aab0cd-6aba-3e1b-ac5b-05c8867e762c,,Guardian,Mavis612 Haag279
d57841fa-c9e2-a3d1-0e78-09bdbe4eed66,d57841fa-c9e2-a3d1-04ea-17acceaea2c5,1982-07-19T03:06:00Z,1983-07-25T03:06:00Z,26aab0cd-6aba-3e1b-ac5b-05c8867e762c,,Guardian,Mavis612 Haag279
d57841fa-c9e2-a3d1-0e78-09bdbe4eed66,d57841fa-c9e2-a3d1-04ea-17acceaea2c5,1983-07-25T03:06:00Z,1984-07-23T03:06:00Z,26aab0cd-6aba-3e1b-ac5b-05c8867e762c,,Guardian,Mavis612 Haag279
d57841fa-c9e2-a3d1-0e78-09bdbe4eed66,d57841fa-c9e2-a3d1-e440-5166dcaf3719,1984-07-23T03:06:00Z,1985-07-22T03:06:00Z,26aab0cd-6aba-3e1b-ac5b-05c8867e762c,,Self,Jessica140 McKenzie376
d57841fa-c9e2-a3d1-0e78-09bdbe4eed66,d57841fa-c9e2-a3d1-86da-e57b43b503fb,1985-07-22T03:06:00Z,1986-07-21T03:06:00Z,26aab0cd-6aba-3e1b-ac5b-05c8867e762c,,Self,Jessica140 McKenzie376
d57841fa-c9e2-a3d1-0e78-09bdbe4eed66,d57841fa-c9e2-a3d1-dc87-f59f03842af8,1986-07-21T03:06:00Z,1987-07-20T03:06:00Z,26aab0cd-6aba-3e1b-ac5b-05c8867e762c,,Self,Jessica140 McKenzie376
d57841fa-c9e2-a3d1-0e78-09bdbe4eed66,d57841fa-c9e2-a3d1-f379-72ecf52d7c9d,1987-07-20T03:06:00Z,1988-07-25T03:06:00Z,26aab0cd-6aba-3e1b-ac5b-05c8867e762c,,Self,Jessica140 McKenzie376
d57841fa-c9e2-a3d1-0e78-09bdbe4eed66,d57841fa-c9e2-a3d1-b23f-57b843797b80,1988-07-25T03:06:00Z,1989-07-24T03:06:00Z,26aab0cd-6aba-3e1b-ac5b-05c8867e762c,,Self,Jessica140 McKenzie376
d57841fa-c9e2-a3d1-0e78-09bdbe4eed66,d57841fa-c9e2-a3d1-8068-fae14a8b6e30,1989-07-24T03:06:00Z,1990-07-23T03:06:00Z,26aab0cd-6aba-3e1b-ac5b-05c8867e762c,,Self,Jessica140 McKenzie376
d57841fa-c9e2-a3d1-0e78-09bdbe4eed66,d57841fa-c9e2-a3d1-3d79-9025f26adf6d,1990-07-23T03:06:00Z,1991-07-22T03:06:00Z,26aab0cd-6aba-3e1b-ac5b-05c8867e762c,,Self,Jessica140 McKenzie376
d57841fa-c9e2-a3d1-0e78-09bdbe4eed66,d57841fa-c9e2-a3d1-5e70-8c0d7cb78f92,1991-07-22T03:06:00Z,1992-07-20T03:06:00Z,26aab0cd-6aba-3e1b-ac5b-05c8867e762c,,Self,Jessica140 McKenzie376
d57841fa-c9e2-a3d1-0e78-09bdbe4eed66,d57841fa-c9e2-a3d1-8927-67340b6486cb,1992-07-20T03:06:00Z,1993-07-19T03:06:00Z,26aab0cd-6aba-3e1b-ac5b-05c8867e762c,,Self,Jessica140 McKenzie376
d57841fa-c9e2-a3d1-0e78-09bdbe4eed66,d57841fa-c9e2-a3d1-2963-2835b89e0553,1993-07-19T03:06:00Z,1994-07-25T03:06:00Z,26aab0cd-6aba-3e1b-ac5b-05c8867e762c,,Self,Jessica140 McKenzie376
d57841fa-c9e2-a3d1-0e78-09bdbe4eed66,d57841fa-c9e2-a3d1-46fb-540570f2c21a,1994-07-25T03:06:00Z,1995-07-24T03:06:00Z,26aab0cd-6aba-3e1b-ac5b-05c8867e762c,,Self,Jessica140 McKenzie376
d57841fa-c9e2-a3d1-0e78-09bdbe4eed66,d57841fa-c9e2-a3d1-b60f-4453b7213a7b,1995-07-24T03:06:00Z,1996-07-22T03:06:00Z,26aab0cd-6aba-3e1b-ac5b-05c8867e762c,,Self,Jessica140 McKenzie376
d57841fa-c9e2-a3d1-0e78-09bdbe4eed66,d57841fa-c9e2-a3d1-1dbc-f906082a49d9,1996-07-22T03:06:00Z,1997-07-21T03:06:00Z,26aab0cd-6aba-3e1b-ac5b-05c8867e762c,,Self,Jessica140 McKenzie376
d57841fa-c9e2-a3d1-0e78-09bdbe4eed66,d57841fa-c9e2-a3d1-8323-305a431a07d9,1997-07-21T03:06:00Z,1998-07-20T03:06:00Z,26aab0cd-6aba-3e1b-ac5b-05c8867e762c,,Self,Jessica140 McKenzie376
d57841fa-c9e2-a3d1-0e78-09bdbe4eed66,d57841fa-c9e2-a3d1-4989-e6cffc7ead22,1998-07-20T03:06:00Z,1999-07-19T03:06:00Z,26aab0cd-6aba-3e1b-ac5b-05c8867e762c,,Self,Jessica140 McKenzie376
d57841fa-c9e2-a3d1-0e78-09bdbe4eed66,d57841fa-c9e2-a3d1-d74f-db63bbe0d9a5,1999-07-19T03:06:00Z,2000-07-24T03:06:00Z,26aab0cd-6aba-3e1b-ac5b-05c8867e762c,,Self,Jessica140 McKenzie376
d57841fa-c9e2-a3d1-0e78-09bdbe4eed66,d57841fa-c9e2-a3d1-6825-146fa0a22e5b,2000-07-24T03:06:00Z,2001-07-23T03:06:00Z,26aab0cd-6aba-3e1b-ac5b-05c8867e762c,,Self,Jessica140 McKenzie376
d57841fa-c9e2-a3d1-0e78-09bdbe4eed66,d57841fa-c9e2-a3d1-d748-fe8bfa39c18b,2001-07-23T03:06:00Z,2002-07-22T03:06:00Z,26aab0cd-6aba-3e1b-ac5b-05c8867e762c,,Self,Jessica140 McKenzie376
d57841fa-c9e2-a3d1-0e78-09bdbe4eed66,d57841fa-c9e2-a3d1-db70-b027ea9291b3,2002-07-22T03:06:00Z,2003-07-21T03:06:00Z,26aab0cd-6aba-3e1b-ac5b-05c8867e762c,,Self,Jessica140 McKenzie376
d57841fa-c9e2-a3d1-0e78-09bdbe4eed66,d57841fa-c9e2-a3d1-82cb-177552f0c9c2,2003-07-21T03:06:00Z,2004-07-19T03:06:00Z,26aab0cd-6aba-3e1b-ac5b-05c8867e762c,,Self,Jessica140 McKenzie376
d57841fa-c9e2-a3d1-0e78-09bdbe4eed66,d57841fa-c9e2-a3d1-027b-b1b7aff64d6f,2004-07-19T03:06:00Z,2005-07-25T03:06:00Z,26aab0cd-6aba-3e1b-ac5b-05c8867e762c,,Self,Jessica140 McKenzie376
d57841fa-c9e2-a3d1-0e78-09bdbe4eed66,d57841fa-c9e2-a3d1-b2f3-1705c8065517,2005-07-25T03:06:00Z,2006-07-24T03:06:00Z,26aab0cd-6aba-3e1b-ac5b-05c8867e762c,,Self,Jessica140 McKenzie376
d57841fa-c9e2-a3d1-0e78-09bdbe4eed66,d57841fa-c9e2-a3d1-db3a-653c731f127c,2006-07-24T03:06:00Z,2007-07-23T03:06:00Z,26aab0cd-6aba-3e1b-ac5b-05c8867e762c,,Self,Jessica140 McKenzie376
d57841fa-c9e2-a3d1-0e78-09bdbe4eed66,d57841fa-c9e2-a3d1-2329-bb30c33bf24f,2007-07-23T03:06:00Z,2008-07-21T03:06:00Z,26aab0cd-6aba-3e1b-ac5b-05c8867e762c,,Self,Jessica140 McKenzie376
d57841fa-c9e2-a3d1-0e78-09bdbe4eed66,d57841fa-c9e2-a3d1-11f9-0ad80dd9098b,2008-07-21T03:06:00Z,2009-07-20T03:06:00Z,26aab0cd-6aba-3e1b-ac5b-05c8867e762c,,Self,Jessica140 McKenzie376
d57841fa-c9e2-a3d1-0e78-09bdbe4eed66,d57841fa-c9e2-a3d1-762f-57f653381709,2009-07-20T03:06:00Z,2010-07-19T03:06:00Z,26aab0cd-6aba-3e1b-ac5b-05c8867e762c,,Self,Jessica140 McKenzie376
d57841fa-c9e2-a3d1-0e78-09bdbe4eed66,d57841fa-c9e2-a3d1-41e7-9d79da31147a,2010-07-19T03:06:00Z,2011-07-25T03:06:00Z,26aab0cd-6aba-3e1b-ac5b-05c8867e762c,,Self,Jessica140 McKenzie376
d57841fa-c9e2-a3d1-0e78-09bdbe4eed66,d57841fa-c9e2-a3d1-01b5-b2a6e825fe37,2011-07-25T03:06:00Z,2012-07-23T03:06:00Z,26aab0cd-6aba-3e1b-ac5b-05c8867e762c,,Self,Jessica140 McKenzie376
d57841fa-c9e2-a3d1-0e78-09bdbe4eed66,d57841fa-c9e2-a3d1-6446-bc32b01d72b4,2012-07-23T03:06:00Z,2013-07-22T03:06:00Z,26aab0cd-6aba-3e1b-ac5b-05c8867e762c,,Self,Jessica140 McKenzie376
d57841fa-c9e2-a3d1-0e78-09bdbe4eed66,d57841fa-c9e2-a3d1-5540-666a36935d68,2013-07-22T03:06:00Z,2014-07-21T03:06:00Z,26aab0cd-6aba-3e1b-ac5b-05c8867e762c,,Self,Jessica140 McKenzie376
d57841fa-c9e2-a3d1-0e78-09bdbe4eed66,d57841fa-c9e2-a3d1-e0a9-ce15c42ac8f5,2014-07-21T03:06:00Z,2015-07-20T03:06:00Z,26aab0cd-6aba-3e1b-ac5b-05c8867e762c,,Self,Jessica140 McKenzie376
d57841fa-c9e2-a3d1-0e78-09bdbe4eed66,d57841fa-c9e2-a3d1-2d1b-24615dc7d956,2015-07-20T03:06:00Z,2016-07-25T03:06:00Z,26aab0cd-6aba-3e1b-ac5b-05c8867e762c,,Self,Jessica140 McKenzie376
d57841fa-c9e2-a3d1-0e78-09bdbe4eed66,d57841fa-c9e2-a3d1-c83c-c38c94c9539e,2016-07-25T03:06:00Z,2017-07-24T03:06:00Z,26aab0cd-6aba-3e1b-ac5b-05c8867e762c,,Self,Jessica140 McKenzie376
d57841fa-c9e2-a3d1-0e78-09bdbe4eed66,d57841fa-c9e2-a3d1-5536-1d36feb91406,2017-07-24T03:06:00Z,2018-07-23T03:06:00Z,26aab0cd-6aba-3e1b-ac5b-05c8867e762c,,Self,Jessica140 McKenzie376
d57841fa-c9e2-a3d1-0e78-09bdbe4eed66,d57841fa-c9e2-a3d1-09c8-cfa6a69ea6bd,2018-07-23T03:06:00Z,2019-07-22T03:06:00Z,26aab0cd-6aba-3e1b-ac5b-05c8867e762c,,Self,Jessica140 McKenzie376
d57841fa-c9e2-a3d1-0e78-09bdbe4eed66,d57841fa-c9e2-a3d1-38f3-01e3c24854b6,2019-07-22T03:06:00Z,2020-07-20T03:06:00Z,26aab0cd-6aba-3e1b-ac5b-05c8867e762c,,Self,Jessica140 McKenzie376
d57841fa-c9e2-a3d1-0e78-09bdbe4eed66,d57841fa-c9e2-a3d1-4fcc-601a4775bbd6,2020-07-20T03:06:00Z,2021-07-19T03:06:00Z,26aab0cd-6aba-3e1b-ac5b-05c8867e762c,,Self,Jessica140 McKenzie376
d57841fa-c9e2-a3d1-0e78-09bdbe4eed66,d57841fa-c9e2-a3d1-769b-559c560e8888,2021-07-19T03:06:00Z,2022-07-25T03:06:00Z,26aab0cd-6aba-3e1b-ac5b-05c8867e762c,,Self,Jessica140 McKenzie376
d57841fa-c9e2-a3d1-0e78-09bdbe4eed66,d57841fa-c9e2-a3d1-275d-c66d4fdd0f47,2022-07-25T03:06:00Z,2023-07-24T03:06:00Z,26aab0cd-6aba-3e1b-ac5b-05c8867e762c,,Self,Jessica140 McKenzie376
d57841fa-c9e2-a3d1-0e78-09bdbe4eed66,d57841fa-c9e2-a3d1-55ac-e7ba3edd5cdc,2023-07-24T03:06:00Z,2024-07-22T03:06:00Z,26aab0cd-6aba-3e1b-ac5b-05c8867e762c,,Self,Jessica140 McKenzie376
d57841fa-c9e2-a3d1-0e78-09bdbe4eed66,d57841fa-c9e2-a3d1-9f1b-d4ff0bcd5db8,2024-07-22T03:06:00Z,2025-07-21T03:06:00Z,26aab0cd-6aba-3e1b-ac5b-05c8867e762c,,Self,Jessica140 McKenzie376
d57841fa-c9e2-a3d1-0e78-09bdbe4eed66,d57841fa-c9e2-a3d1-6a52-2581119ccf6e,2025-07-21T03:06:00Z,2026-07-20T03:06:00Z,26aab0cd-6aba-3e1b-ac5b-05c8867e762c,,Self,Jessica140 McKenzie376
d57841fa-c9e2-a3d1-0e78-09bdbe4eed66,d57841fa-c9e2-a3d1-354f-17cf1097f04b,2026-07-20T03:06:00Z,2027-07-19T03:06:00Z,26aab0cd-6aba-3e1b-ac5b-05c8867e762c,,Self,Jessica140 McKenzie376
7c913488-8c54-7aa0-a452-83dbc3ad8377,7c913488-8c54-7aa0-d4f7-2f69aca0cc6d,2012-01-13T19:08:24Z,2013-01-18T19:08:24Z,0133f751-9229-3cfd-815f-b6d4979bdd6a,,Guardian,Noe500 Kiehn525
7c913488-8c54-7aa0-a452-83dbc3ad8377,7c913488-8c54-7aa0-ccbf-14327a6e5fa6,2013-01-18T19:08:24Z,2014-01-17T19:08:24Z,734afbd6-4794-363b-9bc0-6a3981533ed5,,Guardian,Kala987 Crist667
7c913488-8c54-7aa0-a452-83dbc3ad8377,7c913488-8c54-7aa0-ccbf-14327a6e5fa6,2014-01-17T19:08:24Z,2015-01-16T19:08:24Z,734afbd6-4794-363b-9bc0-6a3981533ed5,,Guardian,Kala987 Crist667
7c913488-8c54-7aa0-a452-83dbc3ad8377,7c913488-8c54-7aa0-ccbf-14327a6e5fa6,2015-01-16T19:08:24Z,2016-01-15T19:08:24Z,734afbd6-4794-363b-9bc0-6a3981533ed5,,Guardian,Kala987 Crist667
7c913488-8c54-7aa0-a452-83dbc3ad8377,7c913488-8c54-7aa0-ccbf-14327a6e5fa6,2016-01-15T19:08:24Z,2017-01-13T19:08:24Z,734afbd6-4794-363b-9bc0-6a3981533ed5,,Guardian,Kala987 Crist667
7c913488-8c54-7aa0-a452-83dbc3ad8377,7c913488-8c54-7aa0-ccbf-14327a6e5fa6,2017-01-13T19:08:24Z,2018-01-19T19:08:24Z,734afbd6-4794-363b-9bc0-6a3981533ed5,,Guardian,Kala987 Crist667
7c913488-8c54-7aa0-a452-83dbc3ad8377,7c913488-8c54-7aa0-ccbf-14327a6e5fa6,2018-01-19T19:08:24Z,2019-01-18T19:08:24Z,734afbd6-4794-363b-9bc0-6a3981533ed5,,Guardian,Kala987 Crist667
7c913488-8c54-7aa0-a452-83dbc3ad8377,7c913488-8c54-7aa0-ccbf-14327a6e5fa6,2019-01-18T19:08:24Z,2020-01-17T19:08:24Z,734afbd6-4794-363b-9bc0-6a3981533ed5,,Guardian,Kala987 Crist667
7c913488-8c54-7aa0-a452-83dbc3ad8377,7c913488-8c54-7aa0-ccbf-14327a6e5fa6,2020-01-17T19:08:24Z,2021-01-15T19:08:24Z,734afbd6-4794-363b-9bc0-6a3981533ed5,,Guardian,Kala987 Crist667
7c913488-8c54-7aa0-a452-83dbc3ad8377,7c913488-8c54-7aa0-ccbf-14327a6e5fa6,2021-01-15T19:08:24Z,2022-01-14T19:08:24Z,734afbd6-4794-363b-9bc0-6a3981533ed5,,Guardian,Kala987 Crist667
7c913488-8c54-7aa0-a452-83dbc3ad8377,7c913488-8c54-7aa0-ccbf-14327a6e5fa6,2022-01-14T19:08:24Z,2023-01-13T19:08:24Z,734afbd6-4794-363b-9bc0-6a3981533ed5,,Guardian,Kala987 Crist667
7c913488-8c54-7aa0-a452-83dbc3ad8377,7c913488-8c54-7aa0-ccbf-14327a6e5fa6,2023-01-13T19:08:24Z,2024-01-19T19:08:24Z,734afbd6-4794-363b-9bc0-6a3981533ed5,,Guardian,Kala987 Crist667
7c913488-8c54-7aa0-a452-83dbc3ad8377,7c913488-8c54-7aa0-ccbf-14327a6e5fa6,2024-01-19T19:08:24Z,2025-01-17T19:08:24Z,734afbd6-4794-363b-9bc0-6a3981533ed5,,Guardian,Kala987 Crist667
7c913488-8c54-7aa0-a452-83dbc3ad8377,7c913488-8c54-7aa0-ccbf-14327a6e5fa6,2025-01-17T19:08:24Z,2026-01-16T19:08:24Z,734afbd6-4794-363b-9bc0-6a3981533ed5,,Guardian,Kala987 Crist667
7c913488-8c54-7aa0-a452-83dbc3ad8377,7c913488-8c54-7aa0-ccbf-14327a6e5fa6,2026-01-16T19:08:24Z,2027-01-13T19:08:24Z,734afbd6-4794-363b-9bc0-6a3981533ed5,,Guardian,Kala987 Crist667
dd9da64b-7b38-4f91-e75d-b1268dde60d4,,1987-01-26T07:34:19Z,1988-02-01T07:34:19Z,e03e23c9-4df1-3eb6-a62d-f70f02301496,,,
dd9da64b-7b38-4f91-e75d-b1268dde60d4,dd9da64b-7b38-4f91-1357-a11fc656be6e,1988-02-01T07:34:19Z,1989-01-30T07:34:19Z,a735bf55-83e9-331a-899d-a82a60b9f60c,b046940f-1664-3047-bca7-dfa76be352a4,Self,Donnetta255 Jenkins714
dd9da64b-7b38-4f91-e75d-b1268dde60d4,dd9da64b-7b38-4f91-1329-fbe3b0576e4d,1989-01-30T07:34:19Z,1990-01-29T07:34:19Z,a735bf55-83e9-331a-899d-a82a60b9f60c,b046940f-1664-3047-bca7-dfa76be352a4,Self,Donnetta255 Jenkins714
dd9da64b-7b38-4f91-e75d-b1268dde60d4,dd9da64b-7b38-4f91-94e8-d4bf4a394d90,1990-01-29T07:34:19Z,1991-01-28T07:34:19Z,a735bf55-83e9-331a-899d-a82a60b9f60c,b046940f-1664-3047-bca7-dfa76be352a4,Self,Donnetta255 Jenkins714
dd9da64b-7b38-4f91-e75d-b1268dde60d4,dd9da64b-7b38-4f91-0ef5-1072e1f54318,1991-01-28T07:34:19Z,1992-01-27T07:34:19Z,a735bf55-83e9-331a-899d-a82a60b9f60c,b046940f-1664-3047-bca7-dfa76be352a4,Self,Donnetta255 Jenkins714
dd9da64b-7b38-4f91-e75d-b1268dde60d4,dd9da64b-7b38-4f91-ac79-dc6ca2011f03,1992-01-27T07:34:19Z,1993-02-01T07:34:19Z,a735bf55-83e9-331a-899d-a82a60b9f60c,,Self,Donnetta255 Jenkins714
dd9da64b-7b38-4f91-e75d-b1268dde60d4,dd9da64b-7b38-4f91-7485-b472daf956bb,1993-02-01T07:34:19Z,1994-01-31T07:34:19Z,a735bf55-83e9-331a-899d-a82a60b9f60c,b046940f-1664-3047-bca7-dfa76be352a4,Self,Donnetta255 Jenkins714
dd9da64b-7b38-4f91-e75d-b1268dde60d4,dd9da64b-7b38-4f91-0113-5f2da09a0415,1994-01-31T07:34:19Z,1995-01-30T07:34:19Z,a735bf55-83e9-331a-899d-a82a60b9f60c,b046940f-1664-3047-bca7-dfa76be352a4,Self,Donnetta255 Jenkins714
dd9da64b-7b38-4f91-e75d-b1268dde60d4,dd9da64b-7b38-4f91-9732-aa7a804109ae,1995-01-30T07:34:19Z,1996-01-29T07:34:19Z,a735bf55-83e9-331a-899d-a82a60b9f60c,b046940f-1664-3047-bca7-dfa76be352a4,Self,Donnetta255 Jenkins714
dd9da64b-7b38-4f91-e75d-b1268dde60d4,dd9da64b-7b38-4f91-f7c6-5aafcb55bd1c,1996-01-29T07:34:19Z,1997-01-27T07:34:19Z,a735bf55-83e9-331a-899d-a82a60b9f60c,,Self,Donnetta255 Jenkins714
dd9da64b-7b38-4f91-e75d-b1268dde60d4,dd9da64b-7b38-4f91-f1f9-65c254a4cafc,1997-01-27T07:34:19Z,1998-01-26T07:34:19Z,a735bf55-83e9-331a-899d-a82a60b9f60c,b046940f-1664-3047-bca7-dfa76be352a4,Self,Donnetta255 Jenkins714
dd9da64b-7b38-4f91-e75d-b1268dde60d4,dd9da64b-7b38-4f91-bbe1-7cf026d2017c,1998-01-26T07:34:19Z,1999-02-01T07:34:19Z,a735bf55-83e9-331a-899d-a82a60b9f60c,b046940f-1664-3047-bca7-dfa76be352a4,Self,Donnetta255 Jenkins714
dd9da64b-7b38-4f91-e75d-b1268dde60d4,dd9da64b-7b38-4f91-82c7-9cd2b4e9bb40,1999-02-01T07:34:19Z,2000-01-31T07:34:19Z,a735bf55-83e9-331a-899d-a82a60b9f60c,,Self,Donnetta255 Jenkins714
dd9da64b-7b38-4f91-e75d-b1268dde60d4,dd9da64b-7b38-4f91-f6ad-abcd0343f256,2000-01-31T07:34:19Z,2001-01-29T07:34:19Z,a735bf55-83e9-331a-899d-a82a60b9f60c,b046940f-1664-3047-bca7-dfa76be352a4,Self,Donnetta255 Jenkins714
dd9da64b-7b38-4f91-e75d-b1268dde60d4,dd9da64b-7b38-4f91-eeb4-7608ae0e475f,2001-01-29T07:34:19Z,2002-01-28T07:34:19Z,a735bf55-83e9-331a-899d-a82a60b9f60c,b046940f-1664-3047-bca7-dfa76be352a4,Self,Donnetta255 Jenkins714
dd9da64b-7b38-4f91-e75d-b1268dde60d4,dd9da64b-7b38-4f91-885a-0253e2084858,2002-01-28T07:34:19Z,2003-01-27T07:34:19Z,a735bf55-83e9-331a-899d-a82a60b9f60c,b046940f-1664-3047-bca7-dfa76be352a4,Self,Donnetta255 Jenkins714
dd9da64b-7b38-4f91-e75d-b1268dde60d4,dd9da64b-7b38-4f91-49c5-28cbae3e3ff0,2003-01-27T07:34:19Z,2004-01-26T07:34:19Z,a735bf55-83e9-331a-899d-a82a60b9f60c,b046940f-1664-3047-bca7-dfa76be352a4,Self,Donnetta255 Jenkins714
dd9da64b-7b38-4f91-e75d-b1268dde60d4,dd9da64b-7b38-4f91-2499-de2f18541365,2004-01-26T07:34:19Z,2005-01-31T07:34:19Z,a735bf55-83e9-331a-899d-a82a60b9f60c,,Self,Donnetta255 Jenkins714
dd9da64b-7b38-4f91-e75d-b1268dde60d4,dd9da64b-7b38-4f91-2a16-76337d27d514,2005-01-31T07:34:19Z,2006-01-30T07:34:19Z,a735bf55-83e9-331a-899d-a82a60b9f60c,b046940f-1664-3047-bca7-dfa76be352a4,Self,Donnetta255 Jenkins714
dd9da64b-7b38-4f91-e75d-b1268dde60d4,dd9da64b-7b38-4f91-0861-0cf2c60fbb4f,2006-01-30T07:34:19Z,2007-01-29T07:34:19Z,a735bf55-83e9-331a-899d-a82a60b9f60c,b046940f-1664-3047-bca7-dfa76be352a4,Self,Donnetta255 Jenkins714
dd9da64b-7b38-4f91-e75d-b1268dde60d4,dd9da64b-7b38-4f91-be69-26c44fec5144,2007-01-29T07:34:19Z,2008-01-28T07:34:19Z,a735bf55-83e9-331a-899d-a82a60b9f60c,b046940f-1664-3047-bca7-dfa76be352a4,Self,Donnetta255 Jenkins714
dd9da64b-7b38-4f91-e75d-b1268dde60d4,dd9da64b-7b38-4f91-dfeb-c9e2312af20c,2008-01-28T07:34:19Z,2009-01-26T07:34:19Z,a735bf55-83e9-331a-899d-a82a60b9f60c,b046940f-1664-3047-bca7-dfa76be352a4,Self,Donnetta255 Jenkins714
dd9da64b-7b38-4f91-e75d-b1268dde60d4,dd9da64b-7b38-4f91-b38a-c697741248a2,2009-01-26T07:34:19Z,2010-02-01T07:34:19Z,a735bf55-83e9-331a-899d-a82a60b9f60c,b046940f-1664-3047-bca7-dfa76be352a4,Self,Donnetta255 Jenkins714
dd9da64b-7b38-4f91-e75d-b1268dde60d4,dd9da64b-7b38-4f91-c2f6-37539085e136,2010-02-01T07:34:19Z,2011-01-31T07:34:19Z,a735bf55-83e9-331a-899d-a82a60b9f60c,b046940f-1664-3047-bca7-dfa76be352a4,Self,Donnetta255 Jenkins714
dd9da64b-7b38-4f91-e75d-b1268dde60d4,dd9da64b-7b38-4f91-2a61-fda2547141b0,2011-01-31T07:34:19Z,2012-01-30T07:34:19Z,a735bf55-83e9-331a-899d-a82a60b9f60c,b046940f-1664-3047-bca7-dfa76be352a4,Self,Donnetta255 Jenkins714
dd9da64b-7b38-4f91-e75d-b1268dde60d4,dd9da64b-7b38-4f91-06a3-438aa19b9878,2012-01-30T07:34:19Z,2013-01-28T07:34:19Z,a735bf55-83e9-331a-899d-a82a60b9f60c,b046940f-1664-3047-bca7-dfa76be352a4,Self,Donnetta255 Jenkins714
dd9da64b-7b38-4f91-e75d-b1268dde60d4,dd9da64b-7b38-4f91-0117-0d5e81cffdd7,2013-01-28T07:34:19Z,2014-01-27T07:34:19Z,a735bf55-83e9-331a-899d-a82a60b9f60c,b046940f-1664-3047-bca7-dfa76be352a4,Self,Donnetta255 Jenkins714
dd9da64b-7b38-4f91-e75d-b1268dde60d4,dd9da64b-7b38-4f91-ea72-2e4d63dbc6f6,2014-01-27T07:34:19Z,2015-01-26T07:34:19Z,a735bf55-83e9-331a-899d-a82a60b9f60c,b046940f-1664-3047-bca7-dfa76be352a4,Self,Donnetta255 Jenkins714
dd9da64b-7b38-4f91-e75d-b1268dde60d4,dd9da64b-7b38-4f91-00ff-42fcb7cefd0a,2015-01-26T07:34:19Z,2016-02-01T07:34:19Z,a735bf55-83e9-331a-899d-a82a60b9f60c,b046940f-1664-3047-bca7-dfa76be352a4,Self,Donnetta255 Jenkins714
dd9da64b-7b38-4f91-e75d-b1268dde60d4,dd9da64b-7b38-4f91-beef-8990fedd3ab6,2016-02-01T07:34:19Z,2017-01-30T07:34:19Z,a735bf55-83e9-331a-899d-a82a60b9f60c,,Self,Donnetta255 Jenkins714
dd9da64b-7b38-4f91-e75d-b1268dde60d4,dd9da64b-7b38-4f91-d652-3b6c5d775d2f,2017-01-30T07:34:19Z,2018-01-29T07:34:19Z,a735bf55-83e9-331a-899d-a82a60b9f60c,b046940f-1664-3047-bca7-dfa76be352a4,Self,Donnetta255 Jenkins714
dd9da64b-7b38-4f91-e75d-b1268dde60d4,dd9da64b-7b38-4f91-a344-36b309c503e5,2018-01-29T07:34:19Z,2019-01-28T07:34:19Z,a735bf55-83e9-331a-899d-a82a60b9f60c,b046940f-1664-3047-bca7-dfa76be352a4,Self,Donnetta255 Jenkins714
dd9da64b-7b38-4f91-e75d-b1268dde60d4,dd9da64b-7b38-4f91-fe76-94ee6376c44e,2019-01-28T07:34:19Z,2020-01-27T07:34:19Z,a735bf55-83e9-331a-899d-a82a60b9f60c,b046940f-1664-3047-bca7-dfa76be352a4,Self,Donnetta255 Jenkins714
dd9da64b-7b38-4f91-e75d-b1268dde60d4,dd9da64b-7b38-4f91-2c67-0dbbbe2c24fa,2020-01-27T07:34:19Z,2021-02-01T07:34:19Z,a735bf55-83e9-331a-899d-a82a60b9f60c,b046940f-1664-3047-bca7-dfa76be352a4,Self,Donnetta255 Jenkins714
dd9da64b-7b38-4f91-e75d-b1268dde60d4,dd9da64b-7b38-4f91-14e2-0501b880ee5f,2021-02-01T07:34:19Z,2022-01-31T07:34:19Z,a735bf55-83e9-331a-899d-a82a60b9f60c,b046940f-1664-3047-bca7-dfa76be352a4,Self,Donnetta255 Jenkins714
dd9da64b-7b38-4f91-e75d-b1268dde60d4,dd9da64b-7b38-4f91-1ee6-a8c46118c8c1,2022-01-31T07:34:19Z,2023-01-30T07:34:19Z,a735bf55-83e9-331a-899d-a82a60b9f60c,b046940f-1664-3047-bca7-dfa76be352a4,Self,Donnetta255 Jenkins714
dd9da64b-7b38-4f91-e75d-b1268dde60d4,dd9da64b-7b38-4f91-f870-13e793d79d1e,2023-01-30T07:34:19Z,2024-01-29T07:34:19Z,a735bf55-83e9-331a-899d-a82a60b9f60c,b046940f-1664-3047-bca7-dfa76be352a4,Self,Donnetta255 Jenkins714
dd9da64b-7b38-4f91-e75d-b1268dde60d4,dd9da64b-7b38-4f91-9f56-a9454d4c5c1b,2024-01-29T07:34:19Z,2025-01-27T07:34:19Z,a735bf55-83e9-331a-899d-a82a60b9f60c,b046940f-1664-3047-bca7-dfa76be352a4,Self,Donnetta255 Jenkins714
dd9da64b-7b38-4f91-e75d-b1268dde60d4,dd9da64b-7b38-4f91-5aa4-0de400076ce2,2025-01-27T07:34:19Z,2026-01-26T07:34:19Z,a735bf55-83e9-331a-899d-a82a60b9f60c,b046940f-1664-3047-bca7-dfa76be352a4,Self,Donnetta255 Jenkins714
dd9da64b-7b38-4f91-e75d-b1268dde60d4,dd9da64b-7b38-4f91-c602-01c251f95df1,2026-01-26T07:34:19Z,2027-01-26T07:34:19Z,a735bf55-83e9-331a-899d-a82a60b9f60c,b046940f-1664-3047-bca7-dfa76be352a4,Self,Donnetta255 Jenkins714
322ab5c6-5846-ac1e-38cc-48b8cb441e20,322ab5c6-5846-ac1e-3bc6-c49532a4e57d,1969-02-28T00:42:43Z,1970-02-27T00:42:43Z,df166300-5a78-3502-a46a-832842197811,,Self,Lena684 Williamson769
322ab5c6-5846-ac1e-38cc-48b8cb441e20,322ab5c6-5846-ac1e-dfbb-f920594436c3,1970-02-27T00:42:43Z,1971-02-26T00:42:43Z,df166300-5a78-3502-a46a-832842197811,,Self,Lena684 Williamson769
322ab5c6-5846-ac1e-38cc-48b8cb441e20,322ab5c6-5846-ac1e-1609-fe33f3845798,1971-02-26T00:42:43Z,1972-03-03T00:42:43Z,df166300-5a78-3502-a46a-832842197811,,Self,Lena684 Williamson769
322ab5c6-5846-ac1e-38cc-48b8cb441e20,322ab5c6-5846-ac1e-c8c7-3bf1810ffe3d,1972-03-03T00:42:43Z,1973-03-02T00:42:43Z,df166300-5a78-3502-a46a-832842197811,,Self,Lena684 Williamson769
322ab5c6-5846-ac1e-38cc-48b8cb441e20,322ab5c6-5846-ac1e-dd6d-d68890845350,1973-03-02T00:42:43Z,1974-03-01T00:42:43Z,df166300-5a78-3502-a46a-832842197811,,Self,Lena684 Williamson769
322ab5c6-5846-ac1e-38cc-48b8cb441e20,322ab5c6-5846-ac1e-e5ae-12a4ed515e44,1974-03-01T00:42:43Z,1975-02-28T00:42:43Z,df166300-5a78-3502-a46a-832842197811,,Self,Lena684 Williamson769
322ab5c6-5846-ac1e-38cc-48b8cb441e20,322ab5c6-5846-ac1e-b552-32e25ab7e269,1975-02-28T00:42:43Z,1976-02-27T00:42:43Z,df166300-5a78-3502-a46a-832842197811,,Self,Lena684 Williamson769
322ab5c6-5846-ac1e-38cc-48b8cb441e20,322ab5c6-5846-ac1e-30e6-fd7cc6e820b5,1976-02-27T00:42:43Z,1977-03-04T00:42:43Z,df166300-5a78-3502-a46a-832842197811,,Self,Lena684 Williamson769
322ab5c6-5846-ac1e-38cc-48b8cb441e20,322ab5c6-5846-ac1e-bb53-a37bf8d4e762,1977-03-04T00:42:43Z,1978-03-03T00:42:43Z,df166300-5a78-3502-a46a-832842197811,,Self,Lena684 Williamson769
322ab5c6-5846-ac1e-38cc-48b8cb441e20,322ab5c6-5846-ac1e-9ea8-d001944a3d4e,1978-03-03T00:42:43Z,1979-03-02T00:42:43Z,df166300-5a78-3502-a46a-832842197811,,Self,Lena684 Williamson769
322ab5c6-5846-ac1e-38cc-48b8cb441e20,322ab5c6-5846-ac1e-a4e3-347cb6b1c921,1979-03-02T00:42:43Z,1980-02-29T00:42:43Z,df166300-5a78-3502-a46a-832842197811,,Self,Lena684 Williamson769
322ab5c6-5846-ac1e-38cc-48b8cb441e20,322ab5c6-5846-ac1e-8761-24cf08da12c4,1980-02-29T00:42:43Z,1981-02-27T00:42:43Z,df166300-5a78-3502-a46a-832842197811,,Self,Lena684 Williamson769
322ab5c6-5846-ac1e-38cc-48b8cb441e20,322ab5c6-5846-ac1e-ded4-808eac0c1eb8,1981-02-27T00:42:43Z,1982-02-26T00:42:43Z,df166300-5a78-3502-a46a-832842197811,,Self,Lena684 Williamson769
322ab5c6-5846-ac1e-38cc-48b8cb441e20,322ab5c6-5846-ac1e-d5d8-776905247d61,1982-02-26T00:42:43Z,1983-03-04T00:42:43Z,df166300-5a78-3502-a46a-832842197811,,Self,Lena684 Williamson769
322ab5c6-5846-ac1e-38cc-48b8cb441e20,322ab5c6-5846-ac1e-765b-34c3d23ebb54,1983-03-04T00:42:43Z,1984-03-02T00:42:43Z,df166300-5a78-3502-a46a-832842197811,,Self,Lena684 Williamson769
322ab5c6-5846-ac1e-38cc-48b8cb441e20,322ab5c6-5846-ac1e-8a8f-68905f9c5daf,1984-03-02T00:42:43Z,1985-03-01T00:42:43Z,df166300-5a78-3502-a46a-832842197811,,Self,Lena684 Williamson769
322ab5c6-5846-ac1e-38cc-48b8cb441e20,322ab5c6-5846-ac1e-3d98-e0f67a16b9ea,1985-03-01T00:42:43Z,1986-02-28T00:42:43Z,df166300-5a78-3502-a46a-832842197811,,Self,Lena684 Williamson769
322ab5c6-5846-ac1e-38cc-48b8cb441e20,322ab5c6-5846-ac1e-f07b-b0d6d25b6efb,1986-02-28T00:42:43Z,1987-02-27T00:42:43Z,df166300-5a78-3502-a46a-832842197811,,Self,Lena684 Williamson769
322ab5c6-5846-ac1e-38cc-48b8cb441e20,322ab5c6-5846-ac1e-290f-a7d92196ad5f,1987-02-27T00:42:43Z,1988-02-26T00:42:43Z,df166300-5a78-3502-a46a-832842197811,,Self,Lena684 Williamson769
322ab5c6-5846-ac1e-38cc-48b8cb441e20,322ab5c6-5846-ac1e-4ab7-de605e1dd4d4,1988-02-26T00:42:43Z,1989-03-03T00:42:43Z,df166300-5a78-3502-a46a-832842197811,,Self,Lena684 Williamson769
322ab5c6-5846-ac1e-38cc-48b8cb441e20,322ab5c6-5846-ac1e-7eff-2c61777ab565,1989-03-03T00:42:43Z,1990-03-02T00:42:43Z,df166300-5a78-3502-a46a-832842197811,,Self,Lena684 Williamson769
322ab5c6-5846-ac1e-38cc-48b8cb441e20,322ab5c6-5846-ac1e-f08e-6ad6116be2d6,1990-03-02T00:42:43Z,1991-03-01T00:42:43Z,df166300-5a78-3502-a46a-832842197811,,Self,Lena684 Williamson769
322ab5c6-5846-ac1e-38cc-48b8cb441e20,322ab5c6-5846-ac1e-14a7-6ca185cee742,1991-03-01T00:42:43Z,1992-02-28T00:42:43Z,df166300-5a78-3502-a46a-832842197811,,Self,Lena684 Williamson769
322ab5c6-5846-ac1e-38cc-48b8cb441e20,322ab5c6-5846-ac1e-f24b-c1eeead509aa,1992-02-28T00:42:43Z,1993-02-26T00:42:43Z,df166300-5a78-3502-a46a-832842197811,,Self,Lena684 Williamson769
322ab5c6-5846-ac1e-38cc-48b8cb441e20,322ab5c6-5846-ac1e-3d39-cc933d56fba1,1993-02-26T00:42:43Z,1994-03-04T00:42:43Z,df166300-5a78-3502-a46a-832842197811,,Self,Lena684 Williamson769
322ab5c6-5846-ac1e-38cc-48b8cb441e20,322ab5c6-5846-ac1e-00ac-a5422e89626b,1994-03-04T00:42:43Z,1995-03-03T00:42:43Z,df166300-5a78-3502-a46a-832842197811,,Spouse,Mr. Cummings51
322ab5c6-5846-ac1e-38cc-48b8cb441e20,322ab5c6-5846-ac1e-2744-82ae896a781c,1995-03-03T00:42:43Z,1996-03-01T00:42:43Z,df166300-5a78-3502-a46a-832842197811,,Spouse,Mr. Cummings51
322ab5c6-5846-ac1e-38cc-48b8cb441e20,322ab5c6-5846-ac1e-7ed4-c24c07706514,1996-03-01T00:42:43Z,1997-02-28T00:42:43Z,df166300-5a78-3502-a46a-832842197811,,Self,Lena684 Charlott617 Cummings51
322ab5c6-5846-ac1e-38cc-48b8cb441e20,322ab5c6-5846-ac1e-1480-e65f3bffebf0,1997-02-28T00:42:43Z,1998-02-27T00:42:43Z,df166300-5a78-3502-a46a-832842197811,,Self,Lena684 Charlott617 Cummings51
322ab5c6-5846-ac1e-38cc-48b8cb441e20,322ab5c6-5846-ac1e-fdaf-e87e38f87689,1998-02-27T00:42:43Z,1999-02-26T00:42:43Z,df166300-5a78-3502-a46a-832842197811,,Spouse,Mr. Cummings51
322ab5c6-5846-ac1e-38cc-48b8cb441e20,322ab5c6-5846-ac1e-99ad-bff525fc540f,1999-02-26T00:42:43Z,2000-03-03T00:42:43Z,df166300-5a78-3502-a46a-832842197811,,Spouse,Mr. Cummings51
322ab5c6-5846-ac1e-38cc-48b8cb441e20,322ab5c6-5846-ac1e-dbb0-e34d908fa5aa,2000-03-03T00:42:43Z,2001-03-02T00:42:43Z,df166300-5a78-3502-a46a-832842197811,,Self,Lena684 Charlott617 Cummings51
322ab5c6-5846-ac1e-38cc-48b8cb441e20,322ab5c6-5846-ac1e-41e2-fc688a0ba35e,2001-03-02T00:42:43Z,2002-03-01T00:42:43Z,df166300-5a78-3502-a46a-832842197811,,Self,Lena684 Charlott617 Cummings51
322ab5c6-5846-ac1e-38cc-48b8cb441e20,322ab5c6-5846-ac1e-fc7f-75673488d7e6,2002-03-01T00:42:43Z,2003-02-28T00:42:43Z,df166300-5a78-3502-a46a-832842197811,,Self,Lena684 Charlott617 Cummings51
322ab5c6-5846-ac1e-38cc-48b8cb441e20,322ab5c6-5846-ac1e-1614-13b85ce00c07,2003-02-28T00:42:43Z,2004-02-27T00:42:43Z,df166300-5a78-3502-a46a-832842197811,,Self,Lena684 Charlott617 Cummings51
322ab5c6-5846-ac1e-38cc-48b8cb441e20,322ab5c6-5846-ac1e-5ad5-b4aba5f2016d,2004-02-27T00:42:43Z,2005-03-04T00:42:43Z,df166300-5a78-3502-a46a-832842197811,,Self,Lena684 Charlott617 Cummings51
322ab5c6-5846-ac1e-38cc-48b8cb441e20,322ab5c6-5846-ac1e-6576-aed40c2a1261,2005-03-04T00:42:43Z,2006-03-03T00:42:43Z,df166300-5a78-3502-a46a-832842197811,,Self,Lena684 Charlott617 Cummings51
322ab5c6-5846-ac1e-38cc-48b8cb441e20,322ab5c6-5846-ac1e-aea8-f3ba1a550127,2006-03-03T00:42:43Z,2007-03-02T00:42:43Z,df166300-5a78-3502-a46a-832842197811,,Self,Lena684 Charlott617 Cummings51
322ab5c6-5846-ac1e-38cc-48b8cb441e20,322ab5c6-5846-ac1e-71f5-1db6a2fa162c,2007-03-02T00:42:43Z,2008-02-29T00:42:43Z,df166300-5a78-3502-a46a-832842197811,,Self,Lena684 Charlott617 Cummings51
322ab5c6-5846-ac1e-38cc-48b8cb441e20,322ab5c6-5846-ac1e-26b4-e32894095bcb,2008-02-29T00:42:43Z,2009-02-27T00:42:43Z,df166300-5a78-3502-a46a-832842197811,,Self,Lena684 Charlott617 Cummings51
322ab5c6-5846-ac1e-38cc-48b8cb441e20,322ab5c6-5846-ac1e-9b20-f98988d263fc,2009-02-27T00:42:43Z,2010-02-26T00:42:43Z,df166300-5a78-3502-a46a-832842197811,,Self,Lena684 Charlott617 Cummings51
322ab5c6-5846-ac1e-38cc-48b8cb441e20,322ab5c6-5846-ac1e-4480-d4d05bf0c443,2010-02-26T00:42:43Z,2011-03-04T00:42:43Z,df166300-5a78-3502-a46a-832842197811,,Self,Lena684 Charlott617 Cummings51
322ab5c6-5846-ac1e-38cc-48b8cb441e20,322ab5c6-5846-ac1e-c2aa-265ce1dc5b1b,2011-03-04T00:42:43Z,2012-03-02T00:42:43Z,df166300-5a78-3502-a46a-832842197811,,Self,Lena684 Charlott617 Cummings51
322ab5c6-5846-ac1e-38cc-48b8cb441e20,322ab5c6-5846-ac1e-9ac5-0cf3017a2409,2012-03-02T00:42:43Z,2013-03-01T00:42:43Z,df166300-5a78-3502-a46a-832842197811,,Self,Lena684 Charlott617 Cummings51
322ab5c6-5846-ac1e-38cc-48b8cb441e20,322ab5c6-5846-ac1e-47cb-8f54a5c300ec,2013-03-01T00:42:43Z,2014-02-28T00:42:43Z,df166300-5a78-3502-a46a-832842197811,,Self,Lena684 Charlott617 Cummings51
322ab5c6-5846-ac1e-38cc-48b8cb441e20,322ab5c6-5846-ac1e-6f38-fdf4181a3b2a,2014-02-28T00:42:43Z,2015-02-27T00:42:43Z,df166300-5a78-3502-a46a-832842197811,,Self,Lena684 Charlott617 Cummings51
322ab5c6-5846-ac1e-38cc-48b8cb441e20,322ab5c6-5846-ac1e-63b2-b48a081308cb,2015-02-27T00:42:43Z,2016-02-26T00:42:43Z,df166300-5a78-3502-a46a-832842197811,,Self,Lena684 Charlott617 Cummings51
322ab5c6-5846-ac1e-38cc-48b8cb441e20,322ab5c6-5846-ac1e-38cd-183e6468a5e3,2016-02-26T00:42:43Z,2017-03-03T00:42:43Z,df166300-5a78-3502-a46a-832842197811,,Self,Lena684 Charlott617 Cummings51
322ab5c6-5846-ac1e-38cc-48b8cb441e20,322ab5c6-5846-ac1e-cc2e-389617ea7768,2017-03-03T00:42:43Z,2018-03-02T00:42:43Z,df166300-5a78-3502-a46a-832842197811,,Self,Lena684 Charlott617 Cummings51
322ab5c6-5846-ac1e-38cc-48b8cb441e20,322ab5c6-5846-ac1e-7bfa-f3ccc32c3cb8,2018-03-02T00:42:43Z,2019-03-01T00:42:43Z,df166300-5a78-3502-a46a-832842197811,,Self,Lena684 Charlott617 Cummings51
322ab5c6-5846-ac1e-38cc-48b8cb441e20,322ab5c6-5846-ac1e-b538-6ecc8ec035ca,2019-03-01T00:42:43Z,2020-02-28T00:42:43Z,df166300-5a78-3502-a46a-832842197811,,Self,Lena684 Charlott617 Cummings51
322ab5c6-5846-ac1e-38cc-48b8cb441e20,322ab5c6-5846-ac1e-273b-734f60f06d97,2020-02-28T00:42:43Z,2021-02-26T00:42:43Z,df166300-5a78-3502-a46a-832842197811,,Self,Lena684 Charlott617 Cummings51
322ab5c6-5846-ac1e-38cc-48b8cb441e20,322ab5c6-5846-ac1e-916f-8171ce319af4,2021-02-26T00:42:43Z,2022-03-04T00:42:43Z,df166300-5a78-3502-a46a-832842197811,,Self,Lena684 Charlott617 Cummings51
322ab5c6-5846-ac1e-38cc-48b8cb441e20,322ab5c6-5846-ac1e-0ece-007ffe3f7246,2022-03-04T00:42:43Z,2023-03-03T00:42:43Z,df166300-5a78-3502-a46a-832842197811,,Self,Lena684 Charlott617 Cummings51
322ab5c6-5846-ac1e-38cc-48b8cb441e20,322ab5c6-5846-ac1e-f6a3-62b1b0451e6f,2023-03-03T00:42:43Z,2024-03-01T00:42:43Z,df166300-5a78-3502-a46a-832842197811,,Self,Lena684 Charlott617 Cummings51
322ab5c6-5846-ac1e-38cc-48b8cb441e20,322ab5c6-5846-ac1e-371c-d5d2d15c9cca,2024-03-01T00:42:43Z,2025-02-28T00:42:43Z,df166300-5a78-3502-a46a-832842197811,,Self,Lena684 Charlott617 Cummings51
322ab5c6-5846-ac1e-38cc-48b8cb441e20,322ab5c6-5846-ac1e-11c9-96f895afe477,2025-02-28T00:42:43Z,2026-02-27T00:42:43Z,df166300-5a78-3502-a46a-832842197811,,Self,Lena684 Charlott617 Cummings51
322ab5c6-5846-ac1e-38cc-48b8cb441e20,322ab5c6-5846-ac1e-4d8a-13cf37c37fb3,2026-02-27T00:42:43Z,2027-02-26T00:42:43Z,df166300-5a78-3502-a46a-832842197811,,Self,Lena684 Charlott617 Cummings51
7811dc30-8c86-8164-6c33-6b6f464745ef,7811dc30-8c86-8164-4817-ce745b4cb7dc,1970-04-21T04:13:59Z,1971-04-27T04:13:59Z,d31fccc3-1767-390d-966a-22a5156f4219,,Guardian,Bobby524 Koelpin146
7811dc30-8c86-8164-6c33-6b6f464745ef,7811dc30-8c86-8164-4817-ce745b4cb7dc,1971-04-27T04:13:59Z,1972-04-25T04:13:59Z,d31fccc3-1767-390d-966a-22a5156f4219,,Guardian,Bobby524 Koelpin146
7811dc30-8c86-8164-6c33-6b6f464745ef,7811dc30-8c86-8164-4817-ce745b4cb7dc,1972-04-25T04:13:59Z,1973-04-24T04:13:59Z,d31fccc3-1767-390d-966a-22a5156f4219,,Guardian,Bobby524 Koelpin146
7811dc30-8c86-8164-6c33-6b6f464745ef,7811dc30-8c86-8164-4817-ce745b4cb7dc,1973-04-24T04:13:59Z,1974-04-23T04:13:59Z,d31fccc3-1767-390d-966a-22a5156f4219,,Guardian,Bobby524 Koelpin146
7811dc30-8c86-8164-6c33-6b6f464745ef,7811dc30-8c86-8164-4817-ce745b4cb7dc,1974-04-23T04:13:59Z,1975-04-22T04:13:59Z,d31fccc3-1767-390d-966a-22a5156f4219,,Guardian,Bobby524 Koelpin146
7811dc30-8c86-8164-6c33-6b6f464745ef,7811dc30-8c86-8164-4817-ce745b4cb7dc,1975-04-22T04:13:59Z,1976-04-27T04:13:59Z,d31fccc3-1767-390d-966a-22a5156f4219,,Guardian,Bobby524 Koelpin146
7811dc30-8c86-8164-6c33-6b6f464745ef,7811dc30-8c86-8164-4817-ce745b4cb7dc,1976-04-27T04:13:59Z,1977-04-26T04:13:59Z,d31fccc3-1767-390d-966a-22a5156f4219,,Guardian,Bobby524 Koelpin146
7811dc30-8c86-8164-6c33-6b6f464745ef,7811dc30-8c86-8164-4817-ce745b4cb7dc,1977-04-26T04:13:59Z,1978-04-25T04:13:59Z,d31fccc3-1767-390d-966a-22a5156f4219,,Guardian,Bobby524 Koelpin146
7811dc30-8c86-8164-6c33-6b6f464745ef,7811dc30-8c86-8164-4817-ce745b4cb7dc,1978-04-25T04:13:59Z,1979-04-24T04:13:59Z,d31fccc3-1767-390d-966a-22a5156f4219,,Guardian,Bobby524 Koelpin146
7811dc30-8c86-8164-6c33-6b6f464745ef,7811dc30-8c86-8164-4817-ce745b4cb7dc,1979-04-24T04:13:59Z,1980-04-22T04:13:59Z,d31fccc3-1767-390d-966a-22a5156f4219,,Guardian,Bobby524 Koelpin146
7811dc30-8c86-8164-6c33-6b6f464745ef,7811dc30-8c86-8164-4817-ce745b4cb7dc,1980-04-22T04:13:59Z,1981-04-21T04:13:59Z,d31fccc3-1767-390d-966a-22a5156f4219,,Guardian,Bobby524 Koelpin146
7811dc30-8c86-8164-6c33-6b6f464745ef,7811dc30-8c86-8164-4817-ce745b4cb7dc,1981-04-21T04:13:59Z,1982-04-27T04:13:59Z,d31fccc3-1767-390d-966a-22a5156f4219,,Guardian,Bobby524 Koelpin146
7811dc30-8c86-8164-6c33-6b6f464745ef,7811dc30-8c86-8164-4817-ce745b4cb7dc,1982-04-27T04:13:59Z,1983-04-26T04:13:59Z,d31fccc3-1767-390d-966a-22a5156f4219,,Guardian,Bobby524 Koelpin146
7811dc30-8c86-8164-6c33-6b6f464745ef,7811dc30-8c86-8164-4817-ce745b4cb7dc,1983-04-26T04:13:59Z,1984-04-24T04:13:59Z,d31fccc3-1767-390d-966a-22a5156f4219,,Guardian,Bobby524 Koelpin146
7811dc30-8c86-8164-6c33-6b6f464745ef,7811dc30-8c86-8164-4817-ce745b4cb7dc,1984-04-24T04:13:59Z,1985-04-23T04:13:59Z,d31fccc3-1767-390d-966a-22a5156f4219,,Guardian,Bobby524 Koelpin146
7811dc30-8c86-8164-6c33-6b6f464745ef,7811dc30-8c86-8164-4817-ce745b4cb7dc,1985-04-23T04:13:59Z,1986-04-22T04:13:59Z,d31fccc3-1767-390d-966a-22a5156f4219,,Guardian,Bobby524 Koelpin146
7811dc30-8c86-8164-6c33-6b6f464745ef,7811dc30-8c86-8164-4817-ce745b4cb7dc,1986-04-22T04:13:59Z,1987-04-21T04:13:59Z,d31fccc3-1767-390d-966a-22a5156f4219,,Guardian,Bobby524 Koelpin146
7811dc30-8c86-8164-6c33-6b6f464745ef,7811dc30-8c86-8164-4817-ce745b4cb7dc,1987-04-21T04:13:59Z,1988-04-26T04:13:59Z,d31fccc3-1767-390d-966a-22a5156f4219,,Guardian,Bobby524 Koelpin146
7811dc30-8c86-8164-6c33-6b6f464745ef,7811dc30-8c86-8164-4817-ce745b4cb7dc,1988-04-26T04:13:59Z,1989-04-25T04:13:59Z,d31fccc3-1767-390d-966a-22a5156f4219,,Guardian,Bobby524 Koelpin146
7811dc30-8c86-8164-6c33-6b6f464745ef,7811dc30-8c86-8164-dec0-07170d935ed5,1989-04-25T04:13:59Z,1990-04-24T04:13:59Z,d31fccc3-1767-390d-966a-22a5156f4219,,Self,Mignon230 Towne435
7811dc30-8c86-8164-6c33-6b6f464745ef,7811dc30-8c86-8164-64e8-5fe4a23d599c,1990-04-24T04:13:59Z,1991-04-23T04:13:59Z,d31fccc3-1767-390d-966a-22a5156f4219,,Self,Mignon230 Towne435
7811dc30-8c86-8164-6c33-6b6f464745ef,7811dc30-8c86-8164-e52d-35462e4e1d07,1991-04-23T04:13:59Z,1992-04-21T04:13:59Z,d31fccc3-1767-390d-966a-22a5156f4219,,Self,Mignon230 Towne435
7811dc30-8c86-8164-6c33-6b6f464745ef,7811dc30-8c86-8164-d1f1-12b42f0a1166,1992-04-21T04:13:59Z,1993-04-27T04:13:59Z,d31fccc3-1767-390d-966a-22a5156f4219,,Self,Mignon230 Towne435
7811dc30-8c86-8164-6c33-6b6f464745ef,7811dc30-8c86-8164-46ee-ec3b214d0ac4,1993-04-27T04:13:59Z,1994-04-26T04:13:59Z,d31fccc3-1767-390d-966a-22a5156f4219,,Self,Mignon230 Towne435
7811dc30-8c86-8164-6c33-6b6f464745ef,7811dc30-8c86-8164-df4a-40be9b487e36,1994-04-26T04:13:59Z,1995-04-25T04:13:59Z,d31fccc3-1767-390d-966a-22a5156f4219,,Self,Mignon230 Towne435
7811dc30-8c86-8164-6c33-6b6f464745ef,7811dc30-8c86-8164-03c8-276cabe66d55,1995-04-25T04:13:59Z,1996-04-23T04:13:59Z,d31fccc3-1767-390d-966a-22a5156f4219,,Self,Mignon230 Towne435
7811dc30-8c86-8164-6c33-6b6f464745ef,7811dc30-8c86-8164-1e53-58bc49487447,1996-04-23T04:13:59Z,1997-04-22T04:13:59Z,d31fccc3-1767-390d-966a-22a5156f4219,,Self,Mignon230 Towne435
7811dc30-8c86-8164-6c33-6b6f464745ef,7811dc30-8c86-8164-7c49-9f491e1b2448,1997-04-22T04:13:59Z,1998-04-21T04:13:59Z,d31fccc3-1767-390d-966a-22a5156f4219,,Self,Mignon230 Towne435
7811dc30-8c86-8164-6c33-6b6f464745ef,7811dc30-8c86-8164-a2c9-d7215671524d,1998-04-21T04:13:59Z,1999-04-27T04:13:59Z,d31fccc3-1767-390d-966a-22a5156f4219,,Self,Mignon230 Towne435
7811dc30-8c86-8164-6c33-6b6f464745ef,7811dc30-8c86-8164-9a6a-d72d3d47928d,1999-04-27T04:13:59Z,2000-04-25T04:13:59Z,d31fccc3-1767-390d-966a-22a5156f4219,,Spouse,Mr. Rau926
7811dc30-8c86-8164-6c33-6b6f464745ef,7811dc30-8c86-8164-8eda-38edc29cac2a,2000-04-25T04:13:59Z,2001-04-24T04:13:59Z,d31fccc3-1767-390d-966a-22a5156f4219,,Spouse,Mr. Rau926
7811dc30-8c86-8164-6c33-6b6f464745ef,7811dc30-8c86-8164-1f23-417f7c635f78,2001-04-24T04:13:59Z,2002-04-23T04:13:59Z,d31fccc3-1767-390d-966a-22a5156f4219,,Spouse,Mr. Rau926
7811dc30-8c86-8164-6c33-6b6f464745ef,7811dc30-8c86-8164-6fd4-f46e61e40a34,2002-04-23T04:13:59Z,2003-04-22T04:13:59Z,d31fccc3-1767-390d-966a-22a5156f4219,,Self,Mignon230 Rau926
7811dc30-8c86-8164-6c33-6b6f464745ef,7811dc30-8c86-8164-678f-7bbae138a615,2003-04-22T04:13:59Z,2004-04-27T04:13:59Z,d31fccc3-1767-390d-966a-22a5156f4219,,Self,Mignon230 Rau926
7811dc30-8c86-8164-6c33-6b6f464745ef,7811dc30-8c86-8164-f1b8-e44dd957daaa,2004-04-27T04:13:59Z,2005-04-26T04:13:59Z,d31fccc3-1767-390d-966a-22a5156f4219,,Self,Mignon230 Rau926
7811dc30-8c86-8164-6c33-6b6f464745ef,7811dc30-8c86-8164-dd56-cac18db8b9c0,2005-04-26T04:13:59Z,2006-04-25T04:13:59Z,d31fccc3-1767-390d-966a-22a5156f4219,,Spouse,Mr. Rau926
7811dc30-8c86-8164-6c33-6b6f464745ef,7811dc30-8c86-8164-8b00-a590af02b930,2006-04-25T04:13:59Z,2007-04-24T04:13:59Z,d31fccc3-1767-390d-966a-22a5156f4219,,Spouse,Mr. Rau926
7811dc30-8c86-8164-6c33-6b6f464745ef,7811dc30-8c86-8164-df24-31c0210410de,2007-04-24T04:13:59Z,2008-04-22T04:13:59Z,d31fccc3-1767-390d-966a-22a5156f4219,,Spouse,Mr. Rau926
7811dc30-8c86-8164-6c33-6b6f464745ef,7811dc30-8c86-8164-68ff-98bf7a02d225,2008-04-22T04:13:59Z,2009-04-21T04:13:59Z,d31fccc3-1767-390d-966a-22a5156f4219,,Self,Mignon230 Rau926
7811dc30-8c86-8164-6c33-6b6f464745ef,7811dc30-8c86-8164-5b44-aac482c48b1a,2009-04-21T04:13:59Z,2010-04-27T04:13:59Z,d31fccc3-1767-390d-966a-22a5156f4219,,Self,Mignon230 Rau926
7811dc30-8c86-8164-6c33-6b6f464745ef,7811dc30-8c86-8164-2ce7-21f512c47f71,2010-04-27T04:13:59Z,2011-04-26T04:13:59Z,d31fccc3-1767-390d-966a-22a5156f4219,,Self,Mignon230 Rau926
7811dc30-8c86-8164-6c33-6b6f464745ef,7811dc30-8c86-8164-24d2-5324b2fc357f,2011-04-26T04:13:59Z,2012-04-24T04:13:59Z,d31fccc3-1767-390d-966a-22a5156f4219,,Self,Mignon230 Rau926
7811dc30-8c86-8164-6c33-6b6f464745ef,7811dc30-8c86-8164-4117-52e0a57e24c0,2012-04-24T04:13:59Z,2013-04-23T04:13:59Z,d31fccc3-1767-390d-966a-22a5156f4219,,Self,Mignon230 Rau926
7811dc30-8c86-8164-6c33-6b6f464745ef,7811dc30-8c86-8164-fe79-72dca3c24f1a,2013-04-23T04:13:59Z,2014-04-22T04:13:59Z,d31fccc3-1767-390d-966a-22a5156f4219,,Spouse,Mr. Rau926
7811dc30-8c86-8164-6c33-6b6f464745ef,7811dc30-8c86-8164-f394-ed9262bf5a61,2014-04-22T04:13:59Z,2015-04-21T04:13:59Z,d31fccc3-1767-390d-966a-22a5156f4219,,Self,Mignon230 Rau926
7811dc30-8c86-8164-6c33-6b6f464745ef,7811dc30-8c86-8164-b352-d61d16faaef3,2015-04-21T04:13:59Z,2016-04-26T04:13:59Z,d31fccc3-1767-390d-966a-22a5156f4219,,Spouse,Mr. Rau926
7811dc30-8c86-8164-6c33-6b6f464745ef,7811dc30-8c86-8164-37d0-c2379c336340,2016-04-26T04:13:59Z,2017-04-25T04:13:59Z,d31fccc3-1767-390d-966a-22a5156f4219,,Self,Mignon230 Rau926
7811dc30-8c86-8164-6c33-6b6f464745ef,7811dc30-8c86-8164-c065-cb1efdbd57a6,2017-04-25T04:13:59Z,2018-04-24T04:13:59Z,d31fccc3-1767-390d-966a-22a5156f4219,,Spouse,Mr. Rau926
7811dc30-8c86-8164-6c33-6b6f464745ef,7811dc30-8c86-8164-743f-3bdaff633ad3,2018-04-24T04:13:59Z,2019-04-23T04:13:59Z,d31fccc3-1767-390d-966a-22a5156f4219,,Spouse,Mr. Rau926
7811dc30-8c86-8164-6c33-6b6f464745ef,7811dc30-8c86-8164-88b8-b3841bc631df,2019-04-23T04:13:59Z,2020-04-21T04:13:59Z,d31fccc3-1767-390d-966a-22a5156f4219,,Spouse,Mr. Rau926
7811dc30-8c86-8164-6c33-6b6f464745ef,7811dc30-8c86-8164-dc3d-df469363043a,2020-04-21T04:13:59Z,2021-04-27T04:13:59Z,d31fccc3-1767-390d-966a-22a5156f4219,,Self,Mignon230 Rau926
7811dc30-8c86-8164-6c33-6b6f464745ef,7811dc30-8c86-8164-0b5b-77e51b4f9ad2,2021-04-27T04:13:59Z,2022-04-26T04:13:59Z,d31fccc3-1767-390d-966a-22a5156f4219,,Self,Mignon230 Rau926
7811dc30-8c86-8164-6c33-6b6f464745ef,7811dc30-8c86-8164-9d54-d03175535854,2022-04-26T04:13:59Z,2023-04-25T04:13:59Z,d31fccc3-1767-390d-966a-22a5156f4219,,Spouse,Mr. Rau926
7811dc30-8c86-8164-6c33-6b6f464745ef,7811dc30-8c86-8164-1db3-dc342b686070,2023-04-25T04:13:59Z,2024-04-23T04:13:59Z,d31fccc3-1767-390d-966a-22a5156f4219,,Self,Mignon230 Rau926
7811dc30-8c86-8164-6c33-6b6f464745ef,7811dc30-8c86-8164-96f9-eca5fc942015,2024-04-23T04:13:59Z,2025-04-22T04:13:59Z,d31fccc3-1767-390d-966a-22a5156f4219,,Self,Mignon230 Rau926
7811dc30-8c86-8164-6c33-6b6f464745ef,7811dc30-8c86-8164-17de-31d2c19ae780,2025-04-22T04:13:59Z,2026-04-21T04:13:59Z,d31fccc3-1767-390d-966a-22a5156f4219,,Spouse,Mr. Rau926
7811dc30-8c86-8164-6c33-6b6f464745ef,7811dc30-8c86-8164-a9a2-cde533c1aec6,2026-04-21T04:13:59Z,2027-04-21T04:13:59Z,d31fccc3-1767-390d-966a-22a5156f4219,,Spouse,Mr. Rau926
05cc86a0-2d98-b046-790a-211fd9e1ea92,05cc86a0-2d98-b046-9f2e-9bcf65657960,1969-09-19T17:51:43Z,1970-09-18T17:51:43Z,df166300-5a78-3502-a46a-832842197811,,Spouse,Mr. Grady603
05cc86a0-2d98-b046-790a-211fd9e1ea92,05cc86a0-2d98-b046-4920-ad38e75e42c0,1970-09-18T17:51:43Z,1971-09-24T17:51:43Z,df166300-5a78-3502-a46a-832842197811,,Spouse,Mr. Grady603
05cc86a0-2d98-b046-790a-211fd9e1ea92,05cc86a0-2d98-b046-69a0-ac0aa5deaf42,1971-09-24T17:51:43Z,1972-09-22T17:51:43Z,df166300-5a78-3502-a46a-832842197811,,Spouse,Mr. Grady603
05cc86a0-2d98-b046-790a-211fd9e1ea92,05cc86a0-2d98-b046-1b60-6cc824caea7f,1972-09-22T17:51:43Z,1973-09-21T17:51:43Z,df166300-5a78-3502-a46a-832842197811,,Self,Carita426 Grady603
05cc86a0-2d98-b046-790a-211fd9e1ea92,05cc86a0-2d98-b046-9f8e-7518d203aa9d,1973-09-21T17:51:43Z,1974-09-20T17:51:43Z,df166300-5a78-3502-a46a-832842197811,,Spouse,Mr. Grady603
05cc86a0-2d98-b046-790a-211fd9e1ea92,05cc86a0-2d98-b046-316c-471779d90eb0,1974-09-20T17:51:43Z,1975-09-19T17:51:43Z,df166300-5a78-3502-a46a-832842197811,,Spouse,Mr. Grady603
05cc86a0-2d98-b046-790a-211fd9e1ea92,05cc86a0-2d98-b046-9548-71a692e4744d,1975-09-19T17:51:43Z,1976-09-24T17:51:43Z,df166300-5a78-3502-a46a-832842197811,,Self,Carita426 Grady603
05cc86a0-2d98-b046-790a-211fd9e1ea92,05cc86a0-2d98-b046-8188-a74ed6686f26,1976-09-24T17:51:43Z,1977-09-23T17:51:43Z,df166300-5a78-3502-a46a-832842197811,,Self,Carita426 Grady603
05cc86a0-2d98-b046-790a-211fd9e1ea92,05cc86a0-2d98-b046-176e-6ab42c1a64cc,1977-09-23T17:51:43Z,1978-09-22T17:51:43Z,df166300-5a78-3502-a46a-832842197811,,Spouse,Mr. Grady603
05cc86a0-2d98-b046-790a-211fd9e1ea92,05cc86a0-2d98-b046-0a5d-557f10527b3b,1978-09-22T17:51:43Z,1979-09-21T17:51:43Z,df166300-5a78-3502-a46a-832842197811,,Spouse,Mr. Grady603
05cc86a0-2d98-b046-790a-211fd9e1ea92,05cc86a0-2d98-b046-af60-4ca53f4162bf,1979-09-21T17:51:43Z,1980-09-19T17:51:43Z,df166300-5a78-3502-a46a-832842197811,,Spouse,Mr. Grady603
05cc86a0-2d98-b046-790a-211fd9e1ea92,05cc86a0-2d98-b046-aadc-f0c736869270,1980-09-19T17:51:43Z,1981-09-18T17:51:43Z,df166300-5a78-3502-a46a-832842197811,,Spouse,Mr. Grady603
05cc86a0-2d98-b046-790a-211fd9e1ea92,05cc86a0-2d98-b046-b1b4-62b54db7f018,1981-09-18T17:51:43Z,1982-09-24T17:51:43Z,df166300-5a78-3502-a46a-832842197811,,Spouse,Mr. Grady603
05cc86a0-2d98-b046-790a-211fd9e1ea92,05cc86a0-2d98-b046-df22-14aabf70c851,1982-09-24T17:51:43Z,1983-09-23T17:51:43Z,df166300-5a78-3502-a46a-832842197811,,Self,Carita426 Grady603
05cc86a0-2d98-b046-790a-211fd9e1ea92,05cc86a0-2d98-b046-eac1-de2d13e56527,1983-09-23T17:51:43Z,1984-09-21T17:51:43Z,df166300-5a78-3502-a46a-832842197811,,Self,Carita426 Grady603
05cc86a0-2d98-b046-790a-211fd9e1ea92,05cc86a0-2d98-b046-5d34-0f82c3c09114,1984-09-21T17:51:43Z,1985-09-20T17:51:43Z,df166300-5a78-3502-a46a-832842197811,,Self,Carita426 Grady603
05cc86a0-2d98-b046-790a-211fd9e1ea92,05cc86a0-2d98-b046-e1e2-d479e0e9c21f,1985-09-20T17:51:43Z,1986-09-19T17:51:43Z,df166300-5a78-3502-a46a-832842197811,,Self,Carita426 Grady603
05cc86a0-2d98-b046-790a-211fd9e1ea92,05cc86a0-2d98-b046-fbdb-778bf9d0c0a1,1986-09-19T17:51:43Z,1987-09-18T17:51:43Z,df166300-5a78-3502-a46a-832842197811,,Self,Carita426 Grady603
05cc86a0-2d98-b046-790a-211fd9e1ea92,05cc86a0-2d98-b046-0236-0525b1121c87,1987-09-18T17:51:43Z,1988-09-23T17:51:43Z,df166300-5a78-3502-a46a-832842197811,,Self,Carita426 Grady603
05cc86a0-2d98-b046-790a-211fd9e1ea92,05cc86a0-2d98-b046-e0fc-3331833431cc,1988-09-23T17:51:43Z,1989-09-22T17:51:43Z,df166300-5a78-3502-a46a-832842197811,,Self,Carita426 Grady603
05cc86a0-2d98-b046-790a-211fd9e1ea92,05cc86a0-2d98-b046-550d-055b1fd8dec1,1989-09-22T17:51:43Z,1990-09-21T17:51:43Z,df166300-5a78-3502-a46a-832842197811,,Spouse,Mr. Grady603
05cc86a0-2d98-b046-790a-211fd9e1ea92,05cc86a0-2d98-b046-4ea1-07e28c77faa4,1990-09-21T17:51:43Z,1991-09-20T17:51:43Z,d18ef2e6-ef40-324c-be54-34a5ee865625,,Spouse,Mr. Grady603
05cc86a0-2d98-b046-790a-211fd9e1ea92,05cc86a0-2d98-b046-baec-3eb0e01ee125,1991-09-20T17:51:43Z,1992-09-18T17:51:43Z,d18ef2e6-ef40-324c-be54-34a5ee865625,,Self,Carita426 Grady603
05cc86a0-2d98-b046-790a-211fd9e1ea92,05cc86a0-2d98-b046-99ea-15e765237059,1992-09-18T17:51:43Z,1993-09-24T17:51:43Z,d18ef2e6-ef40-324c-be54-34a5ee865625,,Self,Carita426 Grady603
05cc86a0-2d98-b046-790a-211fd9e1ea92,05cc86a0-2d98-b046-ed2c-b5858c660333,1993-09-24T17:51:43Z,1994-09-23T17:51:43Z,d18ef2e6-ef40-324c-be54-34a5ee865625,,Self,Carita426 Grady603
05cc86a0-2d98-b046-790a-211fd9e1ea92,05cc86a0-2d98-b046-589a-42f6ae8a2c9e,1994-09-23T17:51:43Z,1995-09-22T17:51:43Z,d18ef2e6-ef40-324c-be54-34a5ee865625,,Self,Carita426 Grady603
05cc86a0-2d98-b046-790a-211fd9e1ea92,05cc86a0-2d98-b046-4268-834a97a34b82,1995-09-22T17:51:43Z,1996-09-20T17:51:43Z,d18ef2e6-ef40-324c-be54-34a5ee865625,,Self,Carita426 Grady603
05cc86a0-2d98-b046-790a-211fd9e1ea92,05cc86a0-2d98-b046-c322-59bf1cf11ca9,1996-09-20T17:51:43Z,1997-09-19T17:51:43Z,d18ef2e6-ef40-324c-be54-34a5ee865625,,Self,Carita426 Grady603
05cc86a0-2d98-b046-790a-211fd9e1ea92,05cc86a0-2d98-b046-bd9a-3d8cd590f422,1997-09-19T17:51:43Z,1998-09-18T17:51:43Z,df166300-5a78-3502-a46a-832842197811,,Spouse,Mr. Grady603
05cc86a0-2d98-b046-790a-211fd9e1ea92,05cc86a0-2d98-b046-e6fb-c9440d8dec4c,1998-09-18T17:51:43Z,1999-09-24T17:51:43Z,d18ef2e6-ef40-324c-be54-34a5ee865625,,Spouse,Mr. Grady603
05cc86a0-2d98-b046-790a-211fd9e1ea92,05cc86a0-2d98-b046-b5f7-f5379b8dc079,1999-09-24T17:51:43Z,2000-09-22T17:51:43Z,df166300-5a78-3502-a46a-832842197811,,Self,Carita426 Grady603
05cc86a0-2d98-b046-790a-211fd9e1ea92,05cc86a0-2d98-b046-48ab-56b57dad68f9,2000-09-22T17:51:43Z,2001-09-21T17:51:43Z,d18ef2e6-ef40-324c-be54-34a5ee865625,,Self,Carita426 Grady603
05cc86a0-2d98-b046-790a-211fd9e1ea92,05cc86a0-2d98-b046-926b-1d27c080849f,2001-09-21T17:51:43Z,2002-09-20T17:51:43Z,df166300-5a78-3502-a46a-832842197811,,Self,Carita426 Grady603
05cc86a0-2d98-b046-790a-211fd9e1ea92,05cc86a0-2d98-b046-131e-5dbccdf1d0e1,2002-09-20T17:51:43Z,2003-09-19T17:51:43Z,d18ef2e6-ef40-324c-be54-34a5ee865625,,Self,Carita426 Grady603
05cc86a0-2d98-b046-790a-211fd9e1ea92,05cc86a0-2d98-b046-dc48-65d4ed1deb81,2003-09-19T17:51:43Z,2004-09-24T17:51:43Z,d18ef2e6-ef40-324c-be54-34a5ee865625,,Self,Carita426 Grady603
05cc86a0-2d98-b046-790a-211fd9e1ea92,05cc86a0-2d98-b046-434e-43f521d3a7a2,2004-09-24T17:51:43Z,2005-09-23T17:51:43Z,d18ef2e6-ef40-324c-be54-34a5ee865625,,Self,Carita426 Grady603
05cc86a0-2d98-b046-790a-211fd9e1ea92,05cc86a0-2d98-b046-4ef8-8266f982ef21,2005-09-23T17:51:43Z,2006-09-22T17:51:43Z,d18ef2e6-ef40-324c-be54-34a5ee865625,,Self,Carita426 Grady603
05cc86a0-2d98-b046-790a-211fd9e1ea92,05cc86a0-2d98-b046-a8dd-5ce52d13c635,2006-09-22T17:51:43Z,2007-09-21T17:51:43Z,d18ef2e6-ef40-324c-be54-34a5ee865625,,Self,Carita426 Grady603
05cc86a0-2d98-b046-790a-211fd9e1ea92,05cc86a0-2d98-b046-8ff9-58b76cf4cbaa,2007-09-21T17:51:43Z,2008-09-19T17:51:43Z,d18ef2e6-ef40-324c-be54-34a5ee865625,,Spouse,Mr. Grady603
05cc86a0-2d98-b046-790a-211fd9e1ea92,05cc86a0-2d98-b046-a5f2-573d6ca53c64,2008-09-19T17:51:43Z,2009-09-18T17:51:43Z,d18ef2e6-ef40-324c-be54-34a5ee865625,,Self,Carita426 Grady603
05cc86a0-2d98-b046-790a-211fd9e1ea92,05cc86a0-2d98-b046-52f1-993215b17d66,2009-09-18T17:51:43Z,2010-09-24T17:51:43Z,d18ef2e6-ef40-324c-be54-34a5ee865625,,Spouse,Mr. Grady603
05cc86a0-2d98-b046-790a-211fd9e1ea92,05cc86a0-2d98-b046-277b-09b9eb797ed2,2010-09-24T17:51:43Z,2011-09-23T17:51:43Z,d18ef2e6-ef40-324c-be54-34a5ee865625,,Spouse,Mr. Grady603
05cc86a0-2d98-b046-790a-211fd9e1ea92,05cc86a0-2d98-b046-e2f9-ee8dc15b6878,2011-09-23T17:51:43Z,2012-09-21T17:51:43Z,a735bf55-83e9-331a-899d-a82a60b9f60c,b046940f-1664-3047-bca7-dfa76be352a4,Spouse,Mr. Grady603
05cc86a0-2d98-b046-790a-211fd9e1ea92,05cc86a0-2d98-b046-3d78-22ada2e776d4,2012-09-21T17:51:43Z,2013-09-20T17:51:43Z,d18ef2e6-ef40-324c-be54-34a5ee865625,,Spouse,Mr. Grady603
05cc86a0-2d98-b046-790a-211fd9e1ea92,05cc86a0-2d98-b046-0add-ecb072460f89,2013-09-20T17:51:43Z,2014-09-19T17:51:43Z,d18ef2e6-ef40-324c-be54-34a5ee865625,,Self,Carita426 Grady603
05cc86a0-2d98-b046-790a-211fd9e1ea92,05cc86a0-2d98-b046-db1a-9115a590d92f,2014-09-19T17:51:43Z,2015-09-18T17:51:43Z,d18ef2e6-ef40-324c-be54-34a5ee865625,,Spouse,Mr. Grady603
05cc86a0-2d98-b046-790a-211fd9e1ea92,05cc86a0-2d98-b046-e7ea-c006e55a43c7,2015-09-18T17:51:43Z,2016-09-23T17:51:43Z,d18ef2e6-ef40-324c-be54-34a5ee865625,,Self,Carita426 Grady603
05cc86a0-2d98-b046-790a-211fd9e1ea92,05cc86a0-2d98-b046-329f-5e48bef5cbd5,2016-09-23T17:51:43Z,2017-09-22T17:51:43Z,d18ef2e6-ef40-324c-be54-34a5ee865625,,Spouse,Mr. Grady603
05cc86a0-2d98-b046-790a-211fd9e1ea92,05cc86a0-2d98-b046-d804-9feb84bf125f,2017-09-22T17:51:43Z,2018-09-21T17:51:43Z,d18ef2e6-ef40-324c-be54-34a5ee865625,,Spouse,Mr. Grady603
05cc86a0-2d98-b046-790a-211fd9e1ea92,05cc86a0-2d98-b046-9931-69288c7b3e74,2018-09-21T17:51:43Z,2019-09-20T17:51:43Z,d18ef2e6-ef40-324c-be54-34a5ee865625,,Spouse,Mr. Grady603
05cc86a0-2d98-b046-790a-211fd9e1ea92,05cc86a0-2d98-b046-68cf-c0586904d244,2019-09-20T17:51:43Z,2020-09-18T17:51:43Z,d18ef2e6-ef40-324c-be54-34a5ee865625,,Spouse,Mr. Grady603
05cc86a0-2d98-b046-790a-211fd9e1ea92,05cc86a0-2d98-b046-dc3a-e3aadae2b1ee,2020-09-18T17:51:43Z,2021-09-24T17:51:43Z,d18ef2e6-ef40-324c-be54-34a5ee865625,,Spouse,Mr. Grady603
05cc86a0-2d98-b046-790a-211fd9e1ea92,05cc86a0-2d98-b046-658b-669feca47c0e,2021-09-24T17:51:43Z,2022-09-23T17:51:43Z,d18ef2e6-ef40-324c-be54-34a5ee865625,,Self,Carita426 Grady603
05cc86a0-2d98-b046-790a-211fd9e1ea92,05cc86a0-2d98-b046-c525-387b3de374ba,2022-09-23T17:51:43Z,2023-09-22T17:51:43Z,d18ef2e6-ef40-324c-be54-34a5ee865625,,Self,Carita426 Grady603
05cc86a0-2d98-b046-790a-211fd9e1ea92,05cc86a0-2d98-b046-fcdb-b76b5c248d78,2023-09-22T17:51:43Z,2024-09-20T17:51:43Z,d18ef2e6-ef40-324c-be54-34a5ee865625,,Self,Carita426 Grady603
05cc86a0-2d98-b046-790a-211fd9e1ea92,05cc86a0-2d98-b046-de51-8eac8ea03b7c,2024-09-20T17:51:43Z,2025-09-19T17:51:43Z,d18ef2e6-ef40-324c-be54-34a5ee865625,,Self,Carita426 Grady603
05cc86a0-2d98-b046-790a-211fd9e1ea92,05cc86a0-2d98-b046-4d1d-b8384cda1296,2025-09-19T17:51:43Z,2026-09-18T17:51:43Z,df166300-5a78-3502-a46a-832842197811,,Spouse,Mr. Grady603
05cc86a0-2d98-b046-790a-211fd9e1ea92,05cc86a0-2d98-b046-3dc5-d2d92ffdf1d9,2026-09-18T17:51:43Z,2027-09-18T17:51:43Z,d18ef2e6-ef40-324c-be54-34a5ee865625,,Self,Carita426 Grady603
